vehicle_id,make,model,trim,model_year,body_type,fuel_type,drivetrain,color,odometer_km_at_acquisition,condition_grade,vehicle_age_at_acquisition
NV100001,Toyota,Camry,Touring,2023,Sedan,Gas,FWD,Brown,20740,B,1
NV100002,Mazda,CX-5,Limited,2022,SUV,Gas,FWD,Green,48500,D,4
NV100003,Hyundai,Tucson,Sport,2018,SUV,Gas,FWD,Brown,137920,C,7
NV100004,Honda,Civic,Limited,2022,Sedan,Gas,FWD,Brown,64510,B,3
NV100005,Honda,Civic,Base,2021,Sedan,Gas,FWD,Green,105940,B,4
NV100006,Chevrolet,Silverado 1500,Limited,2023,Truck,Gas,4WD,White,40630,A,2
NV100007,Subaru,Outback,Limited,2021,Wagon,Gas,AWD,Green,90290,B,5
NV100008,Toyota,Camry,Base,2017,Sedan,Gas,FWD,Red,204420,D,8
NV100009,Mazda,Mazda3,Sport,2021,Hatchback,Gas,FWD,Blue,84660,C,5
NV100010,Honda,CR-V,Touring,2018,SUV,Gas,AWD,White,145240,D,8
NV100011,Ram,1500,Sport,2023,Truck,Gas,4WD,Silver,58430,B,2
NV100012,Subaru,Outback,Touring,2021,Wagon,Gas,FWD,Red,71780,B,5
NV100013,Mazda,CX-5,Limited,2024,SUV,Gas,FWD,Silver,16660,A,1
NV100014,Ford,Escape,Limited,2018,SUV,Gas,AWD,Black,157970,C,8
NV100015,Hyundai,Elantra,Touring,2020,Sedan,Gas,FWD,Grey,82140,C,6
NV100016,Chevrolet,Equinox,Limited,2018,SUV,Gas,AWD,Black,143820,B,7
NV100017,Hyundai,Tucson,Limited,2017,SUV,Gas,AWD,Blue,144750,D,9
NV100018,Honda,Civic,Limited,2019,Sedan,Gas,FWD,Brown,124360,C,7
NV100019,Honda,CR-V,Touring,2016,SUV,Gas,FWD,Grey,107940,D,8
NV100020,Toyota,Tacoma,Base,2019,Truck,Gas,4WD,Grey,65650,C,5
NV100021,Hyundai,Elantra,Base,2021,Sedan,Gas,FWD,Red,89210,B,5
NV100022,Honda,Accord,Base,2020,Sedan,Gas,FWD,Red,93410,B,6
NV100023,Mazda,Mazda3,Limited,2016,Hatchback,Gas,FWD,White,112330,C,9
NV100024,Toyota,RAV4,Base,2018,SUV,Gas,AWD,Blue,116910,B,7
NV100025,Hyundai,Tucson,,2016,SUV,Gas,FWD,Brown,160310,B,10
NV100026,Honda,Civic,Base,2022,Sedan,Gas,FWD,Black,47960,B,2
NV100027,Toyota,Camry,Sport,2019,Sedan,Gas,FWD,Black,129650,B,6
NV100028,Kia,Forte,Base,2023,Sedan,Gas,FWD,Brown,50280,A,3
NV100029,Honda,Odyssey,Base,2020,Minivan,Gas,FWD,Blue,67330,A,4
NV100030,Honda,CR-V,Base,2022,SUV,Gas,AWD,White,30650,A,2
NV100031,Toyota,Tacoma,Limited,2022,Truck,Gas,4WD,Silver,44370,B,3
NV100032,Volkswagen,Tiguan,Base,2023,SUV,Gas,FWD,Blue,21490,A,1
NV100033,Chevrolet,Silverado 1500,Limited,2021,Truck,Gas,4WD,Black,87030,B,5
NV100034,Mazda,CX-5,Sport,2020,SUV,Gas,FWD,Red,75200,C,4
NV100035,Honda,Civic,Sport,2017,Sedan,Gas,FWD,Black,166830,C,8
NV100036,Jeep,Wrangler,Sport,2016,SUV,Gas,AWD,Grey,214640,D,10
NV100037,Kia,Sportage,Base,2021,SUV,Gas,AWD,Black,72660,B,4
NV100038,Honda,Odyssey,Sport,2023,Minivan,Gas,FWD,Grey,27220,B,1
NV100039,Subaru,Outback,Touring,2019,Wagon,Gas,AWD,Black,89260,B,7
NV100040,Honda,CR-V Hybrid,Limited,2023,SUV,Hybrid,AWD,Brown,79910,A,3
NV100041,Ford,F-150,Sport,2020,Truck,Gas,4WD,Black,119440,A,6
NV100042,Honda,CR-V Hybrid,Limited,2025,SUV,Hybrid,AWD,Black,4080,B,0
NV100043,Honda,CR-V,Sport,2023,SUV,Gas,AWD,Grey,53120,B,3
NV100044,Ford,F-150,Base,2017,Truck,Gas,4WD,Black,89360,B,7
NV100045,Toyota,Tacoma,Limited,2022,Truck,Gas,4WD,Grey,49520,A,3
NV100046,Hyundai,Elantra,Base,2024,Sedan,Gas,FWD,Blue,17570,B,1
NV100047,Kia,Forte,Touring,2020,Sedan,Gas,FWD,Brown,102470,B,5
NV100048,Toyota,Camry,Touring,2021,Sedan,Gas,FWD,White,81070,B,5
NV100049,Ford,Escape,Base,2023,SUV,Gas,AWD,Green,33980,A,2
NV100050,Kia,Sportage,Base,2021,SUV,Gas,AWD,White,82060,B,5
NV100051,Mazda,CX-5,,2023,SUV,Gas,FWD,Red,21690,B,1
NV100052,Honda,Civic,Limited,2018,Sedan,Gas,FWD,Black,87720,B,7
NV100053,Honda,Accord,Touring,2024,Sedan,Gas,FWD,Blue,55110,B,2
NV100054,Hyundai,Elantra,Limited,2018,Sedan,Gas,FWD,White,77610,B,6
NV100055,Hyundai,Tucson,Sport,2020,SUV,Gas,AWD,Black,97910,B,6
NV100056,Ford,F-150,Sport,2022,Truck,Gas,4WD,Red,68690,C,3
NV100057,Kia,Forte,Base,2020,Sedan,Gas,FWD,Blue,61440,B,5
NV100058,Honda,Accord,Base,2024,Sedan,Gas,FWD,Green,38530,B,2
NV100059,Toyota,RAV4,Limited,2020,SUV,Gas,AWD,Brown,95240,C,5
NV100060,Chevrolet,Silverado 1500,Touring,2019,Truck,Gas,4WD,Silver,102060,B,6
NV100061,Hyundai,Elantra,Sport,2023,Sedan,Gas,FWD,Black,60870,B,3
NV100062,Honda,CR-V Hybrid,Sport,2022,SUV,Hybrid,AWD,Silver,84390,B,4
NV100063,Hyundai,Elantra,Base,2019,Sedan,Gas,FWD,Silver,147750,C,7
NV100064,Toyota,RAV4 Hybrid,,2016,SUV,Hybrid,AWD,Grey,126700,C,8
NV100065,Subaru,Outback,Base,2020,Wagon,Gas,FWD,Grey,75220,B,5
NV100066,BMW,3 Series,Base,2020,Sedan,Gas,FWD,Brown,119570,B,5
NV100067,Toyota,RAV4,Base,2023,SUV,Gas,AWD,Red,35620,B,2
NV100068,Honda,Civic,Sport,2024,Sedan,Gas,FWD,Blue,24500,A,1
NV100069,Ford,Escape,Base,2021,SUV,Gas,FWD,Blue,101230,B,4
NV100070,Honda,CR-V Hybrid,Base,2025,SUV,Hybrid,AWD,White,8460,A,0
NV100071,Kia,Sportage,Touring,2020,SUV,Gas,FWD,White,104980,C,6
NV100072,Honda,Accord,Limited,2022,Sedan,Gas,FWD,Black,46400,A,3
NV100073,Chevrolet,Silverado 1500,Base,2019,Truck,Gas,4WD,Red,116370,C,7
NV100074,Tesla,Model 3,Touring,2016,Sedan,Electric,FWD,Green,98830,C,10
NV100075,Volkswagen,Tiguan,Base,2017,SUV,Gas,AWD,Grey,175290,C,8
NV100076,Mazda,CX-5,Touring,2015,SUV,Gas,AWD,Brown,210040,D,11
NV100077,Toyota,Corolla,Limited,2017,Sedan,Gas,FWD,Green,98070,C,8
NV100078,Tesla,Model 3,Base,2025,Sedan,Electric,FWD,Silver,8470,A,0
NV100079,Toyota,RAV4,Base,2017,SUV,Gas,AWD,Blue,127010,D,8
NV100080,Honda,CR-V,Sport,2023,SUV,Gas,FWD,Brown,41840,B,2
NV100081,Honda,CR-V,Base,2024,SUV,Gas,AWD,Black,41310,B,2
NV100082,Ford,F-150,Touring,2021,Truck,Gas,4WD,Green,43240,A,3
NV100083,Hyundai,Tucson,Sport,2021,SUV,Gas,AWD,Red,92800,A,5
NV100084,Toyota,RAV4 Hybrid,Sport,2022,SUV,Hybrid,AWD,Blue,55490,B,3
NV100085,Toyota,RAV4,Limited,2019,SUV,Gas,FWD,Brown,150060,C,7
NV100086,Mazda,CX-5,Base,2019,SUV,Gas,FWD,Grey,87550,C,7
NV100087,Hyundai,Tucson,Sport,2015,SUV,Gas,FWD,Grey,169860,D,10
NV100088,Mazda,CX-5,Limited,2018,SUV,Gas,AWD,Green,169090,C,8
NV100089,Kia,Sportage,Sport,2021,SUV,Gas,FWD,Blue,29220,C,3
NV100090,Volkswagen,Tiguan,Base,2019,SUV,Gas,FWD,Brown,124630,B,7
NV100091,Subaru,Outback,Limited,2023,Wagon,Gas,AWD,Green,20970,A,1
NV100092,Toyota,Camry,Sport,2023,Sedan,Gas,FWD,White,27450,A,2
NV100093,Jeep,Wrangler,Sport,2020,SUV,Gas,AWD,Red,92590,C,6
NV100094,Chevrolet,Silverado 1500,Limited,2022,Truck,Gas,4WD,Red,42230,B,2
NV100095,Mazda,CX-5,Base,2023,SUV,Gas,FWD,Blue,56540,A,3
NV100096,Mazda,Mazda3,,2023,Hatchback,Gas,FWD,Brown,36850,B,3
NV100097,Kia,Sportage,Sport,2024,SUV,Gas,AWD,Silver,7500,A,0
NV100098,Subaru,Outback,Limited,2019,Wagon,Gas,FWD,Brown,103040,C,6
NV100099,Toyota,Tacoma,Base,2021,Truck,Gas,4WD,Blue,57800,B,4
NV100100,Mazda,CX-5,Base,2021,SUV,Gas,AWD,Grey,56080,C,4
NV100101,Chevrolet,Equinox,Sport,2015,SUV,Gas,FWD,Red,222080,D,9
NV100102,Toyota,Corolla,Base,2022,Sedan,Gas,FWD,Red,60050,A,3
NV100103,Mazda,CX-5,Limited,2017,SUV,Gas,AWD,Silver,167420,B,8
NV100104,Honda,Accord,Sport,2018,Sedan,Gas,FWD,White,116370,B,6
NV100105,Chevrolet,Silverado 1500,Limited,2022,Truck,Gas,4WD,Green,101820,C,4
NV100106,Toyota,RAV4,Limited,2024,SUV,Gas,FWD,Blue,28240,A,2
NV100107,Mazda,CX-5,Touring,2022,SUV,Gas,AWD,White,37990,A,3
NV100108,Nissan,Rogue,Limited,2023,SUV,Gas,FWD,Green,25930,A,1
NV100109,Mazda,CX-5,Sport,2021,SUV,Gas,AWD,White,76150,A,4
NV100110,Honda,CR-V Hybrid,Sport,2021,SUV,Hybrid,FWD,Black,49150,A,4
NV100111,Mazda,Mazda3,Touring,2019,Hatchback,Gas,FWD,Silver,47010,B,7
NV100112,Honda,Civic,Sport,2017,Sedan,Gas,FWD,Black,174180,C,9
NV100113,Ford,F-150,Limited,2018,Truck,Gas,4WD,White,122610,C,7
NV100114,Toyota,Corolla,Sport,2019,Sedan,Gas,FWD,Green,129500,B,7
NV100115,Honda,CR-V,Limited,2023,SUV,Gas,AWD,Green,13220,A,1
NV100116,Toyota,RAV4,Limited,2015,SUV,Gas,AWD,Red,236640,D,11
NV100117,Toyota,RAV4 Hybrid,Sport,2020,SUV,Hybrid,AWD,Brown,128380,C,6
NV100118,Kia,Sportage,Sport,2025,SUV,Gas,AWD,Silver,5260,A,0
NV100119,Toyota,Tacoma,Limited,2024,Truck,Gas,4WD,Brown,24310,A,1
NV100120,Hyundai,Elantra,Base,2017,Sedan,Gas,FWD,Blue,143490,B,7
NV100121,Mazda,Mazda3,Touring,2022,Hatchback,Gas,FWD,Black,37120,A,2
NV100122,Volkswagen,Tiguan,Base,2023,SUV,Gas,AWD,Grey,30480,A,2
NV100123,Honda,Civic,Sport,2018,Sedan,Gas,FWD,Brown,78560,B,8
NV100124,Honda,CR-V Hybrid,Limited,2019,SUV,Hybrid,AWD,Green,116500,A,6
NV100125,Honda,CR-V Hybrid,Base,2022,SUV,Hybrid,AWD,Grey,64490,B,3
NV100126,Toyota,Corolla,Base,2023,Sedan,Gas,FWD,Silver,71080,B,3
NV100127,Mazda,Mazda3,Sport,2023,Hatchback,Gas,FWD,Brown,37640,A,2
NV100128,Chevrolet,Equinox,Sport,2020,SUV,Gas,AWD,Brown,69150,B,6
NV100129,Hyundai,Tucson,Sport,2016,SUV,Gas,AWD,Blue,192650,D,9
NV100130,Kia,Sportage,Base,2025,SUV,Gas,AWD,White,5630,A,0
NV100131,Tesla,Model 3,Base,2019,Sedan,Electric,FWD,Red,128400,B,6
NV100132,Ford,F-150,Sport,2023,Truck,Gas,4WD,Red,24840,A,1
NV100133,Ford,Escape,Touring,2024,SUV,Gas,AWD,Silver,5470,A,0
NV100134,Volkswagen,Tiguan,Sport,2021,SUV,Gas,AWD,White,65950,C,4
NV100135,Toyota,Tacoma,Base,2021,Truck,Gas,4WD,Black,74700,C,3
NV100136,Mazda,Mazda3,Base,2019,Hatchback,Gas,FWD,Red,131050,D,7
NV100137,Ford,F-150,Base,2016,Truck,Gas,4WD,Blue,172500,D,10
NV100138,Nissan,Rogue,Touring,2017,SUV,Gas,FWD,Blue,182550,D,8
NV100139,Honda,Civic,Limited,2022,Sedan,Gas,FWD,Red,59830,B,3
NV100140,Ford,F-150,Base,2019,Truck,Gas,4WD,Green,117520,C,6
NV100141,Mazda,CX-5,Base,2021,SUV,Gas,FWD,Green,70870,A,5
NV100142,Honda,Accord,Base,2021,Sedan,Gas,FWD,White,68700,A,3
NV100143,Toyota,RAV4 Hybrid,Base,2024,SUV,Hybrid,AWD,Grey,19510,A,1
NV100144,Honda,Civic,Touring,2021,Sedan,Gas,FWD,Black,54670,B,4
NV100145,Ram,1500,Base,2022,Truck,Gas,4WD,Black,69980,A,4
NV100146,Toyota,Tacoma,Sport,2023,Truck,Gas,4WD,Red,42520,A,2
NV100147,Toyota,Corolla,Base,2019,Sedan,Gas,FWD,Blue,111920,B,6
NV100148,Honda,Civic,Base,2022,Sedan,Gas,FWD,Blue,33320,A,2
NV100149,Toyota,RAV4 Hybrid,Limited,2017,SUV,Hybrid,FWD,Silver,165270,D,8
NV100150,Honda,CR-V,Base,2017,SUV,Gas,AWD,Brown,97560,C,8
NV100151,Subaru,Outback,Base,2025,Wagon,Gas,AWD,Brown,4000,A,0
NV100152,Honda,CR-V Hybrid,Sport,2020,SUV,Hybrid,FWD,Grey,53450,A,5
NV100153,Kia,Forte,Limited,2021,Sedan,Gas,FWD,Grey,77480,B,4
NV100154,Honda,CR-V,Base,2018,SUV,Gas,AWD,Silver,93270,B,7
NV100155,Ford,F-150,Base,2019,Truck,Gas,4WD,Grey,134700,B,6
NV100156,Toyota,Corolla,Sport,2024,Sedan,Gas,FWD,Red,18990,A,1
NV100157,Chevrolet,Silverado 1500,Limited,2024,Truck,Gas,4WD,Green,37680,A,2
NV100158,Honda,Accord,Base,2022,Sedan,Gas,FWD,Red,45040,A,2
NV100159,Toyota,Camry,Limited,2019,Sedan,Gas,FWD,Blue,135560,A,7
NV100160,Ford,Escape,Base,2024,SUV,Gas,FWD,Brown,17320,A,1
NV100161,Kia,Sportage,Base,2023,SUV,Gas,FWD,Silver,31420,A,2
NV100162,Honda,Odyssey,Limited,2017,Minivan,Gas,FWD,White,127380,C,8
NV100163,Honda,CR-V,Limited,2022,SUV,Gas,FWD,Grey,89770,B,4
NV100164,Chevrolet,Silverado 1500,Base,2020,Truck,Gas,4WD,Silver,52610,B,4
NV100165,Honda,Civic,Base,2016,Sedan,Gas,FWD,Grey,196910,D,10
NV100166,Toyota,RAV4,Base,2019,SUV,Gas,AWD,Red,106610,B,5
NV100167,Ram,1500,Limited,2021,Truck,Gas,4WD,Blue,64830,B,4
NV100168,Toyota,RAV4,Base,2021,SUV,Gas,FWD,Brown,112580,B,5
NV100169,Toyota,Corolla,Touring,2025,Sedan,Gas,FWD,Silver,5570,B,0
NV100170,Hyundai,Tucson,Sport,2021,SUV,Gas,AWD,Brown,68140,C,4
NV100171,Toyota,Tacoma,,2020,Truck,Gas,4WD,Silver,74060,B,4
NV100172,Honda,Civic,Base,2024,Sedan,Gas,FWD,Blue,20760,A,1
NV100173,Kia,Sportage,Sport,2021,SUV,Gas,FWD,Red,84400,B,4
NV100174,Tesla,Model 3,Base,2021,Sedan,Electric,FWD,Grey,94730,C,5
NV100175,Jeep,Wrangler,Sport,2019,SUV,Gas,AWD,Silver,109010,A,6
NV100176,Toyota,RAV4,Touring,2023,SUV,Gas,FWD,Grey,16680,A,1
NV100177,Nissan,Rogue,Base,2023,SUV,Gas,AWD,Blue,34430,A,2
NV100178,Toyota,Camry,Base,2021,Sedan,Gas,FWD,Blue,77950,C,5
NV100179,Chevrolet,Equinox,Base,2020,SUV,Gas,AWD,Black,133060,B,6
NV100180,Honda,CR-V,Limited,2021,SUV,Gas,AWD,Red,61230,B,4
NV100181,Ford,F-150,Base,2023,Truck,Gas,4WD,Silver,37430,B,3
NV100182,Ford,F-150,Base,2022,Truck,Gas,4WD,Grey,71500,A,3
NV100183,Nissan,Rogue,Base,2024,SUV,Gas,FWD,White,4000,A,0
NV100184,Ram,1500,Sport,2020,Truck,Gas,4WD,White,92880,B,4
NV100185,Honda,CR-V,,2022,SUV,Gas,AWD,Silver,46770,B,2
NV100186,Mazda,CX-5,,2021,SUV,Gas,AWD,Grey,48000,C,5
NV100187,Ford,Escape,Sport,2022,SUV,Gas,FWD,Brown,65890,A,4
NV100188,Toyota,RAV4 Hybrid,Touring,2021,SUV,Hybrid,AWD,Green,71630,B,4
NV100189,Mazda,Mazda3,Limited,2021,Hatchback,Gas,FWD,Green,75980,C,5
NV100190,Honda,CR-V Hybrid,Limited,2020,SUV,Hybrid,AWD,Grey,52960,B,4
NV100191,Toyota,Corolla,Sport,2021,Sedan,Gas,FWD,Grey,38250,B,3
NV100192,Kia,Sportage,Limited,2019,SUV,Gas,FWD,Red,42620,C,5
NV100193,Hyundai,Tucson,Limited,2024,SUV,Gas,FWD,Brown,4650,A,0
NV100194,Kia,Forte,Base,2020,Sedan,Gas,FWD,Silver,91140,C,4
NV100195,Mazda,CX-5,Limited,2023,SUV,Gas,FWD,Brown,48280,A,2
NV100196,Hyundai,Elantra,Sport,2023,Sedan,Gas,FWD,Black,33330,B,2
NV100197,Subaru,Outback,Sport,2022,Wagon,Gas,AWD,Blue,62330,B,3
NV100198,Toyota,Camry,Base,2022,Sedan,Gas,FWD,White,88420,C,4
NV100199,Honda,CR-V,Base,2023,SUV,Gas,AWD,Red,51390,B,3
NV100200,Honda,Civic,Touring,2022,Sedan,Gas,FWD,Brown,66400,B,4
NV100201,Chevrolet,Silverado 1500,Sport,2021,Truck,Gas,4WD,Green,78010,B,4
NV100202,Mazda,Mazda3,Base,2016,Hatchback,Gas,FWD,Silver,178820,D,10
NV100203,Toyota,Tacoma,Sport,2021,Truck,Gas,4WD,Red,59550,A,5
NV100204,Ford,Escape,Limited,2020,SUV,Gas,AWD,White,72710,B,5
NV100205,Chevrolet,Silverado 1500,Base,2025,Truck,Gas,4WD,Silver,21100,A,1
NV100206,Chevrolet,Silverado 1500,Base,2020,Truck,Gas,4WD,Grey,108840,C,5
NV100207,Toyota,RAV4 Hybrid,Touring,2022,SUV,Hybrid,AWD,Red,35980,B,3
NV100208,Toyota,Tacoma,Sport,2019,Truck,Gas,4WD,Green,87560,C,6
NV100209,Subaru,Outback,Sport,2025,Wagon,Gas,AWD,Green,4130,A,0
NV100210,Volkswagen,Tiguan,,2025,SUV,Gas,AWD,Grey,4000,A,0
NV100211,Toyota,Tacoma,Limited,2021,Truck,Gas,4WD,Black,61190,A,4
NV100212,Kia,Sportage,Base,2025,SUV,Gas,AWD,Brown,21870,A,1
NV100213,Honda,CR-V,Base,2020,SUV,Gas,AWD,White,94320,D,5
NV100214,Honda,Accord,Base,2015,Sedan,Gas,FWD,Brown,208640,D,10
NV100215,Toyota,RAV4,Sport,2024,SUV,Gas,AWD,Green,15960,A,1
NV100216,Honda,CR-V,Sport,2019,SUV,Gas,AWD,Brown,105020,B,6
NV100217,Honda,CR-V,Base,2021,SUV,Gas,AWD,Grey,75380,B,4
NV100218,Subaru,Outback,Limited,2024,Wagon,Gas,AWD,Silver,36510,A,2
NV100219,Kia,Forte,Base,2019,Sedan,Gas,FWD,Red,147680,D,7
NV100220,Toyota,Camry,Base,2021,Sedan,Gas,FWD,Grey,66250,C,5
NV100221,Honda,Accord,Base,2021,Sedan,Gas,FWD,Green,69720,A,5
NV100222,Hyundai,Elantra,Limited,2021,Sedan,Gas,FWD,Red,59400,B,4
NV100223,Mazda,CX-5,Base,2022,SUV,Gas,AWD,Silver,38330,B,2
NV100224,Hyundai,Ioniq 5,Limited,2020,SUV,Electric,AWD,Black,113890,C,6
NV100225,Honda,Accord,Sport,2021,Sedan,Gas,FWD,Grey,62220,B,3
NV100226,Honda,CR-V Hybrid,Sport,2022,SUV,Hybrid,AWD,Green,31900,A,2
NV100227,Kia,Sportage,Sport,2024,SUV,Gas,AWD,Silver,29870,A,1
NV100228,Ram,1500,Sport,2024,Truck,Gas,4WD,Red,7430,B,0
NV100229,Kia,Sportage,Limited,2020,SUV,Gas,FWD,Blue,74620,B,4
NV100230,Volkswagen,Tiguan,Sport,2019,SUV,Gas,AWD,Red,131330,B,7
NV100231,Toyota,RAV4,Limited,2021,SUV,Gas,AWD,Black,103480,B,5
NV100232,Toyota,Camry,Sport,2023,Sedan,Gas,FWD,White,62090,A,3
NV100233,Nissan,Rogue,Sport,2022,SUV,Gas,FWD,Silver,42580,B,3
NV100234,Kia,Sportage,Touring,2018,SUV,Gas,FWD,Grey,156440,D,8
NV100235,Hyundai,Tucson,Touring,2024,SUV,Gas,AWD,Red,41540,A,2
NV100236,Honda,Civic,Touring,2020,Sedan,Gas,FWD,Black,146320,C,6
NV100237,Honda,CR-V,Sport,2019,SUV,Gas,AWD,Grey,142180,C,7
NV100238,Ford,F-150,Limited,2022,Truck,Gas,4WD,Silver,47680,B,2
NV100239,Honda,Civic,Sport,2020,Sedan,Gas,FWD,Silver,93980,B,6
NV100240,Honda,Odyssey,Base,2022,Minivan,Gas,FWD,Red,45980,B,3
NV100241,Chevrolet,Silverado 1500,Base,2023,Truck,Gas,4WD,Blue,68670,B,3
NV100242,Jeep,Wrangler,Sport,2023,SUV,Gas,AWD,Grey,34790,B,2
NV100243,BMW,3 Series,Base,2023,Sedan,Gas,FWD,Blue,28530,A,1
NV100244,Hyundai,Tucson,Base,2025,SUV,Gas,FWD,Brown,8390,A,0
NV100245,Toyota,Corolla,Base,2019,Sedan,Gas,FWD,Blue,115240,C,6
NV100246,Toyota,RAV4,Base,2021,SUV,Gas,AWD,White,83840,A,5
NV100247,Hyundai,Elantra,Limited,2020,Sedan,Gas,FWD,Grey,132640,B,6
NV100248,Toyota,RAV4 Hybrid,Limited,2023,SUV,Hybrid,FWD,Red,26660,A,1
NV100249,Toyota,Corolla,Sport,2022,Sedan,Gas,FWD,Grey,44050,C,3
NV100250,Toyota,Tacoma,Base,2021,Truck,Gas,4WD,White,57680,A,4
NV100251,BMW,3 Series,Touring,2022,Sedan,Gas,FWD,Green,65170,B,3
NV100252,Toyota,Corolla,Base,2021,Sedan,Gas,FWD,White,78280,A,4
NV100253,Toyota,Corolla,Touring,2024,Sedan,Gas,FWD,Red,4000,A,0
NV100254,Subaru,Outback,Sport,2021,Wagon,Gas,AWD,Brown,126120,D,5
NV100255,Mazda,CX-5,Sport,2020,SUV,Gas,FWD,Brown,80940,C,6
NV100256,Ford,Escape,Sport,2021,SUV,Gas,AWD,Brown,85910,B,5
NV100257,Honda,Civic,Sport,2020,Sedan,Gas,FWD,Green,57870,B,4
NV100258,Jeep,Wrangler,Sport,2021,SUV,Gas,FWD,Blue,50310,B,3
NV100259,Ram,1500,Touring,2022,Truck,Gas,4WD,Red,65070,A,4
NV100260,Kia,Sportage,Sport,2020,SUV,Gas,AWD,Black,103010,A,5
NV100261,BMW,3 Series,Sport,2021,Sedan,Gas,FWD,Brown,100990,B,5
NV100262,Hyundai,Elantra,Base,2017,Sedan,Gas,FWD,Red,119900,B,9
NV100263,Honda,Odyssey,Base,2023,Minivan,Gas,FWD,Silver,77720,B,3
NV100264,Chevrolet,Silverado 1500,Base,2025,Truck,Gas,4WD,Silver,8900,A,0
NV100265,Mazda,Mazda3,Base,2022,Hatchback,Gas,FWD,Brown,44930,A,3
NV100266,Toyota,Camry,Limited,2023,Sedan,Gas,FWD,Grey,37910,B,2
NV100267,Hyundai,Elantra,Base,2020,Sedan,Gas,FWD,Red,75690,B,4
NV100268,Toyota,RAV4,Limited,2024,SUV,Gas,FWD,White,21880,A,1
NV100269,Volkswagen,Tiguan,Base,2017,SUV,Gas,FWD,Red,124920,B,7
NV100270,Kia,Sportage,Base,2025,SUV,Gas,AWD,Green,21920,B,1
NV100271,Toyota,RAV4,,2024,SUV,Gas,AWD,White,7330,A,0
NV100272,Jeep,Wrangler,Limited,2025,SUV,Gas,FWD,Red,20840,A,1
NV100273,BMW,3 Series,Limited,2020,Sedan,Gas,FWD,Silver,99000,B,5
NV100274,Ford,Escape,Limited,2016,SUV,Gas,AWD,Green,140360,C,9
NV100275,Honda,Accord,Touring,2023,Sedan,Gas,FWD,Red,55350,A,3
NV100276,Kia,Forte,Limited,2018,Sedan,Gas,FWD,Brown,96130,B,6
NV100277,Toyota,RAV4,Touring,2022,SUV,Gas,FWD,Green,35970,A,3
NV100278,Toyota,Corolla,Touring,2020,Sedan,Gas,FWD,Silver,103150,C,6
NV100279,Honda,CR-V Hybrid,Touring,2018,SUV,Hybrid,AWD,Brown,125580,C,6
NV100280,Honda,Accord,Sport,2020,Sedan,Gas,FWD,Red,109270,B,5
NV100281,Ford,Escape,Base,2017,SUV,Gas,AWD,Brown,171650,C,9
NV100282,Toyota,Camry,Sport,2021,Sedan,Gas,FWD,Green,73220,A,5
NV100283,Toyota,Corolla,Touring,2019,Sedan,Gas,FWD,Blue,83980,B,5
NV100284,Ford,F-150,Base,2019,Truck,Gas,4WD,Green,68430,A,6
NV100285,Volkswagen,Tiguan,Limited,2015,SUV,Gas,AWD,Green,187580,D,11
NV100286,Volkswagen,Tiguan,Sport,2023,SUV,Gas,AWD,Blue,23720,A,1
NV100287,Ford,Escape,Base,2023,SUV,Gas,AWD,Silver,46410,B,2
NV100288,Ram,1500,Base,2021,Truck,Gas,4WD,Green,70630,A,4
NV100289,Hyundai,Elantra,Limited,2021,Sedan,Gas,FWD,Blue,104750,C,5
NV100290,Chevrolet,Silverado 1500,Limited,2022,Truck,Gas,4WD,Silver,44860,A,2
NV100291,Honda,Accord,Base,2025,Sedan,Gas,FWD,Grey,5250,A,0
NV100292,Honda,Civic,Limited,2023,Sedan,Gas,FWD,White,45020,A,2
NV100293,Subaru,Outback,Touring,2021,Wagon,Gas,FWD,Grey,69440,B,4
NV100294,Honda,Accord,Base,2024,Sedan,Gas,FWD,Brown,4820,A,0
NV100295,Ford,Escape,Limited,2022,SUV,Gas,AWD,Brown,38120,B,3
NV100296,Hyundai,Elantra,Touring,2020,Sedan,Gas,FWD,Brown,44900,A,5
NV100297,Toyota,Corolla,Sport,2022,Sedan,Gas,FWD,Black,75430,B,4
NV100298,Toyota,Corolla,Base,2022,Sedan,Gas,FWD,Black,34220,A,2
NV100299,Hyundai,Elantra,Sport,2024,Sedan,Gas,FWD,Black,25190,A,1
NV100300,Ford,F-150,Sport,2021,Truck,Gas,4WD,Grey,91140,A,4
NV100301,Ford,Escape,Touring,2021,SUV,Gas,FWD,Silver,76350,C,4
NV100302,Honda,Civic,Base,2015,Sedan,Gas,FWD,Blue,106150,C,9
NV100303,Toyota,RAV4,Base,2021,SUV,Gas,FWD,Black,95660,B,5
NV100304,Hyundai,Ioniq 5,Base,2019,SUV,Electric,FWD,Brown,66250,B,7
NV100305,Toyota,Camry,Base,2023,Sedan,Gas,FWD,Red,35250,A,2
NV100306,Honda,CR-V Hybrid,Touring,2024,SUV,Hybrid,AWD,Red,23010,A,1
NV100307,Kia,Sportage,Limited,2024,SUV,Gas,AWD,Green,4000,A,0
NV100308,Honda,Civic,Limited,2017,Sedan,Gas,FWD,Green,159980,B,8
NV100309,Hyundai,Tucson,Sport,2022,SUV,Gas,FWD,Brown,77650,B,4
NV100310,Toyota,RAV4,Limited,2022,SUV,Gas,FWD,Blue,43940,C,4
NV100311,Toyota,Camry,Sport,2019,Sedan,Gas,FWD,Brown,70750,B,5
NV100312,Nissan,Rogue,Sport,2021,SUV,Gas,AWD,Brown,87140,B,5
NV100313,Hyundai,Elantra,Touring,2021,Sedan,Gas,FWD,Red,48420,B,4
NV100314,Volkswagen,Tiguan,Base,2019,SUV,Gas,AWD,Brown,92900,C,5
NV100315,Nissan,Rogue,Limited,2020,SUV,Gas,AWD,White,94450,C,6
NV100316,Toyota,Camry,Sport,2023,Sedan,Gas,FWD,Brown,66590,A,3
NV100317,Honda,Civic,Base,2019,Sedan,Gas,FWD,Grey,96800,C,6
NV100318,Hyundai,Elantra,Base,2025,Sedan,Gas,FWD,Red,5460,A,0
NV100319,Toyota,RAV4 Hybrid,Base,2022,SUV,Hybrid,AWD,Red,113090,B,4
NV100320,Toyota,RAV4 Hybrid,,2025,SUV,Hybrid,AWD,Green,6380,A,0
NV100321,Nissan,Rogue,Limited,2021,SUV,Gas,FWD,Blue,70740,A,4
NV100322,Chevrolet,Equinox,Base,2023,SUV,Gas,AWD,Grey,44210,A,2
NV100323,Honda,Civic,Base,2023,Sedan,Gas,FWD,Brown,26110,A,2
NV100324,Ford,F-150,Base,2019,Truck,Gas,4WD,Grey,152370,C,6
NV100325,Hyundai,Elantra,Limited,2024,Sedan,Gas,FWD,Grey,6310,A,0
NV100326,Ford,Escape,Sport,2017,SUV,Gas,FWD,Brown,103700,B,7
NV100327,Honda,CR-V Hybrid,Base,2023,SUV,Hybrid,AWD,Black,58620,A,3
NV100328,Hyundai,Tucson,Limited,2021,SUV,Gas,AWD,Brown,73160,C,5
NV100329,Volkswagen,Tiguan,Sport,2024,SUV,Gas,AWD,Black,22190,A,1
NV100330,Chevrolet,Equinox,Touring,2021,SUV,Gas,AWD,Grey,87530,B,4
NV100331,Honda,CR-V,Touring,2022,SUV,Gas,AWD,Brown,74440,B,4
NV100332,Volkswagen,Tiguan,Limited,2020,SUV,Gas,AWD,Grey,119940,A,6
NV100333,Honda,Civic,Sport,2020,Sedan,Gas,FWD,Red,88580,A,5
NV100334,Ford,F-150,Limited,2022,Truck,Gas,4WD,Red,64740,B,3
NV100335,Ford,F-150,Sport,2019,Truck,Gas,4WD,Brown,56570,C,5
NV100336,Honda,Accord,Touring,2019,Sedan,Gas,FWD,Grey,128440,C,6
NV100337,Chevrolet,Equinox,Limited,2021,SUV,Gas,AWD,White,83190,C,4
NV100338,Hyundai,Tucson,Limited,2023,SUV,Gas,AWD,Blue,19930,A,1
NV100339,Tesla,Model 3,Limited,2022,Sedan,Electric,FWD,Blue,25880,B,2
NV100340,Jeep,Wrangler,Base,2019,SUV,Gas,AWD,White,72950,C,5
NV100341,Subaru,Outback,Base,2024,Wagon,Gas,AWD,Red,25230,A,1
NV100342,Subaru,Outback,Touring,2020,Wagon,Gas,FWD,Blue,59590,B,5
NV100343,Toyota,Corolla,Touring,2018,Sedan,Gas,FWD,Grey,62370,C,7
NV100344,Mazda,Mazda3,Base,2022,Hatchback,Gas,FWD,Blue,68490,A,4
NV100345,Ford,Escape,,2023,SUV,Gas,FWD,Blue,18180,A,1
NV100346,Hyundai,Elantra,Limited,2016,Sedan,Gas,FWD,Red,146530,D,10
NV100347,Hyundai,Elantra,Sport,2023,Sedan,Gas,FWD,White,21800,A,1
NV100348,Toyota,Camry,Base,2020,Sedan,Gas,FWD,Black,65580,A,4
NV100349,Toyota,Corolla,Base,2020,Sedan,Gas,FWD,Blue,82980,A,6
NV100350,Chevrolet,Silverado 1500,Touring,2022,Truck,Gas,4WD,Green,38350,B,2
NV100351,Toyota,Corolla,Limited,2021,Sedan,Gas,FWD,Silver,47030,A,3
NV100352,Ford,Escape,Base,2022,SUV,Gas,FWD,Silver,30190,A,2
NV100353,Toyota,RAV4 Hybrid,Sport,2025,SUV,Hybrid,AWD,White,7060,A,0
NV100354,Honda,Accord,Sport,2018,Sedan,Gas,FWD,Silver,138690,D,7
NV100355,Toyota,RAV4,Limited,2019,SUV,Gas,FWD,Red,104420,B,5
NV100356,Mazda,Mazda3,Sport,2022,Hatchback,Gas,FWD,Blue,34940,B,2
NV100357,Honda,CR-V,Limited,2022,SUV,Gas,FWD,Brown,67860,A,3
NV100358,Hyundai,Tucson,Limited,2018,SUV,Gas,AWD,Green,133980,B,7
NV100359,Honda,CR-V,Touring,2020,SUV,Gas,AWD,Green,95600,B,5
NV100360,Hyundai,Elantra,Base,2021,Sedan,Gas,FWD,Brown,100210,B,5
NV100361,Mazda,Mazda3,Touring,2024,Hatchback,Gas,FWD,Brown,38550,A,2
NV100362,Toyota,Camry,Touring,2023,Sedan,Gas,FWD,Blue,45650,A,2
NV100363,Chevrolet,Silverado 1500,Base,2025,Truck,Gas,4WD,Brown,23090,A,1
NV100364,Chevrolet,Silverado 1500,Sport,2021,Truck,Gas,4WD,Grey,74260,A,3
NV100365,Jeep,Wrangler,Base,2023,SUV,Gas,AWD,Brown,15790,B,1
NV100366,Honda,Civic,Sport,2024,Sedan,Gas,FWD,Grey,5400,A,0
NV100367,Volkswagen,Tiguan,Sport,2020,SUV,Gas,AWD,Black,96300,C,6
NV100368,Toyota,RAV4 Hybrid,Limited,2024,SUV,Hybrid,AWD,Silver,8050,A,0
NV100369,BMW,3 Series,Base,2020,Sedan,Gas,FWD,Green,68330,A,4
NV100370,Toyota,Tacoma,Sport,2020,Truck,Gas,4WD,Black,99860,C,5
NV100371,Honda,Civic,Sport,2019,Sedan,Gas,FWD,Blue,126360,D,7
NV100372,Toyota,RAV4 Hybrid,Sport,2017,SUV,Hybrid,AWD,Black,170210,C,9
NV100373,Nissan,Rogue,Base,2021,SUV,Gas,AWD,Blue,82260,C,3
NV100374,Hyundai,Tucson,Touring,2023,SUV,Gas,AWD,Blue,61510,A,3
NV100375,Ram,1500,Base,2023,Truck,Gas,4WD,Red,21400,A,1
NV100376,Toyota,Corolla,Touring,2023,Sedan,Gas,FWD,Red,39390,B,2
NV100377,Volkswagen,Tiguan,Base,2017,SUV,Gas,AWD,Green,138620,D,8
NV100378,Honda,Civic,,2023,Sedan,Gas,FWD,Red,23380,A,1
NV100379,Honda,CR-V,,2022,SUV,Gas,AWD,White,65050,A,4
NV100380,Mazda,Mazda3,Sport,2024,Hatchback,Gas,FWD,Blue,4000,A,0
NV100381,Toyota,RAV4,Touring,2017,SUV,Gas,FWD,Blue,188560,D,9
NV100382,Hyundai,Elantra,Base,2020,Sedan,Gas,FWD,Red,123850,B,5
NV100383,Hyundai,Tucson,Limited,2019,SUV,Gas,AWD,Black,106920,B,7
NV100384,Toyota,RAV4,Sport,2017,SUV,Gas,AWD,Blue,144530,B,8
NV100385,Honda,Odyssey,Sport,2022,Minivan,Gas,FWD,White,52910,A,3
NV100386,Honda,CR-V,Sport,2022,SUV,Gas,AWD,Brown,49970,A,3
NV100387,Honda,CR-V,Base,2023,SUV,Gas,FWD,Black,23620,A,1
NV100388,Jeep,Wrangler,Limited,2025,SUV,Gas,FWD,Grey,4000,A,0
NV100389,Kia,Forte,Limited,2019,Sedan,Gas,FWD,Grey,78330,A,5
NV100390,Toyota,Corolla,Base,2017,Sedan,Gas,FWD,Green,160450,B,9
NV100391,Ford,Escape,Limited,2021,SUV,Gas,AWD,Blue,60360,A,3
NV100392,Honda,Civic,Limited,2025,Sedan,Gas,FWD,Silver,15430,A,1
NV100393,Mazda,CX-5,Limited,2024,SUV,Gas,AWD,Black,7960,A,0
NV100394,Honda,Civic,Base,2019,Sedan,Gas,FWD,Black,91010,A,5
NV100395,Mazda,CX-5,Sport,2019,SUV,Gas,FWD,Brown,128240,D,7
NV100396,Ford,F-150,Limited,2021,Truck,Gas,4WD,Green,61930,B,3
NV100397,Honda,CR-V,Base,2023,SUV,Gas,AWD,Red,32410,A,2
NV100398,Chevrolet,Equinox,Sport,2023,SUV,Gas,FWD,Blue,70680,B,3
NV100399,Mazda,CX-5,Touring,2019,SUV,Gas,AWD,Brown,164750,D,7
NV100400,Mazda,CX-5,Sport,2020,SUV,Gas,FWD,Brown,107000,B,5
NV100401,Toyota,Tacoma,Limited,2019,Truck,Gas,4WD,Grey,57770,C,5
NV100402,Honda,CR-V,Limited,2025,SUV,Gas,FWD,Red,5530,B,0
NV100403,Honda,Civic,Sport,2015,Sedan,Gas,FWD,Silver,168320,C,9
NV100404,Toyota,RAV4,Limited,2020,SUV,Gas,FWD,Black,124040,C,6
NV100405,Toyota,RAV4,Base,2024,SUV,Gas,AWD,Red,28860,B,2
NV100406,Mazda,Mazda3,Base,2022,Hatchback,Gas,FWD,Brown,95790,B,4
NV100407,Honda,CR-V Hybrid,Limited,2018,SUV,Hybrid,AWD,Grey,118370,C,7
NV100408,Ford,F-150,Base,2016,Truck,Gas,4WD,Silver,164530,C,10
NV100409,Toyota,RAV4,Touring,2024,SUV,Gas,AWD,Grey,23970,A,1
NV100410,Ford,Escape,Touring,2022,SUV,Gas,AWD,Grey,54870,B,3
NV100411,Toyota,Tacoma,Base,2024,Truck,Gas,4WD,Green,6590,A,0
NV100412,Nissan,Rogue,Sport,2023,SUV,Gas,FWD,Brown,21760,A,1
NV100413,Subaru,Outback,Sport,2018,Wagon,Gas,AWD,White,123160,D,7
NV100414,Ford,F-150,Limited,2020,Truck,Gas,4WD,Grey,103300,B,6
NV100415,Honda,Civic,Base,2022,Sedan,Gas,FWD,Black,57230,B,3
NV100416,Toyota,RAV4,Touring,2019,SUV,Gas,FWD,Silver,77160,C,6
NV100417,Ford,Escape,Base,2020,SUV,Gas,AWD,White,55620,C,4
NV100418,Kia,Sportage,,2024,SUV,Gas,AWD,Brown,22700,A,1
NV100419,Toyota,RAV4 Hybrid,Base,2022,SUV,Hybrid,FWD,White,33730,B,2
NV100420,Kia,Sportage,Touring,2024,SUV,Gas,AWD,Blue,41980,A,2
NV100421,Toyota,RAV4,Base,2020,SUV,Gas,FWD,Brown,85690,D,4
NV100422,Hyundai,Tucson,Sport,2024,SUV,Gas,AWD,Silver,30890,B,2
NV100423,Mazda,CX-5,,2020,SUV,Gas,FWD,Brown,60980,B,5
NV100424,Chevrolet,Silverado 1500,Limited,2022,Truck,Gas,4WD,White,65670,B,4
NV100425,Honda,CR-V,Sport,2022,SUV,Gas,AWD,Green,55180,A,3
NV100426,Toyota,Tacoma,Touring,2019,Truck,Gas,4WD,Grey,104430,C,6
NV100427,Honda,CR-V Hybrid,Touring,2021,SUV,Hybrid,AWD,Silver,65450,A,4
NV100428,Toyota,RAV4,Touring,2024,SUV,Gas,AWD,Green,17550,A,1
NV100429,Jeep,Wrangler,Base,2023,SUV,Gas,FWD,Green,45680,A,2
NV100430,Volkswagen,Tiguan,Limited,2019,SUV,Gas,AWD,Blue,110040,C,6
NV100431,Mazda,CX-5,Sport,2018,SUV,Gas,AWD,Blue,108670,B,7
NV100432,Toyota,RAV4,Sport,2015,SUV,Gas,FWD,Silver,141570,C,10
NV100433,Toyota,RAV4 Hybrid,Sport,2023,SUV,Hybrid,AWD,Blue,85490,B,3
NV100434,Jeep,Wrangler,Sport,2018,SUV,Gas,AWD,Black,115040,B,6
NV100435,Toyota,Corolla,Base,2017,Sedan,Gas,FWD,Blue,159720,C,9
NV100436,Toyota,Corolla,Base,2019,Sedan,Gas,FWD,White,93510,B,6
NV100437,Chevrolet,Silverado 1500,Limited,2015,Truck,Gas,4WD,White,269710,D,10
NV100438,Honda,CR-V,Base,2019,SUV,Gas,FWD,Grey,111440,B,6
NV100439,Honda,Accord,Touring,2016,Sedan,Gas,FWD,Silver,119120,C,9
NV100440,Honda,Accord,Touring,2020,Sedan,Gas,FWD,Brown,102740,C,5
NV100441,Ford,F-150,Touring,2023,Truck,Gas,4WD,Grey,30070,A,2
NV100442,Hyundai,Tucson,Base,2023,SUV,Gas,AWD,Red,18060,A,1
NV100443,Chevrolet,Equinox,Touring,2022,SUV,Gas,AWD,Red,88160,D,4
NV100444,Hyundai,Elantra,Sport,2018,Sedan,Gas,FWD,Silver,137630,C,7
NV100445,Honda,CR-V,Touring,2024,SUV,Gas,FWD,Blue,21830,B,1
NV100446,Toyota,Camry,Limited,2021,Sedan,Gas,FWD,Silver,93480,A,4
NV100447,Ford,Escape,Base,2017,SUV,Gas,FWD,Black,159480,D,8
NV100448,Toyota,Tacoma,Base,2022,Truck,Gas,4WD,Grey,57720,B,4
NV100449,Mazda,CX-5,Sport,2025,SUV,Gas,AWD,Red,8090,A,0
NV100450,Mazda,CX-5,Base,2024,SUV,Gas,FWD,Black,22140,A,1
NV100451,Ram,1500,Touring,2020,Truck,Gas,4WD,Black,91520,D,4
NV100452,Toyota,RAV4 Hybrid,Sport,2018,SUV,Hybrid,AWD,Green,157490,B,8
NV100453,Toyota,Tacoma,Touring,2024,Truck,Gas,4WD,Brown,5700,A,0
NV100454,Mazda,Mazda3,Limited,2021,Hatchback,Gas,FWD,Blue,47280,A,3
NV100455,Honda,CR-V Hybrid,Touring,2024,SUV,Hybrid,AWD,Silver,24990,A,2
NV100456,Toyota,Corolla,Limited,2023,Sedan,Gas,FWD,Grey,60260,B,3
NV100457,Subaru,Outback,Touring,2022,Wagon,Gas,AWD,Green,40080,A,2
NV100458,Ford,Escape,Base,2024,SUV,Gas,FWD,Red,34990,A,2
NV100459,Toyota,Tacoma,Sport,2024,Truck,Gas,4WD,White,20810,A,1
NV100460,Toyota,RAV4 Hybrid,Base,2025,SUV,Hybrid,AWD,Brown,4670,A,0
NV100461,Nissan,Rogue,Base,2019,SUV,Gas,AWD,Grey,104370,C,6
NV100462,Kia,Sportage,Base,2023,SUV,Gas,FWD,Brown,36020,A,2
NV100463,Jeep,Wrangler,Sport,2016,SUV,Gas,AWD,Black,190520,D,10
NV100464,Hyundai,Elantra,Limited,2024,Sedan,Gas,FWD,Blue,10890,A,1
NV100465,Toyota,Tacoma,Sport,2022,Truck,Gas,4WD,Brown,73320,B,4
NV100466,Toyota,Corolla,Sport,2022,Sedan,Gas,FWD,Black,54520,B,3
NV100467,Honda,Accord,Touring,2017,Sedan,Gas,FWD,Grey,141520,C,7
NV100468,Ford,F-150,Limited,2020,Truck,Gas,4WD,Green,63530,A,4
NV100469,Toyota,RAV4,Base,2018,SUV,Gas,FWD,Grey,121630,C,8
NV100470,Honda,Civic,Sport,2024,Sedan,Gas,FWD,Black,28830,B,2
NV100471,Honda,Accord,Limited,2022,Sedan,Gas,FWD,Black,52820,B,3
NV100472,Ford,F-150,Limited,2017,Truck,Gas,4WD,Blue,115930,A,8
NV100473,Toyota,Camry,Sport,2020,Sedan,Gas,FWD,Black,82250,A,5
NV100474,Volkswagen,Tiguan,Sport,2017,SUV,Gas,AWD,White,211640,C,8
NV100475,Honda,CR-V Hybrid,Sport,2022,SUV,Hybrid,AWD,Blue,59660,A,3
NV100476,Chevrolet,Equinox,Limited,2022,SUV,Gas,FWD,Blue,63680,B,4
NV100477,Chevrolet,Equinox,Base,2015,SUV,Gas,FWD,Grey,156690,C,11
NV100478,Volkswagen,Tiguan,Base,2020,SUV,Gas,AWD,Silver,78580,B,4
NV100479,Honda,CR-V,Base,2017,SUV,Gas,AWD,Green,206990,C,9
NV100480,Nissan,Rogue,Sport,2022,SUV,Gas,AWD,Blue,70910,A,3
NV100481,Toyota,Tacoma,,2020,Truck,Gas,4WD,Grey,46910,B,4
NV100482,Honda,Civic,Limited,2019,Sedan,Gas,FWD,Green,103690,C,7
NV100483,Toyota,Camry,Touring,2018,Sedan,Gas,FWD,Green,79460,C,6
NV100484,Hyundai,Tucson,Base,2023,SUV,Gas,AWD,Grey,20430,A,1
NV100485,Toyota,RAV4,Touring,2025,SUV,Gas,FWD,Blue,21590,A,1
NV100486,Tesla,Model 3,Limited,2019,Sedan,Electric,FWD,Black,116090,B,5
NV100487,Toyota,RAV4,Limited,2023,SUV,Gas,AWD,Green,62550,C,3
NV100488,Hyundai,Elantra,Base,2021,Sedan,Gas,FWD,White,60930,B,3
NV100489,Nissan,Rogue,Limited,2022,SUV,Gas,AWD,Silver,33980,A,2
NV100490,Toyota,Corolla,Base,2023,Sedan,Gas,FWD,Red,42870,A,2
NV100491,Kia,Forte,Touring,2018,Sedan,Gas,FWD,Black,102320,C,7
NV100492,Hyundai,Ioniq 5,Limited,2017,SUV,Electric,AWD,Black,155600,B,9
NV100493,Ford,Escape,Base,2019,SUV,Gas,AWD,Black,87470,C,7
NV100494,Ford,F-150,Limited,2023,Truck,Gas,4WD,Silver,52250,A,3
NV100495,Chevrolet,Equinox,Touring,2018,SUV,Gas,AWD,White,97660,B,6
NV100496,Chevrolet,Silverado 1500,Limited,2023,Truck,Gas,4WD,White,48330,A,3
NV100497,Kia,Forte,Base,2022,Sedan,Gas,FWD,Brown,61810,A,3
NV100498,Honda,Civic,Sport,2022,Sedan,Gas,FWD,Green,38940,B,3
NV100499,Toyota,Corolla,Touring,2017,Sedan,Gas,FWD,Black,173490,C,9
NV100500,Toyota,Corolla,Limited,2022,Sedan,Gas,FWD,Silver,61000,B,3
NV100501,Nissan,Rogue,Limited,2021,SUV,Gas,FWD,Grey,93190,B,4
NV100502,Honda,CR-V,Base,2022,SUV,Gas,AWD,Blue,28530,A,2
NV100503,Subaru,Outback,Sport,2020,Wagon,Gas,AWD,Blue,45710,C,5
NV100504,Honda,CR-V,Base,2022,SUV,Gas,AWD,White,77600,B,4
NV100505,Toyota,RAV4,Limited,2015,SUV,Gas,FWD,Silver,75710,C,9
NV100506,Honda,CR-V,Sport,2021,SUV,Gas,FWD,Red,53790,A,3
NV100507,Honda,Civic,Touring,2020,Sedan,Gas,FWD,Green,95490,B,4
NV100508,Toyota,RAV4 Hybrid,Base,2024,SUV,Hybrid,AWD,Black,23570,A,1
NV100509,Honda,Accord,Base,2023,Sedan,Gas,FWD,Silver,49330,A,2
NV100510,Chevrolet,Silverado 1500,Limited,2025,Truck,Gas,4WD,Black,4000,A,0
NV100511,Honda,Accord,Base,2020,Sedan,Gas,FWD,Blue,93780,C,6
NV100512,Hyundai,Elantra,,2019,Sedan,Gas,FWD,Black,83910,B,5
NV100513,BMW,3 Series,Sport,2022,Sedan,Gas,FWD,Black,66850,B,4
NV100514,Toyota,Tacoma,Base,2022,Truck,Gas,4WD,Grey,94400,C,4
NV100515,Kia,Sportage,Limited,2019,SUV,Gas,FWD,Grey,104280,C,7
NV100516,BMW,3 Series,Limited,2021,Sedan,Gas,FWD,Grey,53860,A,3
NV100517,Hyundai,Elantra,Touring,2017,Sedan,Gas,FWD,Black,129490,D,7
NV100518,Kia,Forte,Base,2024,Sedan,Gas,FWD,White,5730,B,0
NV100519,Kia,Sportage,Sport,2017,SUV,Gas,AWD,White,139390,C,8
NV100520,Toyota,Corolla,Touring,2024,Sedan,Gas,FWD,Green,19290,A,1
NV100521,Ford,F-150,Sport,2021,Truck,Gas,4WD,Red,49560,A,3
NV100522,Subaru,Outback,Sport,2022,Wagon,Gas,AWD,Red,52880,C,3
NV100523,Jeep,Wrangler,Sport,2021,SUV,Gas,AWD,Silver,97560,B,5
NV100524,Kia,Forte,Sport,2018,Sedan,Gas,FWD,Black,118270,B,8
NV100525,Honda,Civic,Base,2022,Sedan,Gas,FWD,Silver,34370,C,3
NV100526,Ford,F-150,Limited,2022,Truck,Gas,4WD,Black,35440,B,2
NV100527,Jeep,Wrangler,Limited,2019,SUV,Gas,AWD,White,84920,C,6
NV100528,Ram,1500,Touring,2023,Truck,Gas,4WD,Black,20480,A,1
NV100529,Honda,CR-V,Touring,2025,SUV,Gas,FWD,Brown,4000,A,0
NV100530,Jeep,Wrangler,Base,2020,SUV,Gas,AWD,White,96280,B,5
NV100531,Ford,Escape,Limited,2023,SUV,Gas,FWD,Red,35040,A,2
NV100532,Volkswagen,Tiguan,Base,2018,SUV,Gas,AWD,Red,94940,B,8
NV100533,Toyota,Camry,Sport,2020,Sedan,Gas,FWD,Silver,89450,B,5
NV100534,Ram,1500,Limited,2024,Truck,Gas,4WD,Brown,40270,A,2
NV100535,Ford,Escape,Sport,2020,SUV,Gas,FWD,Blue,96300,B,6
NV100536,Toyota,Corolla,Sport,2021,Sedan,Gas,FWD,Black,30960,B,3
NV100537,Kia,Sportage,Limited,2017,SUV,Gas,AWD,White,107360,C,8
NV100538,Toyota,Corolla,Base,2024,Sedan,Gas,FWD,Blue,34550,B,2
NV100539,Ford,F-150,Base,2021,Truck,Gas,4WD,Green,98970,B,4
NV100540,Kia,Forte,Base,2018,Sedan,Gas,FWD,Silver,105750,B,8
NV100541,Kia,Forte,Base,2022,Sedan,Gas,FWD,Red,37310,A,2
NV100542,Nissan,Rogue,Sport,2025,SUV,Gas,AWD,Grey,17210,B,1
NV100543,Chevrolet,Silverado 1500,Base,2019,Truck,Gas,4WD,White,84300,A,6
NV100544,Toyota,RAV4 Hybrid,Touring,2019,SUV,Hybrid,FWD,Green,96510,D,7
NV100545,Ford,Escape,Sport,2017,SUV,Gas,FWD,Black,107440,C,9
NV100546,Kia,Sportage,Sport,2019,SUV,Gas,AWD,Blue,158730,D,7
NV100547,Toyota,Camry,Touring,2022,Sedan,Gas,FWD,Grey,48810,A,2
NV100548,Honda,Civic,Sport,2023,Sedan,Gas,FWD,Black,48100,A,2
NV100549,Hyundai,Elantra,Base,2019,Sedan,Gas,FWD,White,115680,B,7
NV100550,Nissan,Rogue,Base,2024,SUV,Gas,AWD,Green,4110,A,0
NV100551,Volkswagen,Tiguan,Limited,2021,SUV,Gas,AWD,Black,57720,A,3
NV100552,Toyota,RAV4 Hybrid,Sport,2024,SUV,Hybrid,AWD,Blue,25910,A,1
NV100553,Honda,Odyssey,Touring,2024,Minivan,Gas,FWD,Brown,16480,A,1
NV100554,Nissan,Rogue,Base,2020,SUV,Gas,AWD,Black,85650,B,4
NV100555,Mazda,CX-5,Base,2021,SUV,Gas,AWD,Grey,79750,B,4
NV100556,Nissan,Rogue,Limited,2018,SUV,Gas,FWD,Brown,117850,D,8
NV100557,Kia,Forte,Limited,2024,Sedan,Gas,FWD,White,46120,A,2
NV100558,Toyota,Tacoma,Limited,2023,Truck,Gas,4WD,White,21140,B,1
NV100559,Hyundai,Elantra,Sport,2019,Sedan,Gas,FWD,Black,128890,B,7
NV100560,Hyundai,Elantra,Base,2023,Sedan,Gas,FWD,Black,21200,B,1
NV100561,Subaru,Outback,Sport,2020,Wagon,Gas,AWD,White,128920,B,5
NV100562,Honda,Civic,Base,2022,Sedan,Gas,FWD,Green,54330,A,4
NV100563,Honda,CR-V,Touring,2022,SUV,Gas,AWD,Brown,65320,B,4
NV100564,Ford,Escape,Base,2019,SUV,Gas,AWD,White,90170,B,6
NV100565,Honda,Accord,Touring,2021,Sedan,Gas,FWD,Black,87340,C,5
NV100566,Hyundai,Tucson,Base,2023,SUV,Gas,FWD,Red,49980,B,3
NV100567,Ram,1500,Base,2024,Truck,Gas,4WD,Silver,6450,A,0
NV100568,Ford,F-150,Sport,2023,Truck,Gas,4WD,Blue,24070,B,2
NV100569,Ford,F-150,Sport,2024,Truck,Gas,4WD,Black,4000,A,0
NV100570,Jeep,Wrangler,Touring,2019,SUV,Gas,AWD,Black,106940,A,7
NV100571,Ford,F-150,Sport,2020,Truck,Gas,4WD,Green,25730,B,4
NV100572,Tesla,Model 3,Base,2023,Sedan,Electric,FWD,Green,41090,A,3
NV100573,Mazda,CX-5,Touring,2023,SUV,Gas,FWD,Red,43280,A,2
NV100574,Kia,Forte,Limited,2020,Sedan,Gas,FWD,Red,83650,C,4
NV100575,Honda,CR-V,Limited,2020,SUV,Gas,FWD,Black,115190,C,4
NV100576,Toyota,Tacoma,Base,2018,Truck,Gas,4WD,Black,85740,B,6
NV100577,Hyundai,Ioniq 5,Base,2022,SUV,Electric,FWD,Red,50560,B,4
NV100578,Toyota,RAV4,Touring,2018,SUV,Gas,AWD,Red,127910,C,6
NV100579,Toyota,Camry,Base,2021,Sedan,Gas,FWD,Blue,43490,B,3
NV100580,Ford,F-150,Base,2022,Truck,Gas,4WD,Grey,80300,B,4
NV100581,Ford,F-150,Base,2021,Truck,Gas,4WD,Grey,64730,B,3
NV100582,Toyota,RAV4,Touring,2020,SUV,Gas,FWD,Silver,67870,D,6
NV100583,Toyota,Corolla,Base,2019,Sedan,Gas,FWD,Silver,145840,A,6
NV100584,Mazda,CX-5,Base,2023,SUV,Gas,FWD,Red,36780,C,2
NV100585,Honda,Accord,Limited,2022,Sedan,Gas,FWD,White,45200,B,2
NV100586,Kia,Forte,Base,2020,Sedan,Gas,FWD,Brown,135400,B,5
NV100587,Toyota,Corolla,Base,2021,Sedan,Gas,FWD,Black,81860,B,3
NV100588,Nissan,Rogue,Touring,2022,SUV,Gas,FWD,White,32530,B,2
NV100589,Honda,CR-V,Limited,2019,SUV,Gas,FWD,Black,125390,B,6
NV100590,Honda,Civic,Base,2017,Sedan,Gas,FWD,White,140710,C,9
NV100591,Hyundai,Tucson,Limited,2018,SUV,Gas,AWD,Blue,111800,A,8
NV100592,Kia,Forte,Base,2023,Sedan,Gas,FWD,Blue,42420,A,2
NV100593,Ram,1500,Base,2023,Truck,Gas,4WD,Red,63490,B,3
NV100594,Toyota,Tacoma,Limited,2021,Truck,Gas,4WD,Grey,108520,B,5
NV100595,Toyota,Corolla,Sport,2017,Sedan,Gas,FWD,Blue,237740,C,9
NV100596,Toyota,Corolla,Touring,2023,Sedan,Gas,FWD,White,17920,B,1
NV100597,Chevrolet,Silverado 1500,Limited,2022,Truck,Gas,4WD,Red,62260,B,3
NV100598,Honda,Civic,Base,2022,Sedan,Gas,FWD,Green,46570,A,3
NV100599,Jeep,Wrangler,Sport,2022,SUV,Gas,AWD,Red,55490,B,4
NV100600,Toyota,RAV4,Limited,2022,SUV,Gas,FWD,Red,72520,A,3
NV100601,Hyundai,Ioniq 5,Sport,2017,SUV,Electric,FWD,White,118520,B,7
NV100602,Ford,Escape,Touring,2020,SUV,Gas,FWD,Silver,102080,C,5
NV100603,Hyundai,Elantra,Touring,2020,Sedan,Gas,FWD,Brown,107890,A,5
NV100604,Honda,Accord,Limited,2024,Sedan,Gas,FWD,Black,44420,A,2
NV100605,Chevrolet,Equinox,Sport,2019,SUV,Gas,AWD,White,116740,C,7
NV100606,Hyundai,Elantra,Sport,2022,Sedan,Gas,FWD,Green,33990,A,2
NV100607,Subaru,Outback,Sport,2015,Wagon,Gas,FWD,Grey,154340,D,9
NV100608,Honda,CR-V,Touring,2020,SUV,Gas,AWD,Silver,109850,B,5
NV100609,Kia,Forte,Base,2020,Sedan,Gas,FWD,White,84140,B,4
NV100610,Mazda,CX-5,Sport,2021,SUV,Gas,AWD,Red,61630,B,5
NV100611,Subaru,Outback,Sport,2025,Wagon,Gas,FWD,Silver,7020,B,0
NV100612,Toyota,RAV4 Hybrid,Limited,2015,SUV,Hybrid,FWD,Green,175220,D,11
NV100613,Chevrolet,Equinox,Base,2022,SUV,Gas,AWD,Grey,52610,B,4
NV100614,Ford,F-150,Touring,2024,Truck,Gas,4WD,Grey,7710,A,0
NV100615,Nissan,Rogue,Touring,2022,SUV,Gas,FWD,White,44770,A,2
NV100616,Mazda,CX-5,Sport,2020,SUV,Gas,AWD,Red,63070,D,4
NV100617,Hyundai,Tucson,Base,2022,SUV,Gas,AWD,Black,37070,A,2
NV100618,Chevrolet,Silverado 1500,Base,2022,Truck,Gas,4WD,Grey,47310,A,3
NV100619,Honda,CR-V,Limited,2020,SUV,Gas,FWD,Blue,73920,B,5
NV100620,Toyota,RAV4,Base,2019,SUV,Gas,FWD,Brown,78410,C,5
NV100621,Ford,Escape,Base,2022,SUV,Gas,AWD,Grey,51500,B,3
NV100622,Chevrolet,Equinox,Sport,2022,SUV,Gas,AWD,Red,40630,A,2
NV100623,Chevrolet,Equinox,Limited,2020,SUV,Gas,AWD,Silver,102850,B,5
NV100624,Hyundai,Tucson,Limited,2024,SUV,Gas,FWD,Blue,25070,A,1
NV100625,Ford,Escape,Limited,2021,SUV,Gas,AWD,Green,63200,B,5
NV100626,Ford,F-150,Limited,2020,Truck,Gas,4WD,Silver,113400,C,6
NV100627,Honda,CR-V,Sport,2022,SUV,Gas,AWD,Black,73910,B,4
NV100628,Chevrolet,Silverado 1500,Sport,2021,Truck,Gas,4WD,Grey,76160,B,4
NV100629,Ram,1500,Limited,2019,Truck,Gas,4WD,White,98570,C,5
NV100630,Honda,Civic,Base,2024,Sedan,Gas,FWD,Green,23470,A,1
NV100631,Honda,CR-V,Limited,2019,SUV,Gas,FWD,Brown,57830,A,6
NV100632,Kia,Forte,Limited,2022,Sedan,Gas,FWD,Silver,56930,B,3
NV100633,Volkswagen,Tiguan,Base,2024,SUV,Gas,AWD,Silver,14400,B,1
NV100634,Mazda,CX-5,Limited,2016,SUV,Gas,AWD,Black,121340,C,8
NV100635,Ram,1500,Sport,2019,Truck,Gas,4WD,Black,112560,B,6
NV100636,Subaru,Outback,Sport,2024,Wagon,Gas,AWD,Grey,29420,A,1
NV100637,Ford,F-150,Base,2018,Truck,Gas,4WD,White,142190,C,6
NV100638,Ford,F-150,Sport,2021,Truck,Gas,4WD,Red,53780,B,4
NV100639,Toyota,Camry,Sport,2025,Sedan,Gas,FWD,Red,4000,A,0
NV100640,Honda,Civic,Base,2018,Sedan,Gas,FWD,Blue,112750,A,6
NV100641,Chevrolet,Equinox,Base,2017,SUV,Gas,FWD,Grey,142970,C,7
NV100642,Honda,Civic,Touring,2019,Sedan,Gas,FWD,Brown,102610,B,5
NV100643,Toyota,Tacoma,Sport,2018,Truck,Gas,4WD,White,114790,B,6
NV100644,Toyota,RAV4,Sport,2015,SUV,Gas,FWD,Silver,211130,D,9
NV100645,Toyota,Tacoma,Limited,2021,Truck,Gas,4WD,Red,101550,B,5
NV100646,Kia,Forte,Limited,2021,Sedan,Gas,FWD,White,105530,A,5
NV100647,Subaru,Outback,,2025,Wagon,Gas,AWD,Blue,8150,A,0
NV100648,Honda,Civic,Touring,2024,Sedan,Gas,FWD,Grey,18060,A,1
NV100649,Chevrolet,Silverado 1500,Base,2015,Truck,Gas,4WD,White,181020,D,10
NV100650,Toyota,Corolla,Sport,2020,Sedan,Gas,FWD,White,76400,A,4
NV100651,Chevrolet,Equinox,Touring,2019,SUV,Gas,FWD,Red,79910,B,5
NV100652,Jeep,Wrangler,Sport,2020,SUV,Gas,AWD,Black,77570,C,5
NV100653,Hyundai,Elantra,Limited,2020,Sedan,Gas,FWD,Silver,105130,C,5
NV100654,Hyundai,Tucson,Base,2021,SUV,Gas,FWD,Silver,67800,B,3
NV100655,Subaru,Outback,Touring,2017,Wagon,Gas,FWD,Silver,161290,B,9
NV100656,Toyota,Tacoma,Base,2024,Truck,Gas,4WD,Grey,21710,B,1
NV100657,Subaru,Outback,Limited,2021,Wagon,Gas,FWD,White,46340,B,3
NV100658,Subaru,Outback,Base,2018,Wagon,Gas,AWD,Brown,90950,B,7
NV100659,Tesla,Model 3,Base,2020,Sedan,Electric,FWD,Black,93020,A,5
NV100660,Volkswagen,Tiguan,Base,2023,SUV,Gas,AWD,White,25310,A,1
NV100661,Hyundai,Elantra,Base,2020,Sedan,Gas,FWD,White,81990,B,4
NV100662,Ford,F-150,Limited,2021,Truck,Gas,4WD,Silver,75770,B,4
NV100663,Hyundai,Ioniq 5,Base,2023,SUV,Electric,FWD,Green,41970,C,2
NV100664,Honda,CR-V,Sport,2018,SUV,Gas,FWD,Black,97050,C,7
NV100665,BMW,3 Series,Touring,2024,Sedan,Gas,FWD,Black,25910,A,1
NV100666,Toyota,RAV4,Sport,2024,SUV,Gas,AWD,Green,20090,B,1
NV100667,Honda,CR-V,Sport,2019,SUV,Gas,AWD,Silver,78160,B,5
NV100668,Jeep,Wrangler,Sport,2019,SUV,Gas,AWD,Brown,115230,C,6
NV100669,Tesla,Model 3,Base,2022,Sedan,Electric,FWD,Grey,34480,A,2
NV100670,Honda,CR-V,Sport,2024,SUV,Gas,AWD,Brown,33060,A,1
NV100671,BMW,3 Series,Sport,2019,Sedan,Gas,FWD,Blue,100690,C,5
NV100672,Chevrolet,Equinox,Base,2020,SUV,Gas,AWD,Grey,78780,B,4
NV100673,Chevrolet,Silverado 1500,Base,2025,Truck,Gas,4WD,Red,23270,A,1
NV100674,Kia,Sportage,Base,2025,SUV,Gas,AWD,Black,8570,A,0
NV100675,Honda,Civic,Limited,2022,Sedan,Gas,FWD,Silver,79010,C,4
NV100676,Toyota,RAV4,Sport,2020,SUV,Gas,AWD,Blue,88250,A,4
NV100677,Honda,Civic,Sport,2019,Sedan,Gas,FWD,Silver,86820,D,5
NV100678,Honda,Civic,Sport,2024,Sedan,Gas,FWD,Brown,6300,A,0
NV100679,Toyota,RAV4 Hybrid,Limited,2021,SUV,Hybrid,AWD,Green,61690,C,4
NV100680,Toyota,RAV4 Hybrid,Base,2023,SUV,Hybrid,FWD,Silver,41790,B,2
NV100681,Honda,CR-V,,2023,SUV,Gas,AWD,Blue,63680,B,3
NV100682,Hyundai,Elantra,Base,2020,Sedan,Gas,FWD,Black,96340,C,6
NV100683,Chevrolet,Silverado 1500,Limited,2018,Truck,Gas,4WD,Green,110320,C,6
NV100684,Kia,Forte,Touring,2020,Sedan,Gas,FWD,Brown,103320,B,5
NV100685,Kia,Sportage,Sport,2023,SUV,Gas,AWD,Red,41940,B,3
NV100686,Chevrolet,Silverado 1500,Touring,2025,Truck,Gas,4WD,Black,19640,A,1
NV100687,Nissan,Rogue,Limited,2021,SUV,Gas,AWD,Blue,89590,D,5
NV100688,Honda,Odyssey,Sport,2023,Minivan,Gas,FWD,Blue,56690,A,3
NV100689,Mazda,CX-5,Base,2019,SUV,Gas,AWD,Grey,65720,B,5
NV100690,Subaru,Outback,Sport,2024,Wagon,Gas,AWD,Brown,29910,A,2
NV100691,Toyota,RAV4 Hybrid,Base,2019,SUV,Hybrid,FWD,Grey,78450,B,6
NV100692,Mazda,CX-5,Touring,2020,SUV,Gas,FWD,Silver,86410,B,5
NV100693,Chevrolet,Silverado 1500,Touring,2022,Truck,Gas,4WD,Black,36790,A,2
NV100694,Honda,Accord,Base,2023,Sedan,Gas,FWD,Grey,21670,A,1
NV100695,Ford,Escape,Sport,2019,SUV,Gas,AWD,Blue,112030,C,7
NV100696,Nissan,Rogue,Base,2021,SUV,Gas,AWD,Silver,49560,A,3
NV100697,Ford,Escape,Sport,2021,SUV,Gas,AWD,Red,34680,A,4
NV100698,Hyundai,Ioniq 5,Limited,2023,SUV,Electric,FWD,Blue,48310,B,2
NV100699,Ford,F-150,Limited,2021,Truck,Gas,4WD,Brown,67320,A,5
NV100700,Ford,F-150,Base,2019,Truck,Gas,4WD,Silver,99230,B,7
NV100701,Honda,Civic,Base,2018,Sedan,Gas,FWD,Brown,91430,C,7
NV100702,Toyota,RAV4,Sport,2021,SUV,Gas,AWD,Black,65320,C,4
NV100703,Tesla,Model 3,Sport,2016,Sedan,Electric,FWD,Green,134550,D,9
NV100704,Hyundai,Tucson,Sport,2023,SUV,Gas,AWD,Brown,60360,A,3
NV100705,Honda,CR-V,Sport,2021,SUV,Gas,FWD,Silver,86940,B,4
NV100706,Honda,CR-V,Sport,2021,SUV,Gas,FWD,White,69680,C,4
NV100707,Honda,Civic,Limited,2019,Sedan,Gas,FWD,Grey,108990,B,6
NV100708,Kia,Forte,Sport,2023,Sedan,Gas,FWD,Blue,19320,A,1
NV100709,Hyundai,Elantra,Base,2023,Sedan,Gas,FWD,Grey,41180,A,2
NV100710,Honda,Civic,Touring,2018,Sedan,Gas,FWD,White,116210,B,6
NV100711,Toyota,RAV4 Hybrid,Touring,2024,SUV,Hybrid,AWD,Blue,23970,A,1
NV100712,Ram,1500,Touring,2020,Truck,Gas,4WD,Red,86380,B,5
NV100713,Toyota,RAV4,Base,2018,SUV,Gas,FWD,Silver,141290,B,8
NV100714,Subaru,Outback,Limited,2017,Wagon,Gas,FWD,Blue,181220,D,9
NV100715,Toyota,RAV4,Base,2022,SUV,Gas,AWD,White,65950,A,3
NV100716,Hyundai,Elantra,Touring,2019,Sedan,Gas,FWD,Black,144770,D,6
NV100717,Chevrolet,Silverado 1500,Sport,2022,Truck,Gas,4WD,Blue,68960,B,4
NV100718,Mazda,Mazda3,Touring,2022,Hatchback,Gas,FWD,White,47980,B,3
NV100719,Ford,F-150,Sport,2015,Truck,Gas,4WD,Grey,190010,C,9
NV100720,Toyota,RAV4 Hybrid,Sport,2023,SUV,Hybrid,FWD,Silver,35030,A,2
NV100721,Nissan,Rogue,Touring,2023,SUV,Gas,AWD,Black,37600,B,2
NV100722,Mazda,Mazda3,Base,2020,Hatchback,Gas,FWD,White,87970,B,5
NV100723,Jeep,Wrangler,Base,2022,SUV,Gas,AWD,White,73270,B,4
NV100724,BMW,3 Series,Limited,2021,Sedan,Gas,FWD,Red,64450,A,3
NV100725,Ford,Escape,Sport,2021,SUV,Gas,FWD,Silver,72080,B,4
NV100726,Chevrolet,Equinox,Sport,2018,SUV,Gas,AWD,Red,113270,D,8
NV100727,Tesla,Model 3,Base,2021,Sedan,Electric,FWD,Green,62010,C,4
NV100728,Ford,F-150,Touring,2018,Truck,Gas,4WD,Grey,120170,B,6
NV100729,Mazda,CX-5,Sport,2023,SUV,Gas,AWD,Black,56610,B,3
NV100730,Hyundai,Elantra,Sport,2018,Sedan,Gas,FWD,Grey,131310,B,8
NV100731,Hyundai,Elantra,Limited,2021,Sedan,Gas,FWD,Red,66790,A,4
NV100732,Mazda,CX-5,Sport,2023,SUV,Gas,AWD,Black,47900,B,3
NV100733,Mazda,CX-5,Sport,2024,SUV,Gas,FWD,Silver,17960,B,1
NV100734,Toyota,RAV4,Sport,2022,SUV,Gas,FWD,Silver,38000,A,2
NV100735,Toyota,Corolla,Base,2020,Sedan,Gas,FWD,Brown,82420,B,4
NV100736,Honda,Accord,Touring,2021,Sedan,Gas,FWD,Black,90340,B,5
NV100737,Honda,CR-V,Sport,2024,SUV,Gas,FWD,Grey,19760,A,1
NV100738,Ford,F-150,Sport,2023,Truck,Gas,4WD,Brown,38330,A,2
NV100739,BMW,3 Series,Touring,2021,Sedan,Gas,FWD,Silver,78620,A,3
NV100740,Honda,CR-V,Limited,2024,SUV,Gas,AWD,Green,25860,A,2
NV100741,Chevrolet,Equinox,Sport,2019,SUV,Gas,FWD,Brown,135090,D,6
NV100742,Honda,Civic,Base,2017,Sedan,Gas,FWD,Blue,184330,C,9
NV100743,Ford,F-150,Sport,2025,Truck,Gas,4WD,White,22890,A,1
NV100744,Toyota,RAV4 Hybrid,Touring,2023,SUV,Hybrid,FWD,Red,18350,A,1
NV100745,Mazda,CX-5,Sport,2021,SUV,Gas,FWD,Silver,89080,B,5
NV100746,Hyundai,Elantra,Base,2016,Sedan,Gas,FWD,Silver,176200,D,8
NV100747,Chevrolet,Equinox,Base,2022,SUV,Gas,AWD,Brown,43560,A,2
NV100748,Toyota,Corolla,Limited,2022,Sedan,Gas,FWD,Brown,56310,A,3
NV100749,Hyundai,Elantra,Base,2018,Sedan,Gas,FWD,Red,108110,B,7
NV100750,Nissan,Rogue,,2019,SUV,Gas,FWD,Silver,87040,B,5
NV100751,Ford,F-150,,2019,Truck,Gas,4WD,White,111190,C,6
NV100752,Toyota,Corolla,Limited,2024,Sedan,Gas,FWD,Silver,6100,A,0
NV100753,Nissan,Rogue,,2017,SUV,Gas,FWD,Red,174390,C,8
NV100754,Toyota,Tacoma,Limited,2017,Truck,Gas,4WD,Red,114020,B,8
NV100755,Toyota,RAV4,Limited,2019,SUV,Gas,AWD,Green,82170,C,5
NV100756,Toyota,RAV4 Hybrid,Limited,2021,SUV,Hybrid,FWD,Black,54160,B,4
NV100757,Chevrolet,Silverado 1500,Base,2020,Truck,Gas,4WD,Green,92330,B,5
NV100758,Nissan,Rogue,Touring,2020,SUV,Gas,FWD,Silver,72920,B,5
NV100759,Volkswagen,Tiguan,Base,2022,SUV,Gas,AWD,Blue,47290,A,3
NV100760,Ford,Escape,Limited,2020,SUV,Gas,FWD,Silver,142150,B,6
NV100761,Subaru,Outback,Base,2021,Wagon,Gas,FWD,Black,96650,C,4
NV100762,Jeep,Wrangler,Sport,2021,SUV,Gas,FWD,White,86970,C,5
NV100763,Hyundai,Ioniq 5,Base,2020,SUV,Electric,AWD,Green,83990,C,6
NV100764,Mazda,CX-5,Limited,2018,SUV,Gas,FWD,Blue,117300,C,7
NV100765,Tesla,Model 3,Sport,2018,Sedan,Electric,FWD,Brown,102040,A,6
NV100766,Hyundai,Elantra,Sport,2019,Sedan,Gas,FWD,Silver,97760,B,6
NV100767,Honda,CR-V,Base,2024,SUV,Gas,AWD,Brown,10450,A,1
NV100768,Jeep,Wrangler,Sport,2025,SUV,Gas,AWD,Grey,5960,A,0
NV100769,Toyota,RAV4,Sport,2017,SUV,Gas,FWD,Blue,160670,C,9
NV100770,Kia,Forte,Limited,2024,Sedan,Gas,FWD,White,21530,A,1
NV100771,Jeep,Wrangler,Touring,2019,SUV,Gas,AWD,Blue,85910,C,7
NV100772,Ford,Escape,Base,2019,SUV,Gas,AWD,Black,95100,B,6
NV100773,Mazda,CX-5,Limited,2017,SUV,Gas,AWD,Grey,153520,D,8
NV100774,Hyundai,Tucson,,2019,SUV,Gas,FWD,Red,80640,C,6
NV100775,Honda,CR-V,Base,2017,SUV,Gas,AWD,Green,135090,D,8
NV100776,Kia,Sportage,Sport,2019,SUV,Gas,FWD,Black,104880,B,6
NV100777,Ford,Escape,Limited,2025,SUV,Gas,AWD,Grey,4700,A,0
NV100778,Kia,Sportage,Limited,2024,SUV,Gas,AWD,Brown,5050,A,0
NV100779,Chevrolet,Silverado 1500,Base,2023,Truck,Gas,4WD,Red,21020,B,2
NV100780,Ram,1500,Base,2023,Truck,Gas,4WD,Black,24760,B,1
NV100781,Mazda,CX-5,Touring,2021,SUV,Gas,AWD,Blue,41560,B,4
NV100782,Ford,F-150,,2019,Truck,Gas,4WD,Blue,104460,B,6
NV100783,Nissan,Rogue,Sport,2020,SUV,Gas,AWD,Blue,116420,C,6
NV100784,Kia,Sportage,Base,2022,SUV,Gas,FWD,Black,49980,B,3
NV100785,Honda,CR-V,Base,2021,SUV,Gas,AWD,Grey,66310,C,4
NV100786,Chevrolet,Silverado 1500,Sport,2021,Truck,Gas,4WD,White,52250,A,3
NV100787,Chevrolet,Equinox,Sport,2020,SUV,Gas,AWD,Silver,51140,A,4
NV100788,Ram,1500,Limited,2018,Truck,Gas,4WD,Green,115490,D,8
NV100789,Toyota,RAV4,Sport,2022,SUV,Gas,FWD,White,36760,A,2
NV100790,Hyundai,Elantra,Sport,2022,Sedan,Gas,FWD,White,68310,B,3
NV100791,Toyota,RAV4,Sport,2025,SUV,Gas,FWD,Blue,4000,A,0
NV100792,Hyundai,Elantra,Base,2023,Sedan,Gas,FWD,White,38090,B,2
NV100793,Hyundai,Tucson,Base,2022,SUV,Gas,AWD,Brown,59470,B,3
NV100794,Toyota,Tacoma,Sport,2021,Truck,Gas,4WD,Green,76130,A,4
NV100795,BMW,3 Series,Base,2018,Sedan,Gas,FWD,Red,134400,D,6
NV100796,Ford,Escape,Base,2022,SUV,Gas,AWD,Grey,53640,A,3
NV100797,Honda,Civic,Limited,2016,Sedan,Gas,FWD,Red,204550,D,10
NV100798,Chevrolet,Silverado 1500,Base,2020,Truck,Gas,4WD,Grey,108300,B,6
NV100799,Honda,CR-V,Base,2017,SUV,Gas,FWD,Brown,85330,B,8
NV100800,Honda,CR-V,Limited,2025,SUV,Gas,FWD,White,7010,A,0
NV100801,Chevrolet,Silverado 1500,Limited,2023,Truck,Gas,4WD,Brown,17870,A,1
NV100802,Ford,F-150,Limited,2019,Truck,Gas,4WD,Black,104730,B,5
NV100803,Chevrolet,Silverado 1500,Touring,2023,Truck,Gas,4WD,Red,14000,A,1
NV100804,Honda,Civic,Touring,2020,Sedan,Gas,FWD,Red,49790,B,4
NV100805,Toyota,Camry,Base,2020,Sedan,Gas,FWD,Black,93130,C,5
NV100806,Honda,Odyssey,Touring,2022,Minivan,Gas,FWD,Silver,88880,B,4
NV100807,Ford,Escape,Limited,2019,SUV,Gas,FWD,Grey,81850,B,6
NV100808,Nissan,Rogue,Base,2016,SUV,Gas,AWD,Green,159920,C,8
NV100809,Subaru,Outback,Limited,2021,Wagon,Gas,FWD,Silver,49230,B,5
NV100810,BMW,3 Series,Touring,2023,Sedan,Gas,FWD,White,45150,A,2
NV100811,Honda,CR-V Hybrid,Sport,2019,SUV,Hybrid,AWD,Green,126180,C,7
NV100812,Nissan,Rogue,Sport,2021,SUV,Gas,FWD,Silver,66430,A,4
NV100813,BMW,3 Series,Touring,2017,Sedan,Gas,FWD,White,139500,C,9
NV100814,Honda,CR-V,Base,2025,SUV,Gas,AWD,White,22420,A,1
NV100815,Toyota,RAV4,Sport,2018,SUV,Gas,AWD,Green,128650,D,7
NV100816,Toyota,Corolla,Sport,2022,Sedan,Gas,FWD,White,65270,B,4
NV100817,Chevrolet,Silverado 1500,Touring,2020,Truck,Gas,4WD,Green,104070,B,6
NV100818,Chevrolet,Equinox,Base,2017,SUV,Gas,FWD,Brown,157600,D,9
NV100819,Honda,CR-V,Touring,2024,SUV,Gas,AWD,Grey,23760,A,1
NV100820,Jeep,Wrangler,Sport,2017,SUV,Gas,AWD,Brown,127400,C,9
NV100821,Honda,CR-V,Sport,2017,SUV,Gas,AWD,Red,146780,B,7
NV100822,Ford,Escape,Touring,2020,SUV,Gas,AWD,Silver,109930,D,5
NV100823,Toyota,Camry,Limited,2018,Sedan,Gas,FWD,White,128210,C,7
NV100824,Ford,Escape,Limited,2022,SUV,Gas,FWD,Silver,67750,A,3
NV100825,Toyota,RAV4,Limited,2024,SUV,Gas,AWD,White,43140,B,2
NV100826,Kia,Forte,Base,2018,Sedan,Gas,FWD,White,157190,B,7
NV100827,Honda,Civic,Sport,2023,Sedan,Gas,FWD,Black,36310,A,2
NV100828,Mazda,Mazda3,Base,2021,Hatchback,Gas,FWD,Brown,95120,C,5
NV100829,Volkswagen,Tiguan,Touring,2017,SUV,Gas,FWD,Red,137640,C,9
NV100830,Honda,CR-V Hybrid,Limited,2020,SUV,Hybrid,AWD,Silver,112470,B,5
NV100831,Tesla,Model 3,Sport,2021,Sedan,Electric,FWD,Silver,91360,B,4
NV100832,Hyundai,Tucson,Base,2019,SUV,Gas,AWD,White,149320,B,7
NV100833,Honda,Civic,Sport,2018,Sedan,Gas,FWD,Black,164970,C,7
NV100834,Toyota,Camry,Base,2021,Sedan,Gas,FWD,Blue,70700,B,5
NV100835,Toyota,RAV4,Base,2023,SUV,Gas,FWD,Red,28100,B,2
NV100836,Toyota,RAV4,Base,2020,SUV,Gas,AWD,Blue,101840,A,6
NV100837,Nissan,Rogue,Base,2016,SUV,Gas,AWD,Red,171310,D,8
NV100838,Toyota,RAV4,Base,2022,SUV,Gas,AWD,Brown,69770,B,3
NV100839,Mazda,Mazda3,Limited,2024,Hatchback,Gas,FWD,Green,34030,B,2
NV100840,Mazda,CX-5,Base,2025,SUV,Gas,FWD,Red,4470,B,0
NV100841,Kia,Forte,Base,2023,Sedan,Gas,FWD,Blue,40450,A,2
NV100842,Hyundai,Tucson,Sport,2017,SUV,Gas,AWD,Green,147370,D,9
NV100843,Toyota,RAV4,Limited,2021,SUV,Gas,AWD,Blue,39890,B,4
NV100844,Toyota,Camry,Sport,2021,Sedan,Gas,FWD,Blue,55460,B,3
NV100845,Ford,F-150,Limited,2018,Truck,Gas,4WD,Grey,116850,C,7
NV100846,Volkswagen,Tiguan,Limited,2017,SUV,Gas,FWD,White,123570,B,7
NV100847,Hyundai,Tucson,Touring,2022,SUV,Gas,FWD,Green,90670,C,4
NV100848,Honda,Civic,Limited,2017,Sedan,Gas,FWD,Blue,111220,C,7
NV100849,Nissan,Rogue,Sport,2024,SUV,Gas,FWD,Red,7070,B,0
NV100850,Toyota,RAV4,Touring,2021,SUV,Gas,AWD,Brown,50640,B,4
NV100851,Mazda,CX-5,Base,2017,SUV,Gas,FWD,Green,156850,D,9
NV100852,Ram,1500,Limited,2020,Truck,Gas,4WD,Brown,63260,D,5
NV100853,Honda,Accord,Touring,2022,Sedan,Gas,FWD,Brown,66900,B,3
NV100854,Honda,CR-V,Sport,2019,SUV,Gas,FWD,Red,93160,D,6
NV100855,Honda,Civic,Sport,2019,Sedan,Gas,FWD,White,115010,B,6
NV100856,Kia,Sportage,Limited,2020,SUV,Gas,AWD,Red,101660,C,5
NV100857,Volkswagen,Tiguan,Base,2018,SUV,Gas,FWD,Green,121310,B,8
NV100858,Ford,Escape,Limited,2015,SUV,Gas,AWD,White,172260,D,11
NV100859,Honda,Civic,Base,2025,Sedan,Gas,FWD,Blue,4140,A,0
NV100860,Honda,Civic,Base,2022,Sedan,Gas,FWD,Grey,44600,C,3
NV100861,Mazda,CX-5,Sport,2023,SUV,Gas,AWD,White,44200,A,2
NV100862,Mazda,CX-5,Touring,2022,SUV,Gas,AWD,White,35570,A,2
NV100863,Toyota,Corolla,Base,2019,Sedan,Gas,FWD,White,98030,C,6
NV100864,Kia,Forte,Touring,2022,Sedan,Gas,FWD,Black,55960,A,2
NV100865,Ford,Escape,Base,2021,SUV,Gas,AWD,Black,55380,A,3
NV100866,Toyota,Corolla,Touring,2019,Sedan,Gas,FWD,Grey,106160,C,5
NV100867,Chevrolet,Silverado 1500,Sport,2020,Truck,Gas,4WD,Silver,77900,B,6
NV100868,Toyota,Corolla,Sport,2020,Sedan,Gas,FWD,Silver,87810,B,5
NV100869,Toyota,RAV4 Hybrid,Sport,2025,SUV,Hybrid,FWD,Green,4220,A,0
NV100870,Kia,Sportage,Sport,2023,SUV,Gas,AWD,Blue,38420,A,2
NV100871,Chevrolet,Silverado 1500,Limited,2019,Truck,Gas,4WD,Black,113930,B,6
NV100872,Mazda,CX-5,Touring,2016,SUV,Gas,FWD,Blue,175740,D,10
NV100873,Mazda,CX-5,Touring,2022,SUV,Gas,FWD,Green,48010,A,2
NV100874,Toyota,RAV4 Hybrid,Touring,2015,SUV,Hybrid,FWD,Green,146170,B,11
NV100875,Kia,Forte,Base,2024,Sedan,Gas,FWD,Black,37800,A,2
NV100876,Hyundai,Elantra,Limited,2025,Sedan,Gas,FWD,Brown,8140,A,0
NV100877,Toyota,RAV4,Touring,2021,SUV,Gas,FWD,Green,95090,B,5
NV100878,Chevrolet,Silverado 1500,Limited,2018,Truck,Gas,4WD,Grey,144740,B,7
NV100879,Toyota,Tacoma,Limited,2022,Truck,Gas,4WD,Grey,40390,A,2
NV100880,Hyundai,Tucson,Sport,2023,SUV,Gas,AWD,White,61280,A,3
NV100881,Hyundai,Tucson,Base,2021,SUV,Gas,AWD,Silver,72010,B,5
NV100882,Ford,F-150,Base,2023,Truck,Gas,4WD,Black,40680,B,2
NV100883,Nissan,Rogue,Sport,2023,SUV,Gas,FWD,White,30820,A,2
NV100884,Chevrolet,Silverado 1500,Base,2018,Truck,Gas,4WD,Blue,126600,D,8
NV100885,Toyota,Tacoma,Touring,2021,Truck,Gas,4WD,Grey,54000,A,3
NV100886,Toyota,Tacoma,Limited,2020,Truck,Gas,4WD,Blue,42290,B,5
NV100887,Honda,Accord,Limited,2024,Sedan,Gas,FWD,White,28620,A,1
NV100888,Honda,Civic,Limited,2023,Sedan,Gas,FWD,Blue,43000,B,3
NV100889,Ford,F-150,Sport,2017,Truck,Gas,4WD,Brown,129030,B,9
NV100890,Kia,Sportage,Sport,2020,SUV,Gas,AWD,Silver,115060,C,6
NV100891,Hyundai,Tucson,,2020,SUV,Gas,FWD,Silver,80630,C,4
NV100892,Mazda,CX-5,Base,2025,SUV,Gas,AWD,Brown,23880,A,1
NV100893,Honda,Civic,Sport,2022,Sedan,Gas,FWD,Black,66090,B,4
NV100894,Nissan,Rogue,Limited,2023,SUV,Gas,AWD,Green,43300,C,3
NV100895,Ford,Escape,Touring,2018,SUV,Gas,AWD,White,125880,B,7
NV100896,Chevrolet,Silverado 1500,Sport,2021,Truck,Gas,4WD,Black,65150,A,4
NV100897,BMW,3 Series,Base,2022,Sedan,Gas,FWD,Blue,46190,B,3
NV100898,Ford,F-150,Base,2019,Truck,Gas,4WD,Grey,109020,A,6
NV100899,Mazda,Mazda3,Sport,2024,Hatchback,Gas,FWD,Silver,6520,A,0
NV100900,Chevrolet,Silverado 1500,Limited,2019,Truck,Gas,4WD,Red,104540,B,5
NV100901,Mazda,CX-5,Base,2023,SUV,Gas,AWD,Grey,26400,A,2
NV100902,Tesla,Model 3,Limited,2023,Sedan,Electric,FWD,Red,40740,B,2
NV100903,Honda,Accord,Base,2024,Sedan,Gas,FWD,White,19650,A,1
NV100904,Honda,Civic,Sport,2023,Sedan,Gas,FWD,Red,20940,B,1
NV100905,Toyota,RAV4 Hybrid,Limited,2022,SUV,Hybrid,AWD,Grey,35910,B,2
NV100906,Jeep,Wrangler,Base,2022,SUV,Gas,AWD,Black,18230,B,2
NV100907,Toyota,RAV4 Hybrid,Base,2018,SUV,Hybrid,AWD,Brown,90210,B,7
NV100908,Subaru,Outback,Sport,2017,Wagon,Gas,AWD,Green,108280,C,7
NV100909,Honda,Civic,Limited,2020,Sedan,Gas,FWD,Blue,90050,C,6
NV100910,BMW,3 Series,Sport,2020,Sedan,Gas,FWD,Silver,92930,A,6
NV100911,Toyota,Corolla,Sport,2020,Sedan,Gas,FWD,Grey,89760,B,5
NV100912,Honda,CR-V,Sport,2020,SUV,Gas,AWD,Black,90790,B,5
NV100913,Chevrolet,Silverado 1500,Sport,2020,Truck,Gas,4WD,Black,105060,C,6
NV100914,Honda,Civic,Base,2018,Sedan,Gas,FWD,Black,123930,C,7
NV100915,Honda,Odyssey,Touring,2022,Minivan,Gas,FWD,Grey,55920,B,3
NV100916,Toyota,Camry,Base,2019,Sedan,Gas,FWD,Red,87390,A,5
NV100917,Toyota,Corolla,Base,2021,Sedan,Gas,FWD,Red,60520,B,5
NV100918,Nissan,Rogue,Limited,2023,SUV,Gas,AWD,Brown,58990,B,3
NV100919,Kia,Forte,Base,2017,Sedan,Gas,FWD,Red,139780,D,8
NV100920,Chevrolet,Silverado 1500,Sport,2023,Truck,Gas,4WD,Grey,32110,A,2
NV100921,Honda,Civic,Base,2024,Sedan,Gas,FWD,Red,33300,A,2
NV100922,Hyundai,Tucson,Base,2021,SUV,Gas,AWD,Silver,78490,A,5
NV100923,Subaru,Outback,Sport,2021,Wagon,Gas,FWD,Silver,60900,B,4
NV100924,Subaru,Outback,Sport,2020,Wagon,Gas,AWD,Silver,105370,B,6
NV100925,Kia,Forte,Sport,2015,Sedan,Gas,FWD,Black,207620,D,10
NV100926,Ford,F-150,Touring,2022,Truck,Gas,4WD,Red,59570,A,3
NV100927,Toyota,RAV4,Touring,2015,SUV,Gas,AWD,Black,93850,C,10
NV100928,Honda,Civic,Sport,2025,Sedan,Gas,FWD,White,20510,A,1
NV100929,Kia,Sportage,Sport,2017,SUV,Gas,AWD,White,125300,B,7
NV100930,Honda,Odyssey,Sport,2023,Minivan,Gas,FWD,Grey,38450,A,2
NV100931,Honda,CR-V,Sport,2015,SUV,Gas,FWD,Green,150420,D,10
NV100932,Ford,F-150,Base,2024,Truck,Gas,4WD,Grey,19090,A,1
NV100933,Honda,CR-V,Base,2015,SUV,Gas,AWD,Grey,155950,B,10
NV100934,Subaru,Outback,Sport,2020,Wagon,Gas,FWD,Blue,62720,B,5
NV100935,Toyota,Tacoma,Limited,2017,Truck,Gas,4WD,Silver,109510,C,8
NV100936,Ford,F-150,Base,2021,Truck,Gas,4WD,Green,67810,B,5
NV100937,Hyundai,Elantra,Base,2023,Sedan,Gas,FWD,Red,56950,A,3
NV100938,Ford,Escape,Base,2019,SUV,Gas,AWD,Blue,120050,C,6
NV100939,Honda,Accord,Base,2019,Sedan,Gas,FWD,Brown,114400,A,6
NV100940,Honda,Civic,Base,2021,Sedan,Gas,FWD,Grey,87470,B,5
NV100941,Mazda,Mazda3,Sport,2023,Hatchback,Gas,FWD,Green,54190,B,2
NV100942,Ram,1500,Touring,2022,Truck,Gas,4WD,Black,68300,B,4
NV100943,Ford,F-150,Touring,2022,Truck,Gas,4WD,Green,50870,B,4
NV100944,Toyota,RAV4,Base,2023,SUV,Gas,AWD,Brown,35770,A,3
NV100945,Toyota,RAV4,Sport,2023,SUV,Gas,AWD,Grey,75310,B,3
NV100946,Toyota,Tacoma,Base,2021,Truck,Gas,4WD,Green,83650,B,5
NV100947,Honda,Civic,Sport,2021,Sedan,Gas,FWD,White,85060,B,5
NV100948,Toyota,Corolla,Touring,2022,Sedan,Gas,FWD,Red,71610,A,4
NV100949,Tesla,Model 3,Sport,2021,Sedan,Electric,FWD,Blue,101800,D,5
NV100950,Honda,CR-V,Limited,2020,SUV,Gas,FWD,Green,118000,D,6
NV100951,Hyundai,Tucson,Sport,2020,SUV,Gas,AWD,Brown,70950,C,4
NV100952,Toyota,Corolla,Limited,2015,Sedan,Gas,FWD,Blue,133770,D,10
NV100953,Honda,CR-V,Base,2024,SUV,Gas,FWD,White,25540,A,1
NV100954,Kia,Sportage,Base,2021,SUV,Gas,AWD,Red,38050,A,3
NV100955,Honda,Accord,Base,2017,Sedan,Gas,FWD,Red,122800,C,8
NV100956,Toyota,RAV4 Hybrid,,2024,SUV,Hybrid,FWD,Red,46800,A,2
NV100957,Ford,Escape,Sport,2022,SUV,Gas,AWD,Blue,72500,A,3
NV100958,Ram,1500,Limited,2025,Truck,Gas,4WD,Silver,25360,B,1
NV100959,Honda,CR-V,Base,2018,SUV,Gas,FWD,Green,147070,C,7
NV100960,Toyota,Tacoma,Sport,2020,Truck,Gas,4WD,Black,132630,C,6
NV100961,Ford,Escape,Base,2019,SUV,Gas,AWD,Brown,78000,B,6
NV100962,Hyundai,Tucson,Base,2020,SUV,Gas,AWD,Grey,53280,A,5
NV100963,Toyota,RAV4,,2019,SUV,Gas,FWD,Green,58760,A,5
NV100964,Toyota,RAV4,Base,2018,SUV,Gas,AWD,Red,118330,C,8
NV100965,Ram,1500,Sport,2022,Truck,Gas,4WD,Black,40400,A,3
NV100966,Ford,F-150,Sport,2017,Truck,Gas,4WD,Grey,136820,B,8
NV100967,Hyundai,Elantra,Limited,2020,Sedan,Gas,FWD,Grey,99190,C,4
NV100968,Toyota,Corolla,Base,2020,Sedan,Gas,FWD,Brown,71670,B,4
NV100969,Subaru,Outback,Limited,2025,Wagon,Gas,AWD,Green,4000,A,0
NV100970,Honda,Civic,Base,2021,Sedan,Gas,FWD,Silver,74310,C,5
NV100971,Honda,CR-V Hybrid,Base,2019,SUV,Hybrid,AWD,Green,127410,C,7
NV100972,Chevrolet,Silverado 1500,Limited,2019,Truck,Gas,4WD,Blue,116530,B,7
NV100973,Chevrolet,Equinox,Limited,2023,SUV,Gas,AWD,Silver,33270,B,2
NV100974,Toyota,RAV4,Touring,2023,SUV,Gas,AWD,Brown,43400,A,2
NV100975,Kia,Sportage,Sport,2021,SUV,Gas,AWD,Brown,55300,B,3
NV100976,Honda,Civic,Limited,2022,Sedan,Gas,FWD,Red,48020,B,3
NV100977,Ram,1500,Sport,2021,Truck,Gas,4WD,Black,53680,B,3
NV100978,Honda,CR-V Hybrid,Sport,2025,SUV,Hybrid,AWD,Green,8170,A,0
NV100979,Honda,CR-V,Touring,2025,SUV,Gas,AWD,Red,4000,A,0
NV100980,Mazda,Mazda3,Limited,2023,Hatchback,Gas,FWD,White,35470,A,2
NV100981,Subaru,Outback,Limited,2022,Wagon,Gas,AWD,Black,20920,B,2
NV100982,Mazda,CX-5,Sport,2017,SUV,Gas,AWD,Brown,116690,B,7
NV100983,Kia,Sportage,Limited,2022,SUV,Gas,AWD,Red,52410,C,3
NV100984,Toyota,Corolla,Base,2022,Sedan,Gas,FWD,Brown,69330,B,4
NV100985,Honda,CR-V,Limited,2020,SUV,Gas,AWD,White,88510,B,4
NV100986,Chevrolet,Silverado 1500,Base,2022,Truck,Gas,4WD,Green,39020,A,2
NV100987,Toyota,Corolla,Limited,2016,Sedan,Gas,FWD,Black,159260,D,8
NV100988,Jeep,Wrangler,Limited,2020,SUV,Gas,AWD,Red,58370,A,4
NV100989,Tesla,Model 3,Base,2016,Sedan,Electric,FWD,White,148320,D,9
NV100990,Mazda,CX-5,Touring,2021,SUV,Gas,AWD,Green,76850,B,5
NV100991,Honda,CR-V,Limited,2019,SUV,Gas,AWD,Red,64350,B,6
NV100992,Subaru,Outback,Base,2018,Wagon,Gas,AWD,Black,96110,B,7
NV100993,Chevrolet,Silverado 1500,Base,2023,Truck,Gas,4WD,Green,37020,A,2
NV100994,Ford,Escape,Sport,2023,SUV,Gas,AWD,Green,38000,C,2
NV100995,Toyota,Corolla,Base,2023,Sedan,Gas,FWD,Brown,47260,B,2
NV100996,Mazda,CX-5,Sport,2022,SUV,Gas,AWD,Blue,44920,A,3
NV100997,Chevrolet,Equinox,Base,2020,SUV,Gas,FWD,Blue,90390,B,5
NV100998,Toyota,Tacoma,Limited,2016,Truck,Gas,4WD,Grey,156590,D,9
NV100999,Honda,CR-V,Limited,2019,SUV,Gas,FWD,Green,68300,B,6
NV101000,Hyundai,Tucson,Limited,2024,SUV,Gas,FWD,Green,48930,B,2
NV101001,Chevrolet,Equinox,Base,2020,SUV,Gas,FWD,White,124780,C,5
NV101002,Toyota,RAV4 Hybrid,Limited,2022,SUV,Hybrid,FWD,White,33140,B,2
NV101003,Ford,F-150,Sport,2022,Truck,Gas,4WD,Brown,83150,C,4
NV101004,Kia,Forte,Limited,2023,Sedan,Gas,FWD,Red,16590,A,1
NV101005,Ford,F-150,Base,2022,Truck,Gas,4WD,Grey,61690,A,3
NV101006,Toyota,Corolla,Sport,2022,Sedan,Gas,FWD,Grey,26920,A,2
NV101007,Ram,1500,Limited,2021,Truck,Gas,4WD,White,82170,A,4
NV101008,Toyota,Corolla,Sport,2016,Sedan,Gas,FWD,Red,227690,D,10
NV101009,Chevrolet,Equinox,Sport,2022,SUV,Gas,AWD,White,33140,A,2
NV101010,Toyota,RAV4,Sport,2022,SUV,Gas,AWD,Black,28650,B,2
NV101011,Ford,F-150,Base,2023,Truck,Gas,4WD,Green,31080,A,1
NV101012,Honda,CR-V,Sport,2022,SUV,Gas,FWD,Green,93410,B,4
NV101013,Honda,Civic,Limited,2021,Sedan,Gas,FWD,Red,103060,C,4
NV101014,Volkswagen,Tiguan,Limited,2021,SUV,Gas,AWD,Blue,75070,A,4
NV101015,Honda,Civic,Base,2021,Sedan,Gas,FWD,White,114710,C,5
NV101016,Hyundai,Ioniq 5,Base,2023,SUV,Electric,AWD,Green,46380,B,3
NV101017,Mazda,CX-5,Base,2022,SUV,Gas,AWD,Red,44950,A,2
NV101018,Toyota,RAV4,Touring,2021,SUV,Gas,FWD,Red,64960,A,3
NV101019,Ford,F-150,Base,2020,Truck,Gas,4WD,White,115810,B,5
NV101020,Tesla,Model 3,Base,2023,Sedan,Electric,FWD,White,36310,A,2
NV101021,Honda,Accord,Base,2021,Sedan,Gas,FWD,Silver,73310,A,4
NV101022,Nissan,Rogue,Touring,2019,SUV,Gas,AWD,Green,152350,B,7
NV101023,Toyota,Tacoma,Touring,2020,Truck,Gas,4WD,Silver,115110,D,5
NV101024,Kia,Sportage,Sport,2017,SUV,Gas,AWD,White,126870,C,9
NV101025,Honda,CR-V,Sport,2018,SUV,Gas,FWD,Green,94380,C,6
NV101026,Toyota,Tacoma,Limited,2024,Truck,Gas,4WD,Red,27510,A,1
NV101027,Mazda,CX-5,Base,2023,SUV,Gas,FWD,Blue,55200,C,3
NV101028,Toyota,RAV4,Limited,2019,SUV,Gas,AWD,White,88930,C,5
NV101029,BMW,3 Series,Base,2016,Sedan,Gas,FWD,Brown,124500,B,10
NV101030,Ford,F-150,Touring,2016,Truck,Gas,4WD,Blue,141660,D,8
NV101031,Honda,CR-V,Base,2019,SUV,Gas,FWD,Brown,141690,C,7
NV101032,Mazda,CX-5,Sport,2023,SUV,Gas,FWD,Brown,25270,A,1
NV101033,Toyota,RAV4,Sport,2018,SUV,Gas,FWD,Silver,123180,B,7
NV101034,Mazda,Mazda3,Limited,2018,Hatchback,Gas,FWD,Brown,114370,B,7
NV101035,Nissan,Rogue,Base,2022,SUV,Gas,AWD,Brown,56730,B,3
NV101036,Chevrolet,Equinox,Touring,2023,SUV,Gas,FWD,Green,46620,A,2
NV101037,Toyota,Corolla,Base,2023,Sedan,Gas,FWD,Green,42520,B,3
NV101038,Toyota,Corolla,Base,2025,Sedan,Gas,FWD,Blue,18480,A,1
NV101039,Mazda,Mazda3,Sport,2022,Hatchback,Gas,FWD,Black,50720,A,3
NV101040,Honda,CR-V,Sport,2022,SUV,Gas,AWD,White,40210,A,2
NV101041,Jeep,Wrangler,Base,2024,SUV,Gas,FWD,Green,14990,A,1
NV101042,Kia,Sportage,Base,2024,SUV,Gas,AWD,Brown,21160,A,1
NV101043,Kia,Sportage,Limited,2015,SUV,Gas,FWD,Red,126040,C,10
NV101044,Ford,Escape,Sport,2022,SUV,Gas,AWD,Brown,47590,A,3
NV101045,Volkswagen,Tiguan,Base,2022,SUV,Gas,AWD,Silver,65850,A,4
NV101046,Hyundai,Tucson,Sport,2023,SUV,Gas,AWD,Grey,38950,B,2
NV101047,Kia,Sportage,Base,2019,SUV,Gas,AWD,Grey,136350,D,7
NV101048,Toyota,RAV4 Hybrid,Base,2022,SUV,Hybrid,FWD,White,30400,B,2
NV101049,Jeep,Wrangler,Touring,2024,SUV,Gas,FWD,Green,61060,B,2
NV101050,Subaru,Outback,Sport,2016,Wagon,Gas,FWD,Grey,197700,D,10
NV101051,Toyota,RAV4,Base,2019,SUV,Gas,AWD,Silver,99670,A,5
NV101052,Honda,Civic,Base,2021,Sedan,Gas,FWD,Brown,85730,A,4
NV101053,Volkswagen,Tiguan,Base,2023,SUV,Gas,FWD,Black,43800,B,3
NV101054,Kia,Forte,Limited,2024,Sedan,Gas,FWD,Red,19560,B,1
NV101055,Honda,CR-V Hybrid,Sport,2020,SUV,Hybrid,FWD,Silver,99100,B,5
NV101056,Honda,Civic,Limited,2024,Sedan,Gas,FWD,Black,20140,A,1
NV101057,Mazda,Mazda3,Sport,2023,Hatchback,Gas,FWD,Brown,37230,A,2
NV101058,Ford,F-150,Base,2020,Truck,Gas,4WD,Grey,113550,C,6
NV101059,Toyota,Corolla,Limited,2024,Sedan,Gas,FWD,Grey,26070,A,1
NV101060,Hyundai,Tucson,Sport,2018,SUV,Gas,AWD,Black,102230,D,8
NV101061,Nissan,Rogue,Base,2019,SUV,Gas,AWD,Green,82130,C,6
NV101062,Nissan,Rogue,Base,2022,SUV,Gas,FWD,Blue,25580,A,2
NV101063,Ford,F-150,Base,2018,Truck,Gas,4WD,Silver,140810,B,6
NV101064,Chevrolet,Equinox,Sport,2021,SUV,Gas,FWD,Red,75930,B,4
NV101065,Ford,F-150,Sport,2023,Truck,Gas,4WD,Grey,28960,A,1
NV101066,Nissan,Rogue,,2017,SUV,Gas,AWD,Brown,113500,A,7
NV101067,Honda,Civic,Touring,2022,Sedan,Gas,FWD,Green,38020,B,2
NV101068,Toyota,RAV4,Base,2023,SUV,Gas,AWD,Red,37320,B,2
NV101069,Toyota,RAV4 Hybrid,Limited,2024,SUV,Hybrid,AWD,Blue,4000,A,0
NV101070,Kia,Forte,Base,2023,Sedan,Gas,FWD,Silver,38970,A,2
NV101071,Toyota,RAV4,Limited,2022,SUV,Gas,AWD,Green,58730,C,3
NV101072,Nissan,Rogue,Sport,2023,SUV,Gas,AWD,Brown,21110,A,1
NV101073,Toyota,Camry,Sport,2018,Sedan,Gas,FWD,Grey,125480,B,8
NV101074,Chevrolet,Equinox,Sport,2021,SUV,Gas,FWD,White,79840,B,4
NV101075,Honda,Civic,Sport,2024,Sedan,Gas,FWD,Red,27910,B,1
NV101076,Toyota,Corolla,Limited,2024,Sedan,Gas,FWD,Blue,20100,A,1
NV101077,Honda,Civic,Base,2021,Sedan,Gas,FWD,Silver,108870,C,5
NV101078,Toyota,RAV4,Limited,2022,SUV,Gas,FWD,Grey,46070,A,3
NV101079,Toyota,Camry,Limited,2021,Sedan,Gas,FWD,Black,83520,B,4
NV101080,Toyota,Corolla,Touring,2020,Sedan,Gas,FWD,White,88100,B,4
NV101081,Ram,1500,Limited,2019,Truck,Gas,4WD,Red,132090,C,6
NV101082,Honda,Odyssey,Limited,2019,Minivan,Gas,FWD,White,94980,C,7
NV101083,Kia,Sportage,Base,2021,SUV,Gas,AWD,White,87820,B,4
NV101084,Toyota,RAV4,Base,2019,SUV,Gas,AWD,Grey,104270,C,6
NV101085,Toyota,RAV4,Sport,2019,SUV,Gas,FWD,Blue,118940,B,6
NV101086,Mazda,CX-5,Base,2017,SUV,Gas,AWD,Green,176480,C,9
NV101087,Honda,Civic,Limited,2020,Sedan,Gas,FWD,Black,87450,B,5
NV101088,Honda,CR-V,Limited,2021,SUV,Gas,AWD,Grey,95230,B,5
NV101089,Toyota,Corolla,Sport,2021,Sedan,Gas,FWD,Grey,56830,A,3
NV101090,Ford,Escape,Base,2018,SUV,Gas,AWD,Black,108460,D,8
NV101091,Jeep,Wrangler,Limited,2023,SUV,Gas,FWD,Red,40800,A,2
NV101092,Honda,Civic,Limited,2022,Sedan,Gas,FWD,Grey,45720,B,2
NV101093,Honda,Civic,Base,2022,Sedan,Gas,FWD,White,57790,B,3
NV101094,Honda,CR-V,Base,2019,SUV,Gas,AWD,Black,116780,B,7
NV101095,Toyota,Camry,Base,2022,Sedan,Gas,FWD,Green,97030,A,4
NV101096,Honda,CR-V Hybrid,Sport,2022,SUV,Hybrid,AWD,Blue,49050,B,3
NV101097,Chevrolet,Equinox,Touring,2020,SUV,Gas,FWD,Silver,86580,C,5
NV101098,Toyota,RAV4 Hybrid,Touring,2022,SUV,Hybrid,AWD,Black,30440,B,3
NV101099,Chevrolet,Equinox,Limited,2019,SUV,Gas,AWD,White,125250,C,7
NV101100,Toyota,RAV4,Sport,2021,SUV,Gas,AWD,Blue,69160,B,4
NV101101,Hyundai,Ioniq 5,Base,2020,SUV,Electric,FWD,Grey,60700,B,4
NV101102,Chevrolet,Silverado 1500,Base,2021,Truck,Gas,4WD,Brown,42640,B,3
NV101103,Honda,Civic,Touring,2021,Sedan,Gas,FWD,Red,97570,B,5
NV101104,Volkswagen,Tiguan,Sport,2020,SUV,Gas,AWD,White,85480,D,4
NV101105,Ford,Escape,Limited,2019,SUV,Gas,AWD,Blue,84710,C,6
NV101106,Mazda,CX-5,,2020,SUV,Gas,AWD,Green,88720,B,6
NV101107,Honda,Civic,Base,2022,Sedan,Gas,FWD,Green,38500,A,3
NV101108,Toyota,Corolla,Base,2022,Sedan,Gas,FWD,Silver,62400,B,3
NV101109,Kia,Forte,Limited,2021,Sedan,Gas,FWD,Grey,51280,A,3
NV101110,Toyota,Camry,Base,2020,Sedan,Gas,FWD,Black,136170,B,6
NV101111,Volkswagen,Tiguan,Sport,2024,SUV,Gas,FWD,Green,19870,B,1
NV101112,Volkswagen,Tiguan,Base,2019,SUV,Gas,FWD,White,116370,B,7
NV101113,Hyundai,Elantra,Limited,2022,Sedan,Gas,FWD,Blue,71790,B,3
NV101114,Ford,F-150,Base,2020,Truck,Gas,4WD,Brown,124350,B,6
NV101115,Ford,F-150,Base,2015,Truck,Gas,4WD,Brown,138590,B,9
NV101116,Honda,Civic,Limited,2020,Sedan,Gas,FWD,Silver,130050,C,5
NV101117,Toyota,Corolla,Touring,2022,Sedan,Gas,FWD,Brown,82090,C,4
NV101118,Honda,Accord,Base,2025,Sedan,Gas,FWD,Green,30130,B,1
NV101119,Hyundai,Elantra,Sport,2023,Sedan,Gas,FWD,Silver,52410,B,3
NV101120,Ford,F-150,Limited,2023,Truck,Gas,4WD,Green,22620,A,1
NV101121,Ford,F-150,Sport,2025,Truck,Gas,4WD,White,14000,A,1
NV101122,Toyota,RAV4,Base,2021,SUV,Gas,FWD,Blue,75630,D,5
NV101123,Subaru,Outback,Base,2015,Wagon,Gas,AWD,Red,135580,C,9
NV101124,Toyota,Tacoma,Sport,2019,Truck,Gas,4WD,Blue,88660,C,5
NV101125,Toyota,Tacoma,Touring,2023,Truck,Gas,4WD,Blue,23720,A,1
NV101126,Toyota,RAV4 Hybrid,Base,2020,SUV,Hybrid,AWD,Black,94870,B,5
NV101127,Hyundai,Elantra,Limited,2023,Sedan,Gas,FWD,Grey,43680,A,2
NV101128,Jeep,Wrangler,Base,2020,SUV,Gas,FWD,Grey,93930,B,6
NV101129,Mazda,Mazda3,Limited,2019,Hatchback,Gas,FWD,Blue,110790,D,6
NV101130,Hyundai,Tucson,Limited,2020,SUV,Gas,FWD,Blue,51240,B,4
NV101131,Nissan,Rogue,Sport,2018,SUV,Gas,FWD,Red,91710,C,8
NV101132,Tesla,Model 3,Sport,2018,Sedan,Electric,FWD,Black,139270,D,7
NV101133,Kia,Sportage,Sport,2021,SUV,Gas,AWD,Grey,82430,B,4
NV101134,Chevrolet,Silverado 1500,Sport,2025,Truck,Gas,4WD,Blue,23490,A,1
NV101135,Ram,1500,Base,2024,Truck,Gas,4WD,Silver,15930,A,1
NV101136,Toyota,RAV4,Base,2023,SUV,Gas,FWD,Blue,15970,A,1
NV101137,Kia,Forte,Limited,2022,Sedan,Gas,FWD,Green,69510,A,4
NV101138,Ford,F-150,Base,2022,Truck,Gas,4WD,Black,74530,A,4
NV101139,Kia,Sportage,Limited,2022,SUV,Gas,FWD,Green,51670,A,4
NV101140,Honda,CR-V,Sport,2020,SUV,Gas,FWD,Brown,43970,C,4
NV101141,Honda,CR-V,Touring,2023,SUV,Gas,AWD,Black,52840,B,3
NV101142,Volkswagen,Tiguan,Limited,2023,SUV,Gas,AWD,Black,32210,A,2
NV101143,Volkswagen,Tiguan,Touring,2023,SUV,Gas,FWD,White,67460,B,3
NV101144,Toyota,Corolla,Sport,2020,Sedan,Gas,FWD,White,74040,B,4
NV101145,Ford,Escape,Limited,2020,SUV,Gas,AWD,Grey,80870,B,5
NV101146,Ford,F-150,Touring,2023,Truck,Gas,4WD,Brown,49520,B,3
NV101147,Hyundai,Tucson,Sport,2024,SUV,Gas,FWD,Green,4000,A,0
NV101148,Honda,Civic,Base,2023,Sedan,Gas,FWD,Blue,46410,B,2
NV101149,Honda,CR-V Hybrid,Limited,2021,SUV,Hybrid,AWD,White,58700,B,4
NV101150,Ford,F-150,Touring,2018,Truck,Gas,4WD,Black,99670,B,7
NV101151,Hyundai,Tucson,Sport,2021,SUV,Gas,AWD,White,92410,C,5
NV101152,Ford,F-150,Limited,2019,Truck,Gas,4WD,Blue,76320,A,5
NV101153,Ford,F-150,Sport,2023,Truck,Gas,4WD,Silver,20780,B,2
NV101154,Ram,1500,Sport,2024,Truck,Gas,4WD,Green,4000,A,0
NV101155,Ford,F-150,Touring,2021,Truck,Gas,4WD,White,40180,A,3
NV101156,Toyota,RAV4 Hybrid,Sport,2022,SUV,Hybrid,FWD,White,81560,C,4
NV101157,Toyota,Tacoma,Base,2018,Truck,Gas,4WD,Green,149950,A,7
NV101158,Kia,Forte,Base,2019,Sedan,Gas,FWD,Red,149630,C,6
NV101159,Toyota,RAV4,Base,2024,SUV,Gas,FWD,Black,19660,B,1
NV101160,Hyundai,Tucson,Limited,2023,SUV,Gas,AWD,Blue,27480,A,2
NV101161,Honda,CR-V,Sport,2023,SUV,Gas,AWD,Red,26940,A,2
NV101162,Toyota,Camry,Sport,2017,Sedan,Gas,FWD,Green,82150,B,7
NV101163,Toyota,RAV4,Touring,2018,SUV,Gas,AWD,Silver,173010,D,7
NV101164,Toyota,RAV4,Limited,2022,SUV,Gas,FWD,Grey,69120,B,3
NV101165,Toyota,Camry,Base,2022,Sedan,Gas,FWD,White,84160,B,4
NV101166,Jeep,Wrangler,Base,2020,SUV,Gas,AWD,Black,82220,B,5
NV101167,Honda,CR-V Hybrid,Touring,2020,SUV,Hybrid,AWD,White,84220,B,5
NV101168,Jeep,Wrangler,Base,2021,SUV,Gas,AWD,Brown,83530,B,5
NV101169,Toyota,RAV4 Hybrid,,2017,SUV,Hybrid,AWD,Grey,91350,C,9
NV101170,Mazda,CX-5,Limited,2020,SUV,Gas,FWD,Red,114450,C,6
NV101171,Hyundai,Elantra,Limited,2021,Sedan,Gas,FWD,Silver,43860,A,3
NV101172,Mazda,CX-5,,2019,SUV,Gas,AWD,Grey,101020,C,7
NV101173,Nissan,Rogue,Touring,2016,SUV,Gas,FWD,White,157640,D,8
NV101174,Honda,Civic,Limited,2021,Sedan,Gas,FWD,Black,84000,B,4
NV101175,Mazda,Mazda3,Touring,2019,Hatchback,Gas,FWD,Green,150170,B,7
NV101176,Toyota,Tacoma,Limited,2020,Truck,Gas,4WD,Grey,79580,B,5
NV101177,Chevrolet,Silverado 1500,Limited,2018,Truck,Gas,4WD,Silver,94060,A,7
NV101178,Hyundai,Ioniq 5,Sport,2022,SUV,Electric,FWD,Green,86450,C,4
NV101179,Toyota,RAV4 Hybrid,Touring,2019,SUV,Hybrid,AWD,Silver,105400,B,7
NV101180,Honda,CR-V,Sport,2019,SUV,Gas,FWD,White,82670,B,7
NV101181,Toyota,Corolla,Sport,2025,Sedan,Gas,FWD,Red,4000,A,0
NV101182,Ford,Escape,Sport,2018,SUV,Gas,AWD,Brown,109440,B,6
NV101183,Honda,Accord,Base,2024,Sedan,Gas,FWD,Green,28640,A,2
NV101184,Hyundai,Elantra,Base,2021,Sedan,Gas,FWD,Green,72540,B,3
NV101185,Mazda,CX-5,Base,2022,SUV,Gas,AWD,Blue,72930,C,4
NV101186,Honda,Civic,Limited,2023,Sedan,Gas,FWD,Red,22160,B,1
NV101187,BMW,3 Series,Limited,2020,Sedan,Gas,FWD,Green,58140,B,6
NV101188,Ford,Escape,Sport,2021,SUV,Gas,AWD,White,104550,B,5
NV101189,Mazda,Mazda3,Sport,2016,Hatchback,Gas,FWD,Grey,202000,D,8
NV101190,Toyota,Corolla,Sport,2025,Sedan,Gas,FWD,Grey,29070,A,1
NV101191,Honda,Civic,Sport,2015,Sedan,Gas,FWD,Green,113940,D,9
NV101192,Honda,Civic,Base,2024,Sedan,Gas,FWD,Silver,7120,A,0
NV101193,Ford,F-150,Limited,2021,Truck,Gas,4WD,Brown,66460,B,5
NV101194,Toyota,RAV4 Hybrid,Base,2023,SUV,Hybrid,AWD,White,37910,B,2
NV101195,Toyota,Corolla,Sport,2022,Sedan,Gas,FWD,White,46940,A,2
NV101196,Chevrolet,Silverado 1500,Base,2022,Truck,Gas,4WD,Brown,68850,B,3
NV101197,Honda,Civic,Sport,2022,Sedan,Gas,FWD,Black,68520,B,3
NV101198,Honda,CR-V,Sport,2019,SUV,Gas,FWD,Red,84950,A,5
NV101199,Toyota,RAV4 Hybrid,Limited,2021,SUV,Hybrid,AWD,White,90490,B,4
NV101200,Toyota,RAV4 Hybrid,Base,2019,SUV,Hybrid,AWD,Green,103330,B,6
NV101201,Honda,Accord,Base,2016,Sedan,Gas,FWD,Red,133970,D,10
NV101202,Hyundai,Tucson,Limited,2019,SUV,Gas,FWD,Black,93000,D,6
NV101203,Ram,1500,Base,2020,Truck,Gas,4WD,Black,38300,B,4
NV101204,Mazda,Mazda3,Limited,2025,Hatchback,Gas,FWD,Black,14300,A,1
NV101205,Toyota,Tacoma,Limited,2019,Truck,Gas,4WD,Grey,118380,C,7
NV101206,Ford,F-150,Base,2016,Truck,Gas,4WD,Red,183080,C,9
NV101207,Toyota,RAV4,Limited,2024,SUV,Gas,AWD,Blue,25870,A,1
NV101208,Ford,Escape,Touring,2021,SUV,Gas,FWD,Grey,90150,B,3
NV101209,Honda,CR-V Hybrid,Base,2017,SUV,Hybrid,AWD,Grey,119440,C,7
NV101210,Ford,F-150,Limited,2019,Truck,Gas,4WD,Black,165400,C,7
NV101211,Tesla,Model 3,Base,2025,Sedan,Electric,FWD,Red,6280,A,0
NV101212,BMW,3 Series,Sport,2018,Sedan,Gas,FWD,Grey,138760,D,6
NV101213,Kia,Sportage,Limited,2020,SUV,Gas,FWD,Green,66190,B,5
NV101214,Toyota,RAV4,Touring,2024,SUV,Gas,AWD,Black,8720,B,0
NV101215,Toyota,RAV4,Sport,2025,SUV,Gas,AWD,Grey,6860,A,0
NV101216,Honda,CR-V,Touring,2025,SUV,Gas,FWD,White,27990,A,1
NV101217,Toyota,RAV4 Hybrid,Limited,2017,SUV,Hybrid,AWD,Grey,112440,C,7
NV101218,Honda,CR-V,Base,2016,SUV,Gas,FWD,Black,199580,D,10
NV101219,Volkswagen,Tiguan,Touring,2023,SUV,Gas,AWD,Grey,29770,B,2
NV101220,Honda,CR-V,Touring,2023,SUV,Gas,FWD,Brown,62730,B,3
NV101221,Honda,CR-V Hybrid,Sport,2019,SUV,Hybrid,FWD,Silver,136350,C,6
NV101222,Chevrolet,Equinox,Limited,2019,SUV,Gas,FWD,Grey,156790,D,7
NV101223,Ford,Escape,Sport,2016,SUV,Gas,FWD,Blue,155200,C,9
NV101224,Honda,CR-V Hybrid,Base,2022,SUV,Hybrid,AWD,Blue,46900,A,3
NV101225,Hyundai,Elantra,Sport,2021,Sedan,Gas,FWD,Blue,55660,B,5
NV101226,Kia,Sportage,Base,2024,SUV,Gas,FWD,Grey,28750,A,1
NV101227,Ford,F-150,Sport,2020,Truck,Gas,4WD,Black,124230,B,6
NV101228,Toyota,Corolla,Base,2021,Sedan,Gas,FWD,Black,63500,B,5
NV101229,Ford,Escape,Base,2021,SUV,Gas,AWD,Brown,58050,A,3
NV101230,Toyota,RAV4 Hybrid,Base,2020,SUV,Hybrid,AWD,White,65980,B,4
NV101231,Kia,Forte,Base,2020,Sedan,Gas,FWD,Red,95990,C,6
NV101232,Jeep,Wrangler,Base,2021,SUV,Gas,FWD,Red,70540,A,4
NV101233,Toyota,Camry,Touring,2024,Sedan,Gas,FWD,Green,4000,B,0
NV101234,Chevrolet,Silverado 1500,Sport,2025,Truck,Gas,4WD,Blue,7560,B,0
NV101235,Honda,Civic,Sport,2020,Sedan,Gas,FWD,Green,107690,B,5
NV101236,Toyota,Tacoma,Base,2022,Truck,Gas,4WD,Red,37860,A,3
NV101237,Hyundai,Elantra,Touring,2023,Sedan,Gas,FWD,Black,28630,B,1
NV101238,Toyota,Camry,,2017,Sedan,Gas,FWD,Black,112900,D,8
NV101239,Honda,Odyssey,Limited,2021,Minivan,Gas,FWD,White,49150,C,4
NV101240,Kia,Forte,Base,2024,Sedan,Gas,FWD,Brown,7170,A,0
NV101241,Chevrolet,Silverado 1500,Base,2022,Truck,Gas,4WD,Grey,58530,A,3
NV101242,Chevrolet,Equinox,Limited,2022,SUV,Gas,AWD,Blue,43100,A,2
NV101243,Volkswagen,Tiguan,Sport,2021,SUV,Gas,AWD,Black,87140,C,4
NV101244,Hyundai,Tucson,Touring,2020,SUV,Gas,FWD,Blue,139460,C,6
NV101245,Subaru,Outback,,2019,Wagon,Gas,AWD,Green,102950,B,5
NV101246,Subaru,Outback,Touring,2022,Wagon,Gas,AWD,White,54830,C,4
NV101247,Hyundai,Tucson,Touring,2021,SUV,Gas,FWD,Green,73620,A,4
NV101248,Toyota,Corolla,Base,2023,Sedan,Gas,FWD,Silver,46450,C,3
NV101249,Honda,Civic,Sport,2018,Sedan,Gas,FWD,White,138140,B,8
NV101250,Ford,Escape,Limited,2023,SUV,Gas,AWD,Silver,43750,A,2
NV101251,Kia,Sportage,Base,2018,SUV,Gas,AWD,Grey,103030,B,7
NV101252,Toyota,Camry,Base,2017,Sedan,Gas,FWD,Grey,139860,C,9
NV101253,Nissan,Rogue,Sport,2021,SUV,Gas,FWD,Blue,56450,C,3
NV101254,Mazda,Mazda3,Base,2022,Hatchback,Gas,FWD,Red,61450,B,3
NV101255,Toyota,Corolla,Touring,2021,Sedan,Gas,FWD,Grey,70670,B,4
NV101256,Chevrolet,Equinox,Sport,2018,SUV,Gas,AWD,Green,101890,C,6
NV101257,Hyundai,Elantra,Base,2020,Sedan,Gas,FWD,Green,61330,B,4
NV101258,Honda,Civic,Limited,2023,Sedan,Gas,FWD,Black,11710,B,1
NV101259,Hyundai,Elantra,Touring,2016,Sedan,Gas,FWD,Grey,182340,D,10
NV101260,Kia,Sportage,Touring,2019,SUV,Gas,AWD,Blue,113290,B,6
NV101261,Ram,1500,Base,2019,Truck,Gas,4WD,Brown,110520,B,5
NV101262,Ford,F-150,Limited,2017,Truck,Gas,4WD,Grey,116500,C,9
NV101263,Honda,CR-V,Sport,2022,SUV,Gas,AWD,Red,35660,B,2
NV101264,Honda,Accord,Limited,2021,Sedan,Gas,FWD,Red,68720,C,3
NV101265,Toyota,Corolla,Base,2021,Sedan,Gas,FWD,Green,79670,B,5
NV101266,Honda,Civic,Sport,2021,Sedan,Gas,FWD,Brown,49660,B,3
NV101267,Chevrolet,Equinox,Base,2021,SUV,Gas,AWD,Blue,51400,C,3
NV101268,Honda,Accord,Base,2022,Sedan,Gas,FWD,Brown,35280,B,3
NV101269,Chevrolet,Equinox,Sport,2016,SUV,Gas,AWD,Grey,108800,A,9
NV101270,Honda,CR-V Hybrid,,2022,SUV,Hybrid,FWD,Brown,70940,A,4
NV101271,Mazda,CX-5,Touring,2023,SUV,Gas,FWD,Green,55080,A,3
NV101272,Toyota,RAV4,Limited,2018,SUV,Gas,AWD,Blue,142420,C,7
NV101273,Toyota,Corolla,Base,2019,Sedan,Gas,FWD,Red,93610,C,7
NV101274,Honda,Accord,Touring,2017,Sedan,Gas,FWD,Grey,171730,C,9
NV101275,Subaru,Outback,Touring,2018,Wagon,Gas,AWD,Green,52050,B,7
NV101276,Ford,F-150,Base,2019,Truck,Gas,4WD,Brown,67450,C,7
NV101277,Toyota,Tacoma,Limited,2020,Truck,Gas,4WD,Silver,126780,C,6
NV101278,Honda,CR-V,Base,2020,SUV,Gas,FWD,Blue,138080,B,6
NV101279,Toyota,RAV4,Limited,2017,SUV,Gas,AWD,White,165120,C,9
NV101280,Mazda,CX-5,Base,2023,SUV,Gas,FWD,White,19140,A,1
NV101281,Tesla,Model 3,Base,2020,Sedan,Electric,FWD,Brown,51420,C,4
NV101282,Mazda,CX-5,Limited,2022,SUV,Gas,AWD,Blue,39340,C,2
NV101283,Ford,Escape,Limited,2020,SUV,Gas,AWD,Grey,121590,C,6
NV101284,Honda,Civic,Sport,2020,Sedan,Gas,FWD,White,74560,B,4
NV101285,Chevrolet,Silverado 1500,Base,2018,Truck,Gas,4WD,Black,126380,B,6
NV101286,Hyundai,Tucson,Base,2020,SUV,Gas,AWD,Silver,76090,C,4
NV101287,Ford,F-150,Touring,2021,Truck,Gas,4WD,Green,102940,C,5
NV101288,Honda,CR-V,Sport,2019,SUV,Gas,FWD,Brown,159340,A,7
NV101289,Ford,F-150,Limited,2021,Truck,Gas,4WD,Grey,49160,C,3
NV101290,Toyota,Tacoma,Touring,2017,Truck,Gas,4WD,Green,187680,D,9
NV101291,Honda,Civic,Base,2022,Sedan,Gas,FWD,Blue,50120,C,4
NV101292,Honda,CR-V,Base,2018,SUV,Gas,AWD,Green,133550,C,7
NV101293,Honda,Odyssey,Sport,2021,Minivan,Gas,FWD,Silver,53440,A,4
NV101294,Toyota,Tacoma,Base,2019,Truck,Gas,4WD,Silver,88150,B,5
NV101295,Mazda,CX-5,Limited,2021,SUV,Gas,AWD,Blue,42810,A,3
NV101296,Mazda,Mazda3,Sport,2018,Hatchback,Gas,FWD,White,126230,B,8
NV101297,Toyota,Tacoma,Base,2022,Truck,Gas,4WD,Grey,77430,B,4
NV101298,Chevrolet,Silverado 1500,Base,2018,Truck,Gas,4WD,Brown,121210,B,8
NV101299,Mazda,Mazda3,Touring,2022,Hatchback,Gas,FWD,Grey,88630,B,4
NV101300,Tesla,Model 3,Touring,2020,Sedan,Electric,FWD,Red,124630,C,6
NV101301,Nissan,Rogue,Base,2018,SUV,Gas,AWD,Brown,109320,C,6
NV101302,Jeep,Wrangler,Base,2015,SUV,Gas,AWD,Red,165540,C,10
NV101303,Subaru,Outback,Base,2020,Wagon,Gas,AWD,Green,95090,B,5
NV101304,Subaru,Outback,Sport,2022,Wagon,Gas,AWD,Blue,34720,B,2
NV101305,Ram,1500,Touring,2021,Truck,Gas,4WD,Silver,53040,B,3
NV101306,Tesla,Model 3,Base,2020,Sedan,Electric,FWD,Silver,64450,B,4
NV101307,Honda,Civic,Base,2023,Sedan,Gas,FWD,Blue,25410,A,2
NV101308,Toyota,Corolla,Base,2018,Sedan,Gas,FWD,Silver,131880,D,8
NV101309,Jeep,Wrangler,Touring,2024,SUV,Gas,FWD,Green,22780,B,1
NV101310,Honda,CR-V Hybrid,Limited,2017,SUV,Hybrid,FWD,Silver,152700,C,7
NV101311,Nissan,Rogue,Limited,2022,SUV,Gas,AWD,Silver,58680,B,3
NV101312,BMW,3 Series,Limited,2022,Sedan,Gas,FWD,Blue,77980,C,4
NV101313,Mazda,CX-5,Base,2019,SUV,Gas,FWD,Green,68600,A,5
NV101314,Honda,CR-V,Limited,2022,SUV,Gas,FWD,Green,53210,B,4
NV101315,Mazda,Mazda3,Base,2021,Hatchback,Gas,FWD,White,45800,A,3
NV101316,Nissan,Rogue,Limited,2023,SUV,Gas,FWD,Silver,20470,B,2
NV101317,Toyota,Camry,Sport,2021,Sedan,Gas,FWD,Red,70520,C,5
NV101318,Volkswagen,Tiguan,Base,2021,SUV,Gas,AWD,Silver,105880,C,5
NV101319,Ford,F-150,Sport,2022,Truck,Gas,4WD,Red,52290,A,2
NV101320,Subaru,Outback,,2017,Wagon,Gas,AWD,Brown,83460,A,7
NV101321,Honda,Civic,Sport,2018,Sedan,Gas,FWD,Brown,136250,C,6
NV101322,Subaru,Outback,Limited,2018,Wagon,Gas,FWD,Green,107950,D,6
NV101323,Toyota,Camry,Base,2022,Sedan,Gas,FWD,Silver,56570,B,3
NV101324,Ford,F-150,Limited,2023,Truck,Gas,4WD,Green,14800,A,1
NV101325,Jeep,Wrangler,Base,2019,SUV,Gas,AWD,Green,85590,C,6
NV101326,Kia,Sportage,Limited,2022,SUV,Gas,AWD,Red,46410,A,3
NV101327,Toyota,Corolla,Sport,2019,Sedan,Gas,FWD,Brown,107200,C,6
NV101328,Tesla,Model 3,Touring,2021,Sedan,Electric,FWD,Black,73770,B,3
NV101329,Kia,Forte,Touring,2023,Sedan,Gas,FWD,Grey,33260,B,2
NV101330,Honda,CR-V,Limited,2022,SUV,Gas,FWD,White,40630,A,2
NV101331,Subaru,Outback,Sport,2023,Wagon,Gas,AWD,Brown,21990,A,1
NV101332,Chevrolet,Equinox,Base,2016,SUV,Gas,FWD,Green,166070,D,9
NV101333,Jeep,Wrangler,Touring,2020,SUV,Gas,AWD,Black,84320,B,4
NV101334,Mazda,Mazda3,Sport,2023,Hatchback,Gas,FWD,White,42490,A,3
NV101335,Toyota,Tacoma,Limited,2019,Truck,Gas,4WD,Red,68190,B,5
NV101336,Kia,Forte,Sport,2023,Sedan,Gas,FWD,Green,49460,B,3
NV101337,Hyundai,Elantra,,2019,Sedan,Gas,FWD,Brown,112670,C,7
NV101338,Hyundai,Elantra,Limited,2021,Sedan,Gas,FWD,Grey,113530,D,5
NV101339,Toyota,RAV4,Sport,2021,SUV,Gas,FWD,Silver,84580,C,4
NV101340,Honda,CR-V,Touring,2020,SUV,Gas,AWD,Black,163440,C,6
NV101341,Honda,CR-V,Sport,2022,SUV,Gas,FWD,Blue,80610,B,4
NV101342,Toyota,RAV4 Hybrid,Sport,2016,SUV,Hybrid,AWD,Black,110870,B,8
NV101343,Honda,Civic,Touring,2019,Sedan,Gas,FWD,Blue,90360,B,6
NV101344,Hyundai,Tucson,Touring,2022,SUV,Gas,AWD,Red,64840,D,4
NV101345,Ford,F-150,Sport,2018,Truck,Gas,4WD,Silver,93640,C,8
NV101346,Hyundai,Elantra,Sport,2021,Sedan,Gas,FWD,Blue,81380,A,4
NV101347,Hyundai,Tucson,Sport,2022,SUV,Gas,AWD,Brown,65150,B,3
NV101348,Toyota,Corolla,Base,2024,Sedan,Gas,FWD,Silver,4000,A,0
NV101349,Honda,CR-V,Touring,2022,SUV,Gas,AWD,Grey,87430,B,4
NV101350,Honda,CR-V Hybrid,Touring,2020,SUV,Hybrid,AWD,White,63380,C,4
NV101351,Toyota,Corolla,Limited,2024,Sedan,Gas,FWD,Green,4000,A,0
NV101352,Honda,CR-V,Sport,2020,SUV,Gas,AWD,Blue,119150,C,6
NV101353,Honda,Accord,Limited,2024,Sedan,Gas,FWD,Blue,22070,B,1
NV101354,Toyota,Tacoma,Sport,2019,Truck,Gas,4WD,Brown,116480,B,5
NV101355,Honda,CR-V,Limited,2021,SUV,Gas,FWD,Black,117090,B,5
NV101356,Chevrolet,Silverado 1500,Limited,2021,Truck,Gas,4WD,White,73080,B,3
NV101357,Honda,Civic,Base,2023,Sedan,Gas,FWD,Brown,52840,A,3
NV101358,Honda,Civic,Base,2022,Sedan,Gas,FWD,Silver,36730,B,2
NV101359,Chevrolet,Silverado 1500,Touring,2018,Truck,Gas,4WD,White,95920,C,7
NV101360,Chevrolet,Silverado 1500,Base,2017,Truck,Gas,4WD,Red,144950,B,9
NV101361,Ford,F-150,Base,2022,Truck,Gas,4WD,Blue,51110,A,3
NV101362,Kia,Forte,Sport,2015,Sedan,Gas,FWD,Silver,182240,C,9
NV101363,Toyota,RAV4,Sport,2018,SUV,Gas,AWD,Silver,176550,C,8
NV101364,Nissan,Rogue,Base,2020,SUV,Gas,AWD,Black,74310,C,5
NV101365,Mazda,CX-5,Limited,2023,SUV,Gas,AWD,White,43920,B,2
NV101366,Jeep,Wrangler,Base,2019,SUV,Gas,AWD,Red,104190,B,6
NV101367,Toyota,Camry,Sport,2020,Sedan,Gas,FWD,Red,123150,B,6
NV101368,Toyota,Corolla,Base,2022,Sedan,Gas,FWD,Blue,29300,A,2
NV101369,Subaru,Outback,Limited,2023,Wagon,Gas,AWD,Red,57160,A,3
NV101370,Honda,CR-V Hybrid,Sport,2023,SUV,Hybrid,AWD,Black,50440,A,2
NV101371,Tesla,Model 3,Sport,2022,Sedan,Electric,FWD,Red,32470,A,2
NV101372,Ford,Escape,Touring,2023,SUV,Gas,AWD,Green,18840,A,1
NV101373,Toyota,Tacoma,Limited,2018,Truck,Gas,4WD,Black,106130,C,6
NV101374,Mazda,CX-5,Sport,2019,SUV,Gas,FWD,Black,79600,B,5
NV101375,Honda,Civic,Sport,2021,Sedan,Gas,FWD,Red,96830,C,5
NV101376,Chevrolet,Equinox,,2018,SUV,Gas,AWD,Brown,115880,B,6
NV101377,Mazda,CX-5,Limited,2021,SUV,Gas,FWD,Green,77990,B,4
NV101378,Ford,Escape,Sport,2025,SUV,Gas,AWD,Black,7890,B,0
NV101379,Honda,CR-V,Limited,2021,SUV,Gas,AWD,Silver,73550,C,4
NV101380,Toyota,RAV4,Sport,2017,SUV,Gas,AWD,Red,203410,D,9
NV101381,Honda,Accord,Base,2022,Sedan,Gas,FWD,Silver,63380,B,3
NV101382,Ford,F-150,Sport,2021,Truck,Gas,4WD,Black,69860,B,4
NV101383,Subaru,Outback,Sport,2021,Wagon,Gas,FWD,Green,83880,C,3
NV101384,Honda,CR-V,Touring,2022,SUV,Gas,FWD,White,44970,A,3
NV101385,Hyundai,Tucson,Base,2018,SUV,Gas,AWD,Green,111660,D,8
NV101386,Volkswagen,Tiguan,Touring,2018,SUV,Gas,FWD,Blue,82920,B,6
NV101387,Honda,CR-V,Touring,2022,SUV,Gas,AWD,Silver,33030,A,2
NV101388,Ford,F-150,Sport,2020,Truck,Gas,4WD,Black,85490,B,4
NV101389,Volkswagen,Tiguan,Base,2021,SUV,Gas,FWD,White,67510,A,3
NV101390,Mazda,CX-5,Base,2024,SUV,Gas,FWD,Brown,5260,A,0
NV101391,Toyota,Corolla,Touring,2018,Sedan,Gas,FWD,Blue,148400,D,8
NV101392,Mazda,Mazda3,Base,2023,Hatchback,Gas,FWD,Black,66200,B,3
NV101393,Toyota,RAV4,Touring,2022,SUV,Gas,FWD,Blue,39560,C,3
NV101394,Honda,CR-V,Sport,2023,SUV,Gas,AWD,Grey,41720,A,3
NV101395,Volkswagen,Tiguan,Sport,2018,SUV,Gas,AWD,Grey,115340,C,7
NV101396,Ford,F-150,Sport,2019,Truck,Gas,4WD,White,98000,B,6
NV101397,Toyota,Tacoma,Limited,2020,Truck,Gas,4WD,White,85350,B,4
NV101398,Ford,F-150,Limited,2024,Truck,Gas,4WD,Brown,18840,B,1
NV101399,Kia,Sportage,Limited,2017,SUV,Gas,FWD,Brown,141540,D,7
NV101400,Chevrolet,Equinox,Base,2018,SUV,Gas,FWD,Grey,72400,B,6
NV101401,Ford,F-150,Base,2015,Truck,Gas,4WD,Grey,143340,D,9
NV101402,Chevrolet,Equinox,Base,2020,SUV,Gas,AWD,Blue,116100,B,6
NV101403,Ford,Escape,Touring,2019,SUV,Gas,FWD,Blue,61590,B,5
NV101404,Toyota,RAV4 Hybrid,Limited,2022,SUV,Hybrid,AWD,Red,32010,B,3
NV101405,Hyundai,Tucson,Limited,2021,SUV,Gas,AWD,Black,47530,C,3
NV101406,Toyota,RAV4,Sport,2020,SUV,Gas,FWD,Blue,106600,C,6
NV101407,Honda,CR-V,Touring,2019,SUV,Gas,FWD,Green,128550,B,7
NV101408,Honda,CR-V,Base,2019,SUV,Gas,FWD,Grey,100350,C,6
NV101409,Hyundai,Tucson,Sport,2021,SUV,Gas,AWD,Grey,96520,A,4
NV101410,Honda,CR-V Hybrid,Touring,2019,SUV,Hybrid,FWD,Brown,117100,C,5
NV101411,Toyota,Tacoma,Limited,2019,Truck,Gas,4WD,Silver,106480,C,6
NV101412,Nissan,Rogue,Base,2021,SUV,Gas,FWD,Green,72970,B,4
NV101413,Toyota,RAV4,Sport,2021,SUV,Gas,AWD,Blue,32070,A,3
NV101414,Hyundai,Tucson,Limited,2022,SUV,Gas,AWD,Green,34960,B,2
NV101415,Mazda,Mazda3,Sport,2021,Hatchback,Gas,FWD,Silver,79040,A,4
NV101416,Toyota,Camry,Touring,2022,Sedan,Gas,FWD,Brown,86970,C,4
NV101417,Hyundai,Tucson,Base,2022,SUV,Gas,AWD,Silver,37910,B,3
NV101418,Honda,Civic,,2017,Sedan,Gas,FWD,Red,189870,C,8
NV101419,Nissan,Rogue,Touring,2017,SUV,Gas,AWD,Brown,158130,B,7
NV101420,Toyota,RAV4,Base,2021,SUV,Gas,AWD,White,98010,C,5
NV101421,Toyota,RAV4,Sport,2016,SUV,Gas,FWD,Black,154840,C,9
NV101422,Hyundai,Tucson,Base,2016,SUV,Gas,AWD,Green,141780,C,9
NV101423,Ford,F-150,Touring,2018,Truck,Gas,4WD,Green,166760,D,8
NV101424,Volkswagen,Tiguan,Base,2022,SUV,Gas,AWD,Brown,41180,A,2
NV101425,Hyundai,Elantra,Sport,2020,Sedan,Gas,FWD,Green,103510,C,6
NV101426,Ram,1500,Base,2015,Truck,Gas,4WD,White,134360,D,9
NV101427,Ford,F-150,Sport,2021,Truck,Gas,4WD,Red,78350,B,5
NV101428,Tesla,Model 3,Sport,2019,Sedan,Electric,FWD,Silver,155190,D,7
NV101429,Nissan,Rogue,Base,2019,SUV,Gas,FWD,Black,141910,C,7
NV101430,Subaru,Outback,Sport,2022,Wagon,Gas,AWD,White,63150,B,3
NV101431,Toyota,RAV4,Base,2021,SUV,Gas,AWD,Green,78510,A,5
NV101432,Volkswagen,Tiguan,Base,2016,SUV,Gas,FWD,Red,144720,D,9
NV101433,Mazda,Mazda3,Touring,2020,Hatchback,Gas,FWD,Silver,99090,A,5
NV101434,Toyota,Corolla,Limited,2020,Sedan,Gas,FWD,Silver,80250,D,5
NV101435,Toyota,RAV4 Hybrid,Limited,2023,SUV,Hybrid,AWD,Blue,36910,B,2
NV101436,Toyota,Corolla,Sport,2017,Sedan,Gas,FWD,Brown,103570,C,9
NV101437,Hyundai,Tucson,Sport,2021,SUV,Gas,AWD,Grey,58170,B,5
NV101438,Toyota,RAV4,Base,2015,SUV,Gas,FWD,White,203220,C,10
NV101439,Honda,Accord,Limited,2024,Sedan,Gas,FWD,Brown,25120,B,1
NV101440,Toyota,Corolla,Sport,2019,Sedan,Gas,FWD,Green,141970,C,6
NV101441,Toyota,RAV4,Base,2023,SUV,Gas,AWD,White,33440,A,2
NV101442,Toyota,Corolla,Base,2022,Sedan,Gas,FWD,Green,44880,A,3
NV101443,Toyota,RAV4 Hybrid,Limited,2023,SUV,Hybrid,FWD,Red,37990,B,2
NV101444,Subaru,Outback,Base,2020,Wagon,Gas,AWD,Green,84410,A,5
NV101445,Mazda,Mazda3,Sport,2020,Hatchback,Gas,FWD,Red,113800,B,6
NV101446,Mazda,CX-5,Touring,2023,SUV,Gas,AWD,Silver,25790,B,1
NV101447,Ram,1500,Limited,2020,Truck,Gas,4WD,Grey,57530,A,5
NV101448,Kia,Sportage,Sport,2018,SUV,Gas,AWD,Grey,107290,B,6
NV101449,Jeep,Wrangler,Base,2022,SUV,Gas,AWD,Silver,80240,B,4
NV101450,Mazda,Mazda3,Limited,2019,Hatchback,Gas,FWD,Grey,122390,C,7
NV101451,Hyundai,Tucson,Base,2020,SUV,Gas,FWD,Black,97650,A,5
NV101452,Ford,F-150,Base,2021,Truck,Gas,4WD,Red,79530,B,4
NV101453,Honda,Accord,,2021,Sedan,Gas,FWD,Brown,48740,B,3
NV101454,Toyota,Camry,Limited,2022,Sedan,Gas,FWD,White,77920,B,4
NV101455,Toyota,RAV4,Base,2024,SUV,Gas,FWD,Grey,41600,B,2
NV101456,Subaru,Outback,Base,2023,Wagon,Gas,AWD,Silver,58340,A,3
NV101457,Honda,Civic,Touring,2020,Sedan,Gas,FWD,Brown,100540,B,4
NV101458,Nissan,Rogue,Sport,2022,SUV,Gas,AWD,Green,36910,C,2
NV101459,Honda,Odyssey,Limited,2019,Minivan,Gas,FWD,Grey,78980,B,6
NV101460,Toyota,RAV4,Sport,2021,SUV,Gas,AWD,Silver,56290,C,4
NV101461,Kia,Sportage,Base,2018,SUV,Gas,FWD,Grey,90530,D,6
NV101462,Toyota,RAV4 Hybrid,Base,2024,SUV,Hybrid,AWD,Silver,20870,A,1
NV101463,Ford,F-150,Base,2019,Truck,Gas,4WD,Blue,85000,C,5
NV101464,Honda,Civic,Base,2020,Sedan,Gas,FWD,Black,123420,B,6
NV101465,Chevrolet,Silverado 1500,Sport,2024,Truck,Gas,4WD,Black,7160,A,0
NV101466,Toyota,RAV4 Hybrid,Sport,2021,SUV,Hybrid,FWD,Blue,94610,D,4
NV101467,Toyota,RAV4,Base,2023,SUV,Gas,FWD,Green,33470,B,2
NV101468,Toyota,Corolla,Touring,2023,Sedan,Gas,FWD,Black,57980,A,3
NV101469,Jeep,Wrangler,Limited,2016,SUV,Gas,FWD,Green,197470,D,9
NV101470,Honda,CR-V,Limited,2021,SUV,Gas,FWD,Black,85250,B,4
NV101471,Kia,Forte,Base,2024,Sedan,Gas,FWD,Black,7810,B,0
NV101472,Honda,Civic,Touring,2015,Sedan,Gas,FWD,Red,87640,C,10
NV101473,Toyota,Tacoma,Limited,2021,Truck,Gas,4WD,Brown,87510,B,5
NV101474,Toyota,Corolla,Sport,2019,Sedan,Gas,FWD,Grey,152980,B,6
NV101475,Kia,Forte,Touring,2021,Sedan,Gas,FWD,Silver,85160,A,4
NV101476,Hyundai,Tucson,Limited,2020,SUV,Gas,AWD,Red,111450,A,6
NV101477,Tesla,Model 3,Base,2019,Sedan,Electric,FWD,Red,77440,B,5
NV101478,Chevrolet,Equinox,Limited,2020,SUV,Gas,AWD,Grey,87520,B,5
NV101479,Chevrolet,Equinox,Sport,2021,SUV,Gas,AWD,Red,75500,B,5
NV101480,Toyota,RAV4,Base,2019,SUV,Gas,AWD,Blue,168570,C,7
NV101481,Hyundai,Tucson,Limited,2019,SUV,Gas,AWD,Grey,111190,C,7
NV101482,Toyota,RAV4,Limited,2018,SUV,Gas,FWD,Brown,58220,C,6
NV101483,Nissan,Rogue,Touring,2018,SUV,Gas,AWD,Green,90090,C,7
NV101484,Honda,CR-V,Base,2022,SUV,Gas,FWD,Blue,37210,B,4
NV101485,Honda,Accord,Sport,2024,Sedan,Gas,FWD,Black,14910,A,1
NV101486,Honda,CR-V,Base,2022,SUV,Gas,AWD,Green,58780,A,4
NV101487,Toyota,RAV4 Hybrid,Base,2023,SUV,Hybrid,FWD,Red,35670,A,2
NV101488,Tesla,Model 3,Limited,2018,Sedan,Electric,FWD,Brown,98470,B,6
NV101489,Kia,Sportage,Base,2022,SUV,Gas,FWD,Red,68880,B,4
NV101490,Hyundai,Tucson,Sport,2025,SUV,Gas,AWD,White,7870,A,0
NV101491,Chevrolet,Silverado 1500,Touring,2024,Truck,Gas,4WD,Green,24280,A,1
NV101492,Hyundai,Tucson,Limited,2015,SUV,Gas,FWD,Green,192000,D,9
NV101493,Nissan,Rogue,Base,2018,SUV,Gas,FWD,Black,128990,B,7
NV101494,Chevrolet,Equinox,Touring,2020,SUV,Gas,AWD,Brown,71560,B,4
NV101495,Toyota,RAV4,Sport,2017,SUV,Gas,AWD,Grey,201060,D,9
NV101496,Hyundai,Tucson,Base,2025,SUV,Gas,AWD,Red,4560,A,0
NV101497,Toyota,RAV4,Base,2016,SUV,Gas,AWD,Silver,217600,D,9
NV101498,Honda,Civic,Base,2021,Sedan,Gas,FWD,Red,87680,B,4
NV101499,Honda,Civic,Sport,2025,Sedan,Gas,FWD,Brown,6470,A,0
NV101500,Chevrolet,Silverado 1500,Sport,2024,Truck,Gas,4WD,Blue,4000,A,0
NV101501,Toyota,Tacoma,Limited,2021,Truck,Gas,4WD,Blue,76320,B,5
NV101502,Kia,Forte,Sport,2020,Sedan,Gas,FWD,Brown,73820,B,5
NV101503,Hyundai,Tucson,Base,2021,SUV,Gas,AWD,Brown,59210,A,5
NV101504,Chevrolet,Equinox,Sport,2019,SUV,Gas,AWD,Red,89170,C,6
NV101505,Chevrolet,Equinox,Sport,2017,SUV,Gas,FWD,Brown,117940,C,7
NV101506,Toyota,RAV4,Base,2022,SUV,Gas,FWD,Blue,41890,B,2
NV101507,Chevrolet,Silverado 1500,Sport,2018,Truck,Gas,4WD,Black,151300,D,8
NV101508,Toyota,Corolla,Base,2019,Sedan,Gas,FWD,Red,86640,B,5
NV101509,Mazda,Mazda3,Limited,2024,Hatchback,Gas,FWD,White,7800,C,0
NV101510,Toyota,RAV4,Base,2016,SUV,Gas,FWD,Grey,167000,B,9
NV101511,Toyota,RAV4 Hybrid,Base,2022,SUV,Hybrid,FWD,Green,44550,A,3
NV101512,Jeep,Wrangler,Base,2019,SUV,Gas,AWD,Brown,121380,C,7
NV101513,Nissan,Rogue,Limited,2021,SUV,Gas,AWD,Red,37610,B,3
NV101514,Hyundai,Tucson,Base,2019,SUV,Gas,AWD,Brown,154890,C,7
NV101515,Toyota,Tacoma,Touring,2021,Truck,Gas,4WD,Red,88470,D,4
NV101516,Toyota,Tacoma,,2021,Truck,Gas,4WD,Green,63470,C,4
NV101517,Honda,CR-V,Sport,2023,SUV,Gas,AWD,Green,51140,A,3
NV101518,Honda,Civic,Touring,2017,Sedan,Gas,FWD,Silver,141600,B,7
NV101519,Toyota,RAV4,Limited,2022,SUV,Gas,AWD,Red,67140,C,3
NV101520,Honda,CR-V Hybrid,Base,2022,SUV,Hybrid,FWD,Silver,46280,B,3
NV101521,Toyota,RAV4,Base,2022,SUV,Gas,AWD,Blue,34800,A,2
NV101522,Toyota,RAV4,Base,2024,SUV,Gas,AWD,Grey,7140,A,0
NV101523,Nissan,Rogue,Limited,2022,SUV,Gas,AWD,Grey,68130,A,4
NV101524,Ford,F-150,Sport,2021,Truck,Gas,4WD,Grey,72210,A,5
NV101525,Ford,Escape,Limited,2016,SUV,Gas,AWD,Red,139190,D,9
NV101526,Ford,F-150,Limited,2021,Truck,Gas,4WD,Grey,97760,B,5
NV101527,Honda,CR-V Hybrid,Base,2024,SUV,Hybrid,AWD,Brown,20920,B,1
NV101528,Mazda,Mazda3,Sport,2023,Hatchback,Gas,FWD,Brown,43980,B,3
NV101529,Volkswagen,Tiguan,Touring,2020,SUV,Gas,FWD,Black,130840,C,6
NV101530,Jeep,Wrangler,Base,2022,SUV,Gas,AWD,White,37990,A,2
NV101531,Honda,Accord,Sport,2023,Sedan,Gas,FWD,Black,18750,A,1
NV101532,Volkswagen,Tiguan,Base,2023,SUV,Gas,AWD,Black,29460,A,2
NV101533,Ford,Escape,Touring,2019,SUV,Gas,AWD,Blue,89880,B,7
NV101534,Toyota,Tacoma,Base,2018,Truck,Gas,4WD,Grey,158220,C,7
NV101535,Kia,Sportage,Base,2022,SUV,Gas,FWD,Silver,47670,A,3
NV101536,Honda,CR-V,Base,2024,SUV,Gas,FWD,Silver,25540,A,1
NV101537,Toyota,Tacoma,Sport,2017,Truck,Gas,4WD,Black,170860,D,9
NV101538,Hyundai,Elantra,Limited,2021,Sedan,Gas,FWD,Green,68520,C,4
NV101539,Mazda,CX-5,Base,2024,SUV,Gas,AWD,Brown,5620,A,0
NV101540,Toyota,RAV4,Base,2021,SUV,Gas,AWD,Black,78010,A,4
NV101541,Honda,CR-V,Sport,2018,SUV,Gas,AWD,Blue,140320,D,8
NV101542,Honda,Civic,Base,2020,Sedan,Gas,FWD,Brown,69540,C,5
NV101543,Toyota,Tacoma,Limited,2017,Truck,Gas,4WD,Black,96200,B,7
NV101544,Ford,F-150,Sport,2023,Truck,Gas,4WD,Silver,44710,A,2
NV101545,Toyota,Tacoma,Touring,2021,Truck,Gas,4WD,Silver,51700,C,4
NV101546,Kia,Forte,Base,2022,Sedan,Gas,FWD,White,65090,B,3
NV101547,Chevrolet,Equinox,Sport,2019,SUV,Gas,FWD,Blue,101470,C,7
NV101548,Jeep,Wrangler,Sport,2022,SUV,Gas,AWD,White,36460,A,2
NV101549,Toyota,Camry,Touring,2020,Sedan,Gas,FWD,Red,76570,B,4
NV101550,Toyota,Tacoma,Sport,2022,Truck,Gas,4WD,Red,67560,C,3
NV101551,Honda,CR-V,Limited,2020,SUV,Gas,AWD,Grey,124700,C,6
NV101552,Honda,Civic,Touring,2023,Sedan,Gas,FWD,White,19020,A,1
NV101553,Honda,CR-V,Base,2022,SUV,Gas,AWD,Red,45440,B,2
NV101554,Ford,F-150,Sport,2017,Truck,Gas,4WD,Grey,146640,C,8
NV101555,Hyundai,Tucson,Limited,2023,SUV,Gas,AWD,White,15990,B,1
NV101556,Toyota,RAV4,Touring,2019,SUV,Gas,AWD,Black,160380,A,7
NV101557,Toyota,Camry,Limited,2019,Sedan,Gas,FWD,White,118210,C,6
NV101558,Honda,CR-V,Limited,2021,SUV,Gas,FWD,Green,112390,C,5
NV101559,Chevrolet,Silverado 1500,Limited,2020,Truck,Gas,4WD,Blue,68510,B,4
NV101560,Toyota,Corolla,Base,2020,Sedan,Gas,FWD,Blue,94940,B,6
NV101561,Toyota,RAV4 Hybrid,Base,2015,SUV,Hybrid,AWD,Red,127660,D,10
NV101562,Mazda,CX-5,Limited,2023,SUV,Gas,AWD,Silver,42740,B,2
NV101563,Toyota,RAV4 Hybrid,Sport,2018,SUV,Hybrid,AWD,Grey,67310,B,6
NV101564,Ford,F-150,Touring,2016,Truck,Gas,4WD,Grey,157250,C,9
NV101565,Toyota,Camry,Sport,2021,Sedan,Gas,FWD,Green,58890,A,4
NV101566,Mazda,CX-5,,2017,SUV,Gas,FWD,Brown,132740,B,7
NV101567,Honda,Civic,Base,2022,Sedan,Gas,FWD,Brown,57990,A,3
NV101568,Toyota,RAV4 Hybrid,Limited,2020,SUV,Hybrid,FWD,Silver,58900,B,5
NV101569,Ford,F-150,Touring,2019,Truck,Gas,4WD,Silver,72200,B,5
NV101570,Toyota,RAV4,Limited,2018,SUV,Gas,FWD,Silver,125760,B,7
NV101571,Ford,Escape,Base,2024,SUV,Gas,FWD,Grey,41560,A,2
NV101572,Subaru,Outback,Touring,2023,Wagon,Gas,AWD,Red,64990,B,3
NV101573,Toyota,Tacoma,Sport,2018,Truck,Gas,4WD,Blue,101370,B,6
NV101574,Hyundai,Tucson,Limited,2024,SUV,Gas,AWD,Green,35460,A,2
NV101575,Ford,F-150,Limited,2023,Truck,Gas,4WD,Brown,26470,B,1
NV101576,Honda,CR-V,Touring,2018,SUV,Gas,AWD,Grey,120110,C,6
NV101577,Kia,Forte,Limited,2023,Sedan,Gas,FWD,Brown,25730,A,1
NV101578,Toyota,RAV4,,2022,SUV,Gas,AWD,Blue,55640,A,3
NV101579,Honda,CR-V Hybrid,Limited,2020,SUV,Hybrid,AWD,Red,103170,C,6
NV101580,Honda,CR-V,Touring,2020,SUV,Gas,FWD,Red,82520,B,5
NV101581,Ford,F-150,Base,2022,Truck,Gas,4WD,Grey,54290,A,4
NV101582,Mazda,CX-5,Touring,2016,SUV,Gas,AWD,White,215150,D,10
NV101583,Ford,F-150,Sport,2019,Truck,Gas,4WD,Black,99120,C,7
NV101584,Volkswagen,Tiguan,Sport,2021,SUV,Gas,AWD,Blue,83500,B,3
NV101585,Jeep,Wrangler,Touring,2018,SUV,Gas,FWD,Brown,111120,B,7
NV101586,Toyota,RAV4 Hybrid,Sport,2023,SUV,Hybrid,AWD,Blue,51970,A,3
NV101587,Mazda,CX-5,Base,2018,SUV,Gas,AWD,Brown,135270,B,6
NV101588,Honda,Civic,Limited,2017,Sedan,Gas,FWD,Brown,196180,D,8
NV101589,Honda,CR-V Hybrid,Base,2023,SUV,Hybrid,AWD,Green,26480,B,1
NV101590,Chevrolet,Equinox,Touring,2018,SUV,Gas,FWD,Red,113370,C,6
NV101591,Hyundai,Elantra,Touring,2023,Sedan,Gas,FWD,Red,21260,A,1
NV101592,Honda,Odyssey,Limited,2021,Minivan,Gas,FWD,Grey,102870,B,5
NV101593,Toyota,Camry,Touring,2021,Sedan,Gas,FWD,Brown,47020,B,3
NV101594,Ford,Escape,Touring,2021,SUV,Gas,AWD,Red,52740,A,4
NV101595,Nissan,Rogue,Sport,2023,SUV,Gas,AWD,Green,37200,A,2
NV101596,Ford,F-150,Base,2024,Truck,Gas,4WD,Green,26050,A,1
NV101597,Ford,F-150,Touring,2021,Truck,Gas,4WD,White,57490,C,4
NV101598,Toyota,Corolla,Base,2023,Sedan,Gas,FWD,Grey,38130,A,2
NV101599,Honda,CR-V Hybrid,Touring,2024,SUV,Hybrid,FWD,White,8710,A,0
NV101600,Hyundai,Tucson,Sport,2023,SUV,Gas,AWD,Green,39170,B,2
NV101601,Chevrolet,Silverado 1500,Sport,2021,Truck,Gas,4WD,White,66450,A,4
NV101602,Toyota,RAV4 Hybrid,Sport,2017,SUV,Hybrid,FWD,Brown,125830,C,8
NV101603,Toyota,Tacoma,Limited,2019,Truck,Gas,4WD,Red,122320,B,7
NV101604,Tesla,Model 3,Base,2020,Sedan,Electric,FWD,Green,74510,B,6
NV101605,Toyota,Corolla,Base,2016,Sedan,Gas,FWD,Red,129990,B,8
NV101606,Ford,Escape,Sport,2021,SUV,Gas,AWD,White,59630,A,4
NV101607,Honda,Accord,Limited,2019,Sedan,Gas,FWD,Grey,85230,C,6
NV101608,Volkswagen,Tiguan,Limited,2020,SUV,Gas,FWD,Grey,57000,B,5
NV101609,Toyota,RAV4,Touring,2018,SUV,Gas,FWD,Blue,117430,D,6
NV101610,Ford,Escape,Touring,2021,SUV,Gas,FWD,Grey,53210,A,4
NV101611,Tesla,Model 3,Sport,2019,Sedan,Electric,FWD,Blue,114870,C,7
NV101612,Ford,F-150,Sport,2021,Truck,Gas,4WD,Silver,117280,B,5
NV101613,Honda,Civic,Touring,2018,Sedan,Gas,FWD,Green,107720,C,6
NV101614,Ram,1500,Base,2024,Truck,Gas,4WD,White,6010,A,0
NV101615,Chevrolet,Silverado 1500,Base,2020,Truck,Gas,4WD,Black,76730,C,5
NV101616,Ford,F-150,Touring,2017,Truck,Gas,4WD,Silver,124380,B,7
NV101617,Honda,CR-V,Sport,2020,SUV,Gas,AWD,Black,109630,A,6
NV101618,Ford,Escape,Base,2018,SUV,Gas,FWD,Blue,132710,D,7
NV101619,Subaru,Outback,Sport,2021,Wagon,Gas,AWD,Red,57140,B,3
NV101620,Mazda,CX-5,Base,2018,SUV,Gas,FWD,Silver,118230,C,7
NV101621,Honda,Civic,Base,2024,Sedan,Gas,FWD,Black,7240,A,0
NV101622,Ram,1500,Base,2016,Truck,Gas,4WD,Brown,123960,D,10
NV101623,Toyota,RAV4,Sport,2021,SUV,Gas,FWD,Black,67810,A,4
NV101624,Honda,CR-V Hybrid,Sport,2020,SUV,Hybrid,AWD,White,100950,B,5
NV101625,Ram,1500,Sport,2019,Truck,Gas,4WD,Red,73780,C,6
NV101626,Mazda,CX-5,Sport,2024,SUV,Gas,AWD,Grey,8240,A,0
NV101627,Toyota,RAV4 Hybrid,Sport,2018,SUV,Hybrid,FWD,Silver,114680,C,8
NV101628,Kia,Sportage,Sport,2024,SUV,Gas,AWD,Silver,17120,A,1
NV101629,BMW,3 Series,Sport,2021,Sedan,Gas,FWD,Black,88470,C,5
NV101630,Jeep,Wrangler,Limited,2022,SUV,Gas,AWD,Silver,62660,B,3
NV101631,Honda,CR-V,Sport,2019,SUV,Gas,FWD,White,85540,C,6
NV101632,Honda,CR-V,Touring,2022,SUV,Gas,FWD,Brown,40790,A,2
NV101633,Honda,CR-V,Sport,2022,SUV,Gas,AWD,Black,64810,A,4
NV101634,Toyota,Tacoma,Sport,2019,Truck,Gas,4WD,Grey,70720,B,5
NV101635,Toyota,Camry,Sport,2024,Sedan,Gas,FWD,Brown,24710,B,1
NV101636,Honda,CR-V,,2022,SUV,Gas,FWD,Red,55010,B,3
NV101637,Chevrolet,Silverado 1500,,2023,Truck,Gas,4WD,Black,36230,B,2
NV101638,Hyundai,Elantra,Sport,2016,Sedan,Gas,FWD,Red,124780,D,9
NV101639,Toyota,Tacoma,Limited,2022,Truck,Gas,4WD,Brown,88030,B,4
NV101640,Nissan,Rogue,Sport,2021,SUV,Gas,AWD,Brown,82560,C,4
NV101641,Honda,Odyssey,Limited,2020,Minivan,Gas,FWD,Brown,110770,C,5
NV101642,Toyota,Corolla,Sport,2018,Sedan,Gas,FWD,Blue,124500,C,8
NV101643,Mazda,CX-5,Base,2019,SUV,Gas,FWD,Green,165540,C,7
NV101644,Toyota,RAV4,Base,2024,SUV,Gas,AWD,Black,4000,A,0
NV101645,Toyota,RAV4,Sport,2019,SUV,Gas,AWD,White,133300,C,7
NV101646,Chevrolet,Silverado 1500,Base,2016,Truck,Gas,4WD,Red,110830,C,10
NV101647,Honda,CR-V,Limited,2017,SUV,Gas,AWD,Blue,190630,D,9
NV101648,Mazda,CX-5,Base,2020,SUV,Gas,AWD,Blue,79600,C,5
NV101649,Honda,Odyssey,Touring,2017,Minivan,Gas,FWD,Silver,179540,B,9
NV101650,BMW,3 Series,Touring,2016,Sedan,Gas,FWD,Grey,71890,B,8
NV101651,Toyota,RAV4 Hybrid,Limited,2017,SUV,Hybrid,AWD,Brown,126580,B,8
NV101652,BMW,3 Series,Sport,2021,Sedan,Gas,FWD,Silver,53260,A,3
NV101653,Ford,F-150,Base,2023,Truck,Gas,4WD,Black,62410,B,3
NV101654,BMW,3 Series,Base,2024,Sedan,Gas,FWD,Brown,45130,B,2
NV101655,Toyota,Camry,Sport,2017,Sedan,Gas,FWD,Green,122400,D,7
NV101656,Honda,CR-V,Sport,2021,SUV,Gas,FWD,Black,80230,B,4
NV101657,Toyota,Corolla,Touring,2022,Sedan,Gas,FWD,Brown,43680,B,2
NV101658,BMW,3 Series,Sport,2016,Sedan,Gas,FWD,Grey,207170,D,10
NV101659,Honda,CR-V,Sport,2023,SUV,Gas,AWD,Brown,79570,A,3
NV101660,Honda,CR-V,Touring,2024,SUV,Gas,AWD,Blue,27470,B,1
NV101661,Kia,Sportage,Base,2019,SUV,Gas,FWD,Black,99750,C,6
NV101662,Volkswagen,Tiguan,Touring,2024,SUV,Gas,AWD,Red,21680,A,1
NV101663,Kia,Sportage,Sport,2021,SUV,Gas,AWD,Blue,70950,B,5
NV101664,Toyota,RAV4,Base,2020,SUV,Gas,AWD,Brown,63440,B,5
NV101665,Honda,CR-V Hybrid,Sport,2018,SUV,Hybrid,AWD,Green,130300,C,7
NV101666,Mazda,CX-5,Sport,2022,SUV,Gas,AWD,Green,95120,B,4
NV101667,Hyundai,Tucson,Sport,2020,SUV,Gas,AWD,Brown,77060,B,4
NV101668,Toyota,Tacoma,Sport,2019,Truck,Gas,4WD,Grey,80360,B,6
NV101669,Honda,Civic,Sport,2022,Sedan,Gas,FWD,Brown,71770,B,4
NV101670,Honda,Accord,Limited,2022,Sedan,Gas,FWD,White,46260,B,3
NV101671,Toyota,RAV4,Touring,2023,SUV,Gas,FWD,Green,40330,B,3
NV101672,Mazda,CX-5,Base,2020,SUV,Gas,AWD,White,60000,B,4
NV101673,Nissan,Rogue,Touring,2019,SUV,Gas,AWD,Blue,100980,B,5
NV101674,Toyota,Camry,Base,2018,Sedan,Gas,FWD,Blue,119490,C,7
NV101675,Chevrolet,Silverado 1500,,2023,Truck,Gas,4WD,Blue,42770,A,3
NV101676,Honda,Civic,Touring,2022,Sedan,Gas,FWD,Red,76630,C,3
NV101677,Honda,CR-V,Limited,2017,SUV,Gas,AWD,Green,104040,B,7
NV101678,Kia,Sportage,Touring,2016,SUV,Gas,FWD,Black,178580,C,9
NV101679,Toyota,Camry,Limited,2020,Sedan,Gas,FWD,Black,126620,D,6
NV101680,Honda,CR-V,Limited,2019,SUV,Gas,FWD,White,90600,B,6
NV101681,Chevrolet,Equinox,Sport,2020,SUV,Gas,AWD,Grey,72470,C,6
NV101682,Honda,Odyssey,Sport,2021,Minivan,Gas,FWD,Black,60410,B,4
NV101683,Ram,1500,Sport,2020,Truck,Gas,4WD,White,95230,C,5
NV101684,Honda,CR-V,Touring,2020,SUV,Gas,AWD,White,63320,B,4
NV101685,Honda,CR-V,Touring,2021,SUV,Gas,AWD,Blue,76710,B,4
NV101686,Hyundai,Ioniq 5,Limited,2023,SUV,Electric,FWD,Black,62070,A,3
NV101687,Chevrolet,Equinox,Limited,2022,SUV,Gas,AWD,Red,50240,B,2
NV101688,Chevrolet,Silverado 1500,Base,2022,Truck,Gas,4WD,Silver,33190,B,2
NV101689,Honda,CR-V,Sport,2025,SUV,Gas,AWD,Brown,4850,A,0
NV101690,Toyota,Camry,Sport,2022,Sedan,Gas,FWD,White,79320,B,4
NV101691,Honda,CR-V Hybrid,Limited,2019,SUV,Hybrid,AWD,Grey,97770,C,6
NV101692,Honda,Accord,Limited,2024,Sedan,Gas,FWD,Silver,21570,A,1
NV101693,Toyota,Camry,Sport,2022,Sedan,Gas,FWD,Silver,59170,B,3
NV101694,Toyota,Camry,Limited,2022,Sedan,Gas,FWD,Red,47020,C,3
NV101695,Ford,Escape,Limited,2024,SUV,Gas,AWD,Red,21010,B,1
NV101696,Honda,CR-V,Sport,2024,SUV,Gas,FWD,Black,39670,B,2
NV101697,Jeep,Wrangler,Base,2020,SUV,Gas,FWD,Blue,87830,A,5
NV101698,Hyundai,Ioniq 5,Limited,2018,SUV,Electric,AWD,White,102330,C,6
NV101699,Toyota,RAV4,Base,2022,SUV,Gas,AWD,Red,51620,B,3
NV101700,Ford,F-150,Limited,2023,Truck,Gas,4WD,Brown,22160,A,1
NV101701,Toyota,Camry,Limited,2019,Sedan,Gas,FWD,Grey,122040,C,7
NV101702,Honda,Accord,Sport,2019,Sedan,Gas,FWD,Blue,143430,B,7
NV101703,Honda,Odyssey,Base,2017,Minivan,Gas,FWD,Silver,143980,B,8
NV101704,Toyota,RAV4,Limited,2021,SUV,Gas,AWD,Red,57670,A,3
NV101705,Subaru,Outback,Base,2025,Wagon,Gas,AWD,Grey,15970,B,1
NV101706,Honda,CR-V,Touring,2018,SUV,Gas,AWD,Red,78320,B,6
NV101707,Mazda,CX-5,Base,2023,SUV,Gas,AWD,Grey,36940,B,2
NV101708,Honda,CR-V,Touring,2022,SUV,Gas,FWD,Grey,59420,B,4
NV101709,Kia,Forte,Base,2020,Sedan,Gas,FWD,Grey,88240,A,6
NV101710,Nissan,Rogue,Limited,2023,SUV,Gas,AWD,Black,47620,A,3
NV101711,Toyota,Camry,Touring,2025,Sedan,Gas,FWD,Green,20480,A,1
NV101712,Honda,Accord,Touring,2024,Sedan,Gas,FWD,Grey,20990,A,1
NV101713,Hyundai,Elantra,Limited,2022,Sedan,Gas,FWD,Silver,53180,A,3
NV101714,Toyota,RAV4 Hybrid,Limited,2019,SUV,Hybrid,FWD,Blue,97900,B,5
NV101715,Kia,Forte,Touring,2025,Sedan,Gas,FWD,Silver,27880,A,1
NV101716,BMW,3 Series,Base,2022,Sedan,Gas,FWD,Blue,48040,A,3
NV101717,Chevrolet,Equinox,Base,2024,SUV,Gas,AWD,Grey,45500,B,2
NV101718,Hyundai,Elantra,Base,2018,Sedan,Gas,FWD,Grey,140210,C,8
NV101719,Toyota,Camry,Touring,2022,Sedan,Gas,FWD,White,64100,B,3
NV101720,Toyota,Corolla,Touring,2025,Sedan,Gas,FWD,Silver,7220,B,0
NV101721,Volkswagen,Tiguan,Base,2016,SUV,Gas,AWD,White,170810,D,10
NV101722,Ford,Escape,Sport,2021,SUV,Gas,AWD,Blue,72870,A,4
NV101723,Chevrolet,Silverado 1500,Sport,2015,Truck,Gas,4WD,White,211600,D,10
NV101724,Hyundai,Tucson,Limited,2019,SUV,Gas,AWD,White,137640,C,6
NV101725,Toyota,RAV4,Sport,2019,SUV,Gas,AWD,White,100820,B,6
NV101726,Kia,Sportage,Limited,2022,SUV,Gas,FWD,Green,64440,A,4
NV101727,Hyundai,Elantra,Touring,2021,Sedan,Gas,FWD,Silver,84470,A,5
NV101728,Toyota,RAV4,Base,2022,SUV,Gas,AWD,White,46080,B,4
NV101729,Honda,Civic,Sport,2020,Sedan,Gas,FWD,Red,81370,B,5
NV101730,Mazda,Mazda3,Base,2021,Hatchback,Gas,FWD,Black,91770,B,4
NV101731,Toyota,Corolla,Limited,2019,Sedan,Gas,FWD,Grey,129490,C,7
NV101732,Honda,CR-V,Sport,2021,SUV,Gas,AWD,Blue,66260,B,4
NV101733,Toyota,Tacoma,Touring,2024,Truck,Gas,4WD,Silver,19100,A,1
NV101734,Ford,Escape,Sport,2020,SUV,Gas,FWD,Brown,69540,B,4
NV101735,Honda,Civic,Sport,2025,Sedan,Gas,FWD,Grey,8810,A,0
NV101736,Mazda,CX-5,Limited,2023,SUV,Gas,AWD,Silver,67370,B,3
NV101737,Honda,Civic,Touring,2024,Sedan,Gas,FWD,Silver,8750,B,0
NV101738,Honda,Accord,Base,2022,Sedan,Gas,FWD,Silver,81130,B,4
NV101739,Toyota,Corolla,Limited,2023,Sedan,Gas,FWD,White,14920,A,1
NV101740,Honda,Accord,Touring,2021,Sedan,Gas,FWD,Red,64280,B,5
NV101741,BMW,3 Series,Base,2021,Sedan,Gas,FWD,Blue,80950,B,5
NV101742,Ford,Escape,Limited,2020,SUV,Gas,AWD,Silver,102940,A,5
NV101743,Ford,F-150,Sport,2023,Truck,Gas,4WD,Blue,39660,A,2
NV101744,Chevrolet,Equinox,Base,2019,SUV,Gas,FWD,Blue,119310,B,6
NV101745,Toyota,RAV4,Sport,2024,SUV,Gas,AWD,Blue,5390,A,0
NV101746,Chevrolet,Silverado 1500,Touring,2023,Truck,Gas,4WD,Silver,26030,A,1
NV101747,Chevrolet,Silverado 1500,Sport,2023,Truck,Gas,4WD,Blue,40970,A,2
NV101748,Mazda,Mazda3,Touring,2019,Hatchback,Gas,FWD,Red,165380,C,7
NV101749,Subaru,Outback,Touring,2024,Wagon,Gas,FWD,White,49010,B,2
NV101750,Toyota,RAV4,Limited,2021,SUV,Gas,AWD,Blue,80770,B,5
NV101751,Toyota,RAV4 Hybrid,Base,2021,SUV,Hybrid,AWD,White,70520,C,4
NV101752,Subaru,Outback,Sport,2023,Wagon,Gas,FWD,Black,41520,A,2
NV101753,Honda,Accord,Touring,2016,Sedan,Gas,FWD,Black,159440,D,8
NV101754,Jeep,Wrangler,Touring,2021,SUV,Gas,FWD,White,84180,C,5
NV101755,Hyundai,Tucson,Sport,2021,SUV,Gas,AWD,Silver,62660,B,3
NV101756,Honda,Odyssey,Sport,2018,Minivan,Gas,FWD,Brown,168800,D,8
NV101757,Chevrolet,Equinox,Limited,2023,SUV,Gas,AWD,Blue,61780,B,3
NV101758,Hyundai,Tucson,Base,2020,SUV,Gas,FWD,Brown,73620,B,5
NV101759,Toyota,Camry,Limited,2016,Sedan,Gas,FWD,White,138240,D,10
NV101760,Honda,Accord,Touring,2019,Sedan,Gas,FWD,Silver,116670,C,7
NV101761,Toyota,Tacoma,Sport,2024,Truck,Gas,4WD,Blue,33490,B,2
NV101762,Subaru,Outback,Base,2019,Wagon,Gas,AWD,Grey,147130,D,7
NV101763,Nissan,Rogue,Touring,2021,SUV,Gas,FWD,Green,101130,B,5
NV101764,Toyota,Corolla,Base,2018,Sedan,Gas,FWD,Blue,151540,C,6
NV101765,Honda,Civic,Base,2017,Sedan,Gas,FWD,Red,126440,C,9
NV101766,Chevrolet,Equinox,Sport,2023,SUV,Gas,FWD,Red,50540,B,3
NV101767,Toyota,RAV4,Sport,2022,SUV,Gas,AWD,Green,77150,A,4
NV101768,Toyota,RAV4,Sport,2022,SUV,Gas,AWD,Green,26850,A,3
NV101769,Toyota,Camry,Touring,2025,Sedan,Gas,FWD,Silver,22990,A,1
NV101770,Jeep,Wrangler,Base,2022,SUV,Gas,AWD,Grey,59040,B,4
NV101771,Hyundai,Tucson,Base,2018,SUV,Gas,FWD,Red,141350,C,6
NV101772,Toyota,Camry,Base,2021,Sedan,Gas,FWD,Grey,69870,A,4
NV101773,Toyota,Tacoma,Sport,2022,Truck,Gas,4WD,Blue,51660,B,3
NV101774,Toyota,Corolla,Sport,2020,Sedan,Gas,FWD,Grey,64120,C,5
NV101775,Kia,Sportage,Sport,2025,SUV,Gas,AWD,White,29280,B,1
NV101776,Toyota,Camry,Base,2024,Sedan,Gas,FWD,Brown,29510,A,2
NV101777,Mazda,CX-5,Sport,2021,SUV,Gas,FWD,Red,45500,B,3
NV101778,Ram,1500,Limited,2020,Truck,Gas,4WD,Blue,68900,A,4
NV101779,Mazda,CX-5,Limited,2022,SUV,Gas,FWD,White,68430,B,4
NV101780,Honda,CR-V,Base,2021,SUV,Gas,AWD,White,76300,A,4
NV101781,Toyota,Corolla,Limited,2019,Sedan,Gas,FWD,Black,86580,A,5
NV101782,Honda,CR-V,Limited,2021,SUV,Gas,AWD,Blue,79810,B,4
NV101783,Hyundai,Tucson,Base,2023,SUV,Gas,FWD,Grey,64220,A,3
NV101784,Toyota,Tacoma,Limited,2022,Truck,Gas,4WD,Grey,95620,A,4
NV101785,Toyota,RAV4,Base,2022,SUV,Gas,AWD,Red,39570,A,2
NV101786,Chevrolet,Silverado 1500,Limited,2019,Truck,Gas,4WD,Black,48260,C,5
NV101787,Kia,Sportage,Sport,2023,SUV,Gas,AWD,Blue,49620,B,3
NV101788,Ford,F-150,,2019,Truck,Gas,4WD,Green,127620,C,6
NV101789,Honda,Civic,Limited,2019,Sedan,Gas,FWD,Black,99000,C,6
NV101790,Toyota,Tacoma,Sport,2022,Truck,Gas,4WD,Blue,68060,A,4
NV101791,Mazda,CX-5,Touring,2022,SUV,Gas,AWD,Silver,56580,B,3
NV101792,Honda,Accord,Touring,2018,Sedan,Gas,FWD,Grey,134570,B,6
NV101793,Honda,CR-V,Sport,2023,SUV,Gas,AWD,White,36900,B,2
NV101794,Nissan,Rogue,Limited,2022,SUV,Gas,FWD,Silver,38390,B,2
NV101795,Ram,1500,Sport,2020,Truck,Gas,4WD,Green,86730,B,5
NV101796,Chevrolet,Silverado 1500,Base,2018,Truck,Gas,4WD,Silver,138540,C,7
NV101797,Subaru,Outback,Limited,2019,Wagon,Gas,AWD,Blue,114630,C,5
NV101798,Kia,Forte,Sport,2021,Sedan,Gas,FWD,Blue,77560,B,3
NV101799,Honda,CR-V,Base,2020,SUV,Gas,FWD,Blue,113870,C,6
NV101800,Nissan,Rogue,Sport,2018,SUV,Gas,FWD,Silver,84410,B,6
NV101801,Ford,Escape,Base,2021,SUV,Gas,FWD,Red,95200,B,5
NV101802,Toyota,Corolla,Sport,2020,Sedan,Gas,FWD,Red,46090,C,6
NV101803,Ram,1500,Limited,2023,Truck,Gas,4WD,Blue,26460,A,3
NV101804,Jeep,Wrangler,Base,2023,SUV,Gas,FWD,White,45680,A,3
NV101805,Honda,Civic,Sport,2023,Sedan,Gas,FWD,Green,21240,A,1
NV101806,Hyundai,Tucson,Limited,2016,SUV,Gas,FWD,Black,112340,D,8
NV101807,Honda,Accord,Base,2017,Sedan,Gas,FWD,Brown,177750,C,8
NV101808,Hyundai,Elantra,Limited,2021,Sedan,Gas,FWD,Brown,97340,B,4
NV101809,Honda,CR-V,Sport,2020,SUV,Gas,AWD,Green,124340,C,6
NV101810,Toyota,Corolla,Sport,2022,Sedan,Gas,FWD,Silver,35170,A,2
NV101811,Jeep,Wrangler,Touring,2021,SUV,Gas,AWD,Brown,66980,A,4
NV101812,Ford,F-150,Limited,2021,Truck,Gas,4WD,Silver,75920,B,4
NV101813,BMW,3 Series,Base,2019,Sedan,Gas,FWD,Brown,144020,B,6
NV101814,Ford,F-150,Base,2018,Truck,Gas,4WD,Grey,95270,C,8
NV101815,Honda,CR-V Hybrid,Base,2020,SUV,Hybrid,FWD,Grey,96160,C,6
NV101816,Chevrolet,Silverado 1500,Base,2018,Truck,Gas,4WD,Green,131800,C,7
NV101817,Honda,CR-V,Sport,2023,SUV,Gas,FWD,Grey,61210,B,3
NV101818,BMW,3 Series,Touring,2017,Sedan,Gas,FWD,Grey,97880,B,7
NV101819,Honda,Civic,Sport,2020,Sedan,Gas,FWD,Blue,69870,A,4
NV101820,Honda,Accord,Base,2020,Sedan,Gas,FWD,Green,109560,C,6
NV101821,Ford,F-150,Sport,2019,Truck,Gas,4WD,Red,91830,C,6
NV101822,Honda,CR-V,Sport,2020,SUV,Gas,AWD,Red,86520,B,4
NV101823,Honda,Odyssey,Sport,2022,Minivan,Gas,FWD,Red,67740,B,4
NV101824,Honda,Civic,Sport,2021,Sedan,Gas,FWD,Silver,70940,A,3
NV101825,Toyota,RAV4,Touring,2020,SUV,Gas,AWD,Black,90570,B,5
NV101826,Kia,Forte,Sport,2023,Sedan,Gas,FWD,Silver,28950,A,1
NV101827,Kia,Sportage,Touring,2021,SUV,Gas,AWD,Grey,64020,C,4
NV101828,Honda,Civic,Sport,2015,Sedan,Gas,FWD,Silver,209560,D,11
NV101829,Honda,Civic,Base,2021,Sedan,Gas,FWD,Red,43020,A,4
NV101830,Toyota,RAV4,,2024,SUV,Gas,FWD,Red,21600,B,1
NV101831,Honda,CR-V,Touring,2021,SUV,Gas,AWD,Brown,74580,A,5
NV101832,Ford,Escape,Sport,2016,SUV,Gas,AWD,Blue,194580,D,9
NV101833,Hyundai,Tucson,Base,2022,SUV,Gas,FWD,Silver,81590,A,4
NV101834,Toyota,Camry,Touring,2021,Sedan,Gas,FWD,Blue,61330,B,3
NV101835,Toyota,Corolla,Touring,2018,Sedan,Gas,FWD,Blue,74930,C,6
NV101836,Hyundai,Tucson,Sport,2022,SUV,Gas,AWD,White,56650,B,3
NV101837,Hyundai,Tucson,Sport,2022,SUV,Gas,AWD,Grey,72820,C,4
NV101838,Hyundai,Tucson,Touring,2023,SUV,Gas,AWD,Red,29530,A,2
NV101839,Kia,Forte,Base,2020,Sedan,Gas,FWD,Green,110680,B,6
NV101840,Honda,Civic,Touring,2024,Sedan,Gas,FWD,Green,44680,A,2
NV101841,Honda,Civic,Base,2021,Sedan,Gas,FWD,Brown,70840,A,4
NV101842,Honda,CR-V Hybrid,Sport,2022,SUV,Hybrid,AWD,Green,69910,B,3
NV101843,Mazda,CX-5,Touring,2023,SUV,Gas,AWD,Black,40840,B,2
NV101844,Toyota,RAV4,Limited,2024,SUV,Gas,AWD,Black,39790,A,2
NV101845,Ford,F-150,Touring,2023,Truck,Gas,4WD,Blue,50430,A,3
NV101846,Chevrolet,Silverado 1500,Sport,2024,Truck,Gas,4WD,Silver,28670,B,1
NV101847,Honda,Civic,Sport,2018,Sedan,Gas,FWD,White,97310,C,8
NV101848,Toyota,RAV4,Base,2019,SUV,Gas,AWD,Blue,141510,D,7
NV101849,Ford,F-150,Touring,2021,Truck,Gas,4WD,Blue,54100,B,3
NV101850,Mazda,CX-5,Touring,2022,SUV,Gas,FWD,Blue,63200,B,4
NV101851,Ford,Escape,Base,2020,SUV,Gas,AWD,Grey,104100,C,6
NV101852,Toyota,Corolla,Touring,2023,Sedan,Gas,FWD,White,44610,B,3
NV101853,Kia,Sportage,Sport,2017,SUV,Gas,FWD,White,163420,C,7
NV101854,Honda,Civic,Base,2022,Sedan,Gas,FWD,Red,44910,A,3
NV101855,Toyota,RAV4,Base,2018,SUV,Gas,AWD,Red,159080,C,6
NV101856,Mazda,CX-5,Touring,2021,SUV,Gas,FWD,Grey,54850,B,3
NV101857,Hyundai,Elantra,Sport,2025,Sedan,Gas,FWD,Blue,16280,B,1
NV101858,Chevrolet,Equinox,Base,2019,SUV,Gas,AWD,Green,100460,C,7
NV101859,Honda,Civic,Base,2021,Sedan,Gas,FWD,Brown,63220,A,4
NV101860,Honda,Accord,Sport,2025,Sedan,Gas,FWD,Black,7320,A,0
NV101861,Honda,CR-V,Limited,2022,SUV,Gas,AWD,Black,34910,B,3
NV101862,Hyundai,Tucson,Base,2015,SUV,Gas,AWD,Brown,159560,C,10
NV101863,Hyundai,Tucson,Sport,2020,SUV,Gas,AWD,Green,154890,B,6
NV101864,Toyota,RAV4,Limited,2024,SUV,Gas,AWD,Blue,15290,A,1
NV101865,Tesla,Model 3,Touring,2016,Sedan,Electric,FWD,Green,164430,D,10
NV101866,Chevrolet,Equinox,Base,2018,SUV,Gas,FWD,Blue,138490,C,7
NV101867,Nissan,Rogue,Touring,2023,SUV,Gas,FWD,White,59010,B,3
NV101868,Hyundai,Tucson,Base,2024,SUV,Gas,FWD,Blue,47510,A,2
NV101869,Honda,Civic,Base,2019,Sedan,Gas,FWD,Grey,98910,D,7
NV101870,Ford,F-150,Base,2015,Truck,Gas,4WD,Silver,181470,D,10
NV101871,BMW,3 Series,Limited,2015,Sedan,Gas,FWD,Grey,178190,D,10
NV101872,Ford,Escape,Sport,2022,SUV,Gas,AWD,Brown,70830,B,4
NV101873,Toyota,RAV4 Hybrid,Base,2020,SUV,Hybrid,FWD,Red,54340,B,5
NV101874,Chevrolet,Silverado 1500,Base,2017,Truck,Gas,4WD,Red,128320,C,7
NV101875,Hyundai,Tucson,Sport,2019,SUV,Gas,AWD,Brown,120960,B,5
NV101876,Toyota,RAV4,Sport,2019,SUV,Gas,AWD,Green,111150,B,6
NV101877,Honda,CR-V,Touring,2024,SUV,Gas,AWD,Brown,29450,B,2
NV101878,Subaru,Outback,Sport,2023,Wagon,Gas,FWD,Grey,79920,B,3
NV101879,Hyundai,Tucson,Sport,2021,SUV,Gas,AWD,Grey,76950,B,4
NV101880,Ford,Escape,Touring,2022,SUV,Gas,AWD,Green,40450,A,2
NV101881,Honda,Odyssey,Touring,2024,Minivan,Gas,FWD,Silver,41150,B,2
NV101882,Toyota,RAV4,Touring,2021,SUV,Gas,AWD,Black,38240,B,5
NV101883,Mazda,CX-5,Base,2021,SUV,Gas,FWD,Silver,91390,B,5
NV101884,Honda,CR-V,Sport,2019,SUV,Gas,AWD,Silver,136410,D,7
NV101885,Toyota,Corolla,Touring,2017,Sedan,Gas,FWD,Brown,218310,D,9
NV101886,Ford,F-150,Limited,2016,Truck,Gas,4WD,Silver,215890,C,10
NV101887,Mazda,CX-5,Base,2021,SUV,Gas,FWD,Green,83550,B,4
NV101888,Honda,CR-V,Base,2022,SUV,Gas,FWD,Black,44170,A,3
NV101889,Toyota,RAV4,Sport,2021,SUV,Gas,AWD,Red,72840,A,4
NV101890,Chevrolet,Equinox,Base,2022,SUV,Gas,FWD,White,47900,A,3
NV101891,Ford,F-150,Touring,2023,Truck,Gas,4WD,Green,31200,A,2
NV101892,Toyota,Corolla,Base,2022,Sedan,Gas,FWD,Blue,86470,B,4
NV101893,Chevrolet,Silverado 1500,Touring,2024,Truck,Gas,4WD,Red,22840,B,1
NV101894,Honda,Civic,Sport,2021,Sedan,Gas,FWD,Black,57850,B,3
NV101895,Chevrolet,Silverado 1500,Touring,2021,Truck,Gas,4WD,Red,64560,B,5
NV101896,Nissan,Rogue,Sport,2017,SUV,Gas,FWD,Brown,131140,C,7
NV101897,Toyota,Corolla,Base,2022,Sedan,Gas,FWD,Black,46720,B,2
NV101898,Hyundai,Tucson,Base,2025,SUV,Gas,AWD,Black,6720,A,0
NV101899,Chevrolet,Silverado 1500,Limited,2019,Truck,Gas,4WD,Silver,100370,C,6
NV101900,Tesla,Model 3,Base,2019,Sedan,Electric,FWD,Silver,94010,A,5
NV101901,Mazda,Mazda3,Sport,2021,Hatchback,Gas,FWD,White,56800,A,3
NV101902,Mazda,Mazda3,Base,2023,Hatchback,Gas,FWD,Grey,48220,A,2
NV101903,Tesla,Model 3,Sport,2024,Sedan,Electric,FWD,Brown,24650,A,1
NV101904,Toyota,Corolla,Sport,2023,Sedan,Gas,FWD,Silver,47860,A,2
NV101905,Mazda,CX-5,Base,2016,SUV,Gas,AWD,Black,184960,B,8
NV101906,Ford,F-150,Sport,2021,Truck,Gas,4WD,Silver,62300,A,4
NV101907,Honda,Civic,Limited,2019,Sedan,Gas,FWD,Green,126840,C,7
NV101908,Kia,Forte,Base,2024,Sedan,Gas,FWD,Grey,19480,A,1
NV101909,Hyundai,Tucson,Base,2021,SUV,Gas,AWD,Red,88130,C,4
NV101910,Toyota,RAV4,Limited,2018,SUV,Gas,AWD,White,122320,D,8
NV101911,Honda,Civic,Limited,2023,Sedan,Gas,FWD,Grey,39360,B,2
NV101912,Toyota,RAV4,Limited,2021,SUV,Gas,FWD,Silver,53240,B,4
NV101913,Ford,F-150,Limited,2023,Truck,Gas,4WD,Brown,57410,A,3
NV101914,Volkswagen,Tiguan,Base,2023,SUV,Gas,AWD,Grey,42730,B,2
NV101915,Toyota,Camry,Sport,2015,Sedan,Gas,FWD,Silver,184400,D,10
NV101916,Volkswagen,Tiguan,Limited,2021,SUV,Gas,FWD,Red,71580,A,4
NV101917,Honda,CR-V,Sport,2020,SUV,Gas,FWD,Green,99910,B,6
NV101918,Toyota,RAV4,Sport,2018,SUV,Gas,AWD,Grey,134870,A,6
NV101919,Honda,CR-V Hybrid,Sport,2019,SUV,Hybrid,FWD,Grey,94950,B,6
NV101920,Honda,Odyssey,Touring,2023,Minivan,Gas,FWD,Blue,33910,B,2
NV101921,Nissan,Rogue,Limited,2024,SUV,Gas,FWD,Green,6070,B,0
NV101922,Kia,Forte,Base,2024,Sedan,Gas,FWD,Brown,5040,A,0
NV101923,Toyota,RAV4 Hybrid,Base,2023,SUV,Hybrid,AWD,Brown,28780,B,2
NV101924,Toyota,Tacoma,Sport,2022,Truck,Gas,4WD,Brown,34220,B,2
NV101925,Ford,F-150,Base,2016,Truck,Gas,4WD,Red,134450,B,9
NV101926,Hyundai,Tucson,Sport,2021,SUV,Gas,AWD,Black,77550,A,5
NV101927,Mazda,CX-5,Base,2020,SUV,Gas,FWD,Brown,134700,A,6
NV101928,Toyota,Corolla,Limited,2022,Sedan,Gas,FWD,White,41140,A,2
NV101929,Kia,Forte,Limited,2021,Sedan,Gas,FWD,Silver,97370,B,5
NV101930,Honda,CR-V Hybrid,Base,2018,SUV,Hybrid,AWD,Brown,92600,C,6
NV101931,Toyota,RAV4,Limited,2021,SUV,Gas,AWD,Green,54640,B,3
NV101932,Honda,Civic,Touring,2017,Sedan,Gas,FWD,White,126880,C,8
NV101933,Kia,Forte,Touring,2018,Sedan,Gas,FWD,Blue,72660,B,7
NV101934,Kia,Forte,Base,2019,Sedan,Gas,FWD,White,108300,C,7
NV101935,Honda,CR-V,Base,2024,SUV,Gas,FWD,White,16110,B,1
NV101936,Hyundai,Tucson,Limited,2016,SUV,Gas,FWD,Black,241550,D,10
NV101937,Honda,CR-V Hybrid,Sport,2025,SUV,Hybrid,AWD,Silver,19140,A,1
NV101938,Hyundai,Tucson,Base,2023,SUV,Gas,AWD,Grey,28440,A,1
NV101939,Chevrolet,Silverado 1500,Touring,2024,Truck,Gas,4WD,Brown,23680,A,1
NV101940,Mazda,CX-5,Touring,2022,SUV,Gas,FWD,Black,49660,B,3
NV101941,Honda,Odyssey,Sport,2021,Minivan,Gas,FWD,Green,66750,B,4
NV101942,Toyota,Camry,Touring,2023,Sedan,Gas,FWD,Green,20540,A,1
NV101943,Toyota,Tacoma,Touring,2025,Truck,Gas,4WD,Brown,4840,B,0
NV101944,Ford,Escape,Base,2023,SUV,Gas,AWD,Black,65760,C,3
NV101945,Honda,CR-V,Touring,2016,SUV,Gas,AWD,Brown,155000,B,9
NV101946,Ford,F-150,Base,2020,Truck,Gas,4WD,White,64510,B,4
NV101947,Toyota,Corolla,Sport,2024,Sedan,Gas,FWD,Green,8140,A,0
NV101948,Toyota,Corolla,Limited,2020,Sedan,Gas,FWD,Black,60390,B,6
NV101949,Nissan,Rogue,Base,2016,SUV,Gas,AWD,Brown,178280,C,8
NV101950,Mazda,Mazda3,Touring,2021,Hatchback,Gas,FWD,Blue,97130,B,4
NV101951,Toyota,Corolla,Limited,2015,Sedan,Gas,FWD,Silver,171020,D,10
NV101952,Subaru,Outback,Touring,2021,Wagon,Gas,AWD,Brown,60270,A,5
NV101953,Nissan,Rogue,Touring,2019,SUV,Gas,AWD,Green,101390,A,6
NV101954,Kia,Sportage,Base,2021,SUV,Gas,FWD,Blue,92230,A,4
NV101955,Honda,Civic,Sport,2019,Sedan,Gas,FWD,Silver,119050,C,5
NV101956,Toyota,Tacoma,Sport,2021,Truck,Gas,4WD,Red,106390,B,5
NV101957,Honda,Civic,Base,2022,Sedan,Gas,FWD,Black,57670,A,3
NV101958,Ford,F-150,Limited,2017,Truck,Gas,4WD,Grey,134820,C,9
NV101959,Toyota,Camry,Base,2019,Sedan,Gas,FWD,Silver,93800,A,6
NV101960,Ford,Escape,Base,2017,SUV,Gas,FWD,White,137880,C,7
NV101961,Ram,1500,Sport,2025,Truck,Gas,4WD,Red,5310,A,0
NV101962,Ford,Escape,Base,2018,SUV,Gas,FWD,Black,92770,B,6
NV101963,Toyota,RAV4 Hybrid,Limited,2024,SUV,Hybrid,AWD,Silver,5440,A,0
NV101964,Honda,CR-V,Sport,2015,SUV,Gas,AWD,White,221840,D,11
NV101965,Toyota,Corolla,Sport,2021,Sedan,Gas,FWD,Green,67110,B,4
NV101966,Kia,Forte,Limited,2022,Sedan,Gas,FWD,Red,74650,A,3
NV101967,Honda,CR-V,Sport,2017,SUV,Gas,FWD,White,166750,D,8
NV101968,Honda,CR-V,Limited,2018,SUV,Gas,AWD,Green,95360,B,8
NV101969,Toyota,RAV4,Limited,2022,SUV,Gas,AWD,Grey,44850,A,2
NV101970,Mazda,CX-5,Base,2019,SUV,Gas,AWD,White,157410,B,7
NV101971,Ford,F-150,Base,2018,Truck,Gas,4WD,Silver,154210,D,7
NV101972,Kia,Sportage,Sport,2022,SUV,Gas,AWD,Brown,65140,B,3
NV101973,Toyota,Corolla,Touring,2015,Sedan,Gas,FWD,Red,122440,C,10
NV101974,Ford,F-150,Touring,2020,Truck,Gas,4WD,Blue,51410,B,5
NV101975,Jeep,Wrangler,Touring,2018,SUV,Gas,AWD,Grey,168530,D,8
NV101976,Subaru,Outback,Touring,2021,Wagon,Gas,FWD,Silver,125110,B,5
NV101977,Ram,1500,Base,2023,Truck,Gas,4WD,Black,22770,B,1
NV101978,Volkswagen,Tiguan,Base,2019,SUV,Gas,AWD,Red,74970,B,5
NV101979,Ford,F-150,Sport,2020,Truck,Gas,4WD,Silver,88450,B,5
NV101980,Toyota,Camry,Limited,2020,Sedan,Gas,FWD,Blue,62220,B,5
NV101981,BMW,3 Series,Base,2020,Sedan,Gas,FWD,Green,56050,B,4
NV101982,Toyota,Tacoma,Limited,2020,Truck,Gas,4WD,Brown,135990,C,6
NV101983,Honda,Civic,Sport,2024,Sedan,Gas,FWD,Silver,22020,A,2
NV101984,Jeep,Wrangler,Base,2023,SUV,Gas,AWD,Grey,39440,A,2
NV101985,BMW,3 Series,Touring,2023,Sedan,Gas,FWD,Grey,50340,B,2
NV101986,Honda,CR-V,Limited,2022,SUV,Gas,FWD,Silver,48740,A,4
NV101987,Jeep,Wrangler,Touring,2019,SUV,Gas,AWD,Blue,157140,C,7
NV101988,Toyota,Corolla,Base,2023,Sedan,Gas,FWD,Green,50790,C,3
NV101989,Honda,CR-V,Sport,2020,SUV,Gas,FWD,Silver,46930,A,4
NV101990,Toyota,RAV4,Limited,2024,SUV,Gas,AWD,White,29950,B,1
NV101991,Ford,F-150,Base,2019,Truck,Gas,4WD,Red,82810,D,6
NV101992,Toyota,RAV4,Touring,2024,SUV,Gas,FWD,Grey,20660,B,1
NV101993,Kia,Sportage,Limited,2019,SUV,Gas,AWD,White,101370,C,6
NV101994,Honda,Odyssey,Limited,2023,Minivan,Gas,FWD,Brown,36580,A,2
NV101995,Honda,CR-V,Limited,2024,SUV,Gas,FWD,Silver,4120,B,0
NV101996,Ford,Escape,Touring,2021,SUV,Gas,AWD,Green,55270,B,3
NV101997,Mazda,CX-5,Sport,2022,SUV,Gas,AWD,White,56140,B,2
NV101998,Honda,Civic,Base,2016,Sedan,Gas,FWD,Brown,122880,B,9
NV101999,Toyota,Tacoma,Limited,2020,Truck,Gas,4WD,Green,75520,B,5
NV102000,Nissan,Rogue,Sport,2020,SUV,Gas,FWD,White,83420,B,6
NV102001,Mazda,Mazda3,Limited,2025,Hatchback,Gas,FWD,Blue,20500,B,1
NV102002,Ram,1500,Touring,2022,Truck,Gas,4WD,Silver,39930,B,3
NV102003,Toyota,Camry,Limited,2018,Sedan,Gas,FWD,Blue,129490,D,7
NV102004,Ram,1500,Sport,2021,Truck,Gas,4WD,Black,88020,A,5
NV102005,Tesla,Model 3,Base,2017,Sedan,Electric,FWD,Black,167550,C,9
NV102006,Subaru,Outback,Touring,2024,Wagon,Gas,FWD,Grey,39640,A,2
NV102007,Honda,Accord,Sport,2020,Sedan,Gas,FWD,Blue,74520,D,6
NV102008,Chevrolet,Silverado 1500,Limited,2023,Truck,Gas,4WD,Brown,35270,B,2
NV102009,Hyundai,Tucson,Base,2021,SUV,Gas,FWD,Silver,66840,B,5
NV102010,Chevrolet,Equinox,Limited,2022,SUV,Gas,AWD,Blue,30240,A,2
NV102011,Honda,CR-V,Sport,2024,SUV,Gas,AWD,Black,15540,A,1
NV102012,Ford,Escape,Limited,2019,SUV,Gas,AWD,Blue,87570,C,6
NV102013,Toyota,Corolla,Base,2018,Sedan,Gas,FWD,Grey,100070,B,6
NV102014,Honda,CR-V,Base,2018,SUV,Gas,FWD,Brown,126230,A,8
NV102015,Honda,Accord,Limited,2023,Sedan,Gas,FWD,Silver,50980,A,3
NV102016,Toyota,Corolla,Touring,2019,Sedan,Gas,FWD,Silver,128130,D,7
NV102017,Honda,CR-V,Base,2016,SUV,Gas,AWD,Red,161970,C,9
NV102018,Ford,F-150,Touring,2017,Truck,Gas,4WD,Blue,166490,D,9
NV102019,Ford,F-150,Base,2024,Truck,Gas,4WD,White,8390,A,0
NV102020,Nissan,Rogue,Limited,2020,SUV,Gas,AWD,Brown,37370,B,4
NV102021,Subaru,Outback,Touring,2018,Wagon,Gas,AWD,Blue,61020,B,6
NV102022,Honda,CR-V,Limited,2018,SUV,Gas,AWD,Silver,136730,C,8
NV102023,Ford,Escape,Touring,2023,SUV,Gas,AWD,Grey,45020,A,3
NV102024,Toyota,Corolla,Sport,2022,Sedan,Gas,FWD,Brown,71610,B,4
NV102025,Ford,F-150,Touring,2020,Truck,Gas,4WD,Green,109800,C,5
NV102026,Toyota,RAV4,Limited,2019,SUV,Gas,AWD,Brown,107220,C,6
NV102027,Toyota,RAV4,Limited,2018,SUV,Gas,FWD,White,81500,A,7
NV102028,Nissan,Rogue,Sport,2020,SUV,Gas,FWD,White,89660,C,6
NV102029,Ford,F-150,Touring,2025,Truck,Gas,4WD,Black,6250,A,0
NV102030,Honda,CR-V,Base,2018,SUV,Gas,AWD,Blue,112680,B,7
NV102031,Ford,Escape,Base,2019,SUV,Gas,AWD,Red,44190,B,5
NV102032,Honda,CR-V Hybrid,Base,2021,SUV,Hybrid,AWD,Green,93140,C,5
NV102033,Kia,Sportage,Limited,2021,SUV,Gas,AWD,Brown,38450,A,3
NV102034,Chevrolet,Silverado 1500,Touring,2020,Truck,Gas,4WD,Green,70860,B,4
NV102035,Toyota,Camry,,2021,Sedan,Gas,FWD,Blue,55010,B,3
NV102036,Honda,Civic,Base,2023,Sedan,Gas,FWD,Blue,23060,A,1
NV102037,Honda,Civic,Touring,2023,Sedan,Gas,FWD,Red,75690,B,3
NV102038,Ford,F-150,Sport,2022,Truck,Gas,4WD,Silver,61330,B,4
NV102039,Toyota,Tacoma,Sport,2024,Truck,Gas,4WD,Red,22270,B,1
NV102040,Mazda,CX-5,Limited,2016,SUV,Gas,AWD,Black,168190,D,10
NV102041,Ford,Escape,Limited,2018,SUV,Gas,AWD,Silver,151000,C,7
NV102042,Toyota,Tacoma,Sport,2018,Truck,Gas,4WD,Black,89870,B,7
NV102043,Honda,Civic,Base,2019,Sedan,Gas,FWD,Black,143610,C,7
NV102044,Toyota,RAV4,Touring,2022,SUV,Gas,AWD,Silver,56330,A,4
NV102045,Hyundai,Ioniq 5,Base,2024,SUV,Electric,AWD,White,20100,A,2
NV102046,Hyundai,Elantra,Sport,2020,Sedan,Gas,FWD,Brown,47710,B,6
NV102047,Ford,F-150,Sport,2024,Truck,Gas,4WD,Red,4000,A,0
NV102048,Kia,Sportage,Sport,2023,SUV,Gas,AWD,Brown,42250,A,3
NV102049,Nissan,Rogue,Base,2016,SUV,Gas,FWD,Brown,173660,D,9
NV102050,Nissan,Rogue,Limited,2018,SUV,Gas,FWD,Brown,147400,C,7
NV102051,Toyota,Corolla,Limited,2018,Sedan,Gas,FWD,Silver,139950,C,7
NV102052,Kia,Forte,Base,2023,Sedan,Gas,FWD,Grey,32440,B,1
NV102053,Ford,F-150,Base,2019,Truck,Gas,4WD,Silver,105870,B,7
NV102054,Hyundai,Tucson,Base,2020,SUV,Gas,AWD,Silver,102380,B,4
NV102055,Honda,CR-V,Limited,2019,SUV,Gas,FWD,Silver,106630,C,6
NV102056,Toyota,Corolla,Touring,2020,Sedan,Gas,FWD,Red,85410,B,6
NV102057,Ford,Escape,Limited,2019,SUV,Gas,AWD,Black,90740,B,6
NV102058,Toyota,RAV4,Touring,2018,SUV,Gas,AWD,White,92220,B,6
NV102059,Hyundai,Elantra,Limited,2021,Sedan,Gas,FWD,Black,48940,A,3
NV102060,BMW,3 Series,Sport,2022,Sedan,Gas,FWD,Red,73290,B,4
NV102061,Ford,F-150,Sport,2025,Truck,Gas,4WD,White,4460,A,0
NV102062,Toyota,Corolla,Limited,2018,Sedan,Gas,FWD,Silver,78630,B,8
NV102063,Nissan,Rogue,Limited,2020,SUV,Gas,FWD,Blue,66110,B,4
NV102064,Mazda,Mazda3,Limited,2019,Hatchback,Gas,FWD,Black,73500,B,6
NV102065,Chevrolet,Silverado 1500,Limited,2023,Truck,Gas,4WD,Blue,58560,B,3
NV102066,Honda,CR-V,Limited,2019,SUV,Gas,AWD,Grey,96110,B,5
NV102067,Jeep,Wrangler,Base,2020,SUV,Gas,AWD,Brown,92190,B,4
NV102068,Ford,F-150,Base,2021,Truck,Gas,4WD,Silver,81350,B,4
NV102069,Honda,CR-V,Base,2017,SUV,Gas,AWD,Grey,153610,C,7
NV102070,Honda,Civic,,2025,Sedan,Gas,FWD,Green,6070,A,0
NV102071,Toyota,Camry,,2020,Sedan,Gas,FWD,Silver,60450,B,5
NV102072,Toyota,RAV4,Sport,2021,SUV,Gas,AWD,Brown,102790,A,5
NV102073,Toyota,RAV4,Limited,2019,SUV,Gas,AWD,Black,118970,C,6
NV102074,Toyota,Corolla,Sport,2017,Sedan,Gas,FWD,Green,118150,D,7
NV102075,Nissan,Rogue,Sport,2022,SUV,Gas,AWD,Blue,101860,D,4
NV102076,Mazda,CX-5,Sport,2022,SUV,Gas,FWD,Black,34200,A,2
NV102077,Honda,Odyssey,Touring,2023,Minivan,Gas,FWD,Brown,40430,B,2
NV102078,Hyundai,Elantra,Sport,2020,Sedan,Gas,FWD,Grey,57290,B,4
NV102079,Jeep,Wrangler,Sport,2022,SUV,Gas,AWD,Black,54040,A,4
NV102080,Honda,Civic,Base,2022,Sedan,Gas,FWD,Brown,55030,A,3
NV102081,Honda,Civic,Limited,2022,Sedan,Gas,FWD,Silver,45110,B,3
NV102082,Toyota,Camry,,2023,Sedan,Gas,FWD,Green,52060,A,2
NV102083,Toyota,Corolla,Base,2017,Sedan,Gas,FWD,Brown,129500,D,9
NV102084,Toyota,RAV4,Touring,2022,SUV,Gas,AWD,Red,60560,A,3
NV102085,Kia,Sportage,Base,2017,SUV,Gas,FWD,Red,177590,C,9
NV102086,Kia,Sportage,Limited,2021,SUV,Gas,AWD,Red,69540,C,4
NV102087,Hyundai,Elantra,,2017,Sedan,Gas,FWD,White,206300,B,9
NV102088,Ford,Escape,Touring,2020,SUV,Gas,AWD,Red,95970,C,5
NV102089,Toyota,Corolla,Limited,2021,Sedan,Gas,FWD,Brown,41220,B,3
NV102090,Kia,Forte,Touring,2020,Sedan,Gas,FWD,Brown,84940,B,4
NV102091,Jeep,Wrangler,Base,2016,SUV,Gas,FWD,Green,140600,B,10
NV102092,Mazda,CX-5,Limited,2020,SUV,Gas,FWD,White,55780,A,4
NV102093,Chevrolet,Silverado 1500,Touring,2023,Truck,Gas,4WD,Green,53600,B,3
NV102094,Hyundai,Elantra,Touring,2017,Sedan,Gas,FWD,Green,106770,C,8
NV102095,Toyota,Corolla,Limited,2022,Sedan,Gas,FWD,Red,68500,B,4
NV102096,BMW,3 Series,Base,2020,Sedan,Gas,FWD,Brown,63350,C,6
NV102097,Honda,Civic,Sport,2017,Sedan,Gas,FWD,Red,218100,D,9
NV102098,Toyota,Camry,Base,2021,Sedan,Gas,FWD,Green,57260,B,3
NV102099,Kia,Sportage,Sport,2017,SUV,Gas,AWD,Brown,120250,B,7
NV102100,Toyota,Corolla,Base,2023,Sedan,Gas,FWD,Grey,39350,A,2
NV102101,Honda,Civic,Sport,2019,Sedan,Gas,FWD,Black,159670,C,7
NV102102,Kia,Sportage,Limited,2021,SUV,Gas,AWD,Brown,55880,A,4
NV102103,Toyota,RAV4,Limited,2019,SUV,Gas,AWD,Silver,132640,D,7
NV102104,Volkswagen,Tiguan,Base,2022,SUV,Gas,AWD,Silver,51440,B,2
NV102105,Honda,CR-V,Base,2018,SUV,Gas,AWD,Red,43140,C,7
NV102106,Kia,Sportage,Base,2024,SUV,Gas,FWD,Blue,23010,A,1
NV102107,Ford,F-150,Base,2018,Truck,Gas,4WD,Red,128020,C,8
NV102108,Honda,Accord,Base,2022,Sedan,Gas,FWD,Silver,52650,B,3
NV102109,Subaru,Outback,Sport,2020,Wagon,Gas,FWD,Grey,61590,B,5
NV102110,Chevrolet,Silverado 1500,Sport,2021,Truck,Gas,4WD,Red,94970,B,5
NV102111,Mazda,Mazda3,Base,2023,Hatchback,Gas,FWD,Grey,20360,A,1
NV102112,Kia,Forte,Limited,2018,Sedan,Gas,FWD,Silver,154540,D,7
NV102113,Chevrolet,Silverado 1500,,2016,Truck,Gas,4WD,Brown,175080,C,9
NV102114,Toyota,RAV4 Hybrid,Sport,2024,SUV,Hybrid,FWD,Grey,4350,A,0
NV102115,Volkswagen,Tiguan,Base,2015,SUV,Gas,FWD,White,149940,C,10
NV102116,Honda,CR-V Hybrid,Touring,2022,SUV,Hybrid,AWD,Brown,43410,A,2
NV102117,Toyota,RAV4,Base,2021,SUV,Gas,AWD,Black,61060,B,5
NV102118,Honda,Civic,Sport,2022,Sedan,Gas,FWD,White,29060,A,2
NV102119,Honda,Civic,Limited,2018,Sedan,Gas,FWD,Blue,123830,D,6
NV102120,BMW,3 Series,Sport,2023,Sedan,Gas,FWD,White,20150,B,1
NV102121,Honda,CR-V,Sport,2023,SUV,Gas,AWD,Silver,40610,B,3
NV102122,Honda,Civic,Sport,2020,Sedan,Gas,FWD,Brown,113320,B,6
NV102123,Chevrolet,Equinox,Base,2018,SUV,Gas,AWD,Black,79520,C,6
NV102124,Chevrolet,Equinox,Sport,2018,SUV,Gas,AWD,White,104850,B,6
NV102125,Hyundai,Tucson,Sport,2016,SUV,Gas,AWD,White,135810,C,10
NV102126,Volkswagen,Tiguan,Base,2018,SUV,Gas,AWD,Brown,96190,C,7
NV102127,Toyota,RAV4,Base,2024,SUV,Gas,FWD,Black,34240,A,2
NV102128,Ford,F-150,Sport,2022,Truck,Gas,4WD,Grey,44060,B,3
NV102129,Toyota,RAV4 Hybrid,Sport,2021,SUV,Hybrid,AWD,Green,40930,B,3
NV102130,Toyota,Camry,Sport,2020,Sedan,Gas,FWD,Grey,99140,B,5
NV102131,Tesla,Model 3,Sport,2017,Sedan,Electric,FWD,Black,175110,C,8
NV102132,BMW,3 Series,Base,2022,Sedan,Gas,FWD,Grey,44960,A,3
NV102133,Mazda,CX-5,,2020,SUV,Gas,FWD,Blue,77870,B,5
NV102134,Hyundai,Tucson,Base,2020,SUV,Gas,AWD,White,66980,B,4
NV102135,Volkswagen,Tiguan,Limited,2020,SUV,Gas,FWD,Silver,58780,A,5
NV102136,Honda,Accord,Sport,2022,Sedan,Gas,FWD,Black,53620,A,2
NV102137,Kia,Sportage,Sport,2019,SUV,Gas,FWD,Brown,103730,B,7
NV102138,Toyota,Corolla,Touring,2019,Sedan,Gas,FWD,Black,53940,B,5
NV102139,Hyundai,Elantra,Touring,2020,Sedan,Gas,FWD,Brown,82470,B,6
NV102140,Toyota,Corolla,Base,2017,Sedan,Gas,FWD,Silver,137350,C,8
NV102141,Honda,CR-V Hybrid,Limited,2024,SUV,Hybrid,AWD,Black,27760,A,2
NV102142,Honda,CR-V,Sport,2022,SUV,Gas,AWD,Brown,44820,A,2
NV102143,Ford,Escape,Touring,2023,SUV,Gas,AWD,Red,27900,A,2
NV102144,Mazda,Mazda3,Limited,2017,Hatchback,Gas,FWD,Silver,182400,B,7
NV102145,Nissan,Rogue,Sport,2021,SUV,Gas,AWD,Red,70320,A,4
NV102146,Volkswagen,Tiguan,Sport,2015,SUV,Gas,FWD,Red,154450,C,10
NV102147,Toyota,Corolla,Limited,2017,Sedan,Gas,FWD,Grey,170000,D,9
NV102148,BMW,3 Series,Base,2017,Sedan,Gas,FWD,Blue,130140,C,8
NV102149,Nissan,Rogue,Base,2021,SUV,Gas,FWD,Grey,90060,A,5
NV102150,Honda,Civic,Limited,2023,Sedan,Gas,FWD,Red,35870,A,2
NV102151,Kia,Sportage,Limited,2022,SUV,Gas,AWD,Grey,43100,B,2
NV102152,Toyota,RAV4,Limited,2020,SUV,Gas,FWD,Red,77460,B,4
NV102153,Toyota,Tacoma,Limited,2021,Truck,Gas,4WD,White,81530,B,4
NV102154,Honda,CR-V Hybrid,Touring,2024,SUV,Hybrid,FWD,Red,31290,A,2
NV102155,Hyundai,Elantra,Touring,2019,Sedan,Gas,FWD,White,94700,C,6
NV102156,Toyota,RAV4 Hybrid,Base,2020,SUV,Hybrid,AWD,Silver,48150,B,6
NV102157,BMW,3 Series,Sport,2024,Sedan,Gas,FWD,Silver,23250,B,1
NV102158,Subaru,Outback,Touring,2020,Wagon,Gas,FWD,Red,70230,C,5
NV102159,Honda,Civic,Sport,2020,Sedan,Gas,FWD,Silver,87270,A,4
NV102160,Chevrolet,Equinox,Limited,2019,SUV,Gas,AWD,Silver,108130,C,6
NV102161,Hyundai,Elantra,Sport,2021,Sedan,Gas,FWD,Grey,48620,B,3
NV102162,Honda,CR-V,Base,2022,SUV,Gas,AWD,Silver,41000,A,2
NV102163,Kia,Sportage,Limited,2017,SUV,Gas,FWD,Black,150000,C,7
NV102164,Toyota,Corolla,,2016,Sedan,Gas,FWD,Grey,209320,D,9
NV102165,Mazda,CX-5,Limited,2023,SUV,Gas,AWD,White,45120,B,3
NV102166,Nissan,Rogue,Limited,2023,SUV,Gas,FWD,Brown,43120,B,2
NV102167,Toyota,RAV4,Base,2018,SUV,Gas,AWD,Grey,122200,D,7
NV102168,Toyota,RAV4 Hybrid,Base,2024,SUV,Hybrid,FWD,Silver,17910,A,1
NV102169,Honda,CR-V,Limited,2019,SUV,Gas,AWD,Red,108290,B,6
NV102170,Toyota,Corolla,Sport,2019,Sedan,Gas,FWD,Black,123750,C,5
NV102171,Toyota,RAV4 Hybrid,Base,2022,SUV,Hybrid,AWD,Silver,31060,A,2
NV102172,Ford,Escape,Touring,2024,SUV,Gas,AWD,Brown,35240,A,2
NV102173,Honda,CR-V,Base,2021,SUV,Gas,FWD,White,59430,A,3
NV102174,Ford,Escape,Limited,2022,SUV,Gas,AWD,Green,49570,B,4
NV102175,Honda,CR-V,Limited,2021,SUV,Gas,AWD,Silver,47050,B,3
NV102176,Honda,Odyssey,Touring,2021,Minivan,Gas,FWD,Black,59110,B,5
NV102177,Ford,Escape,Sport,2024,SUV,Gas,AWD,Blue,8410,A,0
NV102178,Subaru,Outback,Limited,2019,Wagon,Gas,AWD,Grey,92960,B,6
NV102179,Hyundai,Tucson,Touring,2024,SUV,Gas,AWD,Black,23730,B,1
NV102180,Honda,Civic,Base,2020,Sedan,Gas,FWD,Red,81240,B,4
NV102181,Mazda,Mazda3,Sport,2023,Hatchback,Gas,FWD,Black,22270,B,1
NV102182,Honda,CR-V,Sport,2023,SUV,Gas,FWD,White,35900,A,2
NV102183,Honda,CR-V,Sport,2022,SUV,Gas,FWD,Grey,65030,B,4
NV102184,Toyota,Corolla,Base,2016,Sedan,Gas,FWD,Blue,165890,D,10
NV102185,Honda,CR-V,Base,2023,SUV,Gas,FWD,Silver,34090,B,2
NV102186,Kia,Sportage,Base,2021,SUV,Gas,FWD,Black,72350,A,4
NV102187,Mazda,CX-5,Touring,2015,SUV,Gas,AWD,Black,198580,C,10
NV102188,Jeep,Wrangler,Base,2018,SUV,Gas,AWD,Grey,126280,A,7
NV102189,Honda,CR-V,Sport,2024,SUV,Gas,FWD,Grey,40960,B,2
NV102190,Ford,Escape,Limited,2025,SUV,Gas,AWD,Black,24480,A,1
NV102191,Mazda,CX-5,Base,2018,SUV,Gas,AWD,Red,141210,C,6
NV102192,Tesla,Model 3,Base,2023,Sedan,Electric,FWD,Blue,78450,A,3
NV102193,Ram,1500,Sport,2019,Truck,Gas,4WD,Grey,86670,C,7
NV102194,Hyundai,Tucson,Sport,2024,SUV,Gas,AWD,Brown,17640,B,1
NV102195,Honda,Accord,Base,2020,Sedan,Gas,FWD,Red,102150,C,5
NV102196,Nissan,Rogue,Sport,2023,SUV,Gas,FWD,Grey,39940,A,2
NV102197,Toyota,RAV4,Base,2018,SUV,Gas,AWD,Grey,161310,C,8
NV102198,Ford,Escape,Base,2024,SUV,Gas,FWD,Green,30800,B,2
NV102199,Nissan,Rogue,Base,2022,SUV,Gas,AWD,Brown,46670,A,3
NV102200,Volkswagen,Tiguan,Touring,2019,SUV,Gas,FWD,Green,86310,C,7
NV102201,Toyota,RAV4,Sport,2021,SUV,Gas,FWD,Green,44370,B,3
NV102202,Mazda,CX-5,Limited,2025,SUV,Gas,AWD,Silver,4000,A,0
NV102203,Honda,Accord,Limited,2020,Sedan,Gas,FWD,Grey,57760,B,5
NV102204,Toyota,RAV4,Limited,2023,SUV,Gas,AWD,Black,40840,B,2
NV102205,Chevrolet,Silverado 1500,Base,2022,Truck,Gas,4WD,Brown,80480,B,3
NV102206,Honda,Accord,Sport,2015,Sedan,Gas,FWD,Grey,208850,D,9
NV102207,Kia,Sportage,Limited,2021,SUV,Gas,FWD,Blue,107040,B,5
NV102208,Honda,Civic,Limited,2022,Sedan,Gas,FWD,Brown,38590,A,2
NV102209,Honda,CR-V,Limited,2021,SUV,Gas,AWD,Brown,71340,B,5
NV102210,Chevrolet,Equinox,Sport,2023,SUV,Gas,FWD,Red,81240,B,3
NV102211,Chevrolet,Equinox,Limited,2020,SUV,Gas,AWD,Silver,62640,A,5
NV102212,Toyota,Corolla,Limited,2022,Sedan,Gas,FWD,Brown,76520,A,3
NV102213,Hyundai,Elantra,Limited,2024,Sedan,Gas,FWD,Silver,41000,B,2
NV102214,Toyota,Corolla,Touring,2019,Sedan,Gas,FWD,Silver,55930,A,5
NV102215,Toyota,Corolla,Touring,2018,Sedan,Gas,FWD,Brown,113730,B,6
NV102216,Toyota,Corolla,Base,2021,Sedan,Gas,FWD,Brown,164580,D,5
NV102217,Chevrolet,Silverado 1500,Limited,2023,Truck,Gas,4WD,Brown,24720,A,1
NV102218,Chevrolet,Silverado 1500,Base,2019,Truck,Gas,4WD,Blue,121250,C,7
NV102219,Honda,Odyssey,Base,2024,Minivan,Gas,FWD,Blue,4000,A,0
NV102220,Toyota,Camry,Limited,2022,Sedan,Gas,FWD,White,67130,B,3
NV102221,Toyota,RAV4,Touring,2022,SUV,Gas,AWD,Black,38610,A,2
NV102222,Toyota,RAV4 Hybrid,,2023,SUV,Hybrid,AWD,Black,54390,A,2
NV102223,Subaru,Outback,Limited,2024,Wagon,Gas,AWD,Black,22760,A,1
NV102224,Honda,CR-V Hybrid,Sport,2018,SUV,Hybrid,FWD,Green,179410,D,8
NV102225,Toyota,Corolla,Sport,2023,Sedan,Gas,FWD,White,28450,A,3
NV102226,Jeep,Wrangler,Base,2022,SUV,Gas,AWD,Green,28510,A,3
NV102227,Jeep,Wrangler,Touring,2024,SUV,Gas,AWD,White,26910,B,2
NV102228,Honda,Odyssey,Touring,2017,Minivan,Gas,FWD,Blue,161990,C,8
NV102229,Honda,CR-V Hybrid,,2023,SUV,Hybrid,AWD,Green,52750,C,2
NV102230,Toyota,Tacoma,Base,2019,Truck,Gas,4WD,White,11700,A,5
NV102231,Kia,Forte,Sport,2018,Sedan,Gas,FWD,Green,198890,C,8
NV102232,Toyota,Tacoma,Base,2024,Truck,Gas,4WD,Silver,27900,B,1
NV102233,Honda,CR-V,Base,2015,SUV,Gas,FWD,Grey,158460,C,11
NV102234,Jeep,Wrangler,Sport,2021,SUV,Gas,AWD,Silver,59230,B,3
NV102235,Toyota,RAV4,Sport,2023,SUV,Gas,AWD,Brown,78360,B,3
NV102236,Toyota,Camry,Base,2019,Sedan,Gas,FWD,Brown,88140,B,7
NV102237,Toyota,RAV4 Hybrid,Limited,2019,SUV,Hybrid,AWD,Grey,50980,A,5
NV102238,Toyota,RAV4,Sport,2020,SUV,Gas,AWD,Brown,109470,D,6
NV102239,Toyota,RAV4 Hybrid,Limited,2021,SUV,Hybrid,AWD,Green,75160,B,4
NV102240,Subaru,Outback,Sport,2022,Wagon,Gas,FWD,Red,41220,C,3
NV102241,Tesla,Model 3,Base,2018,Sedan,Electric,FWD,White,137460,B,6
NV102242,Ram,1500,Sport,2020,Truck,Gas,4WD,White,41660,B,5
NV102243,Honda,Civic,Sport,2020,Sedan,Gas,FWD,Green,98160,A,6
NV102244,Ram,1500,Sport,2023,Truck,Gas,4WD,Silver,64250,A,3
NV102245,Subaru,Outback,Base,2024,Wagon,Gas,AWD,Grey,35520,B,2
NV102246,Honda,CR-V Hybrid,Base,2023,SUV,Hybrid,AWD,Green,66220,A,3
NV102247,Kia,Forte,Sport,2021,Sedan,Gas,FWD,Blue,70860,B,4
NV102248,Mazda,CX-5,Base,2023,SUV,Gas,AWD,Grey,57920,A,3
NV102249,Toyota,Camry,Limited,2020,Sedan,Gas,FWD,Green,88350,B,4
NV102250,Chevrolet,Silverado 1500,Touring,2023,Truck,Gas,4WD,Black,47610,A,3
NV102251,Mazda,CX-5,Touring,2021,SUV,Gas,FWD,Grey,90120,A,4
NV102252,Honda,CR-V Hybrid,Limited,2021,SUV,Hybrid,AWD,White,50010,B,3
NV102253,Ford,Escape,Touring,2018,SUV,Gas,AWD,Red,122820,C,7
NV102254,Hyundai,Tucson,Base,2019,SUV,Gas,FWD,Silver,141580,D,7
NV102255,Toyota,Corolla,Sport,2022,Sedan,Gas,FWD,Blue,76260,C,4
NV102256,Honda,Accord,Sport,2021,Sedan,Gas,FWD,Brown,42640,A,3
NV102257,Toyota,Corolla,Sport,2020,Sedan,Gas,FWD,Red,77960,B,5
NV102258,Honda,Accord,Base,2023,Sedan,Gas,FWD,Blue,46120,A,2
NV102259,Honda,CR-V,,2025,SUV,Gas,AWD,Brown,4000,B,0
NV102260,Toyota,RAV4,Limited,2022,SUV,Gas,FWD,Green,48870,A,2
NV102261,Toyota,Corolla,Base,2019,Sedan,Gas,FWD,White,103120,B,5
NV102262,Toyota,RAV4 Hybrid,Base,2021,SUV,Hybrid,AWD,Green,74940,B,4
NV102263,Ford,Escape,Base,2019,SUV,Gas,FWD,Blue,82640,C,5
NV102264,Nissan,Rogue,Base,2023,SUV,Gas,AWD,Blue,20010,A,2
NV102265,Honda,CR-V,Base,2018,SUV,Gas,FWD,Grey,150370,D,7
NV102266,Honda,Accord,Sport,2021,Sedan,Gas,FWD,Blue,90630,B,5
NV102267,Subaru,Outback,Base,2021,Wagon,Gas,FWD,Silver,95730,C,4
NV102268,Honda,Civic,Limited,2021,Sedan,Gas,FWD,Silver,112580,C,5
NV102269,Mazda,CX-5,Base,2022,SUV,Gas,FWD,Blue,62470,A,3
NV102270,Ford,F-150,Sport,2019,Truck,Gas,4WD,Red,128570,D,7
NV102271,Mazda,CX-5,Base,2022,SUV,Gas,AWD,White,46310,B,2
NV102272,BMW,3 Series,Base,2020,Sedan,Gas,FWD,Green,103870,C,5
NV102273,Toyota,RAV4,Sport,2023,SUV,Gas,FWD,Silver,17210,A,2
NV102274,Toyota,Corolla,,2022,Sedan,Gas,FWD,Blue,70320,A,4
NV102275,BMW,3 Series,Limited,2025,Sedan,Gas,FWD,Black,4890,A,0
NV102276,Kia,Sportage,,2019,SUV,Gas,FWD,Blue,99150,B,6
NV102277,Honda,Civic,Limited,2016,Sedan,Gas,FWD,Grey,177520,A,8
NV102278,Jeep,Wrangler,Limited,2022,SUV,Gas,FWD,Black,46960,A,3
NV102279,Subaru,Outback,,2019,Wagon,Gas,FWD,Black,108700,B,6
NV102280,Volkswagen,Tiguan,Limited,2019,SUV,Gas,AWD,Black,96520,B,6
NV102281,Toyota,RAV4,Base,2024,SUV,Gas,AWD,Black,4160,A,0
NV102282,Honda,Accord,Limited,2018,Sedan,Gas,FWD,Brown,100290,A,6
NV102283,Chevrolet,Equinox,Touring,2021,SUV,Gas,AWD,Green,49670,B,3
NV102284,Honda,Accord,,2018,Sedan,Gas,FWD,White,150360,B,8
NV102285,Ford,F-150,Sport,2021,Truck,Gas,4WD,Blue,37230,B,4
NV102286,Chevrolet,Equinox,Sport,2017,SUV,Gas,AWD,Grey,123140,C,8
NV102287,Ford,F-150,Limited,2023,Truck,Gas,4WD,White,23470,A,1
NV102288,Honda,CR-V,Base,2022,SUV,Gas,FWD,Grey,26660,C,2
NV102289,Ford,F-150,Sport,2021,Truck,Gas,4WD,Blue,59130,B,3
NV102290,Jeep,Wrangler,Base,2022,SUV,Gas,FWD,Blue,37980,B,2
NV102291,Honda,Accord,Base,2024,Sedan,Gas,FWD,Black,7720,A,0
NV102292,Honda,CR-V,Sport,2015,SUV,Gas,AWD,Silver,190830,D,11
NV102293,Mazda,CX-5,Base,2021,SUV,Gas,AWD,White,73890,C,5
NV102294,Honda,CR-V,Limited,2018,SUV,Gas,FWD,Grey,84150,C,7
NV102295,Honda,Civic,Touring,2018,Sedan,Gas,FWD,Grey,186410,C,8
NV102296,Honda,Civic,Base,2022,Sedan,Gas,FWD,Blue,84660,B,4
NV102297,Nissan,Rogue,Base,2019,SUV,Gas,AWD,Silver,123730,B,6
NV102298,Ford,Escape,Base,2016,SUV,Gas,FWD,Red,163840,B,9
NV102299,Nissan,Rogue,Limited,2023,SUV,Gas,FWD,Brown,38460,B,2
NV102300,Toyota,RAV4,Sport,2020,SUV,Gas,AWD,Red,96700,C,6
NV102301,Toyota,Camry,Base,2020,Sedan,Gas,FWD,Grey,73510,B,4
NV102302,Subaru,Outback,Base,2024,Wagon,Gas,AWD,Black,4000,A,0
NV102303,Kia,Forte,Sport,2023,Sedan,Gas,FWD,Green,48790,A,2
NV102304,Jeep,Wrangler,Base,2019,SUV,Gas,FWD,Blue,99960,C,7
NV102305,Honda,Civic,Base,2022,Sedan,Gas,FWD,Brown,54310,D,4
NV102306,Toyota,Camry,Base,2021,Sedan,Gas,FWD,Brown,58390,A,4
NV102307,Mazda,Mazda3,Limited,2024,Hatchback,Gas,FWD,Red,26700,A,1
NV102308,Toyota,Tacoma,Base,2023,Truck,Gas,4WD,White,79080,B,3
NV102309,Honda,CR-V,Limited,2021,SUV,Gas,AWD,Black,69210,C,5
NV102310,Honda,Accord,Limited,2024,Sedan,Gas,FWD,Silver,42530,B,2
NV102311,Ford,Escape,Base,2020,SUV,Gas,AWD,Silver,74740,C,6
NV102312,Kia,Sportage,Sport,2020,SUV,Gas,AWD,Red,74440,A,5
NV102313,Kia,Sportage,Limited,2020,SUV,Gas,FWD,Green,83980,C,6
NV102314,Hyundai,Tucson,Base,2019,SUV,Gas,AWD,White,133630,C,5
NV102315,Tesla,Model 3,,2021,Sedan,Electric,FWD,Black,127570,A,5
NV102316,BMW,3 Series,Sport,2022,Sedan,Gas,FWD,Blue,37760,C,2
NV102317,Hyundai,Elantra,Limited,2017,Sedan,Gas,FWD,Silver,124040,C,8
NV102318,Kia,Sportage,Sport,2025,SUV,Gas,AWD,Black,5690,A,0
NV102319,Toyota,RAV4,,2015,SUV,Gas,FWD,Silver,191850,D,11
NV102320,Ford,Escape,Base,2019,SUV,Gas,AWD,White,110840,B,6
NV102321,Ford,F-150,Touring,2016,Truck,Gas,4WD,Grey,217210,D,10
NV102322,Toyota,RAV4 Hybrid,Base,2025,SUV,Hybrid,AWD,Red,5920,A,0
NV102323,Toyota,Corolla,Limited,2022,Sedan,Gas,FWD,Grey,54770,A,3
NV102324,Toyota,RAV4,Base,2018,SUV,Gas,FWD,Green,126020,C,6
NV102325,Honda,Accord,Touring,2021,Sedan,Gas,FWD,Green,68830,A,4
NV102326,Kia,Sportage,Sport,2021,SUV,Gas,AWD,Green,50340,B,3
NV102327,Toyota,RAV4 Hybrid,Sport,2024,SUV,Hybrid,FWD,Black,36380,B,2
NV102328,Tesla,Model 3,Limited,2018,Sedan,Electric,FWD,Silver,202120,D,8
NV102329,Toyota,RAV4,Touring,2021,SUV,Gas,AWD,Red,75250,B,4
NV102330,Toyota,Corolla,Base,2021,Sedan,Gas,FWD,Black,55840,B,3
NV102331,Chevrolet,Silverado 1500,Sport,2020,Truck,Gas,4WD,Green,60180,A,5
NV102332,Mazda,Mazda3,Sport,2021,Hatchback,Gas,FWD,Blue,59700,B,3
NV102333,Nissan,Rogue,Base,2024,SUV,Gas,AWD,Brown,44380,B,2
NV102334,Subaru,Outback,Base,2022,Wagon,Gas,FWD,Silver,36250,A,2
NV102335,Ram,1500,Limited,2021,Truck,Gas,4WD,White,131480,B,5
NV102336,Mazda,CX-5,Sport,2019,SUV,Gas,AWD,Green,110910,A,5
NV102337,Kia,Sportage,Limited,2019,SUV,Gas,AWD,Silver,67120,B,7
NV102338,Toyota,RAV4,Base,2021,SUV,Gas,AWD,Blue,45650,C,4
NV102339,Hyundai,Tucson,Base,2021,SUV,Gas,AWD,Grey,71690,B,5
NV102340,Honda,CR-V,Sport,2023,SUV,Gas,FWD,Brown,38150,A,2
NV102341,Toyota,RAV4,Base,2022,SUV,Gas,AWD,Brown,77340,B,4
NV102342,Mazda,CX-5,Limited,2019,SUV,Gas,FWD,Black,109420,C,5
NV102343,Toyota,RAV4,Limited,2023,SUV,Gas,AWD,Blue,43400,C,2
NV102344,Mazda,CX-5,Base,2020,SUV,Gas,FWD,Silver,76050,B,4
NV102345,Ram,1500,Sport,2021,Truck,Gas,4WD,White,85850,C,4
NV102346,Honda,Accord,Limited,2018,Sedan,Gas,FWD,Grey,166930,D,8
NV102347,Mazda,Mazda3,Limited,2020,Hatchback,Gas,FWD,Blue,109760,B,6
NV102348,Toyota,RAV4,Base,2017,SUV,Gas,FWD,White,157780,D,7
NV102349,Honda,Civic,Base,2025,Sedan,Gas,FWD,Blue,8640,A,0
NV102350,Toyota,Corolla,Limited,2020,Sedan,Gas,FWD,Silver,105150,B,6
NV102351,Honda,CR-V,Sport,2020,SUV,Gas,FWD,White,69490,C,4
NV102352,Toyota,RAV4,Limited,2021,SUV,Gas,AWD,Black,62540,B,3
NV102353,Hyundai,Tucson,Limited,2019,SUV,Gas,AWD,Green,83580,A,6
NV102354,Chevrolet,Silverado 1500,Base,2021,Truck,Gas,4WD,Black,60370,B,3
NV102355,Ford,Escape,Base,2025,SUV,Gas,FWD,Black,4000,A,0
NV102356,Ram,1500,Base,2021,Truck,Gas,4WD,Silver,109540,A,5
NV102357,Subaru,Outback,Base,2021,Wagon,Gas,AWD,Grey,97730,B,5
NV102358,Ford,F-150,Touring,2017,Truck,Gas,4WD,Brown,151860,B,9
NV102359,Ford,Escape,Limited,2018,SUV,Gas,FWD,Blue,111730,C,8
NV102360,Kia,Forte,Sport,2017,Sedan,Gas,FWD,Brown,108360,C,7
NV102361,Toyota,RAV4,Base,2019,SUV,Gas,AWD,Brown,121480,C,5
NV102362,Ford,Escape,Limited,2020,SUV,Gas,FWD,Brown,80090,C,5
NV102363,Mazda,CX-5,Sport,2022,SUV,Gas,AWD,Brown,56140,A,3
NV102364,Jeep,Wrangler,Limited,2023,SUV,Gas,FWD,Silver,46710,C,3
NV102365,Toyota,Camry,Limited,2021,Sedan,Gas,FWD,Brown,86750,B,5
NV102366,Jeep,Wrangler,Base,2021,SUV,Gas,FWD,White,74570,C,3
NV102367,Toyota,Corolla,Limited,2018,Sedan,Gas,FWD,White,73860,B,6
NV102368,Toyota,RAV4,Base,2024,SUV,Gas,FWD,Red,5050,A,0
NV102369,Mazda,CX-5,Touring,2020,SUV,Gas,FWD,Black,82770,C,6
NV102370,Honda,CR-V Hybrid,Touring,2019,SUV,Hybrid,FWD,Blue,109770,C,6
NV102371,Hyundai,Ioniq 5,Sport,2018,SUV,Electric,AWD,Grey,134380,B,7
NV102372,Honda,Civic,Base,2022,Sedan,Gas,FWD,Grey,42210,A,3
NV102373,Toyota,Camry,Base,2021,Sedan,Gas,FWD,White,42650,A,3
NV102374,Nissan,Rogue,Limited,2019,SUV,Gas,AWD,Grey,120630,C,7
NV102375,Chevrolet,Silverado 1500,Limited,2021,Truck,Gas,4WD,Green,82400,B,4
NV102376,Honda,CR-V,Touring,2019,SUV,Gas,AWD,White,79180,B,6
NV102377,Honda,Civic,Limited,2023,Sedan,Gas,FWD,Blue,31530,B,2
NV102378,Chevrolet,Silverado 1500,Limited,2018,Truck,Gas,4WD,Red,91780,A,7
NV102379,Hyundai,Tucson,Base,2021,SUV,Gas,AWD,White,57610,C,5
NV102380,Ford,F-150,Base,2023,Truck,Gas,4WD,White,51680,B,3
NV102381,Subaru,Outback,Limited,2019,Wagon,Gas,AWD,Silver,64820,C,7
NV102382,Nissan,Rogue,Touring,2023,SUV,Gas,AWD,Grey,40610,A,2
NV102383,Kia,Forte,Touring,2023,Sedan,Gas,FWD,Black,39250,A,2
NV102384,Chevrolet,Silverado 1500,Base,2020,Truck,Gas,4WD,Blue,113280,B,6
NV102385,Toyota,Camry,Touring,2020,Sedan,Gas,FWD,White,74680,B,4
NV102386,Nissan,Rogue,Sport,2019,SUV,Gas,AWD,Grey,67770,B,5
NV102387,Honda,CR-V,Sport,2019,SUV,Gas,AWD,Green,96770,B,6
NV102388,Honda,Accord,Limited,2021,Sedan,Gas,FWD,Grey,77210,D,5
NV102389,Mazda,CX-5,Base,2020,SUV,Gas,AWD,White,77760,C,5
NV102390,Honda,CR-V Hybrid,Base,2018,SUV,Hybrid,FWD,Green,111580,D,8
NV102391,Chevrolet,Equinox,Limited,2023,SUV,Gas,AWD,Brown,37180,A,2
NV102392,Kia,Forte,Touring,2022,Sedan,Gas,FWD,Blue,81430,A,4
NV102393,Tesla,Model 3,Touring,2019,Sedan,Electric,FWD,Blue,91280,B,5
NV102394,Honda,CR-V,Limited,2022,SUV,Gas,AWD,Silver,46010,A,3
NV102395,Ford,F-150,Limited,2017,Truck,Gas,4WD,Blue,148550,D,8
NV102396,Toyota,Corolla,Sport,2017,Sedan,Gas,FWD,Grey,101070,B,8
NV102397,Toyota,Camry,Base,2022,Sedan,Gas,FWD,Silver,88960,C,4
NV102398,Hyundai,Elantra,Base,2022,Sedan,Gas,FWD,Silver,60450,B,3
NV102399,Subaru,Outback,Sport,2020,Wagon,Gas,AWD,Brown,86460,B,4
NV102400,Hyundai,Tucson,Base,2021,SUV,Gas,AWD,Grey,46140,A,3
NV102401,Kia,Sportage,Touring,2023,SUV,Gas,AWD,Blue,34440,A,2
NV102402,Tesla,Model 3,Limited,2021,Sedan,Electric,FWD,Black,41290,C,3
NV102403,Toyota,Camry,Sport,2025,Sedan,Gas,FWD,Grey,4000,A,0
NV102404,Nissan,Rogue,Base,2016,SUV,Gas,AWD,Grey,137120,C,8
NV102405,Ford,Escape,Sport,2022,SUV,Gas,AWD,Silver,39860,B,2
NV102406,Mazda,Mazda3,Base,2020,Hatchback,Gas,FWD,Silver,103620,C,6
NV102407,Honda,Civic,Touring,2020,Sedan,Gas,FWD,Green,95810,B,6
NV102408,Nissan,Rogue,Base,2022,SUV,Gas,AWD,Brown,59490,B,4
NV102409,Ram,1500,Touring,2025,Truck,Gas,4WD,Blue,5150,A,0
NV102410,Honda,Civic,Limited,2019,Sedan,Gas,FWD,Black,92220,B,5
NV102411,Honda,Accord,Touring,2017,Sedan,Gas,FWD,Black,153720,C,8
NV102412,Ford,Escape,Base,2023,SUV,Gas,AWD,Blue,17630,A,1
NV102413,Hyundai,Elantra,Sport,2019,Sedan,Gas,FWD,Blue,105610,C,5
NV102414,Toyota,Tacoma,Limited,2020,Truck,Gas,4WD,Red,79060,C,6
NV102415,Volkswagen,Tiguan,Limited,2019,SUV,Gas,AWD,Red,105690,C,7
NV102416,Ford,F-150,Sport,2016,Truck,Gas,4WD,White,84640,C,8
NV102417,Honda,Odyssey,Base,2017,Minivan,Gas,FWD,Green,126380,D,8
NV102418,Honda,Accord,Limited,2017,Sedan,Gas,FWD,Brown,126140,C,9
NV102419,Mazda,CX-5,Touring,2015,SUV,Gas,FWD,Brown,192290,D,10
NV102420,Honda,CR-V,Base,2018,SUV,Gas,AWD,Black,137270,B,7
NV102421,Mazda,CX-5,Base,2022,SUV,Gas,AWD,Silver,42760,B,2
NV102422,Toyota,Corolla,Sport,2021,Sedan,Gas,FWD,Green,67450,C,4
NV102423,Honda,Civic,Limited,2016,Sedan,Gas,FWD,Brown,152610,C,9
NV102424,Chevrolet,Equinox,Limited,2023,SUV,Gas,FWD,Red,42050,B,2
NV102425,Toyota,Corolla,Touring,2024,Sedan,Gas,FWD,Black,35020,A,2
NV102426,Ford,F-150,Sport,2024,Truck,Gas,4WD,Blue,39800,A,2
NV102427,Ford,F-150,Touring,2019,Truck,Gas,4WD,Silver,81170,A,5
NV102428,Ford,Escape,Touring,2019,SUV,Gas,FWD,Brown,88170,C,7
NV102429,Toyota,RAV4,Touring,2022,SUV,Gas,AWD,Silver,64700,C,4
NV102430,Chevrolet,Equinox,Sport,2022,SUV,Gas,AWD,Blue,71020,A,4
NV102431,Honda,CR-V,Sport,2022,SUV,Gas,AWD,White,48680,A,2
NV102432,Toyota,Camry,Sport,2020,Sedan,Gas,FWD,Silver,84430,B,5
NV102433,Toyota,RAV4 Hybrid,Base,2024,SUV,Hybrid,FWD,Blue,28420,A,1
NV102434,Kia,Forte,Limited,2022,Sedan,Gas,FWD,Red,70810,A,3
NV102435,Ford,F-150,Base,2022,Truck,Gas,4WD,Black,57700,B,3
NV102436,Mazda,CX-5,Base,2020,SUV,Gas,AWD,Black,97890,C,5
NV102437,Subaru,Outback,Sport,2019,Wagon,Gas,AWD,Blue,120680,A,7
NV102438,Honda,Civic,Sport,2022,Sedan,Gas,FWD,Grey,45470,A,3
NV102439,Toyota,RAV4 Hybrid,Limited,2016,SUV,Hybrid,AWD,Blue,180340,C,9
NV102440,Honda,CR-V,Sport,2019,SUV,Gas,AWD,Red,111280,B,5
NV102441,Toyota,Camry,Limited,2015,Sedan,Gas,FWD,Brown,113890,C,10
NV102442,Ford,F-150,Sport,2017,Truck,Gas,4WD,Green,93770,C,9
NV102443,Chevrolet,Silverado 1500,Base,2023,Truck,Gas,4WD,Silver,29060,A,1
NV102444,Hyundai,Tucson,Limited,2023,SUV,Gas,FWD,Green,45170,B,3
NV102445,Honda,CR-V,,2018,SUV,Gas,FWD,Red,127390,C,7
NV102446,Hyundai,Tucson,Base,2019,SUV,Gas,FWD,White,132800,C,7
NV102447,Ford,F-150,Limited,2020,Truck,Gas,4WD,Black,57500,A,5
NV102448,Toyota,Camry,Sport,2016,Sedan,Gas,FWD,Green,127330,B,10
NV102449,Hyundai,Elantra,Base,2019,Sedan,Gas,FWD,Black,103950,C,6
NV102450,Honda,CR-V,Limited,2015,SUV,Gas,AWD,Red,182570,D,10
NV102451,Chevrolet,Silverado 1500,Sport,2019,Truck,Gas,4WD,Silver,98840,C,5
NV102452,Hyundai,Elantra,Touring,2019,Sedan,Gas,FWD,Brown,77360,C,7
NV102453,Hyundai,Tucson,Base,2023,SUV,Gas,FWD,Green,22260,B,1
NV102454,Hyundai,Elantra,Base,2019,Sedan,Gas,FWD,Brown,101190,B,6
NV102455,Honda,Civic,,2019,Sedan,Gas,FWD,Black,112460,B,6
NV102456,Nissan,Rogue,Base,2021,SUV,Gas,FWD,Blue,76000,C,4
NV102457,Toyota,RAV4,Limited,2021,SUV,Gas,AWD,Green,75170,B,4
NV102458,Honda,CR-V,Touring,2021,SUV,Gas,AWD,Grey,65960,B,3
NV102459,Honda,CR-V Hybrid,Sport,2020,SUV,Hybrid,FWD,White,101290,C,5
NV102460,Toyota,Camry,Base,2019,Sedan,Gas,FWD,Blue,129520,C,5
NV102461,Ford,F-150,Limited,2019,Truck,Gas,4WD,Red,118080,C,7
NV102462,Toyota,RAV4,Limited,2022,SUV,Gas,AWD,Grey,42550,A,3
NV102463,Mazda,CX-5,Base,2022,SUV,Gas,FWD,White,82110,A,4
NV102464,Ford,Escape,Limited,2019,SUV,Gas,AWD,Black,121560,D,7
NV102465,Honda,CR-V,Limited,2024,SUV,Gas,FWD,Blue,22910,A,1
NV102466,Honda,CR-V,Sport,2025,SUV,Gas,FWD,Blue,28000,A,1
NV102467,Hyundai,Tucson,Base,2016,SUV,Gas,FWD,Silver,183030,D,10
NV102468,Honda,Civic,Sport,2020,Sedan,Gas,FWD,Grey,81970,B,5
NV102469,Honda,CR-V,Base,2025,SUV,Gas,AWD,Red,19340,A,1
NV102470,Mazda,Mazda3,Sport,2020,Hatchback,Gas,FWD,Silver,72420,A,4
NV102471,Honda,CR-V,Sport,2023,SUV,Gas,AWD,Red,42910,A,2
NV102472,Ford,F-150,Base,2019,Truck,Gas,4WD,Red,84960,B,6
NV102473,Honda,Civic,Limited,2019,Sedan,Gas,FWD,Blue,66900,C,5
NV102474,Nissan,Rogue,Limited,2022,SUV,Gas,FWD,Brown,64880,B,4
NV102475,Tesla,Model 3,Limited,2020,Sedan,Electric,FWD,Grey,86250,C,5
NV102476,Ford,Escape,Base,2020,SUV,Gas,FWD,Grey,87850,B,5
NV102477,Honda,Civic,Base,2019,Sedan,Gas,FWD,Green,106010,C,7
NV102478,Mazda,CX-5,Limited,2015,SUV,Gas,AWD,Blue,128830,D,11
NV102479,Chevrolet,Silverado 1500,Touring,2022,Truck,Gas,4WD,White,58180,A,3
NV102480,Honda,Civic,Base,2021,Sedan,Gas,FWD,Red,83050,C,4
NV102481,Kia,Sportage,,2018,SUV,Gas,AWD,Brown,131050,B,7
NV102482,Toyota,Corolla,Sport,2024,Sedan,Gas,FWD,Brown,8170,A,0
NV102483,Hyundai,Tucson,Limited,2016,SUV,Gas,FWD,Black,154670,C,9
NV102484,Honda,Accord,Base,2022,Sedan,Gas,FWD,Black,43150,A,2
NV102485,Honda,CR-V,Base,2020,SUV,Gas,FWD,Black,75450,C,6
NV102486,Toyota,Tacoma,Base,2024,Truck,Gas,4WD,Grey,8240,A,0
NV102487,Toyota,Corolla,Base,2023,Sedan,Gas,FWD,Blue,28140,A,1
NV102488,Toyota,RAV4 Hybrid,Touring,2017,SUV,Hybrid,AWD,Silver,87590,C,8
NV102489,Toyota,RAV4,Sport,2025,SUV,Gas,FWD,Green,25830,B,1
NV102490,Toyota,Corolla,Sport,2019,Sedan,Gas,FWD,White,100650,C,6
NV102491,Ram,1500,Touring,2016,Truck,Gas,4WD,Red,222670,D,10
NV102492,Toyota,Camry,Limited,2018,Sedan,Gas,FWD,Green,141810,C,7
NV102493,Honda,Civic,Sport,2020,Sedan,Gas,FWD,Grey,94350,B,4
NV102494,BMW,3 Series,Sport,2022,Sedan,Gas,FWD,Brown,47130,B,3
NV102495,Honda,Accord,Limited,2020,Sedan,Gas,FWD,Blue,74010,B,6
NV102496,Nissan,Rogue,Limited,2021,SUV,Gas,FWD,Green,42780,B,3
NV102497,Honda,CR-V,Base,2018,SUV,Gas,AWD,Green,106800,C,6
NV102498,Tesla,Model 3,Touring,2024,Sedan,Electric,FWD,Red,38760,B,2
NV102499,Honda,Odyssey,Limited,2020,Minivan,Gas,FWD,White,127050,C,6
NV102500,Mazda,Mazda3,Base,2019,Hatchback,Gas,FWD,Black,99620,B,5
NV102501,Honda,CR-V Hybrid,Touring,2022,SUV,Hybrid,FWD,White,58100,B,4
NV102502,Toyota,Tacoma,Base,2021,Truck,Gas,4WD,Brown,63260,A,4
NV102503,Toyota,Camry,Limited,2020,Sedan,Gas,FWD,White,38040,B,4
NV102504,Honda,CR-V,Sport,2019,SUV,Gas,AWD,Red,92620,B,5
NV102505,Kia,Sportage,Sport,2021,SUV,Gas,AWD,Brown,89330,B,5
NV102506,Kia,Sportage,Limited,2021,SUV,Gas,AWD,Silver,77600,C,4
NV102507,Ford,F-150,Sport,2024,Truck,Gas,4WD,Brown,30430,B,2
NV102508,Honda,Civic,Base,2019,Sedan,Gas,FWD,Silver,77550,B,6
NV102509,Toyota,Corolla,Touring,2020,Sedan,Gas,FWD,Red,116190,C,5
NV102510,Mazda,CX-5,Limited,2021,SUV,Gas,AWD,Black,54500,C,3
NV102511,Toyota,Corolla,Sport,2021,Sedan,Gas,FWD,Grey,79860,C,4
NV102512,Jeep,Wrangler,Base,2020,SUV,Gas,AWD,Silver,113110,B,5
NV102513,Ford,Escape,,2024,SUV,Gas,FWD,Grey,38890,B,2
NV102514,Kia,Sportage,Limited,2016,SUV,Gas,FWD,Green,116930,C,8
NV102515,Toyota,Corolla,Limited,2020,Sedan,Gas,FWD,Blue,73310,B,5
NV102516,Hyundai,Tucson,Sport,2022,SUV,Gas,AWD,Grey,32470,A,2
NV102517,Toyota,Corolla,,2019,Sedan,Gas,FWD,Black,83260,B,5
NV102518,Ram,1500,Sport,2024,Truck,Gas,4WD,Grey,43140,A,2
NV102519,Honda,Accord,Sport,2019,Sedan,Gas,FWD,Black,147490,B,5
NV102520,Mazda,Mazda3,Touring,2016,Hatchback,Gas,FWD,Brown,122340,C,8
NV102521,Toyota,Corolla,Touring,2019,Sedan,Gas,FWD,Red,78990,B,5
NV102522,Honda,Accord,Base,2023,Sedan,Gas,FWD,White,24790,B,2
NV102523,Toyota,Corolla,Touring,2024,Sedan,Gas,FWD,Red,7020,B,0
NV102524,Kia,Forte,Touring,2025,Sedan,Gas,FWD,Silver,4000,B,0
NV102525,Ram,1500,Touring,2023,Truck,Gas,4WD,Black,41790,A,2
NV102526,Honda,Odyssey,Base,2021,Minivan,Gas,FWD,Black,99040,A,5
NV102527,Ford,F-150,Touring,2020,Truck,Gas,4WD,Grey,70120,B,5
NV102528,Toyota,RAV4 Hybrid,Base,2018,SUV,Hybrid,AWD,Black,112660,B,8
NV102529,Honda,CR-V,Sport,2020,SUV,Gas,FWD,Green,104230,A,6
NV102530,Toyota,Corolla,Limited,2021,Sedan,Gas,FWD,Red,110190,B,5
NV102531,Toyota,Camry,Base,2016,Sedan,Gas,FWD,Grey,82240,B,9
NV102532,Toyota,Corolla,Limited,2019,Sedan,Gas,FWD,Black,137330,C,7
NV102533,Mazda,Mazda3,Base,2025,Hatchback,Gas,FWD,Blue,7830,A,0
NV102534,Hyundai,Tucson,Base,2020,SUV,Gas,AWD,Black,78020,B,5
NV102535,Kia,Forte,Limited,2017,Sedan,Gas,FWD,Brown,87940,C,8
NV102536,Mazda,CX-5,Base,2016,SUV,Gas,AWD,Brown,172490,D,8
NV102537,Honda,Civic,Limited,2022,Sedan,Gas,FWD,Blue,71100,B,3
NV102538,Nissan,Rogue,Base,2018,SUV,Gas,AWD,Silver,131430,D,8
NV102539,Hyundai,Elantra,Touring,2021,Sedan,Gas,FWD,Black,96590,B,4
NV102540,Volkswagen,Tiguan,Limited,2025,SUV,Gas,FWD,Green,4000,A,0
NV102541,Chevrolet,Silverado 1500,Limited,2023,Truck,Gas,4WD,Blue,61150,B,3
NV102542,Ford,F-150,Base,2022,Truck,Gas,4WD,Green,29370,B,2
NV102543,Hyundai,Elantra,Sport,2025,Sedan,Gas,FWD,Black,19670,A,1
NV102544,Chevrolet,Equinox,Sport,2019,SUV,Gas,AWD,Blue,105780,C,7
NV102545,Ford,F-150,Touring,2019,Truck,Gas,4WD,Brown,123310,D,7
NV102546,Ford,Escape,Touring,2022,SUV,Gas,FWD,Brown,46640,B,2
NV102547,Toyota,RAV4,Base,2023,SUV,Gas,AWD,Black,57500,C,3
NV102548,Honda,Civic,Limited,2021,Sedan,Gas,FWD,Green,73370,B,5
NV102549,Mazda,Mazda3,Touring,2020,Hatchback,Gas,FWD,Black,133270,B,6
NV102550,Toyota,RAV4,Sport,2020,SUV,Gas,FWD,Black,78750,A,4
NV102551,Hyundai,Elantra,Touring,2022,Sedan,Gas,FWD,White,52150,B,2
NV102552,Kia,Sportage,Base,2024,SUV,Gas,AWD,Silver,4320,A,0
NV102553,Honda,CR-V,Base,2017,SUV,Gas,FWD,Blue,184800,D,9
NV102554,Honda,CR-V,Sport,2024,SUV,Gas,AWD,Grey,49110,B,2
NV102555,Ford,Escape,Base,2017,SUV,Gas,AWD,Brown,134260,C,8
NV102556,Toyota,RAV4 Hybrid,Base,2018,SUV,Hybrid,FWD,Black,100290,B,6
NV102557,Toyota,RAV4,Touring,2020,SUV,Gas,FWD,Silver,112850,D,6
NV102558,Jeep,Wrangler,Sport,2018,SUV,Gas,FWD,Green,132950,C,8
NV102559,Ford,F-150,Base,2021,Truck,Gas,4WD,Black,64040,B,3
NV102560,Kia,Sportage,Base,2020,SUV,Gas,FWD,Brown,104820,C,5
NV102561,Chevrolet,Silverado 1500,Sport,2019,Truck,Gas,4WD,Black,124220,C,6
NV102562,Honda,CR-V,Base,2023,SUV,Gas,AWD,Grey,24450,A,1
NV102563,Ford,F-150,Base,2020,Truck,Gas,4WD,Blue,76230,C,4
NV102564,Kia,Forte,Base,2023,Sedan,Gas,FWD,Green,56480,B,3
NV102565,Honda,CR-V,,2019,SUV,Gas,AWD,Red,107330,C,6
NV102566,Honda,CR-V,Base,2023,SUV,Gas,AWD,Silver,63050,A,3
NV102567,Hyundai,Tucson,Sport,2016,SUV,Gas,FWD,Red,151620,D,10
NV102568,Toyota,RAV4 Hybrid,Sport,2022,SUV,Hybrid,AWD,White,41930,B,2
NV102569,Ford,F-150,Base,2022,Truck,Gas,4WD,White,56370,B,3
NV102570,Subaru,Outback,Touring,2020,Wagon,Gas,FWD,Silver,85360,A,5
NV102571,Subaru,Outback,,2023,Wagon,Gas,FWD,Green,25560,A,1
NV102572,Kia,Forte,Touring,2022,Sedan,Gas,FWD,Brown,96390,A,4
NV102573,Toyota,Tacoma,Base,2019,Truck,Gas,4WD,Blue,120230,C,5
NV102574,Toyota,RAV4,Limited,2023,SUV,Gas,AWD,Brown,42740,B,2
NV102575,Kia,Sportage,,2020,SUV,Gas,AWD,White,80490,B,6
NV102576,Honda,CR-V,Touring,2020,SUV,Gas,AWD,Brown,58840,B,4
NV102577,Honda,CR-V,Sport,2020,SUV,Gas,AWD,Silver,89540,B,5
NV102578,Mazda,Mazda3,Sport,2023,Hatchback,Gas,FWD,Brown,39760,A,2
NV102579,Toyota,Corolla,Limited,2022,Sedan,Gas,FWD,Red,34670,A,2
NV102580,Mazda,CX-5,Base,2021,SUV,Gas,AWD,Silver,123870,C,5
NV102581,Ford,Escape,Sport,2025,SUV,Gas,AWD,White,19710,A,1
NV102582,Toyota,RAV4,Base,2022,SUV,Gas,AWD,Green,36540,B,3
NV102583,Kia,Sportage,Limited,2020,SUV,Gas,FWD,Brown,138130,C,6
NV102584,Ford,F-150,Limited,2023,Truck,Gas,4WD,Brown,19780,A,1
NV102585,Honda,Odyssey,Sport,2022,Minivan,Gas,FWD,Green,41840,A,2
NV102586,Honda,CR-V,Base,2023,SUV,Gas,AWD,White,39420,B,2
NV102587,Toyota,Corolla,,2022,Sedan,Gas,FWD,White,81470,A,4
NV102588,Tesla,Model 3,Limited,2024,Sedan,Electric,FWD,Black,15810,A,1
NV102589,Honda,Accord,Sport,2024,Sedan,Gas,FWD,Green,37580,C,2
NV102590,Toyota,Camry,Limited,2025,Sedan,Gas,FWD,Red,7700,A,0
NV102591,Toyota,RAV4,Limited,2023,SUV,Gas,FWD,Blue,43310,B,2
NV102592,Toyota,Tacoma,,2024,Truck,Gas,4WD,Silver,35060,A,2
NV102593,Chevrolet,Equinox,Sport,2019,SUV,Gas,FWD,Blue,100180,C,5
NV102594,Toyota,Camry,Touring,2023,Sedan,Gas,FWD,Grey,47610,B,2
NV102595,Ford,F-150,Base,2024,Truck,Gas,4WD,Brown,26830,A,1
NV102596,Subaru,Outback,Sport,2020,Wagon,Gas,AWD,Red,126180,C,6
NV102597,Honda,Civic,Touring,2018,Sedan,Gas,FWD,Brown,92620,A,7
NV102598,Hyundai,Elantra,,2019,Sedan,Gas,FWD,Red,77080,B,5
NV102599,Toyota,Corolla,Base,2021,Sedan,Gas,FWD,Brown,93560,B,4
NV102600,Toyota,Tacoma,Base,2018,Truck,Gas,4WD,Grey,126770,C,6
NV102601,Honda,Civic,Base,2022,Sedan,Gas,FWD,Brown,25100,A,2
NV102602,Ford,F-150,Base,2019,Truck,Gas,4WD,Blue,90710,B,6
NV102603,Hyundai,Tucson,Base,2017,SUV,Gas,FWD,Green,162410,C,7
NV102604,Nissan,Rogue,Touring,2021,SUV,Gas,AWD,White,67560,B,5
NV102605,Ford,Escape,Base,2020,SUV,Gas,FWD,Black,87470,C,5
NV102606,Kia,Sportage,Sport,2016,SUV,Gas,AWD,Silver,104410,C,9
NV102607,Honda,Odyssey,Base,2021,Minivan,Gas,FWD,Red,98770,B,5
NV102608,Kia,Sportage,Sport,2019,SUV,Gas,AWD,Brown,139820,C,7
NV102609,Honda,Odyssey,Sport,2017,Minivan,Gas,FWD,Red,176630,D,8
NV102610,Hyundai,Tucson,Sport,2017,SUV,Gas,FWD,Red,180560,D,9
NV102611,Honda,CR-V,Sport,2022,SUV,Gas,AWD,Silver,41540,B,3
NV102612,Toyota,Camry,Base,2023,Sedan,Gas,FWD,Red,27500,A,2
NV102613,Ram,1500,Limited,2018,Truck,Gas,4WD,Black,108740,C,6
NV102614,Toyota,RAV4,Limited,2022,SUV,Gas,AWD,Black,69730,A,4
NV102615,Toyota,RAV4,Base,2022,SUV,Gas,AWD,Green,36670,B,2
NV102616,Toyota,Corolla,Base,2021,Sedan,Gas,FWD,Red,42140,A,3
NV102617,Honda,Civic,Sport,2021,Sedan,Gas,FWD,Blue,101310,C,5
NV102618,Hyundai,Elantra,Touring,2022,Sedan,Gas,FWD,White,45710,B,2
NV102619,Honda,CR-V,Base,2019,SUV,Gas,AWD,Red,79570,C,6
NV102620,Ford,Escape,Sport,2019,SUV,Gas,AWD,Blue,92110,C,6
NV102621,Honda,Civic,Sport,2021,Sedan,Gas,FWD,Silver,89700,A,5
NV102622,Toyota,Corolla,Limited,2022,Sedan,Gas,FWD,Green,83340,C,4
NV102623,Honda,Accord,Base,2019,Sedan,Gas,FWD,Silver,109820,C,6
NV102624,Honda,Odyssey,Sport,2019,Minivan,Gas,FWD,Blue,133900,D,7
NV102625,Hyundai,Elantra,,2021,Sedan,Gas,FWD,Grey,62370,A,4
NV102626,Honda,CR-V,Base,2020,SUV,Gas,FWD,Red,89960,C,6
NV102627,Honda,Accord,Limited,2025,Sedan,Gas,FWD,Red,24710,B,1
NV102628,Honda,Civic,Base,2021,Sedan,Gas,FWD,Red,89050,B,4
NV102629,Toyota,Camry,,2022,Sedan,Gas,FWD,Blue,55900,A,2
NV102630,Honda,Civic,Base,2017,Sedan,Gas,FWD,Red,199110,D,9
NV102631,Mazda,Mazda3,Limited,2019,Hatchback,Gas,FWD,Red,111640,C,6
NV102632,Ram,1500,Base,2025,Truck,Gas,4WD,Red,21090,A,1
NV102633,Hyundai,Elantra,Base,2023,Sedan,Gas,FWD,Green,56880,C,3
NV102634,Hyundai,Tucson,Limited,2023,SUV,Gas,FWD,Red,33810,B,2
NV102635,Honda,CR-V,,2018,SUV,Gas,AWD,Grey,129770,C,8
NV102636,Honda,Civic,Sport,2023,Sedan,Gas,FWD,Black,24840,A,1
NV102637,Subaru,Outback,Base,2020,Wagon,Gas,AWD,Silver,113330,C,6
NV102638,Toyota,Camry,Touring,2016,Sedan,Gas,FWD,Grey,197490,C,10
NV102639,Hyundai,Tucson,Touring,2020,SUV,Gas,FWD,White,65740,C,6
NV102640,Jeep,Wrangler,Base,2022,SUV,Gas,AWD,Grey,81840,C,4
NV102641,Ford,F-150,Base,2020,Truck,Gas,4WD,Red,57300,B,4
NV102642,Mazda,CX-5,Limited,2021,SUV,Gas,AWD,Brown,64570,B,3
NV102643,Kia,Sportage,Limited,2024,SUV,Gas,AWD,Red,21620,A,1
NV102644,Toyota,RAV4,,2017,SUV,Gas,FWD,Black,141880,D,8
NV102645,Kia,Sportage,Base,2021,SUV,Gas,AWD,Black,63740,B,4
NV102646,Honda,Civic,Sport,2019,Sedan,Gas,FWD,Blue,130210,C,7
NV102647,Toyota,Corolla,Touring,2022,Sedan,Gas,FWD,Silver,61740,B,4
NV102648,Honda,Accord,Base,2020,Sedan,Gas,FWD,Brown,56350,A,6
NV102649,Hyundai,Tucson,Base,2023,SUV,Gas,AWD,Grey,16410,A,1
NV102650,Ford,F-150,Base,2021,Truck,Gas,4WD,Blue,96000,C,4
NV102651,Mazda,CX-5,Sport,2021,SUV,Gas,FWD,Red,47420,B,4
NV102652,Honda,CR-V,,2024,SUV,Gas,AWD,White,45280,A,2
NV102653,Mazda,CX-5,Limited,2022,SUV,Gas,AWD,Grey,75340,C,3
NV102654,Hyundai,Tucson,Touring,2019,SUV,Gas,AWD,White,85890,C,5
NV102655,Honda,Accord,Limited,2024,Sedan,Gas,FWD,Red,20320,A,1
NV102656,Mazda,CX-5,Base,2019,SUV,Gas,AWD,Red,76100,B,6
NV102657,Hyundai,Tucson,Base,2021,SUV,Gas,AWD,Brown,65840,B,4
NV102658,Mazda,Mazda3,Base,2019,Hatchback,Gas,FWD,Black,95210,C,6
NV102659,Jeep,Wrangler,Limited,2020,SUV,Gas,AWD,Black,105310,D,5
NV102660,Kia,Sportage,Base,2018,SUV,Gas,FWD,Black,97950,C,6
NV102661,Mazda,CX-5,Sport,2022,SUV,Gas,AWD,Green,46300,B,3
NV102662,Honda,CR-V,Base,2025,SUV,Gas,AWD,Silver,8840,A,0
NV102663,Honda,CR-V Hybrid,Base,2023,SUV,Hybrid,AWD,Brown,56100,C,3
NV102664,Toyota,Corolla,Sport,2019,Sedan,Gas,FWD,Blue,142790,C,7
NV102665,Mazda,CX-5,Sport,2021,SUV,Gas,FWD,Black,60180,A,3
NV102666,Honda,CR-V,Base,2021,SUV,Gas,FWD,Red,62490,B,3
NV102667,Toyota,Tacoma,Base,2019,Truck,Gas,4WD,Silver,90750,B,5
NV102668,Tesla,Model 3,Sport,2022,Sedan,Electric,FWD,Grey,53960,B,2
NV102669,Honda,Civic,Base,2024,Sedan,Gas,FWD,Brown,18360,A,1
NV102670,Honda,CR-V,Sport,2017,SUV,Gas,FWD,Green,160170,C,8
NV102671,Honda,CR-V,Base,2022,SUV,Gas,FWD,Brown,74240,B,4
NV102672,Mazda,CX-5,Sport,2020,SUV,Gas,FWD,Red,85190,C,5
NV102673,Hyundai,Elantra,Limited,2020,Sedan,Gas,FWD,Red,74660,B,4
NV102674,Kia,Sportage,Sport,2025,SUV,Gas,AWD,Green,5580,A,0
NV102675,Honda,CR-V Hybrid,Base,2019,SUV,Hybrid,AWD,White,87010,C,7
NV102676,Tesla,Model 3,Sport,2021,Sedan,Electric,FWD,Blue,69370,B,4
NV102677,Honda,CR-V Hybrid,Sport,2022,SUV,Hybrid,FWD,Green,38510,A,2
NV102678,Toyota,RAV4 Hybrid,Base,2023,SUV,Hybrid,AWD,Brown,22550,A,1
NV102679,Mazda,CX-5,Base,2020,SUV,Gas,AWD,Green,78210,B,4
NV102680,Subaru,Outback,,2023,Wagon,Gas,AWD,Black,21720,A,1
NV102681,Toyota,Camry,Limited,2019,Sedan,Gas,FWD,Green,97530,B,5
NV102682,Toyota,Corolla,Base,2025,Sedan,Gas,FWD,Brown,6330,B,0
NV102683,Toyota,RAV4,Base,2021,SUV,Gas,AWD,Brown,43350,A,3
NV102684,Volkswagen,Tiguan,Touring,2018,SUV,Gas,AWD,White,63280,C,7
NV102685,Hyundai,Ioniq 5,Limited,2025,SUV,Electric,FWD,Grey,17330,A,1
NV102686,Ford,Escape,Touring,2023,SUV,Gas,AWD,Brown,26310,B,1
NV102687,BMW,3 Series,Sport,2022,Sedan,Gas,FWD,Black,49040,A,4
NV102688,Chevrolet,Silverado 1500,Sport,2022,Truck,Gas,4WD,Brown,67110,A,3
NV102689,Mazda,CX-5,Base,2022,SUV,Gas,AWD,Grey,42910,A,2
NV102690,Honda,CR-V,Sport,2017,SUV,Gas,AWD,Red,112920,C,7
NV102691,Toyota,RAV4 Hybrid,Touring,2023,SUV,Hybrid,AWD,Silver,34800,A,2
NV102692,Honda,CR-V Hybrid,Sport,2016,SUV,Hybrid,AWD,Green,153250,C,10
NV102693,Toyota,RAV4,Sport,2016,SUV,Gas,AWD,Brown,164840,D,10
NV102694,Nissan,Rogue,Touring,2015,SUV,Gas,FWD,Silver,217910,C,11
NV102695,Ford,Escape,Sport,2025,SUV,Gas,AWD,Grey,6620,A,0
NV102696,Ford,F-150,Sport,2018,Truck,Gas,4WD,Green,120320,C,7
NV102697,Kia,Sportage,Touring,2019,SUV,Gas,AWD,White,84630,B,5
NV102698,Mazda,CX-5,Sport,2020,SUV,Gas,AWD,Brown,94630,B,5
NV102699,Hyundai,Tucson,Base,2021,SUV,Gas,AWD,Grey,86190,B,4
NV102700,Toyota,RAV4,Base,2023,SUV,Gas,AWD,Brown,48850,B,2
NV102701,BMW,3 Series,Base,2022,Sedan,Gas,FWD,White,50000,A,3
NV102702,Toyota,Camry,Base,2023,Sedan,Gas,FWD,Black,38050,A,2
NV102703,Toyota,RAV4,Base,2024,SUV,Gas,FWD,Silver,18410,A,1
NV102704,Hyundai,Elantra,Base,2018,Sedan,Gas,FWD,Red,138540,B,6
NV102705,Toyota,Corolla,Base,2023,Sedan,Gas,FWD,Black,43570,B,2
NV102706,Honda,Civic,Sport,2021,Sedan,Gas,FWD,Red,80020,B,4
NV102707,Chevrolet,Equinox,Limited,2021,SUV,Gas,FWD,Green,71370,A,5
NV102708,Honda,Accord,Base,2016,Sedan,Gas,FWD,White,110100,C,9
NV102709,Honda,CR-V,Base,2020,SUV,Gas,AWD,Silver,91980,B,6
NV102710,Hyundai,Elantra,Sport,2023,Sedan,Gas,FWD,Silver,31710,A,2
NV102711,Toyota,Camry,Base,2020,Sedan,Gas,FWD,White,120390,C,5
NV102712,Honda,Civic,Base,2021,Sedan,Gas,FWD,Silver,68470,A,4
NV102713,Tesla,Model 3,Base,2025,Sedan,Electric,FWD,Silver,23880,A,1
NV102714,Toyota,Tacoma,Limited,2024,Truck,Gas,4WD,Grey,39530,A,2
NV102715,Chevrolet,Equinox,Base,2017,SUV,Gas,FWD,Red,124510,C,7
NV102716,Subaru,Outback,Base,2020,Wagon,Gas,AWD,Silver,80720,C,4
NV102717,BMW,3 Series,Sport,2018,Sedan,Gas,FWD,Blue,110980,D,6
NV102718,Toyota,RAV4,Touring,2018,SUV,Gas,FWD,Red,94990,B,8
NV102719,Toyota,RAV4,Touring,2018,SUV,Gas,FWD,Silver,183720,D,8
NV102720,Toyota,Corolla,Limited,2023,Sedan,Gas,FWD,Brown,25520,A,1
NV102721,Mazda,CX-5,Touring,2022,SUV,Gas,FWD,Green,46170,A,3
NV102722,Hyundai,Elantra,Limited,2019,Sedan,Gas,FWD,Grey,71740,B,5
NV102723,Nissan,Rogue,Limited,2018,SUV,Gas,FWD,Red,128320,A,8
NV102724,Toyota,RAV4,Touring,2020,SUV,Gas,AWD,Grey,68780,B,4
NV102725,Hyundai,Tucson,Limited,2020,SUV,Gas,AWD,Green,137060,D,6
NV102726,Chevrolet,Silverado 1500,Base,2019,Truck,Gas,4WD,White,157040,C,7
NV102727,Mazda,Mazda3,Base,2019,Hatchback,Gas,FWD,Black,95250,B,5
NV102728,Honda,Civic,Sport,2025,Sedan,Gas,FWD,Silver,7480,A,0
NV102729,Toyota,Camry,Base,2019,Sedan,Gas,FWD,Red,80720,B,6
NV102730,Honda,Accord,Limited,2017,Sedan,Gas,FWD,Red,103840,C,8
NV102731,Toyota,Corolla,Limited,2022,Sedan,Gas,FWD,Black,43450,B,2
NV102732,Toyota,Corolla,Touring,2018,Sedan,Gas,FWD,Grey,130720,C,7
NV102733,Chevrolet,Equinox,Sport,2018,SUV,Gas,FWD,Silver,47090,A,6
NV102734,Toyota,RAV4,Base,2018,SUV,Gas,FWD,Grey,206330,D,8
NV102735,Nissan,Rogue,Limited,2021,SUV,Gas,AWD,White,103440,C,5
NV102736,Toyota,Corolla,Sport,2017,Sedan,Gas,FWD,Silver,104500,B,7
NV102737,Toyota,Camry,Base,2021,Sedan,Gas,FWD,Red,118140,B,5
NV102738,Toyota,RAV4 Hybrid,Base,2021,SUV,Hybrid,FWD,Black,59170,B,3
NV102739,Honda,CR-V Hybrid,Base,2020,SUV,Hybrid,AWD,Silver,112530,C,6
NV102740,Kia,Sportage,Base,2015,SUV,Gas,FWD,Red,209500,D,11
NV102741,Honda,Odyssey,Sport,2020,Minivan,Gas,FWD,Silver,60200,B,5
NV102742,Volkswagen,Tiguan,Sport,2022,SUV,Gas,AWD,White,81310,A,4
NV102743,Mazda,CX-5,Base,2025,SUV,Gas,AWD,Black,4050,B,0
NV102744,Honda,Civic,Limited,2017,Sedan,Gas,FWD,Black,129310,B,8
NV102745,Honda,Odyssey,Touring,2022,Minivan,Gas,FWD,Blue,32820,A,2
NV102746,Toyota,Tacoma,Sport,2022,Truck,Gas,4WD,Grey,45620,B,2
NV102747,Ford,F-150,Touring,2024,Truck,Gas,4WD,Blue,24440,A,2
NV102748,Hyundai,Elantra,Sport,2022,Sedan,Gas,FWD,Black,46950,B,3
NV102749,Mazda,CX-5,Base,2021,SUV,Gas,AWD,Brown,115750,C,5
NV102750,Toyota,RAV4,Sport,2019,SUV,Gas,FWD,Blue,101250,B,6
NV102751,Volkswagen,Tiguan,Limited,2020,SUV,Gas,FWD,Green,112960,B,6
NV102752,Volkswagen,Tiguan,Base,2023,SUV,Gas,FWD,White,31570,B,1
NV102753,Ford,F-150,Base,2018,Truck,Gas,4WD,White,147310,D,7
NV102754,Toyota,RAV4 Hybrid,Sport,2024,SUV,Hybrid,FWD,Silver,8910,A,0
NV102755,Honda,Civic,Base,2021,Sedan,Gas,FWD,White,73000,B,4
NV102756,Honda,CR-V,Base,2020,SUV,Gas,AWD,Green,88960,A,5
NV102757,Honda,Accord,Base,2025,Sedan,Gas,FWD,Brown,24870,A,1
NV102758,Toyota,RAV4 Hybrid,,2023,SUV,Hybrid,FWD,Red,39180,A,2
NV102759,Toyota,Tacoma,Sport,2017,Truck,Gas,4WD,Silver,134240,B,7
NV102760,Hyundai,Tucson,Sport,2021,SUV,Gas,AWD,Green,53230,C,4
NV102761,Nissan,Rogue,Limited,2015,SUV,Gas,AWD,Red,208950,D,10
NV102762,Nissan,Rogue,Limited,2024,SUV,Gas,AWD,Blue,26200,A,1
NV102763,Mazda,Mazda3,Limited,2020,Hatchback,Gas,FWD,Red,110710,C,6
NV102764,Toyota,RAV4,Limited,2023,SUV,Gas,AWD,Blue,44490,A,3
NV102765,Hyundai,Elantra,Touring,2021,Sedan,Gas,FWD,Blue,100320,B,5
NV102766,Jeep,Wrangler,Sport,2021,SUV,Gas,AWD,Brown,63760,B,4
NV102767,Honda,CR-V,Sport,2022,SUV,Gas,FWD,White,50250,A,2
NV102768,Toyota,RAV4,Limited,2018,SUV,Gas,FWD,Silver,142740,D,8
NV102769,Honda,CR-V Hybrid,Limited,2023,SUV,Hybrid,AWD,Grey,73160,B,3
NV102770,Honda,Odyssey,Sport,2020,Minivan,Gas,FWD,Blue,83330,A,5
NV102771,Tesla,Model 3,Touring,2021,Sedan,Electric,FWD,Silver,120610,C,5
NV102772,BMW,3 Series,Limited,2023,Sedan,Gas,FWD,Grey,20640,A,1
NV102773,Toyota,RAV4 Hybrid,Sport,2021,SUV,Hybrid,AWD,Red,98010,B,5
NV102774,Mazda,CX-5,Sport,2022,SUV,Gas,AWD,Red,88650,B,4
NV102775,Honda,Civic,Limited,2025,Sedan,Gas,FWD,Red,6410,A,0
NV102776,Ford,F-150,Limited,2021,Truck,Gas,4WD,Green,72040,B,3
NV102777,Subaru,Outback,Base,2018,Wagon,Gas,FWD,White,108500,B,8
NV102778,Ford,Escape,Touring,2019,SUV,Gas,AWD,Black,106600,B,6
NV102779,Hyundai,Tucson,,2022,SUV,Gas,AWD,Blue,80660,B,4
NV102780,Toyota,RAV4,Touring,2022,SUV,Gas,FWD,Brown,50000,C,3
NV102781,Jeep,Wrangler,Base,2018,SUV,Gas,AWD,Black,161570,D,8
NV102782,Jeep,Wrangler,Sport,2020,SUV,Gas,AWD,Brown,68370,B,6
NV102783,Mazda,CX-5,Base,2020,SUV,Gas,AWD,Green,61570,A,4
NV102784,Volkswagen,Tiguan,Limited,2020,SUV,Gas,AWD,Grey,126330,D,6
NV102785,Honda,CR-V Hybrid,Sport,2020,SUV,Hybrid,FWD,Grey,79490,A,5
NV102786,Honda,Civic,Sport,2024,Sedan,Gas,FWD,Brown,26530,A,2
NV102787,Ram,1500,Base,2019,Truck,Gas,4WD,White,96960,C,5
NV102788,Honda,Civic,Sport,2020,Sedan,Gas,FWD,Red,56070,A,5
NV102789,Hyundai,Tucson,Base,2019,SUV,Gas,FWD,Blue,73720,B,7
NV102790,Honda,CR-V Hybrid,Base,2021,SUV,Hybrid,AWD,Red,84680,A,5
NV102791,Toyota,Tacoma,Base,2024,Truck,Gas,4WD,Green,42120,B,2
NV102792,Honda,Odyssey,,2021,Minivan,Gas,FWD,Silver,60090,C,3
NV102793,Ford,Escape,Base,2016,SUV,Gas,AWD,Green,170950,C,9
NV102794,Ford,Escape,Touring,2022,SUV,Gas,AWD,Silver,60450,A,3
NV102795,Toyota,RAV4,Touring,2017,SUV,Gas,AWD,Red,197560,D,9
NV102796,Honda,CR-V Hybrid,Sport,2019,SUV,Hybrid,FWD,White,125820,B,7
NV102797,Chevrolet,Equinox,Limited,2015,SUV,Gas,AWD,Silver,128350,C,9
NV102798,Chevrolet,Equinox,Limited,2019,SUV,Gas,AWD,Green,109190,C,6
NV102799,Honda,CR-V Hybrid,Limited,2017,SUV,Hybrid,AWD,Red,107890,C,8
NV102800,Chevrolet,Silverado 1500,Base,2024,Truck,Gas,4WD,Red,11240,B,1
NV102801,Ford,F-150,Sport,2020,Truck,Gas,4WD,Brown,76030,C,5
NV102802,Honda,Civic,Base,2023,Sedan,Gas,FWD,White,27640,C,1
NV102803,Hyundai,Ioniq 5,Touring,2020,SUV,Electric,AWD,Brown,80520,C,6
NV102804,Toyota,Camry,Base,2021,Sedan,Gas,FWD,Black,79730,B,5
NV102805,Toyota,RAV4,Sport,2022,SUV,Gas,AWD,Red,54170,B,3
NV102806,Toyota,Tacoma,Limited,2021,Truck,Gas,4WD,Silver,80340,C,4
NV102807,Kia,Sportage,Base,2016,SUV,Gas,FWD,Grey,170190,C,8
NV102808,Chevrolet,Silverado 1500,Sport,2022,Truck,Gas,4WD,Red,71780,B,3
NV102809,Subaru,Outback,Base,2018,Wagon,Gas,AWD,Red,120350,D,6
NV102810,Volkswagen,Tiguan,Limited,2020,SUV,Gas,AWD,Grey,84410,C,6
NV102811,Toyota,RAV4,Base,2023,SUV,Gas,FWD,Black,61240,A,3
NV102812,Nissan,Rogue,Base,2020,SUV,Gas,AWD,Grey,85800,A,4
NV102813,Toyota,RAV4 Hybrid,Sport,2024,SUV,Hybrid,FWD,Blue,56120,A,2
NV102814,Toyota,RAV4 Hybrid,Limited,2018,SUV,Hybrid,FWD,Grey,167160,C,6
NV102815,Honda,CR-V Hybrid,Sport,2023,SUV,Hybrid,AWD,White,38940,B,2
NV102816,Honda,CR-V,Base,2020,SUV,Gas,FWD,Silver,104550,A,5
NV102817,Nissan,Rogue,Sport,2025,SUV,Gas,AWD,Brown,4870,B,0
NV102818,Honda,Civic,Sport,2024,Sedan,Gas,FWD,Green,4640,A,0
NV102819,Honda,CR-V,Sport,2019,SUV,Gas,FWD,Black,107150,B,6
NV102820,Kia,Sportage,Touring,2017,SUV,Gas,AWD,Red,143920,C,8
NV102821,Jeep,Wrangler,Base,2021,SUV,Gas,FWD,Black,49060,A,4
NV102822,Honda,CR-V,Touring,2019,SUV,Gas,AWD,Silver,80030,B,5
NV102823,Chevrolet,Equinox,Limited,2020,SUV,Gas,FWD,White,114540,C,6
NV102824,Ford,Escape,Base,2021,SUV,Gas,FWD,Green,63060,B,5
NV102825,Hyundai,Tucson,Base,2021,SUV,Gas,AWD,Silver,40440,A,4
NV102826,Ford,Escape,Sport,2020,SUV,Gas,FWD,Silver,86300,B,5
NV102827,Hyundai,Elantra,Base,2020,Sedan,Gas,FWD,Brown,110550,B,6
NV102828,Ford,F-150,Base,2020,Truck,Gas,4WD,Green,101130,D,5
NV102829,Honda,Civic,Touring,2023,Sedan,Gas,FWD,Black,41610,A,2
NV102830,Hyundai,Tucson,Sport,2025,SUV,Gas,FWD,Silver,5810,A,0
NV102831,Toyota,Tacoma,Limited,2020,Truck,Gas,4WD,Grey,56910,A,6
NV102832,Honda,CR-V Hybrid,Base,2022,SUV,Hybrid,AWD,Black,45140,A,2
NV102833,BMW,3 Series,Base,2021,Sedan,Gas,FWD,Black,50120,A,3
NV102834,Kia,Forte,Limited,2021,Sedan,Gas,FWD,Red,68030,A,4
NV102835,Mazda,CX-5,Base,2021,SUV,Gas,AWD,Black,63130,B,3
NV102836,Honda,CR-V Hybrid,Sport,2019,SUV,Hybrid,FWD,Red,65020,C,5
NV102837,Mazda,CX-5,Limited,2019,SUV,Gas,AWD,Green,97970,B,5
NV102838,Honda,CR-V,Touring,2021,SUV,Gas,AWD,Blue,114160,C,5
NV102839,Honda,Civic,Sport,2018,Sedan,Gas,FWD,Blue,99880,B,6
NV102840,Ram,1500,Limited,2020,Truck,Gas,4WD,White,151290,C,6
NV102841,Chevrolet,Silverado 1500,Limited,2019,Truck,Gas,4WD,Green,87050,B,7
NV102842,Honda,Odyssey,Limited,2021,Minivan,Gas,FWD,Brown,50370,A,3
NV102843,Kia,Sportage,Limited,2022,SUV,Gas,AWD,Red,62660,B,3
NV102844,Honda,CR-V,Limited,2021,SUV,Gas,FWD,Silver,78850,A,4
NV102845,Ford,F-150,Base,2024,Truck,Gas,4WD,Grey,18380,A,1
NV102846,Honda,CR-V,Sport,2020,SUV,Gas,AWD,White,76840,B,5
NV102847,Nissan,Rogue,Limited,2022,SUV,Gas,FWD,Blue,45830,B,2
NV102848,Jeep,Wrangler,Base,2019,SUV,Gas,AWD,Blue,65470,B,7
NV102849,Ford,F-150,Limited,2023,Truck,Gas,4WD,Silver,19790,B,1
NV102850,Toyota,Camry,Base,2023,Sedan,Gas,FWD,Silver,68020,A,3
NV102851,Honda,Odyssey,Sport,2019,Minivan,Gas,FWD,Silver,58950,B,7
NV102852,Honda,CR-V,Limited,2024,SUV,Gas,FWD,Blue,23000,A,1
NV102853,Honda,Civic,Touring,2024,Sedan,Gas,FWD,Black,29310,B,1
NV102854,Toyota,Corolla,Sport,2023,Sedan,Gas,FWD,Red,30950,A,2
NV102855,Mazda,CX-5,Base,2021,SUV,Gas,AWD,Brown,52660,A,3
NV102856,Honda,CR-V Hybrid,Base,2016,SUV,Hybrid,AWD,Silver,114280,B,10
NV102857,Toyota,Corolla,Base,2020,Sedan,Gas,FWD,Silver,74900,B,6
NV102858,Jeep,Wrangler,Base,2021,SUV,Gas,FWD,Grey,90440,B,5
NV102859,Toyota,RAV4,Base,2017,SUV,Gas,AWD,Brown,146920,B,8
NV102860,BMW,3 Series,Limited,2019,Sedan,Gas,FWD,Grey,80750,B,6
NV102861,Toyota,RAV4 Hybrid,Sport,2017,SUV,Hybrid,AWD,Blue,113630,B,9
NV102862,Honda,Odyssey,Base,2020,Minivan,Gas,FWD,Green,107110,C,6
NV102863,Hyundai,Tucson,Sport,2019,SUV,Gas,FWD,Grey,104260,C,5
NV102864,Ford,Escape,Base,2018,SUV,Gas,AWD,Grey,65840,A,7
NV102865,Subaru,Outback,Sport,2016,Wagon,Gas,FWD,Brown,144520,C,8
NV102866,Honda,Civic,Sport,2020,Sedan,Gas,FWD,Silver,104150,B,6
NV102867,Ford,F-150,Touring,2016,Truck,Gas,4WD,Grey,172860,D,10
NV102868,Toyota,RAV4,Sport,2025,SUV,Gas,FWD,Brown,7080,B,0
NV102869,Toyota,RAV4,Base,2024,SUV,Gas,FWD,Black,44550,B,2
NV102870,Honda,Civic,Sport,2022,Sedan,Gas,FWD,Grey,67890,C,3
NV102871,Honda,Civic,Base,2019,Sedan,Gas,FWD,Red,147530,C,7
NV102872,Honda,Civic,Touring,2022,Sedan,Gas,FWD,Blue,55270,B,3
NV102873,Honda,Accord,Touring,2022,Sedan,Gas,FWD,Grey,41650,B,3
NV102874,Mazda,CX-5,Limited,2022,SUV,Gas,AWD,Red,41280,A,3
NV102875,Toyota,Tacoma,,2022,Truck,Gas,4WD,Black,80230,B,4
NV102876,Honda,Civic,Touring,2020,Sedan,Gas,FWD,Green,123650,B,6
NV102877,Honda,CR-V Hybrid,,2022,SUV,Hybrid,FWD,Brown,50690,B,2
NV102878,BMW,3 Series,Base,2021,Sedan,Gas,FWD,Brown,77790,C,5
NV102879,Toyota,Camry,,2020,Sedan,Gas,FWD,Blue,75560,A,4
NV102880,Toyota,RAV4,Touring,2022,SUV,Gas,AWD,White,50530,B,4
NV102881,Toyota,Camry,Limited,2018,Sedan,Gas,FWD,Red,127460,C,6
NV102882,Ford,F-150,Sport,2023,Truck,Gas,4WD,White,24670,A,1
NV102883,Toyota,Camry,Sport,2022,Sedan,Gas,FWD,Red,64650,C,4
NV102884,Kia,Forte,Sport,2021,Sedan,Gas,FWD,Blue,98420,A,5
NV102885,Ford,F-150,Base,2020,Truck,Gas,4WD,Silver,130990,B,6
NV102886,Honda,CR-V,Sport,2019,SUV,Gas,AWD,Grey,121090,C,5
NV102887,Chevrolet,Equinox,Touring,2025,SUV,Gas,AWD,Black,8300,B,0
NV102888,Tesla,Model 3,Sport,2020,Sedan,Electric,FWD,Red,77350,C,5
NV102889,Honda,CR-V,Limited,2019,SUV,Gas,AWD,Blue,87840,C,5
NV102890,Honda,Civic,Limited,2021,Sedan,Gas,FWD,Brown,71630,A,4
NV102891,Kia,Sportage,Touring,2021,SUV,Gas,FWD,White,144900,C,5
NV102892,Honda,Civic,Sport,2016,Sedan,Gas,FWD,Black,180430,D,10
NV102893,Volkswagen,Tiguan,Sport,2020,SUV,Gas,AWD,White,83440,B,5
NV102894,BMW,3 Series,Limited,2023,Sedan,Gas,FWD,Red,65040,B,3
NV102895,Hyundai,Tucson,Base,2022,SUV,Gas,AWD,White,43620,A,3
NV102896,Ford,F-150,Limited,2024,Truck,Gas,4WD,Brown,5040,A,0
NV102897,Toyota,RAV4,Base,2021,SUV,Gas,AWD,Silver,53540,A,3
NV102898,Ford,F-150,Sport,2021,Truck,Gas,4WD,Blue,59140,A,3
NV102899,Toyota,Camry,Base,2020,Sedan,Gas,FWD,Silver,61660,B,4
NV102900,Honda,Accord,Sport,2023,Sedan,Gas,FWD,Grey,21310,A,1
NV102901,BMW,3 Series,Touring,2021,Sedan,Gas,FWD,White,111380,C,5
NV102902,Toyota,Camry,Limited,2024,Sedan,Gas,FWD,Brown,45410,A,2
NV102903,Chevrolet,Equinox,Base,2022,SUV,Gas,AWD,Brown,46820,A,2
NV102904,Toyota,RAV4,Sport,2019,SUV,Gas,AWD,Green,57970,A,5
NV102905,Nissan,Rogue,Base,2017,SUV,Gas,AWD,Brown,100370,B,9
NV102906,Toyota,RAV4 Hybrid,Base,2020,SUV,Hybrid,AWD,Grey,132170,D,6
NV102907,Toyota,RAV4,Limited,2021,SUV,Gas,AWD,Blue,81430,B,4
NV102908,Toyota,RAV4 Hybrid,Base,2022,SUV,Hybrid,FWD,Black,88870,A,4
NV102909,Ford,F-150,Sport,2019,Truck,Gas,4WD,Silver,106780,B,7
NV102910,Honda,Civic,Touring,2023,Sedan,Gas,FWD,Silver,25380,A,2
NV102911,Toyota,Corolla,Sport,2020,Sedan,Gas,FWD,Green,77950,B,4
NV102912,Ford,Escape,Base,2022,SUV,Gas,FWD,Brown,55530,A,3
NV102913,Mazda,Mazda3,Base,2018,Hatchback,Gas,FWD,Silver,116630,C,7
NV102914,Toyota,RAV4 Hybrid,Base,2018,SUV,Hybrid,AWD,Red,119040,D,8
NV102915,Kia,Forte,Sport,2020,Sedan,Gas,FWD,Green,74620,C,5
NV102916,Hyundai,Tucson,Sport,2018,SUV,Gas,AWD,White,194090,C,8
NV102917,Volkswagen,Tiguan,Sport,2024,SUV,Gas,AWD,White,34000,B,2
NV102918,Volkswagen,Tiguan,Sport,2021,SUV,Gas,AWD,Red,40480,B,3
NV102919,Honda,Accord,Base,2025,Sedan,Gas,FWD,Brown,4000,A,0
NV102920,Kia,Sportage,Limited,2022,SUV,Gas,AWD,Green,64050,C,3
NV102921,Honda,Civic,Sport,2020,Sedan,Gas,FWD,Blue,112200,B,6
NV102922,Toyota,Tacoma,Limited,2021,Truck,Gas,4WD,Brown,123370,C,5
NV102923,Ford,F-150,,2021,Truck,Gas,4WD,Silver,124860,B,5
NV102924,Ford,F-150,Base,2025,Truck,Gas,4WD,Grey,5830,A,0
NV102925,Toyota,RAV4 Hybrid,Base,2022,SUV,Hybrid,AWD,Brown,44010,A,2
NV102926,Chevrolet,Equinox,Limited,2023,SUV,Gas,AWD,Brown,56770,B,3
NV102927,Subaru,Outback,Sport,2020,Wagon,Gas,AWD,Green,38870,B,5
NV102928,Honda,Accord,Sport,2022,Sedan,Gas,FWD,White,49650,B,4
NV102929,Honda,CR-V Hybrid,Sport,2019,SUV,Hybrid,FWD,Grey,114090,B,6
NV102930,Toyota,Tacoma,Base,2020,Truck,Gas,4WD,White,74790,A,5
NV102931,Chevrolet,Silverado 1500,Limited,2019,Truck,Gas,4WD,Brown,105490,C,6
NV102932,Toyota,Camry,Base,2020,Sedan,Gas,FWD,Blue,60540,B,4
NV102933,Nissan,Rogue,Base,2020,SUV,Gas,FWD,Black,57400,C,6
NV102934,Honda,Civic,Limited,2020,Sedan,Gas,FWD,Green,67510,A,4
NV102935,Toyota,Camry,Sport,2016,Sedan,Gas,FWD,Blue,107440,B,9
NV102936,BMW,3 Series,Sport,2021,Sedan,Gas,FWD,Grey,81980,B,5
NV102937,Nissan,Rogue,Limited,2021,SUV,Gas,FWD,Red,52420,B,3
NV102938,Honda,Civic,Base,2023,Sedan,Gas,FWD,Blue,22130,A,1
NV102939,Toyota,Tacoma,Limited,2021,Truck,Gas,4WD,Silver,55800,A,4
NV102940,Ford,F-150,Touring,2022,Truck,Gas,4WD,Green,34520,A,2
NV102941,Mazda,CX-5,Touring,2023,SUV,Gas,AWD,Red,32990,A,2
NV102942,Chevrolet,Equinox,Sport,2018,SUV,Gas,FWD,Green,119270,C,6
NV102943,Mazda,CX-5,Limited,2022,SUV,Gas,AWD,Grey,65380,B,3
NV102944,Honda,Accord,Limited,2021,Sedan,Gas,FWD,Grey,71920,B,4
NV102945,Honda,Accord,Base,2022,Sedan,Gas,FWD,Blue,31380,A,2
NV102946,Honda,CR-V,Sport,2020,SUV,Gas,AWD,Green,122620,B,6
NV102947,Toyota,Tacoma,Base,2017,Truck,Gas,4WD,Blue,68770,C,8
NV102948,Honda,Civic,Base,2020,Sedan,Gas,FWD,White,52170,B,4
NV102949,Ford,F-150,Touring,2020,Truck,Gas,4WD,Green,70580,B,6
NV102950,BMW,3 Series,Touring,2019,Sedan,Gas,FWD,Red,80380,B,6
NV102951,Volkswagen,Tiguan,Touring,2016,SUV,Gas,AWD,Brown,105680,C,8
NV102952,Toyota,Tacoma,Touring,2019,Truck,Gas,4WD,White,97090,C,5
NV102953,Chevrolet,Silverado 1500,Limited,2025,Truck,Gas,4WD,Black,5190,B,0
NV102954,Toyota,Corolla,Base,2018,Sedan,Gas,FWD,Silver,127960,B,7
NV102955,Volkswagen,Tiguan,Sport,2020,SUV,Gas,FWD,Blue,88860,B,6
NV102956,Honda,CR-V,Limited,2020,SUV,Gas,AWD,Grey,94120,B,5
NV102957,Hyundai,Tucson,Touring,2021,SUV,Gas,AWD,White,107960,B,5
NV102958,Toyota,Corolla,Sport,2021,Sedan,Gas,FWD,White,92440,A,5
NV102959,Hyundai,Elantra,Base,2021,Sedan,Gas,FWD,Blue,58220,B,5
NV102960,Tesla,Model 3,,2019,Sedan,Electric,FWD,Brown,100790,D,7
NV102961,Nissan,Rogue,Sport,2015,SUV,Gas,FWD,Grey,150320,D,10
NV102962,Honda,Civic,Base,2022,Sedan,Gas,FWD,White,78110,A,4
NV102963,Toyota,RAV4 Hybrid,Sport,2019,SUV,Hybrid,AWD,Blue,98660,C,6
NV102964,Mazda,CX-5,Limited,2022,SUV,Gas,FWD,Red,33990,B,2
NV102965,Ford,F-150,Touring,2017,Truck,Gas,4WD,Blue,79230,D,7
NV102966,Subaru,Outback,Limited,2021,Wagon,Gas,AWD,Brown,71520,B,3
NV102967,Ford,Escape,Sport,2019,SUV,Gas,AWD,Red,128360,B,6
NV102968,Volkswagen,Tiguan,Limited,2024,SUV,Gas,AWD,Red,25030,A,1
NV102969,Ford,Escape,Sport,2023,SUV,Gas,FWD,Blue,69500,B,3
NV102970,Honda,Civic,Sport,2018,Sedan,Gas,FWD,Grey,46750,C,8
NV102971,Ram,1500,Touring,2022,Truck,Gas,4WD,White,86460,A,4
NV102972,Honda,CR-V,Base,2018,SUV,Gas,FWD,Silver,106870,B,6
NV102973,Hyundai,Tucson,Limited,2021,SUV,Gas,AWD,Silver,66740,A,5
NV102974,Mazda,CX-5,Limited,2019,SUV,Gas,AWD,Grey,90150,C,5
NV102975,Mazda,CX-5,Sport,2020,SUV,Gas,FWD,Grey,68060,B,4
NV102976,Ford,F-150,Sport,2016,Truck,Gas,4WD,Green,140040,C,9
NV102977,Kia,Sportage,Limited,2017,SUV,Gas,FWD,Red,152890,D,8
NV102978,Toyota,Corolla,Base,2021,Sedan,Gas,FWD,Grey,99770,C,4
NV102979,Chevrolet,Equinox,Touring,2020,SUV,Gas,AWD,Red,85250,B,5
NV102980,Ford,F-150,Limited,2021,Truck,Gas,4WD,Brown,112070,C,5
NV102981,Toyota,Corolla,Base,2024,Sedan,Gas,FWD,Black,21260,A,1
NV102982,Mazda,Mazda3,Base,2019,Hatchback,Gas,FWD,White,84580,D,5
NV102983,Toyota,Tacoma,Limited,2017,Truck,Gas,4WD,White,119280,D,8
NV102984,Hyundai,Elantra,Base,2020,Sedan,Gas,FWD,Red,132950,D,6
NV102985,Hyundai,Tucson,Sport,2020,SUV,Gas,FWD,Grey,83140,A,4
NV102986,Toyota,Camry,Limited,2020,Sedan,Gas,FWD,White,76580,B,4
NV102987,Honda,Accord,Sport,2016,Sedan,Gas,FWD,Silver,118200,C,9
NV102988,Honda,CR-V,Base,2022,SUV,Gas,AWD,Green,41430,B,4
NV102989,Ford,Escape,Base,2018,SUV,Gas,FWD,Green,127400,C,8
NV102990,Toyota,RAV4,Base,2020,SUV,Gas,AWD,Green,132440,B,6
NV102991,Honda,CR-V Hybrid,Base,2017,SUV,Hybrid,FWD,Red,146640,C,9
NV102992,Toyota,RAV4,,2022,SUV,Gas,FWD,Blue,72220,B,3
NV102993,Mazda,CX-5,Touring,2023,SUV,Gas,FWD,Blue,37590,B,2
NV102994,Subaru,Outback,Sport,2022,Wagon,Gas,FWD,Green,52840,B,3
NV102995,Hyundai,Ioniq 5,Limited,2018,SUV,Electric,AWD,Blue,115410,D,8
NV102996,Jeep,Wrangler,Sport,2017,SUV,Gas,AWD,Silver,150110,C,9
NV102997,Mazda,CX-5,Base,2018,SUV,Gas,AWD,Grey,76860,B,6
NV102998,Chevrolet,Equinox,Base,2017,SUV,Gas,AWD,Black,146500,B,7
NV102999,Hyundai,Elantra,Limited,2018,Sedan,Gas,FWD,Brown,101870,B,7
NV103000,Nissan,Rogue,Limited,2023,SUV,Gas,FWD,Brown,35360,A,2
NV103001,Toyota,RAV4 Hybrid,Sport,2021,SUV,Hybrid,FWD,Silver,58720,B,4
NV103002,Hyundai,Tucson,Touring,2017,SUV,Gas,FWD,White,102400,B,7
NV103003,Honda,CR-V,Limited,2017,SUV,Gas,FWD,Red,157210,B,7
NV103004,Honda,CR-V,Limited,2021,SUV,Gas,AWD,Black,105580,C,4
NV103005,Kia,Forte,Sport,2025,Sedan,Gas,FWD,Black,6260,B,0
NV103006,Toyota,Corolla,Sport,2023,Sedan,Gas,FWD,Blue,57960,A,3
NV103007,Subaru,Outback,Limited,2017,Wagon,Gas,AWD,Grey,140840,D,9
NV103008,Honda,CR-V Hybrid,Base,2022,SUV,Hybrid,FWD,Blue,52460,B,3
NV103009,Toyota,RAV4,Base,2023,SUV,Gas,FWD,Black,33630,B,1
NV103010,Toyota,Tacoma,Base,2023,Truck,Gas,4WD,Red,39070,A,2
NV103011,Honda,Civic,Limited,2019,Sedan,Gas,FWD,Red,136950,B,6
NV103012,Honda,Accord,Sport,2025,Sedan,Gas,FWD,Blue,4000,A,0
NV103013,Toyota,RAV4,Sport,2019,SUV,Gas,AWD,Green,63460,C,6
NV103014,Toyota,Camry,Limited,2025,Sedan,Gas,FWD,White,4000,B,0
NV103015,Hyundai,Ioniq 5,Sport,2020,SUV,Electric,FWD,Grey,78180,A,4
NV103016,Honda,CR-V,Touring,2020,SUV,Gas,AWD,Green,66060,A,4
NV103017,Honda,Civic,Touring,2022,Sedan,Gas,FWD,Silver,63170,B,4
NV103018,Ford,F-150,Sport,2022,Truck,Gas,4WD,Green,41780,A,3
NV103019,Ford,Escape,Limited,2023,SUV,Gas,AWD,Green,40690,A,2
NV103020,Kia,Sportage,Touring,2024,SUV,Gas,FWD,White,20980,B,1
NV103021,Honda,Accord,Sport,2019,Sedan,Gas,FWD,Silver,73010,B,5
NV103022,Honda,Accord,Sport,2019,Sedan,Gas,FWD,Black,110100,C,7
NV103023,Honda,CR-V,,2023,SUV,Gas,FWD,Blue,40310,A,2
NV103024,BMW,3 Series,Touring,2018,Sedan,Gas,FWD,Green,101370,C,6
NV103025,Toyota,Corolla,Limited,2019,Sedan,Gas,FWD,Blue,78520,A,6
NV103026,Chevrolet,Silverado 1500,Base,2023,Truck,Gas,4WD,Black,15560,A,1
NV103027,Honda,CR-V,Sport,2023,SUV,Gas,FWD,Silver,19250,B,1
NV103028,Nissan,Rogue,Limited,2019,SUV,Gas,AWD,Brown,94740,A,6
NV103029,Jeep,Wrangler,Touring,2023,SUV,Gas,AWD,Red,35430,A,2
NV103030,Mazda,CX-5,Sport,2021,SUV,Gas,FWD,Red,39890,B,3
NV103031,Nissan,Rogue,Sport,2023,SUV,Gas,AWD,White,67320,A,3
NV103032,Nissan,Rogue,Sport,2018,SUV,Gas,AWD,Grey,128950,D,7
NV103033,Honda,CR-V Hybrid,Limited,2017,SUV,Hybrid,AWD,Green,130610,B,7
NV103034,Toyota,RAV4 Hybrid,Touring,2023,SUV,Hybrid,AWD,Green,67500,B,3
NV103035,Tesla,Model 3,Base,2020,Sedan,Electric,FWD,Black,79420,B,5
NV103036,Ford,Escape,Base,2018,SUV,Gas,AWD,White,171600,D,8
NV103037,Volkswagen,Tiguan,Limited,2023,SUV,Gas,FWD,Silver,22570,C,1
NV103038,Toyota,RAV4,Limited,2024,SUV,Gas,FWD,Red,20020,A,1
NV103039,Chevrolet,Silverado 1500,Sport,2023,Truck,Gas,4WD,Red,39620,A,2
NV103040,Chevrolet,Silverado 1500,Touring,2017,Truck,Gas,4WD,Blue,174440,D,9
NV103041,Ford,Escape,Sport,2021,SUV,Gas,AWD,Silver,50570,B,3
NV103042,BMW,3 Series,Sport,2022,Sedan,Gas,FWD,Green,68480,B,4
NV103043,Jeep,Wrangler,Sport,2018,SUV,Gas,FWD,Red,109590,C,7
NV103044,Volkswagen,Tiguan,Base,2024,SUV,Gas,FWD,Brown,26160,A,1
NV103045,Honda,Civic,Base,2019,Sedan,Gas,FWD,Green,121310,C,5
NV103046,Toyota,Camry,Touring,2022,Sedan,Gas,FWD,Brown,78300,C,4
NV103047,Honda,Odyssey,Sport,2020,Minivan,Gas,FWD,Brown,94190,C,5
NV103048,Toyota,RAV4,Sport,2024,SUV,Gas,AWD,Black,5580,B,0
NV103049,Mazda,CX-5,Base,2021,SUV,Gas,AWD,Silver,64070,B,3
NV103050,Honda,CR-V Hybrid,Sport,2023,SUV,Hybrid,FWD,White,25580,C,3
NV103051,Toyota,RAV4,Sport,2015,SUV,Gas,AWD,White,138820,C,11
NV103052,Jeep,Wrangler,Base,2021,SUV,Gas,FWD,White,47500,A,3
NV103053,Honda,Accord,Limited,2020,Sedan,Gas,FWD,Silver,118180,C,6
NV103054,Nissan,Rogue,Base,2022,SUV,Gas,AWD,Red,66510,B,4
NV103055,Kia,Sportage,Limited,2020,SUV,Gas,AWD,Silver,56940,B,4
NV103056,Honda,Civic,Sport,2020,Sedan,Gas,FWD,Silver,116420,B,5
NV103057,Toyota,Tacoma,Limited,2021,Truck,Gas,4WD,Blue,59280,A,4
NV103058,Ford,F-150,Sport,2021,Truck,Gas,4WD,White,69070,A,4
NV103059,Toyota,Camry,Base,2022,Sedan,Gas,FWD,Grey,35280,B,3
NV103060,Jeep,Wrangler,Base,2023,SUV,Gas,AWD,Grey,44860,A,3
NV103061,Nissan,Rogue,Sport,2019,SUV,Gas,AWD,White,104740,B,5
NV103062,Kia,Sportage,Touring,2024,SUV,Gas,FWD,Brown,12680,B,1
NV103063,Ford,Escape,Touring,2024,SUV,Gas,FWD,Blue,44170,A,2
NV103064,Toyota,Tacoma,Limited,2022,Truck,Gas,4WD,Black,73550,A,4
NV103065,Hyundai,Elantra,Base,2025,Sedan,Gas,FWD,Grey,26730,B,1
NV103066,Ford,Escape,Sport,2019,SUV,Gas,FWD,Black,77880,B,6
NV103067,Honda,CR-V,Base,2025,SUV,Gas,AWD,White,4470,A,0
NV103068,Honda,Civic,Touring,2020,Sedan,Gas,FWD,White,84710,D,5
NV103069,Jeep,Wrangler,Base,2018,SUV,Gas,FWD,Grey,142440,C,8
NV103070,Honda,Odyssey,Sport,2020,Minivan,Gas,FWD,White,114980,D,6
NV103071,Toyota,Corolla,Base,2023,Sedan,Gas,FWD,Black,19220,A,1
NV103072,Honda,Civic,Base,2021,Sedan,Gas,FWD,Blue,69090,B,3
NV103073,Toyota,Tacoma,Touring,2025,Truck,Gas,4WD,Grey,19790,A,1
NV103074,Toyota,RAV4,Base,2021,SUV,Gas,AWD,Grey,49300,B,3
NV103075,Tesla,Model 3,Sport,2022,Sedan,Electric,FWD,Grey,82350,B,3
NV103076,Honda,Accord,Limited,2023,Sedan,Gas,FWD,Grey,36320,A,2
NV103077,Hyundai,Tucson,Limited,2022,SUV,Gas,AWD,Silver,30100,B,2
NV103078,Toyota,RAV4,Base,2019,SUV,Gas,AWD,White,148320,C,7
NV103079,Honda,Civic,Limited,2021,Sedan,Gas,FWD,White,53100,B,4
NV103080,Toyota,RAV4 Hybrid,Base,2024,SUV,Hybrid,AWD,Black,4000,A,0
NV103081,Toyota,RAV4,Limited,2020,SUV,Gas,AWD,Black,94300,C,5
NV103082,Kia,Sportage,,2019,SUV,Gas,AWD,Red,89980,C,7
NV103083,Subaru,Outback,Sport,2016,Wagon,Gas,AWD,White,207970,D,10
NV103084,Honda,CR-V,Limited,2017,SUV,Gas,AWD,Black,102670,B,7
NV103085,Hyundai,Ioniq 5,Touring,2019,SUV,Electric,FWD,Silver,91740,C,6
NV103086,Honda,Accord,Sport,2016,Sedan,Gas,FWD,Silver,151950,C,9
NV103087,Mazda,CX-5,Touring,2021,SUV,Gas,FWD,Blue,60120,A,4
NV103088,Subaru,Outback,Limited,2022,Wagon,Gas,AWD,Brown,70240,B,2
NV103089,Toyota,Corolla,Sport,2020,Sedan,Gas,FWD,White,70140,C,5
NV103090,Mazda,CX-5,Touring,2022,SUV,Gas,FWD,Brown,48860,B,3
NV103091,Volkswagen,Tiguan,Limited,2023,SUV,Gas,FWD,Grey,39690,A,2
NV103092,Kia,Forte,Base,2018,Sedan,Gas,FWD,Silver,114220,B,6
NV103093,Honda,CR-V Hybrid,Limited,2022,SUV,Hybrid,AWD,White,42020,A,3
NV103094,Toyota,RAV4,Sport,2017,SUV,Gas,FWD,Blue,138090,D,9
NV103095,Kia,Sportage,Sport,2020,SUV,Gas,FWD,Green,90170,B,5
NV103096,Hyundai,Elantra,Touring,2023,Sedan,Gas,FWD,Brown,23490,B,1
NV103097,Honda,Civic,Sport,2020,Sedan,Gas,FWD,White,82330,A,6
NV103098,Honda,Civic,Limited,2020,Sedan,Gas,FWD,Brown,88950,A,5
NV103099,Toyota,RAV4 Hybrid,Base,2020,SUV,Hybrid,AWD,White,87960,A,5
NV103100,Honda,Civic,Base,2024,Sedan,Gas,FWD,Green,24970,A,1
NV103101,Kia,Sportage,Sport,2022,SUV,Gas,FWD,Green,80280,B,4
NV103102,Tesla,Model 3,Sport,2022,Sedan,Electric,FWD,Blue,40520,B,2
NV103103,Nissan,Rogue,Base,2023,SUV,Gas,FWD,Red,27620,A,1
NV103104,Honda,Civic,Limited,2022,Sedan,Gas,FWD,Grey,42070,C,2
NV103105,Nissan,Rogue,Limited,2022,SUV,Gas,FWD,Silver,41150,B,3
NV103106,Honda,Accord,Base,2022,Sedan,Gas,FWD,Black,58760,B,4
NV103107,Honda,CR-V,Limited,2019,SUV,Gas,FWD,Blue,110640,B,7
NV103108,Hyundai,Tucson,Base,2023,SUV,Gas,AWD,Red,37710,A,2
NV103109,Honda,Civic,Limited,2018,Sedan,Gas,FWD,Silver,122020,D,8
NV103110,Honda,CR-V,Sport,2023,SUV,Gas,FWD,Green,64700,B,3
NV103111,Chevrolet,Equinox,Touring,2018,SUV,Gas,AWD,Red,106830,B,6
NV103112,Kia,Sportage,Base,2021,SUV,Gas,FWD,Grey,72560,B,4
NV103113,Ram,1500,Limited,2018,Truck,Gas,4WD,White,96120,B,6
NV103114,Mazda,Mazda3,Sport,2023,Hatchback,Gas,FWD,Brown,49420,B,3
NV103115,Ram,1500,Sport,2022,Truck,Gas,4WD,Black,28900,A,4
NV103116,Hyundai,Elantra,Base,2024,Sedan,Gas,FWD,Red,22200,A,1
NV103117,Kia,Sportage,Touring,2019,SUV,Gas,AWD,Silver,87080,B,6
NV103118,BMW,3 Series,Touring,2021,Sedan,Gas,FWD,Grey,60410,B,3
NV103119,Nissan,Rogue,Touring,2019,SUV,Gas,FWD,Brown,122630,D,6
NV103120,Honda,CR-V,Sport,2020,SUV,Gas,AWD,Red,111330,B,6
NV103121,Honda,Civic,Limited,2021,Sedan,Gas,FWD,Black,85270,B,5
NV103122,Chevrolet,Silverado 1500,Base,2025,Truck,Gas,4WD,Grey,5650,A,0
NV103123,Hyundai,Ioniq 5,Sport,2017,SUV,Electric,FWD,Black,152680,D,8
NV103124,Toyota,RAV4,Sport,2020,SUV,Gas,FWD,Blue,105380,C,6
NV103125,Ram,1500,Limited,2018,Truck,Gas,4WD,Green,145210,C,7
NV103126,Hyundai,Elantra,Touring,2020,Sedan,Gas,FWD,Silver,80110,C,5
NV103127,Toyota,Tacoma,Limited,2015,Truck,Gas,4WD,Green,255380,D,9
NV103128,Ford,F-150,Sport,2018,Truck,Gas,4WD,Silver,75300,A,6
NV103129,Chevrolet,Equinox,Touring,2025,SUV,Gas,FWD,Black,4210,A,0
NV103130,Honda,Civic,Base,2018,Sedan,Gas,FWD,Red,99330,C,7
NV103131,Ford,F-150,Base,2015,Truck,Gas,4WD,White,182370,B,10
NV103132,Honda,CR-V,Base,2021,SUV,Gas,FWD,White,99190,C,4
NV103133,Chevrolet,Silverado 1500,Limited,2024,Truck,Gas,4WD,Black,6220,A,0
NV103134,Hyundai,Tucson,Sport,2020,SUV,Gas,AWD,Silver,69880,B,5
NV103135,Honda,CR-V,Base,2024,SUV,Gas,AWD,Red,6960,A,0
NV103136,Toyota,RAV4,Limited,2021,SUV,Gas,FWD,White,61350,A,3
NV103137,Honda,Civic,Sport,2020,Sedan,Gas,FWD,Black,49590,B,4
NV103138,Toyota,RAV4 Hybrid,Base,2023,SUV,Hybrid,FWD,Black,21880,A,1
NV103139,Honda,Civic,Sport,2020,Sedan,Gas,FWD,Green,69800,B,5
NV103140,Kia,Sportage,Base,2016,SUV,Gas,FWD,Red,160350,B,10
NV103141,Ford,F-150,Base,2020,Truck,Gas,4WD,Brown,79720,C,6
NV103142,Honda,Civic,Limited,2019,Sedan,Gas,FWD,Black,146840,D,7
NV103143,Mazda,CX-5,Touring,2017,SUV,Gas,AWD,Green,170460,D,9
NV103144,Hyundai,Tucson,Sport,2019,SUV,Gas,AWD,Blue,107450,C,5
NV103145,Chevrolet,Silverado 1500,Base,2017,Truck,Gas,4WD,Green,120330,B,7
NV103146,Kia,Forte,Base,2019,Sedan,Gas,FWD,Red,78100,B,6
NV103147,Honda,Odyssey,Limited,2021,Minivan,Gas,FWD,Blue,96000,B,5
NV103148,Mazda,CX-5,Touring,2022,SUV,Gas,AWD,Green,76960,B,4
NV103149,Honda,CR-V,Sport,2024,SUV,Gas,AWD,White,40250,A,2
NV103150,Subaru,Outback,Base,2017,Wagon,Gas,AWD,Silver,182660,D,9
NV103151,Subaru,Outback,Base,2019,Wagon,Gas,FWD,White,133790,D,7
NV103152,Toyota,Tacoma,Sport,2020,Truck,Gas,4WD,White,81070,C,5
NV103153,Ford,F-150,Sport,2024,Truck,Gas,4WD,Black,4000,A,0
NV103154,Toyota,Corolla,Sport,2019,Sedan,Gas,FWD,Silver,149810,D,7
NV103155,Mazda,CX-5,Base,2021,SUV,Gas,FWD,Grey,66870,C,3
NV103156,BMW,3 Series,Limited,2019,Sedan,Gas,FWD,Grey,97690,C,5
NV103157,Ford,F-150,Base,2025,Truck,Gas,4WD,Blue,25120,A,1
NV103158,Hyundai,Elantra,,2022,Sedan,Gas,FWD,Red,41880,A,4
NV103159,Honda,Civic,Base,2021,Sedan,Gas,FWD,Black,47540,B,4
NV103160,BMW,3 Series,Base,2020,Sedan,Gas,FWD,Brown,81740,B,5
NV103161,Honda,Civic,Base,2024,Sedan,Gas,FWD,Silver,42020,A,2
NV103162,Honda,Civic,,2025,Sedan,Gas,FWD,Black,23150,B,1
NV103163,Hyundai,Elantra,Sport,2022,Sedan,Gas,FWD,White,79500,B,4
NV103164,Ford,Escape,Limited,2021,SUV,Gas,AWD,Blue,94600,B,4
NV103165,Toyota,Corolla,Base,2024,Sedan,Gas,FWD,Green,20210,A,1
NV103166,Honda,CR-V,Touring,2025,SUV,Gas,FWD,Silver,8570,A,0
NV103167,Kia,Forte,Sport,2018,Sedan,Gas,FWD,Brown,103030,C,6
NV103168,Toyota,Camry,Limited,2023,Sedan,Gas,FWD,Black,58680,A,3
NV103169,Hyundai,Elantra,Base,2022,Sedan,Gas,FWD,Blue,85110,B,4
NV103170,Mazda,Mazda3,Limited,2023,Hatchback,Gas,FWD,Green,59030,B,3
NV103171,Honda,CR-V,Sport,2021,SUV,Gas,FWD,Grey,96220,A,4
NV103172,Honda,CR-V,Sport,2024,SUV,Gas,AWD,Grey,4000,A,0
NV103173,Mazda,Mazda3,Sport,2022,Hatchback,Gas,FWD,Brown,55230,A,2
NV103174,Honda,Accord,Touring,2021,Sedan,Gas,FWD,Blue,65850,A,5
NV103175,Honda,Civic,Base,2023,Sedan,Gas,FWD,Green,65320,B,3
NV103176,Jeep,Wrangler,Limited,2016,SUV,Gas,AWD,Grey,117880,D,8
NV103177,Mazda,CX-5,Base,2020,SUV,Gas,FWD,Blue,69680,B,4
NV103178,Toyota,Tacoma,Base,2023,Truck,Gas,4WD,Blue,66820,A,3
NV103179,Toyota,Tacoma,Base,2016,Truck,Gas,4WD,Red,182030,D,10
NV103180,Kia,Forte,Sport,2019,Sedan,Gas,FWD,Black,89150,B,5
NV103181,Kia,Sportage,Base,2021,SUV,Gas,AWD,Grey,51260,B,5
NV103182,Toyota,Camry,Touring,2023,Sedan,Gas,FWD,Brown,76400,B,3
NV103183,Toyota,RAV4 Hybrid,Touring,2022,SUV,Hybrid,AWD,Brown,65770,B,3
NV103184,Honda,CR-V,Limited,2023,SUV,Gas,FWD,Blue,70410,B,3
NV103185,Subaru,Outback,Sport,2025,Wagon,Gas,FWD,Black,4000,A,0
NV103186,Chevrolet,Silverado 1500,Base,2022,Truck,Gas,4WD,Brown,51270,A,3
NV103187,Subaru,Outback,Touring,2022,Wagon,Gas,FWD,Red,66720,C,4
NV103188,Mazda,Mazda3,Base,2019,Hatchback,Gas,FWD,Red,92580,C,6
NV103189,Chevrolet,Equinox,Touring,2023,SUV,Gas,AWD,Blue,58210,B,3
NV103190,Ram,1500,Touring,2015,Truck,Gas,4WD,Blue,211930,C,11
NV103191,Chevrolet,Silverado 1500,Sport,2022,Truck,Gas,4WD,Silver,34810,A,2
NV103192,Honda,CR-V,Touring,2016,SUV,Gas,FWD,Blue,120020,B,8
NV103193,Toyota,RAV4,Limited,2021,SUV,Gas,FWD,Brown,39760,B,3
NV103194,Chevrolet,Silverado 1500,Base,2023,Truck,Gas,4WD,Green,21080,A,1
NV103195,Tesla,Model 3,Base,2024,Sedan,Electric,FWD,Black,22640,B,1
NV103196,Honda,CR-V Hybrid,Limited,2020,SUV,Hybrid,FWD,Blue,68690,B,4
NV103197,Mazda,CX-5,Limited,2022,SUV,Gas,AWD,White,40580,B,2
NV103198,Toyota,Tacoma,Sport,2016,Truck,Gas,4WD,Green,120190,C,9
NV103199,Mazda,CX-5,Base,2023,SUV,Gas,FWD,White,35000,A,2
NV103200,Toyota,RAV4,Touring,2024,SUV,Gas,AWD,Blue,42620,A,2
NV103201,Toyota,Corolla,Base,2024,Sedan,Gas,FWD,Brown,6210,A,0
NV103202,Chevrolet,Equinox,Base,2022,SUV,Gas,FWD,Black,27840,A,3
NV103203,Mazda,CX-5,Touring,2021,SUV,Gas,AWD,Black,83520,B,4
NV103204,Ford,F-150,Touring,2019,Truck,Gas,4WD,Brown,138120,D,6
NV103205,Honda,Civic,Sport,2019,Sedan,Gas,FWD,Red,95730,D,7
NV103206,Nissan,Rogue,Sport,2019,SUV,Gas,AWD,Red,84580,A,5
NV103207,Honda,CR-V,Base,2019,SUV,Gas,FWD,White,84920,C,5
NV103208,Toyota,Corolla,Base,2021,Sedan,Gas,FWD,Red,51330,B,4
NV103209,Toyota,Corolla,Limited,2022,Sedan,Gas,FWD,Brown,37090,B,2
NV103210,Toyota,Corolla,Limited,2022,Sedan,Gas,FWD,Blue,78550,B,4
NV103211,Ford,F-150,Touring,2023,Truck,Gas,4WD,Silver,41090,A,2
NV103212,BMW,3 Series,Limited,2022,Sedan,Gas,FWD,Brown,23490,A,3
NV103213,Hyundai,Elantra,Base,2023,Sedan,Gas,FWD,Silver,72770,C,3
NV103214,Honda,CR-V,Base,2021,SUV,Gas,AWD,Blue,45550,B,3
NV103215,Toyota,RAV4,Touring,2019,SUV,Gas,AWD,White,78030,C,5
NV103216,Chevrolet,Silverado 1500,,2022,Truck,Gas,4WD,Grey,78650,C,4
NV103217,Toyota,Camry,Base,2025,Sedan,Gas,FWD,Brown,7730,A,0
NV103218,Ford,F-150,Limited,2023,Truck,Gas,4WD,White,16030,A,1
NV103219,Honda,CR-V,Base,2019,SUV,Gas,FWD,Silver,142770,B,7
NV103220,Chevrolet,Silverado 1500,Touring,2022,Truck,Gas,4WD,Brown,41640,A,4
NV103221,Mazda,CX-5,Base,2019,SUV,Gas,AWD,Brown,104540,A,7
NV103222,Honda,Odyssey,Base,2020,Minivan,Gas,FWD,Brown,124010,C,6
NV103223,Honda,CR-V,Sport,2021,SUV,Gas,FWD,Grey,100490,B,5
NV103224,Kia,Forte,Limited,2025,Sedan,Gas,FWD,Brown,21340,B,1
NV103225,Ford,F-150,Touring,2024,Truck,Gas,4WD,Silver,4000,A,0
NV103226,Toyota,RAV4,Base,2015,SUV,Gas,AWD,Blue,145870,D,9
NV103227,Honda,CR-V,Base,2023,SUV,Gas,AWD,Green,69460,A,3
NV103228,Ford,Escape,Sport,2024,SUV,Gas,FWD,Black,20930,A,1
NV103229,Honda,CR-V,Limited,2023,SUV,Gas,AWD,White,40180,A,2
NV103230,Ford,F-150,Limited,2019,Truck,Gas,4WD,White,132710,C,7
NV103231,Honda,Accord,Touring,2021,Sedan,Gas,FWD,Blue,56170,B,3
NV103232,Ford,F-150,Sport,2022,Truck,Gas,4WD,White,81090,D,4
NV103233,Subaru,Outback,Sport,2021,Wagon,Gas,AWD,Red,81460,A,5
NV103234,Toyota,Camry,Base,2019,Sedan,Gas,FWD,Blue,131890,C,7
NV103235,Subaru,Outback,Base,2020,Wagon,Gas,AWD,Blue,121120,C,5
NV103236,Volkswagen,Tiguan,Base,2023,SUV,Gas,FWD,Brown,32440,B,2
NV103237,Hyundai,Elantra,Base,2019,Sedan,Gas,FWD,Red,128510,C,6
NV103238,Toyota,RAV4,Limited,2019,SUV,Gas,FWD,White,131970,B,6
NV103239,Chevrolet,Equinox,Base,2019,SUV,Gas,AWD,Grey,52320,B,6
NV103240,Kia,Forte,Limited,2022,Sedan,Gas,FWD,Silver,34490,B,3
NV103241,Honda,CR-V Hybrid,Touring,2025,SUV,Hybrid,AWD,White,18870,A,1
NV103242,Toyota,RAV4,Sport,2019,SUV,Gas,AWD,Brown,72750,B,5
NV103243,Honda,Civic,Limited,2021,Sedan,Gas,FWD,White,75310,B,5
NV103244,Toyota,RAV4,Base,2019,SUV,Gas,AWD,Black,139110,C,6
NV103245,Hyundai,Tucson,Touring,2019,SUV,Gas,AWD,Green,135850,B,7
NV103246,Toyota,RAV4,Base,2015,SUV,Gas,FWD,Grey,173100,D,11
NV103247,Mazda,Mazda3,Sport,2024,Hatchback,Gas,FWD,Blue,19810,A,1
NV103248,Mazda,CX-5,Limited,2019,SUV,Gas,AWD,White,87720,B,7
NV103249,Toyota,Tacoma,Sport,2022,Truck,Gas,4WD,Grey,62560,C,3
NV103250,Mazda,CX-5,Base,2024,SUV,Gas,AWD,Silver,5240,A,0
NV103251,Toyota,Camry,Base,2021,Sedan,Gas,FWD,Green,64010,B,4
NV103252,Toyota,Corolla,Touring,2017,Sedan,Gas,FWD,Silver,122440,D,7
NV103253,Honda,Civic,Touring,2024,Sedan,Gas,FWD,Green,19200,B,1
NV103254,Toyota,Camry,Limited,2024,Sedan,Gas,FWD,Silver,24260,A,1
NV103255,Hyundai,Tucson,Limited,2017,SUV,Gas,FWD,Brown,191850,C,9
NV103256,Kia,Sportage,Touring,2020,SUV,Gas,AWD,White,63260,B,5
NV103257,Hyundai,Tucson,Base,2023,SUV,Gas,FWD,White,35760,A,2
NV103258,Kia,Sportage,Touring,2018,SUV,Gas,AWD,Blue,141510,C,8
NV103259,Nissan,Rogue,Base,2021,SUV,Gas,AWD,Green,62390,B,5
NV103260,BMW,3 Series,Touring,2021,Sedan,Gas,FWD,Black,71400,B,4
NV103261,Toyota,RAV4,Limited,2020,SUV,Gas,FWD,Red,105950,C,5
NV103262,Mazda,CX-5,Limited,2023,SUV,Gas,AWD,Green,45570,B,3
NV103263,Toyota,RAV4,Base,2021,SUV,Gas,AWD,Grey,112320,C,4
NV103264,Hyundai,Elantra,Limited,2023,Sedan,Gas,FWD,Red,68920,B,3
NV103265,Honda,Accord,Base,2022,Sedan,Gas,FWD,Brown,47970,B,3
NV103266,Toyota,RAV4,Base,2020,SUV,Gas,FWD,Green,98280,A,5
NV103267,Jeep,Wrangler,Sport,2018,SUV,Gas,AWD,White,102920,C,6
NV103268,Honda,Civic,Base,2022,Sedan,Gas,FWD,White,42500,A,3
NV103269,Hyundai,Elantra,Base,2020,Sedan,Gas,FWD,Red,72010,C,6
NV103270,Ford,Escape,Limited,2021,SUV,Gas,AWD,White,79950,D,5
NV103271,Kia,Forte,Base,2018,Sedan,Gas,FWD,Red,117750,C,7
NV103272,Nissan,Rogue,,2023,SUV,Gas,FWD,Green,32210,B,2
NV103273,Toyota,RAV4,Base,2023,SUV,Gas,AWD,Silver,68060,B,3
NV103274,Toyota,RAV4,Limited,2025,SUV,Gas,FWD,Silver,19740,A,1
NV103275,Toyota,Camry,Base,2022,Sedan,Gas,FWD,Brown,54280,B,3
NV103276,Mazda,CX-5,Touring,2019,SUV,Gas,AWD,White,51350,A,5
NV103277,Mazda,CX-5,Base,2024,SUV,Gas,FWD,Silver,4000,A,0
NV103278,Toyota,Camry,Base,2015,Sedan,Gas,FWD,Silver,140320,D,9
NV103279,Toyota,RAV4,Limited,2020,SUV,Gas,AWD,Grey,71810,C,5
NV103280,Hyundai,Ioniq 5,Sport,2020,SUV,Electric,AWD,Brown,78310,B,5
NV103281,Subaru,Outback,Touring,2021,Wagon,Gas,FWD,Red,66620,C,3
NV103282,Toyota,Camry,Sport,2020,Sedan,Gas,FWD,Red,130090,B,6
NV103283,Honda,Accord,Sport,2021,Sedan,Gas,FWD,Grey,115550,A,5
NV103284,Nissan,Rogue,Base,2022,SUV,Gas,AWD,Red,55720,B,3
NV103285,Chevrolet,Equinox,Sport,2021,SUV,Gas,AWD,Red,52380,B,4
NV103286,Mazda,CX-5,Touring,2015,SUV,Gas,FWD,Red,285450,D,11
NV103287,Ford,Escape,Limited,2018,SUV,Gas,FWD,Green,122210,B,7
NV103288,Honda,Odyssey,Limited,2016,Minivan,Gas,FWD,Green,100600,C,9
NV103289,Ford,Escape,Sport,2024,SUV,Gas,FWD,Grey,41340,A,2
NV103290,Toyota,Corolla,Sport,2019,Sedan,Gas,FWD,Silver,49710,B,5
NV103291,Toyota,Corolla,Base,2023,Sedan,Gas,FWD,Green,56510,A,2
NV103292,Kia,Sportage,Sport,2021,SUV,Gas,AWD,Silver,53340,C,3
NV103293,Chevrolet,Equinox,Sport,2021,SUV,Gas,AWD,Brown,58370,A,4
NV103294,Subaru,Outback,Limited,2018,Wagon,Gas,FWD,White,156230,D,8
NV103295,Hyundai,Tucson,Sport,2017,SUV,Gas,AWD,Green,142490,C,7
NV103296,Kia,Sportage,Sport,2021,SUV,Gas,FWD,Black,60320,B,4
NV103297,BMW,3 Series,Sport,2019,Sedan,Gas,FWD,Blue,96420,A,6
NV103298,Subaru,Outback,Touring,2025,Wagon,Gas,FWD,Green,8320,A,0
NV103299,Hyundai,Elantra,Base,2022,Sedan,Gas,FWD,Brown,45660,B,2
NV103300,Honda,CR-V Hybrid,Sport,2017,SUV,Hybrid,AWD,Brown,121310,C,7
NV103301,Honda,CR-V,Touring,2020,SUV,Gas,FWD,White,75210,B,5
NV103302,Honda,Civic,Sport,2022,Sedan,Gas,FWD,Green,34750,B,2
NV103303,Toyota,RAV4,Sport,2022,SUV,Gas,AWD,Grey,85950,B,4
NV103304,Toyota,Corolla,Sport,2022,Sedan,Gas,FWD,White,65160,A,3
NV103305,Hyundai,Elantra,Sport,2024,Sedan,Gas,FWD,Green,37850,A,2
NV103306,Honda,Odyssey,Limited,2016,Minivan,Gas,FWD,Grey,242840,D,10
NV103307,Honda,CR-V,Limited,2023,SUV,Gas,AWD,Black,50780,B,3
NV103308,Hyundai,Tucson,Base,2021,SUV,Gas,AWD,Blue,51050,A,3
NV103309,Honda,CR-V Hybrid,Touring,2023,SUV,Hybrid,AWD,Green,23620,A,1
NV103310,Ram,1500,Base,2017,Truck,Gas,4WD,Blue,123750,A,8
NV103311,Toyota,Corolla,Touring,2017,Sedan,Gas,FWD,Grey,159350,C,7
NV103312,Honda,CR-V,Touring,2023,SUV,Gas,FWD,White,33870,A,2
NV103313,Nissan,Rogue,Limited,2022,SUV,Gas,FWD,Red,40690,A,2
NV103314,Honda,Accord,Sport,2019,Sedan,Gas,FWD,Silver,86570,C,6
NV103315,Honda,CR-V,Touring,2020,SUV,Gas,FWD,Brown,82970,D,4
NV103316,Chevrolet,Equinox,,2023,SUV,Gas,AWD,Green,54550,C,3
NV103317,Volkswagen,Tiguan,Touring,2022,SUV,Gas,AWD,Grey,81940,B,4
NV103318,Toyota,Corolla,Touring,2022,Sedan,Gas,FWD,White,50370,A,3
NV103319,Jeep,Wrangler,Sport,2024,SUV,Gas,FWD,Green,36080,B,1
NV103320,Honda,Civic,Limited,2023,Sedan,Gas,FWD,Red,51170,A,3
NV103321,Chevrolet,Equinox,Base,2021,SUV,Gas,FWD,Grey,60440,B,5
NV103322,Nissan,Rogue,Limited,2023,SUV,Gas,AWD,Blue,18530,A,1
NV103323,Honda,CR-V,Base,2022,SUV,Gas,AWD,Silver,88330,A,4
NV103324,Hyundai,Elantra,Touring,2021,Sedan,Gas,FWD,White,94360,C,5
NV103325,Honda,Civic,Base,2018,Sedan,Gas,FWD,Green,88580,B,8
NV103326,Hyundai,Tucson,Limited,2022,SUV,Gas,FWD,Blue,59170,B,3
NV103327,Honda,CR-V,Sport,2022,SUV,Gas,FWD,Green,34550,B,2
NV103328,Honda,CR-V,Sport,2018,SUV,Gas,AWD,Silver,128820,B,7
NV103329,Toyota,RAV4,Limited,2023,SUV,Gas,AWD,Red,40800,A,2
NV103330,Toyota,Corolla,Sport,2023,Sedan,Gas,FWD,Grey,26610,A,1
NV103331,Chevrolet,Equinox,Limited,2023,SUV,Gas,FWD,Red,59990,B,3
NV103332,Honda,Odyssey,Base,2021,Minivan,Gas,FWD,Black,42480,B,3
NV103333,Honda,CR-V,Base,2024,SUV,Gas,FWD,Blue,51250,A,2
NV103334,Toyota,RAV4 Hybrid,Limited,2018,SUV,Hybrid,FWD,White,123210,C,6
NV103335,Kia,Sportage,Sport,2024,SUV,Gas,AWD,Grey,35780,B,2
NV103336,Ford,F-150,Sport,2019,Truck,Gas,4WD,White,96150,C,5
NV103337,Honda,CR-V,Base,2020,SUV,Gas,AWD,Black,100920,A,5
NV103338,Honda,Civic,Limited,2017,Sedan,Gas,FWD,Black,147830,A,8
NV103339,Kia,Forte,Touring,2020,Sedan,Gas,FWD,Grey,70960,B,5
NV103340,Mazda,CX-5,Base,2016,SUV,Gas,AWD,Black,195390,D,10
NV103341,Toyota,Corolla,Base,2021,Sedan,Gas,FWD,Grey,76950,C,5
NV103342,Hyundai,Tucson,Sport,2021,SUV,Gas,AWD,Silver,88260,C,4
NV103343,Hyundai,Elantra,Base,2021,Sedan,Gas,FWD,Black,54610,B,3
NV103344,Honda,Accord,Limited,2023,Sedan,Gas,FWD,Black,33630,A,1
NV103345,Ford,F-150,Limited,2018,Truck,Gas,4WD,White,145570,C,8
NV103346,Mazda,CX-5,Base,2024,SUV,Gas,FWD,Grey,45990,C,2
NV103347,Hyundai,Ioniq 5,Limited,2019,SUV,Electric,FWD,Green,106570,C,7
NV103348,Kia,Sportage,Limited,2021,SUV,Gas,FWD,White,88850,C,5
NV103349,Subaru,Outback,Limited,2024,Wagon,Gas,AWD,White,4000,B,0
NV103350,Honda,CR-V,Touring,2019,SUV,Gas,AWD,Red,70310,B,5
NV103351,Chevrolet,Equinox,Base,2023,SUV,Gas,FWD,Brown,31860,B,2
NV103352,Hyundai,Tucson,Base,2025,SUV,Gas,FWD,Silver,23910,A,1
NV103353,Honda,CR-V Hybrid,Limited,2023,SUV,Hybrid,AWD,White,34460,A,2
NV103354,Ford,Escape,Base,2024,SUV,Gas,AWD,Black,47250,B,2
NV103355,Nissan,Rogue,Limited,2025,SUV,Gas,AWD,Blue,26270,A,1
NV103356,Kia,Forte,Touring,2019,Sedan,Gas,FWD,Black,94060,C,6
NV103357,Jeep,Wrangler,Base,2023,SUV,Gas,FWD,Red,37380,A,2
NV103358,Honda,CR-V,Sport,2016,SUV,Gas,AWD,Blue,191990,D,10
NV103359,Toyota,RAV4,Limited,2019,SUV,Gas,AWD,Black,124230,C,6
NV103360,Kia,Forte,Sport,2017,Sedan,Gas,FWD,Grey,84160,C,7
NV103361,Hyundai,Tucson,Limited,2023,SUV,Gas,AWD,Red,31040,B,2
NV103362,Toyota,RAV4,Base,2019,SUV,Gas,FWD,White,110100,D,7
NV103363,Nissan,Rogue,Base,2020,SUV,Gas,AWD,Silver,96810,C,5
NV103364,Volkswagen,Tiguan,Sport,2015,SUV,Gas,AWD,Blue,138060,D,9
NV103365,Hyundai,Tucson,Base,2022,SUV,Gas,AWD,Grey,49290,B,4
NV103366,Honda,CR-V Hybrid,Sport,2021,SUV,Hybrid,AWD,Green,85100,B,5
NV103367,Toyota,RAV4,,2022,SUV,Gas,AWD,Grey,57310,B,4
NV103368,Nissan,Rogue,Base,2022,SUV,Gas,AWD,Silver,59120,B,3
NV103369,Tesla,Model 3,Base,2017,Sedan,Electric,FWD,Grey,115300,B,7
NV103370,Ford,F-150,Limited,2021,Truck,Gas,4WD,Black,64360,B,4
NV103371,Honda,Civic,Limited,2023,Sedan,Gas,FWD,Brown,54920,B,3
NV103372,Toyota,Camry,Touring,2023,Sedan,Gas,FWD,Brown,53060,A,3
NV103373,Honda,Civic,Sport,2022,Sedan,Gas,FWD,White,55690,A,3
NV103374,Toyota,Corolla,Base,2024,Sedan,Gas,FWD,Red,36940,B,2
NV103375,Jeep,Wrangler,Touring,2022,SUV,Gas,AWD,Brown,90180,B,4
NV103376,Toyota,RAV4,Limited,2023,SUV,Gas,AWD,Green,54890,B,3
NV103377,Toyota,RAV4,Sport,2021,SUV,Gas,AWD,Red,65540,C,4
NV103378,Toyota,RAV4,Base,2021,SUV,Gas,AWD,Blue,86490,B,5
NV103379,Kia,Sportage,Sport,2016,SUV,Gas,AWD,Grey,107670,D,10
NV103380,Hyundai,Tucson,Limited,2021,SUV,Gas,FWD,White,45940,A,3
NV103381,Honda,Civic,Base,2018,Sedan,Gas,FWD,Red,188740,D,7
NV103382,Honda,CR-V Hybrid,Base,2021,SUV,Hybrid,AWD,Red,82730,B,5
NV103383,Toyota,Tacoma,Limited,2019,Truck,Gas,4WD,Grey,156910,C,7
NV103384,Hyundai,Elantra,Sport,2015,Sedan,Gas,FWD,Green,162090,C,10
NV103385,Toyota,RAV4,Limited,2021,SUV,Gas,FWD,Grey,85060,A,4
NV103386,Jeep,Wrangler,Limited,2021,SUV,Gas,AWD,Black,86010,C,5
NV103387,Volkswagen,Tiguan,Limited,2025,SUV,Gas,FWD,Green,4000,B,0
NV103388,Honda,Civic,,2025,Sedan,Gas,FWD,Green,4000,A,0
NV103389,Ford,Escape,Sport,2021,SUV,Gas,AWD,Red,70510,A,4
NV103390,Honda,CR-V,Limited,2022,SUV,Gas,AWD,Blue,60400,A,4
NV103391,Toyota,Camry,Base,2023,Sedan,Gas,FWD,Blue,32480,A,2
NV103392,Toyota,RAV4 Hybrid,Sport,2022,SUV,Hybrid,AWD,Black,30140,B,3
NV103393,Hyundai,Elantra,Base,2015,Sedan,Gas,FWD,Red,191840,D,10
NV103394,Toyota,RAV4,Limited,2021,SUV,Gas,AWD,Blue,66080,C,4
NV103395,Chevrolet,Equinox,Sport,2022,SUV,Gas,FWD,Grey,39270,B,3
NV103396,Chevrolet,Silverado 1500,Limited,2021,Truck,Gas,4WD,Blue,88960,C,5
NV103397,Tesla,Model 3,Sport,2021,Sedan,Electric,FWD,Red,47320,C,3
NV103398,Jeep,Wrangler,Sport,2025,SUV,Gas,AWD,Blue,18540,B,1
NV103399,Honda,Accord,Base,2020,Sedan,Gas,FWD,White,66480,B,6
NV103400,Chevrolet,Equinox,Base,2017,SUV,Gas,AWD,Red,112090,C,8
NV103401,Mazda,CX-5,Limited,2020,SUV,Gas,FWD,Black,108390,B,6
NV103402,Toyota,Camry,Sport,2018,Sedan,Gas,FWD,Red,91310,B,7
NV103403,Hyundai,Elantra,Limited,2018,Sedan,Gas,FWD,Red,109750,C,7
NV103404,Honda,CR-V,Limited,2023,SUV,Gas,FWD,White,43210,C,3
NV103405,Toyota,Corolla,Touring,2022,Sedan,Gas,FWD,Black,76630,B,3
NV103406,Ford,Escape,Base,2020,SUV,Gas,AWD,Black,74560,A,4
NV103407,Mazda,CX-5,,2022,SUV,Gas,AWD,Red,44730,A,3
NV103408,Honda,Civic,Limited,2025,Sedan,Gas,FWD,Brown,8800,A,0
NV103409,Mazda,CX-5,Touring,2024,SUV,Gas,AWD,Black,21420,A,1
NV103410,Toyota,Tacoma,Sport,2021,Truck,Gas,4WD,Red,64950,A,4
NV103411,Hyundai,Ioniq 5,Sport,2021,SUV,Electric,AWD,Black,120960,B,5
NV103412,Honda,Civic,Sport,2021,Sedan,Gas,FWD,Red,33820,A,4
NV103413,Toyota,RAV4 Hybrid,Base,2021,SUV,Hybrid,AWD,Red,80780,A,5
NV103414,Nissan,Rogue,Base,2019,SUV,Gas,AWD,Green,103020,C,6
NV103415,Jeep,Wrangler,Sport,2023,SUV,Gas,AWD,Silver,73550,A,3
NV103416,Honda,Civic,Limited,2023,Sedan,Gas,FWD,Blue,43970,A,2
NV103417,Honda,CR-V,Touring,2021,SUV,Gas,AWD,Green,88140,C,4
NV103418,Toyota,RAV4 Hybrid,Limited,2021,SUV,Hybrid,AWD,Blue,82860,B,5
NV103419,Hyundai,Tucson,Base,2023,SUV,Gas,AWD,Silver,34680,A,2
NV103420,Ford,Escape,Sport,2018,SUV,Gas,AWD,Green,96800,B,6
NV103421,Honda,CR-V,Touring,2018,SUV,Gas,AWD,Brown,101140,C,7
NV103422,Ram,1500,Limited,2021,Truck,Gas,4WD,Grey,72110,C,3
NV103423,Mazda,CX-5,Sport,2022,SUV,Gas,AWD,Brown,68360,B,4
NV103424,Jeep,Wrangler,Limited,2024,SUV,Gas,FWD,Grey,35940,A,2
NV103425,Subaru,Outback,Touring,2022,Wagon,Gas,AWD,Green,40000,A,2
NV103426,Mazda,Mazda3,Sport,2020,Hatchback,Gas,FWD,Silver,98510,B,5
NV103427,Toyota,Tacoma,Sport,2017,Truck,Gas,4WD,Grey,134760,C,7
NV103428,Mazda,CX-5,Base,2019,SUV,Gas,AWD,Green,81090,C,6
NV103429,Honda,Civic,Limited,2020,Sedan,Gas,FWD,Silver,66800,B,6
NV103430,Hyundai,Elantra,Sport,2025,Sedan,Gas,FWD,Brown,6630,B,0
NV103431,Honda,Civic,Base,2024,Sedan,Gas,FWD,Silver,21130,B,1
NV103432,Toyota,RAV4,Base,2022,SUV,Gas,FWD,Green,89110,B,3
NV103433,Honda,Civic,Touring,2023,Sedan,Gas,FWD,Grey,63480,B,3
NV103434,Toyota,RAV4,Limited,2024,SUV,Gas,AWD,Green,41010,A,2
NV103435,Jeep,Wrangler,Limited,2023,SUV,Gas,AWD,White,41320,A,3
NV103436,Honda,CR-V,Sport,2021,SUV,Gas,FWD,Red,97480,B,4
NV103437,Toyota,RAV4,Base,2024,SUV,Gas,FWD,Grey,35820,A,2
NV103438,Honda,Accord,Sport,2021,Sedan,Gas,FWD,Black,48440,C,4
NV103439,Ford,F-150,Base,2016,Truck,Gas,4WD,Green,200550,C,10
NV103440,Tesla,Model 3,Base,2021,Sedan,Electric,FWD,Black,81800,D,4
NV103441,Honda,Accord,Limited,2023,Sedan,Gas,FWD,Brown,55970,B,3
NV103442,Honda,Civic,Sport,2021,Sedan,Gas,FWD,White,75910,B,5
NV103443,Toyota,RAV4 Hybrid,Base,2022,SUV,Hybrid,FWD,Brown,43220,A,2
NV103444,BMW,3 Series,Base,2024,Sedan,Gas,FWD,Grey,8070,A,0
NV103445,Toyota,RAV4,Base,2017,SUV,Gas,AWD,Blue,191700,C,8
NV103446,Toyota,RAV4,Limited,2017,SUV,Gas,AWD,Black,152430,B,8
NV103447,Toyota,RAV4,Sport,2021,SUV,Gas,FWD,White,122640,C,5
NV103448,Ford,F-150,Sport,2020,Truck,Gas,4WD,Silver,60600,B,4
NV103449,Honda,CR-V,Sport,2020,SUV,Gas,AWD,Silver,118090,C,6
NV103450,Nissan,Rogue,Base,2019,SUV,Gas,AWD,Brown,92410,B,5
NV103451,Ford,Escape,Sport,2023,SUV,Gas,AWD,Red,36290,B,2
NV103452,Chevrolet,Silverado 1500,Limited,2024,Truck,Gas,4WD,Silver,22670,A,1
NV103453,Toyota,Corolla,Base,2020,Sedan,Gas,FWD,Brown,115860,B,6
NV103454,Ford,F-150,Base,2021,Truck,Gas,4WD,Red,77970,A,5
NV103455,Ram,1500,Base,2020,Truck,Gas,4WD,Red,92030,B,6
NV103456,Nissan,Rogue,Sport,2018,SUV,Gas,AWD,Black,117740,C,7
NV103457,Toyota,Camry,Limited,2021,Sedan,Gas,FWD,Black,86080,C,5
NV103458,Toyota,RAV4,Sport,2020,SUV,Gas,AWD,Red,94950,B,4
NV103459,Hyundai,Elantra,Limited,2023,Sedan,Gas,FWD,White,57790,B,3
NV103460,Toyota,Tacoma,Sport,2017,Truck,Gas,4WD,White,181050,B,8
NV103461,Toyota,RAV4,Limited,2022,SUV,Gas,AWD,Red,52610,B,3
NV103462,Toyota,Camry,Limited,2016,Sedan,Gas,FWD,Grey,123420,C,10
NV103463,Honda,Civic,Sport,2022,Sedan,Gas,FWD,White,64310,B,3
NV103464,Ford,F-150,Base,2022,Truck,Gas,4WD,Blue,66560,B,4
NV103465,Toyota,Corolla,Base,2019,Sedan,Gas,FWD,Black,88680,C,7
NV103466,Toyota,Tacoma,Base,2018,Truck,Gas,4WD,Green,159080,D,6
NV103467,Toyota,Camry,Base,2020,Sedan,Gas,FWD,Blue,97410,C,5
NV103468,Chevrolet,Silverado 1500,Limited,2020,Truck,Gas,4WD,Red,76280,B,5
NV103469,Toyota,Tacoma,Base,2023,Truck,Gas,4WD,Blue,20180,A,1
NV103470,Toyota,Corolla,Sport,2019,Sedan,Gas,FWD,Blue,155410,C,7
NV103471,Nissan,Rogue,Base,2021,SUV,Gas,FWD,Brown,79640,B,4
NV103472,Ford,F-150,Sport,2024,Truck,Gas,4WD,Grey,42270,A,2
NV103473,Toyota,Corolla,Sport,2022,Sedan,Gas,FWD,Grey,71880,C,4
NV103474,Honda,CR-V,Limited,2023,SUV,Gas,FWD,Green,57560,B,2
NV103475,Jeep,Wrangler,Base,2015,SUV,Gas,AWD,Blue,137280,C,9
NV103476,Toyota,Camry,Touring,2020,Sedan,Gas,FWD,Brown,104900,B,6
NV103477,Chevrolet,Equinox,Sport,2016,SUV,Gas,AWD,Grey,167440,D,8
NV103478,Hyundai,Elantra,Base,2022,Sedan,Gas,FWD,Grey,66590,C,3
NV103479,Chevrolet,Silverado 1500,Sport,2025,Truck,Gas,4WD,Brown,5530,B,0
NV103480,Honda,CR-V Hybrid,Limited,2016,SUV,Hybrid,AWD,Grey,211730,C,10
NV103481,Honda,Civic,Touring,2022,Sedan,Gas,FWD,Blue,93690,C,4
NV103482,Toyota,Corolla,Sport,2022,Sedan,Gas,FWD,Blue,25860,A,2
NV103483,Ford,F-150,Touring,2018,Truck,Gas,4WD,Brown,84880,C,6
NV103484,Tesla,Model 3,Limited,2024,Sedan,Electric,FWD,Red,8290,A,0
NV103485,Honda,Civic,Base,2024,Sedan,Gas,FWD,White,7450,A,0
NV103486,Honda,Civic,Sport,2018,Sedan,Gas,FWD,Grey,97280,B,6
NV103487,Ford,Escape,Base,2020,SUV,Gas,FWD,Red,113720,C,5
NV103488,Ford,F-150,Limited,2021,Truck,Gas,4WD,White,60840,B,4
NV103489,Chevrolet,Silverado 1500,Limited,2024,Truck,Gas,4WD,Green,41440,A,2
NV103490,Toyota,Corolla,Touring,2021,Sedan,Gas,FWD,Grey,48660,B,3
NV103491,Chevrolet,Equinox,,2016,SUV,Gas,FWD,Silver,132750,B,8
NV103492,Subaru,Outback,Base,2015,Wagon,Gas,AWD,Green,204020,D,10
NV103493,Ford,F-150,Base,2024,Truck,Gas,4WD,Silver,5100,A,0
NV103494,Toyota,RAV4,Limited,2025,SUV,Gas,AWD,Black,7200,A,0
NV103495,Kia,Sportage,Limited,2023,SUV,Gas,AWD,Red,56410,B,3
NV103496,Hyundai,Tucson,Base,2021,SUV,Gas,AWD,Brown,50410,B,3
NV103497,Jeep,Wrangler,Base,2020,SUV,Gas,AWD,Silver,113960,B,5
NV103498,Kia,Sportage,Touring,2015,SUV,Gas,AWD,Black,153710,C,10
NV103499,Hyundai,Tucson,Sport,2020,SUV,Gas,AWD,Green,79040,B,5
NV103500,Hyundai,Tucson,Touring,2022,SUV,Gas,FWD,Brown,45990,B,4
NV103501,Honda,CR-V,Sport,2019,SUV,Gas,AWD,Brown,112100,B,6
NV103502,Ram,1500,Base,2021,Truck,Gas,4WD,Grey,81860,B,4
NV103503,Mazda,Mazda3,Sport,2015,Hatchback,Gas,FWD,Black,200810,C,9
NV103504,Ford,F-150,Sport,2016,Truck,Gas,4WD,Red,68990,B,9
NV103505,Mazda,CX-5,Base,2016,SUV,Gas,FWD,Green,175580,D,9
NV103506,Toyota,Camry,Base,2022,Sedan,Gas,FWD,White,78210,A,3
NV103507,Ford,F-150,Sport,2021,Truck,Gas,4WD,Grey,81730,C,4
NV103508,Toyota,Tacoma,Base,2018,Truck,Gas,4WD,Brown,164350,C,8
NV103509,Toyota,Corolla,Base,2023,Sedan,Gas,FWD,Brown,42610,B,2
NV103510,Honda,Odyssey,Sport,2022,Minivan,Gas,FWD,Blue,64770,C,4
NV103511,Hyundai,Elantra,Base,2019,Sedan,Gas,FWD,Red,98200,C,5
NV103512,Kia,Sportage,Sport,2019,SUV,Gas,AWD,Green,109470,C,6
NV103513,Jeep,Wrangler,Sport,2023,SUV,Gas,FWD,Brown,21150,A,1
NV103514,Honda,Civic,Base,2018,Sedan,Gas,FWD,Green,101480,D,8
NV103515,Ford,F-150,Limited,2016,Truck,Gas,4WD,Green,153670,D,8
NV103516,Honda,CR-V Hybrid,Base,2019,SUV,Hybrid,AWD,Grey,117780,C,5
NV103517,Chevrolet,Silverado 1500,Touring,2018,Truck,Gas,4WD,Silver,118780,C,7
NV103518,Mazda,CX-5,Sport,2022,SUV,Gas,AWD,Red,61940,B,3
NV103519,Honda,Odyssey,Base,2020,Minivan,Gas,FWD,Grey,71400,C,4
NV103520,Honda,Accord,Base,2021,Sedan,Gas,FWD,Grey,53950,A,3
NV103521,Hyundai,Tucson,Base,2023,SUV,Gas,AWD,Black,8760,A,1
NV103522,Kia,Sportage,Base,2020,SUV,Gas,AWD,Brown,72630,B,5
NV103523,Chevrolet,Equinox,Limited,2024,SUV,Gas,AWD,Black,20980,A,1
NV103524,Toyota,Tacoma,Base,2025,Truck,Gas,4WD,Blue,4000,A,0
NV103525,Honda,CR-V Hybrid,Sport,2021,SUV,Hybrid,AWD,Grey,92950,B,5
NV103526,Ford,Escape,Sport,2021,SUV,Gas,FWD,White,49410,C,3
NV103527,Honda,Civic,Base,2017,Sedan,Gas,FWD,Silver,131340,D,8
NV103528,Mazda,CX-5,Limited,2022,SUV,Gas,AWD,Black,78660,B,4
NV103529,Ram,1500,Limited,2025,Truck,Gas,4WD,White,29130,A,1
NV103530,Hyundai,Elantra,Sport,2021,Sedan,Gas,FWD,Black,68060,B,4
NV103531,Nissan,Rogue,Touring,2019,SUV,Gas,FWD,Silver,94790,C,7
NV103532,Toyota,RAV4,Limited,2018,SUV,Gas,AWD,White,105470,B,7
NV103533,Mazda,Mazda3,Limited,2021,Hatchback,Gas,FWD,Black,67380,B,4
NV103534,Mazda,Mazda3,Sport,2015,Hatchback,Gas,FWD,Silver,194620,C,11
NV103535,Hyundai,Ioniq 5,Base,2018,SUV,Electric,AWD,Green,92910,B,6
NV103536,Toyota,RAV4 Hybrid,Base,2018,SUV,Hybrid,FWD,Black,126800,C,6
NV103537,Honda,CR-V,Sport,2024,SUV,Gas,AWD,Silver,28510,A,2
NV103538,Kia,Forte,Touring,2022,Sedan,Gas,FWD,Silver,47350,A,3
NV103539,Toyota,RAV4,Sport,2023,SUV,Gas,AWD,Black,39410,A,2
NV103540,Hyundai,Elantra,Base,2021,Sedan,Gas,FWD,Grey,81740,B,4
NV103541,Kia,Sportage,Limited,2022,SUV,Gas,AWD,Black,32220,A,3
NV103542,BMW,3 Series,Base,2021,Sedan,Gas,FWD,Green,112350,C,4
NV103543,Ram,1500,Touring,2020,Truck,Gas,4WD,Red,97820,B,6
NV103544,Kia,Forte,Sport,2018,Sedan,Gas,FWD,Red,146940,B,8
NV103545,Subaru,Outback,Limited,2022,Wagon,Gas,AWD,Green,42510,A,4
NV103546,Mazda,CX-5,Base,2021,SUV,Gas,FWD,Brown,53710,A,5
NV103547,Kia,Sportage,Sport,2021,SUV,Gas,FWD,White,44120,A,3
NV103548,Honda,Civic,Sport,2024,Sedan,Gas,FWD,Blue,8860,A,0
NV103549,Chevrolet,Silverado 1500,Base,2024,Truck,Gas,4WD,Green,29430,A,1
NV103550,Toyota,Corolla,Limited,2020,Sedan,Gas,FWD,White,88700,B,6
NV103551,Toyota,Camry,Touring,2020,Sedan,Gas,FWD,Black,55940,B,4
NV103552,Mazda,Mazda3,Base,2021,Hatchback,Gas,FWD,Blue,85810,A,5
NV103553,Ford,Escape,Touring,2020,SUV,Gas,AWD,Grey,77950,C,4
NV103554,Toyota,RAV4 Hybrid,Sport,2020,SUV,Hybrid,AWD,Silver,143250,C,5
NV103555,BMW,3 Series,Limited,2018,Sedan,Gas,FWD,Brown,129240,B,7
NV103556,Chevrolet,Silverado 1500,Limited,2015,Truck,Gas,4WD,Blue,182000,D,10
NV103557,Toyota,Tacoma,Limited,2022,Truck,Gas,4WD,Brown,50060,B,3
NV103558,Ford,Escape,Sport,2021,SUV,Gas,AWD,White,41630,A,3
NV103559,Toyota,Corolla,Base,2020,Sedan,Gas,FWD,Grey,95690,C,5
NV103560,Chevrolet,Silverado 1500,Base,2022,Truck,Gas,4WD,Silver,51900,B,3
NV103561,Honda,CR-V,Base,2018,SUV,Gas,FWD,Green,184870,C,8
NV103562,Toyota,Camry,Base,2023,Sedan,Gas,FWD,Silver,70210,B,3
NV103563,Honda,Civic,Sport,2017,Sedan,Gas,FWD,Black,138890,C,8
NV103564,Kia,Forte,,2022,Sedan,Gas,FWD,White,64090,B,3
NV103565,Kia,Forte,Base,2018,Sedan,Gas,FWD,Green,105040,D,8
NV103566,Honda,Civic,Sport,2023,Sedan,Gas,FWD,Red,60770,A,2
NV103567,Ford,Escape,Limited,2025,SUV,Gas,AWD,Blue,28480,B,1
NV103568,Hyundai,Tucson,Base,2020,SUV,Gas,FWD,Black,96890,C,6
NV103569,Honda,Odyssey,Touring,2019,Minivan,Gas,FWD,Blue,102880,B,7
NV103570,Ford,F-150,Base,2024,Truck,Gas,4WD,White,5140,A,0
NV103571,Ford,F-150,Limited,2025,Truck,Gas,4WD,White,4000,A,0
NV103572,Ram,1500,Sport,2023,Truck,Gas,4WD,Black,32410,A,2
NV103573,Toyota,RAV4,Limited,2020,SUV,Gas,FWD,Grey,63060,A,4
NV103574,Ram,1500,Limited,2019,Truck,Gas,4WD,White,119950,D,7
NV103575,Toyota,Tacoma,Touring,2022,Truck,Gas,4WD,Green,61600,B,3
NV103576,Toyota,Corolla,Touring,2022,Sedan,Gas,FWD,Black,34350,B,2
NV103577,Mazda,Mazda3,Base,2017,Hatchback,Gas,FWD,Silver,78970,B,7
NV103578,Honda,CR-V,Limited,2021,SUV,Gas,AWD,Red,116460,B,5
NV103579,Mazda,Mazda3,Sport,2021,Hatchback,Gas,FWD,Red,84690,A,4
NV103580,Hyundai,Tucson,Limited,2021,SUV,Gas,AWD,Red,68180,B,3
NV103581,Ram,1500,Sport,2021,Truck,Gas,4WD,Silver,48040,B,3
NV103582,Chevrolet,Silverado 1500,,2021,Truck,Gas,4WD,Blue,80700,B,4
NV103583,Hyundai,Tucson,Touring,2021,SUV,Gas,AWD,Green,46240,C,5
NV103584,Ford,F-150,Limited,2021,Truck,Gas,4WD,Silver,50460,B,4
NV103585,Toyota,RAV4,Base,2018,SUV,Gas,AWD,White,119420,C,7
NV103586,Hyundai,Elantra,,2021,Sedan,Gas,FWD,White,91970,B,4
NV103587,Chevrolet,Equinox,Base,2022,SUV,Gas,AWD,Brown,65560,A,4
NV103588,Hyundai,Elantra,Limited,2022,Sedan,Gas,FWD,Brown,76190,B,4
NV103589,Honda,Accord,Limited,2023,Sedan,Gas,FWD,Green,22730,A,1
NV103590,Honda,CR-V,,2020,SUV,Gas,AWD,Grey,125760,A,6
NV103591,Hyundai,Tucson,Sport,2021,SUV,Gas,FWD,Black,71980,B,3
NV103592,Chevrolet,Silverado 1500,Sport,2016,Truck,Gas,4WD,White,158600,D,10
NV103593,Ford,F-150,Base,2020,Truck,Gas,4WD,Black,63100,B,4
NV103594,Toyota,Corolla,Base,2022,Sedan,Gas,FWD,Black,44200,B,3
NV103595,Honda,CR-V Hybrid,Base,2023,SUV,Hybrid,FWD,Silver,62200,B,3
NV103596,Honda,Civic,Base,2020,Sedan,Gas,FWD,Silver,68560,A,4
NV103597,Honda,Accord,Touring,2021,Sedan,Gas,FWD,Green,65430,A,5
NV103598,Ram,1500,Base,2017,Truck,Gas,4WD,Silver,101100,B,8
NV103599,Chevrolet,Equinox,Touring,2016,SUV,Gas,AWD,Brown,190220,D,10
NV103600,Honda,CR-V,Sport,2017,SUV,Gas,AWD,Brown,227090,D,9
NV103601,Mazda,CX-5,Limited,2019,SUV,Gas,AWD,White,85300,B,6
NV103602,Honda,CR-V,Base,2017,SUV,Gas,FWD,Grey,137660,D,9
NV103603,Honda,Odyssey,Base,2020,Minivan,Gas,FWD,Blue,99240,C,6
NV103604,Kia,Forte,Sport,2019,Sedan,Gas,FWD,White,121460,B,7
NV103605,Honda,Accord,Sport,2017,Sedan,Gas,FWD,Silver,139840,C,8
NV103606,Hyundai,Elantra,Sport,2019,Sedan,Gas,FWD,Brown,115670,A,7
NV103607,Hyundai,Elantra,,2021,Sedan,Gas,FWD,Black,53880,B,4
NV103608,Toyota,Corolla,Touring,2020,Sedan,Gas,FWD,Blue,104580,B,6
NV103609,Honda,CR-V,Base,2023,SUV,Gas,FWD,White,24670,B,2
NV103610,Kia,Sportage,Limited,2019,SUV,Gas,FWD,Black,173400,D,7
NV103611,Mazda,CX-5,Limited,2016,SUV,Gas,AWD,Green,103790,C,8
NV103612,Jeep,Wrangler,Touring,2022,SUV,Gas,AWD,Red,49090,A,3
NV103613,Toyota,RAV4,Base,2023,SUV,Gas,AWD,Silver,39120,B,2
NV103614,Subaru,Outback,Base,2019,Wagon,Gas,AWD,Silver,123900,C,6
NV103615,Toyota,Corolla,Base,2020,Sedan,Gas,FWD,White,77210,D,5
NV103616,Ford,Escape,Base,2021,SUV,Gas,AWD,Grey,56750,C,3
NV103617,Honda,Odyssey,Limited,2017,Minivan,Gas,FWD,Silver,167580,C,7
NV103618,BMW,3 Series,Base,2021,Sedan,Gas,FWD,White,72360,A,5
NV103619,Toyota,Camry,Base,2024,Sedan,Gas,FWD,Red,36810,A,2
NV103620,Toyota,RAV4,Touring,2022,SUV,Gas,AWD,Silver,76420,B,4
NV103621,Kia,Sportage,Base,2020,SUV,Gas,AWD,Brown,85420,C,5
NV103622,Ford,Escape,Sport,2018,SUV,Gas,AWD,Grey,139360,B,8
NV103623,Chevrolet,Equinox,Base,2021,SUV,Gas,FWD,Silver,66690,B,5
NV103624,Subaru,Outback,Sport,2022,Wagon,Gas,AWD,White,64350,C,3
NV103625,Ford,F-150,Touring,2015,Truck,Gas,4WD,Green,167810,D,11
NV103626,BMW,3 Series,Sport,2022,Sedan,Gas,FWD,Brown,34910,A,2
NV103627,Toyota,RAV4,Limited,2019,SUV,Gas,AWD,Brown,105900,C,6
NV103628,Honda,Civic,Sport,2017,Sedan,Gas,FWD,Grey,116210,D,7
NV103629,Toyota,Corolla,Limited,2023,Sedan,Gas,FWD,Silver,52950,A,2
NV103630,Ford,F-150,Sport,2020,Truck,Gas,4WD,Green,63420,C,4
NV103631,Hyundai,Tucson,Limited,2021,SUV,Gas,FWD,White,48190,A,4
NV103632,Hyundai,Ioniq 5,Sport,2020,SUV,Electric,AWD,Brown,91060,C,5
NV103633,Honda,CR-V,Sport,2025,SUV,Gas,FWD,White,6520,B,0
NV103634,Volkswagen,Tiguan,Limited,2022,SUV,Gas,AWD,Green,59500,A,3
NV103635,Hyundai,Tucson,Sport,2018,SUV,Gas,AWD,Red,114120,C,6
NV103636,Toyota,RAV4,Limited,2016,SUV,Gas,AWD,Silver,127600,D,9
NV103637,Toyota,Camry,Base,2021,Sedan,Gas,FWD,White,68120,C,4
NV103638,Mazda,CX-5,Base,2022,SUV,Gas,AWD,Green,72340,B,3
NV103639,Mazda,CX-5,Base,2022,SUV,Gas,AWD,Grey,57840,B,3
NV103640,Chevrolet,Silverado 1500,Base,2021,Truck,Gas,4WD,Brown,79650,B,5
NV103641,Toyota,Tacoma,Limited,2022,Truck,Gas,4WD,Red,33200,B,2
NV103642,Toyota,Corolla,Base,2023,Sedan,Gas,FWD,Black,41480,A,2
NV103643,Honda,Odyssey,Base,2017,Minivan,Gas,FWD,Blue,109660,C,9
NV103644,Toyota,RAV4 Hybrid,Limited,2016,SUV,Hybrid,FWD,Silver,172660,C,8
NV103645,Mazda,Mazda3,Limited,2024,Hatchback,Gas,FWD,Silver,16590,B,1
NV103646,Nissan,Rogue,Base,2022,SUV,Gas,AWD,Red,49250,A,3
NV103647,Honda,Accord,Limited,2018,Sedan,Gas,FWD,Brown,117460,C,7
NV103648,Toyota,RAV4,Limited,2022,SUV,Gas,AWD,Silver,68890,A,3
NV103649,Jeep,Wrangler,Sport,2018,SUV,Gas,AWD,Silver,144550,B,7
NV103650,Jeep,Wrangler,Sport,2015,SUV,Gas,FWD,Silver,164170,D,9
NV103651,Honda,Civic,Touring,2021,Sedan,Gas,FWD,White,76230,A,5
NV103652,Ford,Escape,Limited,2019,SUV,Gas,AWD,Silver,96930,C,5
NV103653,Toyota,Camry,,2024,Sedan,Gas,FWD,Grey,25540,A,1
NV103654,Chevrolet,Silverado 1500,Base,2015,Truck,Gas,4WD,White,166380,D,11
NV103655,Toyota,RAV4 Hybrid,Sport,2020,SUV,Hybrid,FWD,Blue,66940,B,4
NV103656,Ford,F-150,Touring,2017,Truck,Gas,4WD,White,139400,C,7
NV103657,Honda,CR-V,Base,2019,SUV,Gas,FWD,Brown,121230,B,7
NV103658,Hyundai,Elantra,Limited,2016,Sedan,Gas,FWD,White,119650,D,9
NV103659,Mazda,CX-5,Limited,2017,SUV,Gas,FWD,Brown,142260,C,9
NV103660,Nissan,Rogue,Touring,2024,SUV,Gas,FWD,Green,4000,B,0
NV103661,Hyundai,Tucson,Limited,2019,SUV,Gas,AWD,Silver,118010,C,6
NV103662,Hyundai,Elantra,Base,2024,Sedan,Gas,FWD,Blue,52930,A,2
NV103663,Toyota,Camry,Base,2019,Sedan,Gas,FWD,White,93780,A,6
NV103664,Honda,Civic,Sport,2021,Sedan,Gas,FWD,Blue,57880,C,3
NV103665,Hyundai,Elantra,Limited,2019,Sedan,Gas,FWD,Grey,136820,C,7
NV103666,Honda,Accord,Touring,2024,Sedan,Gas,FWD,Brown,8070,A,0
NV103667,Kia,Sportage,Sport,2025,SUV,Gas,FWD,Grey,4000,A,0
NV103668,BMW,3 Series,Limited,2017,Sedan,Gas,FWD,Silver,142420,C,8
NV103669,Toyota,RAV4 Hybrid,Sport,2024,SUV,Hybrid,AWD,Grey,47370,C,2
NV103670,Hyundai,Tucson,Base,2020,SUV,Gas,AWD,Black,107040,B,6
NV103671,Toyota,RAV4,Touring,2019,SUV,Gas,AWD,Blue,204230,C,7
NV103672,Toyota,Corolla,Sport,2021,Sedan,Gas,FWD,Red,90750,B,4
NV103673,Honda,CR-V,Base,2019,SUV,Gas,FWD,Black,123550,B,6
NV103674,Jeep,Wrangler,Base,2017,SUV,Gas,AWD,Brown,160050,B,8
NV103675,Nissan,Rogue,Sport,2017,SUV,Gas,AWD,Green,101820,B,7
NV103676,Toyota,RAV4,Limited,2018,SUV,Gas,AWD,White,126410,B,6
NV103677,Ford,F-150,Base,2018,Truck,Gas,4WD,Silver,155470,D,8
NV103678,Toyota,RAV4 Hybrid,Touring,2022,SUV,Hybrid,AWD,Silver,88020,B,4
NV103679,Hyundai,Ioniq 5,Sport,2016,SUV,Electric,FWD,Red,178840,C,9
NV103680,Honda,Civic,Base,2022,Sedan,Gas,FWD,Green,40590,A,3
NV103681,Chevrolet,Equinox,Limited,2017,SUV,Gas,FWD,Grey,141340,D,8
NV103682,Hyundai,Elantra,Limited,2019,Sedan,Gas,FWD,Blue,95640,A,7
NV103683,Ford,Escape,Touring,2020,SUV,Gas,AWD,Silver,104550,B,6
NV103684,Ford,F-150,Limited,2024,Truck,Gas,4WD,Red,21150,B,1
NV103685,Subaru,Outback,Base,2019,Wagon,Gas,FWD,White,81450,C,7
NV103686,Ford,F-150,Limited,2024,Truck,Gas,4WD,Blue,37440,A,2
NV103687,Mazda,Mazda3,Touring,2023,Hatchback,Gas,FWD,Black,43310,B,2
NV103688,Honda,Civic,Limited,2021,Sedan,Gas,FWD,White,78300,B,4
NV103689,Hyundai,Elantra,Limited,2021,Sedan,Gas,FWD,Black,51490,A,3
NV103690,Toyota,Corolla,,2019,Sedan,Gas,FWD,Green,85600,B,5
NV103691,Chevrolet,Silverado 1500,Sport,2019,Truck,Gas,4WD,Silver,111640,B,7
NV103692,Toyota,RAV4,Touring,2017,SUV,Gas,AWD,Black,136930,C,8
NV103693,Toyota,Corolla,Sport,2016,Sedan,Gas,FWD,Silver,162170,D,10
NV103694,Honda,Accord,Base,2020,Sedan,Gas,FWD,Grey,100420,C,6
NV103695,Honda,Odyssey,Touring,2023,Minivan,Gas,FWD,Green,42390,A,3
NV103696,Ram,1500,Sport,2019,Truck,Gas,4WD,Silver,49080,B,6
NV103697,Mazda,Mazda3,Sport,2023,Hatchback,Gas,FWD,White,32590,A,2
NV103698,Honda,Odyssey,Limited,2016,Minivan,Gas,FWD,Green,93380,C,10
NV103699,Tesla,Model 3,Touring,2021,Sedan,Electric,FWD,Red,102500,C,5
NV103700,Tesla,Model 3,Sport,2021,Sedan,Electric,FWD,Red,55650,B,4
NV103701,Kia,Sportage,Limited,2022,SUV,Gas,AWD,Green,58900,B,4
NV103702,Honda,CR-V,Touring,2020,SUV,Gas,FWD,White,78940,B,5
NV103703,Honda,Accord,Touring,2022,Sedan,Gas,FWD,Grey,53860,A,4
NV103704,Subaru,Outback,,2019,Wagon,Gas,AWD,Brown,136670,C,7
NV103705,Mazda,Mazda3,Sport,2022,Hatchback,Gas,FWD,White,48860,B,3
NV103706,Honda,CR-V,Limited,2021,SUV,Gas,AWD,Blue,79860,B,3
NV103707,Hyundai,Elantra,Base,2020,Sedan,Gas,FWD,Black,100370,B,6
NV103708,Ford,F-150,Sport,2021,Truck,Gas,4WD,Black,73620,B,4
NV103709,Honda,Accord,Limited,2024,Sedan,Gas,FWD,White,5700,A,0
NV103710,Kia,Forte,Base,2020,Sedan,Gas,FWD,Grey,46720,B,4
NV103711,BMW,3 Series,Base,2020,Sedan,Gas,FWD,White,45870,B,5
NV103712,Toyota,Corolla,Touring,2020,Sedan,Gas,FWD,Blue,109290,C,5
NV103713,Ford,F-150,Limited,2016,Truck,Gas,4WD,Silver,231720,D,10
NV103714,Volkswagen,Tiguan,Base,2016,SUV,Gas,FWD,White,158400,D,9
NV103715,Hyundai,Ioniq 5,,2016,SUV,Electric,AWD,Grey,199270,C,9
NV103716,Hyundai,Elantra,Touring,2022,Sedan,Gas,FWD,White,44010,A,2
NV103717,Honda,CR-V Hybrid,Limited,2019,SUV,Hybrid,FWD,Black,93490,B,6
NV103718,Hyundai,Elantra,Sport,2020,Sedan,Gas,FWD,Silver,148330,C,6
NV103719,Ford,Escape,Limited,2023,SUV,Gas,FWD,Blue,42300,A,3
NV103720,Chevrolet,Silverado 1500,Base,2020,Truck,Gas,4WD,Silver,82080,B,5
NV103721,Mazda,CX-5,Sport,2023,SUV,Gas,AWD,White,40290,A,2
NV103722,Mazda,CX-5,Limited,2021,SUV,Gas,AWD,Blue,78020,B,5
NV103723,Chevrolet,Equinox,Touring,2020,SUV,Gas,AWD,Silver,74100,A,4
NV103724,Toyota,RAV4 Hybrid,Touring,2019,SUV,Hybrid,AWD,Blue,115010,C,6
NV103725,Kia,Sportage,Limited,2023,SUV,Gas,FWD,Black,17430,A,1
NV103726,Ram,1500,Limited,2020,Truck,Gas,4WD,Black,78820,B,5
NV103727,Honda,Civic,Sport,2022,Sedan,Gas,FWD,Black,47930,B,4
NV103728,Chevrolet,Silverado 1500,Sport,2017,Truck,Gas,4WD,White,179980,D,9
NV103729,Honda,Odyssey,Touring,2019,Minivan,Gas,FWD,Brown,83070,C,6
NV103730,Honda,CR-V,Base,2024,SUV,Gas,AWD,Grey,36900,B,2
NV103731,Honda,Civic,Base,2025,Sedan,Gas,FWD,Brown,5750,A,0
NV103732,Chevrolet,Equinox,Sport,2020,SUV,Gas,FWD,White,95200,D,5
NV103733,Mazda,CX-5,Sport,2024,SUV,Gas,AWD,Red,46780,B,2
NV103734,Ford,Escape,Base,2021,SUV,Gas,FWD,Red,77880,B,5
NV103735,Honda,Civic,Limited,2024,Sedan,Gas,FWD,Grey,5080,A,0
NV103736,Honda,CR-V,Base,2023,SUV,Gas,AWD,Silver,28130,B,1
NV103737,Toyota,Camry,Touring,2025,Sedan,Gas,FWD,Blue,19880,A,1
NV103738,Ram,1500,Touring,2021,Truck,Gas,4WD,Blue,90840,C,5
NV103739,Honda,Civic,Limited,2024,Sedan,Gas,FWD,Silver,19890,A,1
NV103740,Chevrolet,Silverado 1500,Base,2020,Truck,Gas,4WD,Brown,83610,B,5
NV103741,Honda,Civic,Touring,2023,Sedan,Gas,FWD,White,37970,A,3
NV103742,Kia,Sportage,Sport,2021,SUV,Gas,AWD,Red,57600,A,3
NV103743,Nissan,Rogue,Limited,2023,SUV,Gas,FWD,Green,31830,A,1
NV103744,Toyota,Tacoma,Sport,2022,Truck,Gas,4WD,Silver,42100,B,2
NV103745,Kia,Sportage,Sport,2019,SUV,Gas,AWD,Brown,94770,B,7
NV103746,Honda,CR-V,Base,2022,SUV,Gas,AWD,Blue,77800,C,4
NV103747,Ram,1500,Touring,2020,Truck,Gas,4WD,Silver,55290,A,4
NV103748,Subaru,Outback,Base,2015,Wagon,Gas,FWD,White,134190,D,10
NV103749,Hyundai,Tucson,Sport,2024,SUV,Gas,AWD,Blue,41450,B,2
NV103750,Honda,CR-V,Limited,2025,SUV,Gas,FWD,Green,6970,A,0
NV103751,Mazda,CX-5,Touring,2016,SUV,Gas,FWD,Blue,166740,C,10
NV103752,Nissan,Rogue,Base,2016,SUV,Gas,AWD,White,151940,C,9
NV103753,Mazda,Mazda3,Touring,2018,Hatchback,Gas,FWD,Blue,158870,B,8
NV103754,Nissan,Rogue,Limited,2022,SUV,Gas,FWD,Red,57400,A,3
NV103755,Nissan,Rogue,Limited,2020,SUV,Gas,AWD,Grey,83020,B,5
NV103756,Toyota,Corolla,Limited,2021,Sedan,Gas,FWD,Grey,51920,C,4
NV103757,Hyundai,Tucson,Base,2018,SUV,Gas,AWD,Grey,109160,B,6
NV103758,Honda,CR-V,Sport,2019,SUV,Gas,FWD,Green,83650,C,5
NV103759,Toyota,RAV4,Base,2025,SUV,Gas,FWD,Grey,8290,A,0
NV103760,Toyota,RAV4 Hybrid,Base,2020,SUV,Hybrid,AWD,Green,54700,A,4
NV103761,Ram,1500,Limited,2023,Truck,Gas,4WD,Blue,50250,A,2
NV103762,Nissan,Rogue,Touring,2022,SUV,Gas,AWD,Brown,44570,B,2
NV103763,Subaru,Outback,Base,2024,Wagon,Gas,AWD,Blue,27130,A,2
NV103764,Toyota,Corolla,Sport,2017,Sedan,Gas,FWD,Green,108500,D,8
NV103765,Honda,CR-V,Limited,2017,SUV,Gas,FWD,Blue,139540,D,7
NV103766,Honda,CR-V,Base,2023,SUV,Gas,AWD,Green,22290,A,1
NV103767,Honda,Odyssey,Touring,2018,Minivan,Gas,FWD,Green,121430,B,7
NV103768,Chevrolet,Equinox,Sport,2018,SUV,Gas,FWD,Grey,70340,B,7
NV103769,Kia,Sportage,Base,2021,SUV,Gas,FWD,Brown,72220,B,4
NV103770,Kia,Forte,Base,2021,Sedan,Gas,FWD,Green,84330,A,4
NV103771,Nissan,Rogue,Limited,2019,SUV,Gas,FWD,Grey,94190,C,6
NV103772,Honda,Civic,Base,2022,Sedan,Gas,FWD,Silver,77870,A,4
NV103773,Nissan,Rogue,Base,2023,SUV,Gas,AWD,Red,31820,A,2
NV103774,BMW,3 Series,,2016,Sedan,Gas,FWD,Red,93460,A,8
NV103775,Hyundai,Tucson,Base,2023,SUV,Gas,AWD,Red,48430,B,2
NV103776,Mazda,Mazda3,Touring,2023,Hatchback,Gas,FWD,White,32710,B,2
NV103777,Chevrolet,Silverado 1500,Touring,2022,Truck,Gas,4WD,Red,66740,A,3
NV103778,Toyota,Camry,Limited,2022,Sedan,Gas,FWD,Brown,44830,A,3
NV103779,Honda,Civic,Limited,2018,Sedan,Gas,FWD,White,159640,D,7
NV103780,Toyota,RAV4,Touring,2025,SUV,Gas,AWD,Brown,18070,A,1
NV103781,Tesla,Model 3,Limited,2025,Sedan,Electric,FWD,Brown,6350,A,0
NV103782,Hyundai,Tucson,Limited,2020,SUV,Gas,AWD,Silver,115470,B,6
NV103783,Hyundai,Tucson,Base,2021,SUV,Gas,AWD,White,77790,B,5
NV103784,Toyota,RAV4,Limited,2023,SUV,Gas,FWD,Silver,20570,B,1
NV103785,Volkswagen,Tiguan,Sport,2023,SUV,Gas,AWD,Green,18610,A,1
NV103786,Honda,Civic,Sport,2022,Sedan,Gas,FWD,White,88050,C,4
NV103787,Toyota,Tacoma,Touring,2019,Truck,Gas,4WD,Green,125060,B,7
NV103788,Honda,Accord,Touring,2015,Sedan,Gas,FWD,Grey,197680,C,10
NV103789,Honda,Accord,Limited,2024,Sedan,Gas,FWD,White,5000,A,0
NV103790,Mazda,CX-5,Base,2019,SUV,Gas,AWD,Silver,62630,A,6
NV103791,Hyundai,Elantra,Base,2019,Sedan,Gas,FWD,Silver,97920,B,6
NV103792,Honda,CR-V,Base,2021,SUV,Gas,AWD,Blue,63790,B,4
NV103793,Toyota,Corolla,Sport,2021,Sedan,Gas,FWD,Green,45270,A,3
NV103794,Toyota,Corolla,Base,2023,Sedan,Gas,FWD,Black,23600,A,1
NV103795,Kia,Forte,Limited,2019,Sedan,Gas,FWD,Black,93210,B,5
NV103796,Ford,F-150,Base,2023,Truck,Gas,4WD,Blue,34510,B,2
NV103797,Toyota,Corolla,Limited,2023,Sedan,Gas,FWD,Brown,29950,B,1
NV103798,Kia,Sportage,Touring,2019,SUV,Gas,AWD,Grey,98430,B,5
NV103799,Chevrolet,Silverado 1500,Base,2021,Truck,Gas,4WD,Silver,59390,C,3
NV103800,Toyota,RAV4,Sport,2024,SUV,Gas,FWD,Brown,4210,A,0
NV103801,Chevrolet,Silverado 1500,Limited,2021,Truck,Gas,4WD,Black,94460,B,4
NV103802,Toyota,Camry,Base,2020,Sedan,Gas,FWD,Silver,102650,B,6
NV103803,Chevrolet,Silverado 1500,Limited,2021,Truck,Gas,4WD,White,126630,C,5
NV103804,Mazda,CX-5,Limited,2023,SUV,Gas,AWD,Black,49550,B,2
NV103805,Mazda,CX-5,Limited,2019,SUV,Gas,FWD,Black,103750,B,7
NV103806,Toyota,Corolla,Sport,2021,Sedan,Gas,FWD,White,55350,B,4
NV103807,Volkswagen,Tiguan,Sport,2023,SUV,Gas,AWD,Brown,50370,A,3
NV103808,Honda,Civic,Sport,2022,Sedan,Gas,FWD,Grey,38110,B,2
NV103809,Honda,Civic,Base,2015,Sedan,Gas,FWD,Red,64520,C,10
NV103810,Nissan,Rogue,Limited,2018,SUV,Gas,AWD,Blue,137380,B,7
NV103811,Honda,CR-V,,2021,SUV,Gas,FWD,Blue,56930,A,3
NV103812,Nissan,Rogue,Sport,2021,SUV,Gas,AWD,Green,90300,B,4
NV103813,Toyota,Tacoma,Sport,2015,Truck,Gas,4WD,Black,152970,D,10
NV103814,Jeep,Wrangler,Sport,2021,SUV,Gas,FWD,Blue,51660,B,3
NV103815,Honda,CR-V,Limited,2020,SUV,Gas,AWD,White,99920,B,6
NV103816,Nissan,Rogue,Limited,2019,SUV,Gas,AWD,Blue,123290,B,6
NV103817,Toyota,RAV4,Base,2015,SUV,Gas,AWD,White,143520,B,9
NV103818,Hyundai,Elantra,Sport,2022,Sedan,Gas,FWD,Black,40610,A,3
NV103819,Ford,Escape,Touring,2017,SUV,Gas,FWD,Green,76730,C,7
NV103820,Honda,CR-V,Touring,2022,SUV,Gas,AWD,Silver,40170,B,2
NV103821,Toyota,RAV4,Base,2017,SUV,Gas,AWD,Silver,137040,B,9
NV103822,Honda,Civic,Base,2017,Sedan,Gas,FWD,Grey,102860,A,8
NV103823,Kia,Sportage,Base,2024,SUV,Gas,FWD,Red,7820,A,0
NV103824,Toyota,RAV4,Limited,2022,SUV,Gas,AWD,White,64840,A,3
NV103825,Toyota,Camry,Sport,2021,Sedan,Gas,FWD,White,67030,A,5
NV103826,Kia,Forte,Limited,2021,Sedan,Gas,FWD,Green,65900,B,5
NV103827,Kia,Forte,Sport,2020,Sedan,Gas,FWD,Red,111780,C,5
NV103828,Ford,F-150,Base,2020,Truck,Gas,4WD,Silver,122400,B,5
NV103829,Honda,CR-V,Limited,2022,SUV,Gas,AWD,Grey,52680,B,3
NV103830,Kia,Sportage,Sport,2020,SUV,Gas,AWD,Blue,123370,B,6
NV103831,Ford,F-150,Touring,2021,Truck,Gas,4WD,Black,72440,B,5
NV103832,Mazda,CX-5,Touring,2022,SUV,Gas,FWD,Silver,44280,A,2
NV103833,Ford,Escape,Limited,2020,SUV,Gas,FWD,Silver,58680,B,4
NV103834,Toyota,RAV4,Touring,2022,SUV,Gas,AWD,Black,69230,B,4
NV103835,Mazda,Mazda3,Sport,2020,Hatchback,Gas,FWD,Silver,71340,B,5
NV103836,Toyota,Camry,Base,2015,Sedan,Gas,FWD,Silver,147900,D,10
NV103837,Honda,Civic,Touring,2018,Sedan,Gas,FWD,White,130300,B,8
NV103838,Hyundai,Tucson,Sport,2024,SUV,Gas,AWD,Black,18260,B,1
NV103839,Toyota,Corolla,Base,2020,Sedan,Gas,FWD,Brown,91460,A,5
NV103840,Toyota,Corolla,Limited,2021,Sedan,Gas,FWD,Silver,85320,B,4
NV103841,Toyota,RAV4 Hybrid,Sport,2023,SUV,Hybrid,AWD,Green,62110,A,3
NV103842,Honda,CR-V,Limited,2023,SUV,Gas,FWD,Blue,29880,B,2
NV103843,Ford,F-150,Sport,2023,Truck,Gas,4WD,Brown,44730,B,2
NV103844,Honda,CR-V,Sport,2019,SUV,Gas,FWD,Green,126360,B,7
NV103845,Kia,Sportage,Base,2022,SUV,Gas,AWD,Grey,57780,A,3
NV103846,Volkswagen,Tiguan,Sport,2022,SUV,Gas,AWD,Black,56130,A,4
NV103847,Toyota,Camry,Sport,2022,Sedan,Gas,FWD,Green,60370,B,3
NV103848,Honda,CR-V,Limited,2020,SUV,Gas,AWD,Green,96030,A,5
NV103849,Kia,Forte,Base,2022,Sedan,Gas,FWD,Grey,62570,A,4
NV103850,Toyota,RAV4,Sport,2019,SUV,Gas,FWD,Red,113720,D,7
NV103851,Mazda,CX-5,Base,2021,SUV,Gas,FWD,Red,73510,A,5
NV103852,Toyota,Corolla,Limited,2022,Sedan,Gas,FWD,Green,52190,A,3
NV103853,Tesla,Model 3,Base,2021,Sedan,Electric,FWD,Blue,78710,A,5
NV103854,Jeep,Wrangler,Limited,2023,SUV,Gas,AWD,Black,38340,B,2
NV103855,Honda,Civic,Limited,2020,Sedan,Gas,FWD,Red,89030,B,6
NV103856,Honda,Odyssey,Limited,2021,Minivan,Gas,FWD,Red,70820,C,4
NV103857,Mazda,Mazda3,Base,2020,Hatchback,Gas,FWD,White,93650,B,6
NV103858,Kia,Sportage,,2025,SUV,Gas,FWD,Grey,4210,A,0
NV103859,Tesla,Model 3,Base,2018,Sedan,Electric,FWD,Black,132990,C,8
NV103860,Volkswagen,Tiguan,Base,2020,SUV,Gas,AWD,White,106250,B,5
NV103861,Nissan,Rogue,Limited,2022,SUV,Gas,AWD,White,77850,B,3
NV103862,Hyundai,Tucson,Base,2023,SUV,Gas,FWD,Silver,44660,A,3
NV103863,Hyundai,Ioniq 5,Touring,2023,SUV,Electric,FWD,Black,17370,B,1
NV103864,Toyota,Camry,Limited,2019,Sedan,Gas,FWD,Grey,120300,C,6
NV103865,Nissan,Rogue,Sport,2022,SUV,Gas,AWD,White,63780,B,3
NV103866,Honda,Accord,Base,2016,Sedan,Gas,FWD,Red,158560,B,8
NV103867,Ford,F-150,Base,2022,Truck,Gas,4WD,Brown,87820,A,4
NV103868,Honda,CR-V,Limited,2021,SUV,Gas,FWD,Red,90800,C,5
NV103869,Nissan,Rogue,Touring,2023,SUV,Gas,FWD,Brown,39970,B,3
NV103870,Kia,Sportage,Touring,2018,SUV,Gas,FWD,Green,157550,B,7
NV103871,Hyundai,Elantra,Base,2020,Sedan,Gas,FWD,Brown,91260,D,5
NV103872,Hyundai,Elantra,Sport,2023,Sedan,Gas,FWD,Silver,36590,B,2
NV103873,Toyota,RAV4,Base,2017,SUV,Gas,FWD,Black,107390,B,8
NV103874,Mazda,CX-5,,2023,SUV,Gas,FWD,White,42160,B,2
NV103875,Honda,Civic,Sport,2019,Sedan,Gas,FWD,Red,115720,C,6
NV103876,Kia,Forte,Touring,2025,Sedan,Gas,FWD,Black,8960,B,0
NV103877,Chevrolet,Silverado 1500,Base,2023,Truck,Gas,4WD,Grey,15080,A,1
NV103878,Honda,Civic,Limited,2023,Sedan,Gas,FWD,Black,26020,B,1
NV103879,Toyota,Corolla,Touring,2016,Sedan,Gas,FWD,Red,121710,D,8
NV103880,Kia,Sportage,Touring,2020,SUV,Gas,AWD,White,99820,B,5
NV103881,Hyundai,Tucson,Limited,2022,SUV,Gas,AWD,Brown,49650,A,2
NV103882,Honda,CR-V,Base,2018,SUV,Gas,AWD,Grey,107950,D,7
NV103883,Ford,F-150,Base,2024,Truck,Gas,4WD,Blue,22380,A,1
NV103884,Volkswagen,Tiguan,Sport,2024,SUV,Gas,FWD,Brown,40280,A,2
NV103885,Ford,Escape,Base,2017,SUV,Gas,AWD,Green,189870,D,9
NV103886,Chevrolet,Silverado 1500,Touring,2022,Truck,Gas,4WD,Black,47650,A,2
NV103887,Kia,Sportage,Limited,2024,SUV,Gas,AWD,Blue,28630,B,2
NV103888,Nissan,Rogue,Touring,2018,SUV,Gas,AWD,White,143710,C,7
NV103889,Tesla,Model 3,Base,2020,Sedan,Electric,FWD,Black,95390,B,5
NV103890,Hyundai,Elantra,Limited,2022,Sedan,Gas,FWD,Silver,24500,A,2
NV103891,Ford,F-150,Base,2022,Truck,Gas,4WD,Silver,32240,A,2
NV103892,Toyota,Corolla,Base,2022,Sedan,Gas,FWD,Blue,70630,B,4
NV103893,Mazda,Mazda3,Base,2020,Hatchback,Gas,FWD,White,93550,B,5
NV103894,Ford,F-150,Base,2019,Truck,Gas,4WD,Green,121340,D,5
NV103895,Chevrolet,Silverado 1500,,2025,Truck,Gas,4WD,Green,24670,A,1
NV103896,BMW,3 Series,Sport,2018,Sedan,Gas,FWD,Silver,145230,C,7
NV103897,Subaru,Outback,,2021,Wagon,Gas,AWD,Brown,88250,A,5
NV103898,Toyota,Corolla,Base,2021,Sedan,Gas,FWD,Black,75600,C,4
NV103899,Hyundai,Elantra,,2022,Sedan,Gas,FWD,Black,70850,A,3
NV103900,Kia,Forte,Touring,2025,Sedan,Gas,FWD,Silver,19870,A,1
NV103901,Toyota,RAV4,Base,2022,SUV,Gas,AWD,Brown,44920,B,3
NV103902,Volkswagen,Tiguan,Touring,2023,SUV,Gas,AWD,Black,38250,A,2
NV103903,BMW,3 Series,Limited,2022,Sedan,Gas,FWD,Silver,53210,B,3
NV103904,Honda,CR-V,Touring,2019,SUV,Gas,FWD,Blue,71680,B,6
NV103905,Toyota,Corolla,Sport,2019,Sedan,Gas,FWD,White,70530,B,6
NV103906,Tesla,Model 3,Base,2025,Sedan,Electric,FWD,Black,5260,A,0
NV103907,Honda,Accord,Sport,2022,Sedan,Gas,FWD,Brown,55460,A,4
NV103908,Honda,CR-V,Touring,2019,SUV,Gas,FWD,Grey,101010,B,7
NV103909,Toyota,Corolla,Sport,2020,Sedan,Gas,FWD,Black,80610,A,5
NV103910,Subaru,Outback,Limited,2023,Wagon,Gas,AWD,Grey,44850,C,3
NV103911,Toyota,RAV4 Hybrid,Touring,2021,SUV,Hybrid,FWD,Blue,65300,C,5
NV103912,Mazda,Mazda3,Sport,2019,Hatchback,Gas,FWD,Grey,97430,B,5
NV103913,Toyota,Camry,Touring,2023,Sedan,Gas,FWD,Green,56990,A,3
NV103914,Honda,CR-V,Limited,2019,SUV,Gas,AWD,Red,131650,C,7
NV103915,Ford,Escape,Touring,2020,SUV,Gas,FWD,Grey,128110,C,6
NV103916,Chevrolet,Silverado 1500,Base,2018,Truck,Gas,4WD,Green,157840,D,8
NV103917,Honda,CR-V,Touring,2020,SUV,Gas,FWD,White,75930,A,5
NV103918,Honda,CR-V,Sport,2023,SUV,Gas,FWD,White,61840,D,3
NV103919,Honda,CR-V,Sport,2022,SUV,Gas,AWD,Green,50920,A,3
NV103920,Hyundai,Elantra,Touring,2023,Sedan,Gas,FWD,Grey,49320,A,2
NV103921,Kia,Sportage,Limited,2018,SUV,Gas,AWD,White,113390,B,8
NV103922,Ford,F-150,Touring,2021,Truck,Gas,4WD,Green,88970,B,5
NV103923,Toyota,RAV4 Hybrid,Base,2018,SUV,Hybrid,AWD,Black,82340,B,7
NV103924,Mazda,CX-5,Touring,2018,SUV,Gas,AWD,Blue,122710,B,7
NV103925,Toyota,Camry,Sport,2020,Sedan,Gas,FWD,Grey,129800,D,6
NV103926,Honda,CR-V,Sport,2017,SUV,Gas,FWD,Grey,215520,C,9
NV103927,Toyota,RAV4,Base,2017,SUV,Gas,FWD,Blue,100960,D,8
NV103928,Toyota,RAV4,Sport,2021,SUV,Gas,AWD,Blue,55520,A,3
NV103929,Honda,Accord,,2020,Sedan,Gas,FWD,Grey,77570,B,4
NV103930,Honda,Accord,Limited,2022,Sedan,Gas,FWD,Brown,51510,A,3
NV103931,Toyota,Tacoma,Limited,2020,Truck,Gas,4WD,Red,79630,B,4
NV103932,Ram,1500,Sport,2020,Truck,Gas,4WD,Red,94370,B,6
NV103933,Subaru,Outback,Touring,2022,Wagon,Gas,FWD,Black,49000,A,4
NV103934,Mazda,Mazda3,Sport,2024,Hatchback,Gas,FWD,White,17160,A,1
NV103935,Toyota,Camry,Base,2022,Sedan,Gas,FWD,Red,70070,B,3
NV103936,Honda,Civic,Sport,2025,Sedan,Gas,FWD,Blue,18530,B,1
NV103937,Kia,Forte,Sport,2023,Sedan,Gas,FWD,White,24650,A,1
NV103938,Toyota,RAV4,Base,2021,SUV,Gas,AWD,Grey,78000,D,4
NV103939,Honda,CR-V,Limited,2020,SUV,Gas,AWD,Blue,32180,B,5
NV103940,Honda,CR-V,Sport,2019,SUV,Gas,FWD,Black,72440,B,5
NV103941,Toyota,RAV4,Limited,2019,SUV,Gas,AWD,Red,95910,B,5
NV103942,Hyundai,Tucson,Base,2018,SUV,Gas,FWD,Grey,151980,D,8
NV103943,Volkswagen,Tiguan,Touring,2021,SUV,Gas,FWD,Silver,115370,C,5
NV103944,Honda,Civic,Limited,2016,Sedan,Gas,FWD,Black,186220,D,10
NV103945,Chevrolet,Silverado 1500,Limited,2021,Truck,Gas,4WD,Black,117240,B,5
NV103946,Ford,F-150,Limited,2018,Truck,Gas,4WD,Blue,94790,B,6
NV103947,Kia,Sportage,Touring,2018,SUV,Gas,AWD,Silver,140030,D,8
NV103948,Honda,Accord,Sport,2018,Sedan,Gas,FWD,Green,117310,C,6
NV103949,Honda,CR-V Hybrid,Limited,2023,SUV,Hybrid,AWD,Grey,42310,B,2
NV103950,Chevrolet,Silverado 1500,,2019,Truck,Gas,4WD,Silver,115740,C,6
NV103951,Honda,CR-V,Sport,2023,SUV,Gas,AWD,Red,44010,B,3
NV103952,Toyota,RAV4,Sport,2024,SUV,Gas,AWD,Black,38400,A,2
NV103953,Mazda,CX-5,Sport,2019,SUV,Gas,FWD,Green,109310,D,6
NV103954,BMW,3 Series,Limited,2020,Sedan,Gas,FWD,Grey,94570,B,5
NV103955,Ford,F-150,Base,2021,Truck,Gas,4WD,Brown,56960,A,4
NV103956,Hyundai,Tucson,Sport,2019,SUV,Gas,FWD,White,135040,A,6
NV103957,Nissan,Rogue,Sport,2021,SUV,Gas,FWD,Green,57660,A,3
NV103958,Nissan,Rogue,Sport,2024,SUV,Gas,AWD,Red,5550,B,0
NV103959,Hyundai,Elantra,Sport,2020,Sedan,Gas,FWD,Blue,105990,A,5
NV103960,Honda,Civic,Base,2024,Sedan,Gas,FWD,Silver,21180,A,1
NV103961,Toyota,Camry,Limited,2019,Sedan,Gas,FWD,Blue,124610,C,6
NV103962,Ford,Escape,Touring,2025,SUV,Gas,FWD,Silver,4000,A,0
NV103963,Toyota,Corolla,Base,2022,Sedan,Gas,FWD,Silver,30770,A,2
NV103964,Honda,CR-V,Base,2024,SUV,Gas,AWD,Brown,18850,A,1
NV103965,Mazda,CX-5,Touring,2016,SUV,Gas,AWD,Grey,140360,B,10
NV103966,Mazda,CX-5,Limited,2021,SUV,Gas,AWD,Green,72080,A,3
NV103967,BMW,3 Series,Base,2021,Sedan,Gas,FWD,Brown,91650,B,5
NV103968,Toyota,RAV4 Hybrid,Sport,2024,SUV,Hybrid,FWD,Silver,25490,A,1
NV103969,Mazda,CX-5,Base,2023,SUV,Gas,FWD,Brown,60930,C,3
NV103970,Mazda,CX-5,Limited,2022,SUV,Gas,AWD,Blue,51640,B,3
NV103971,Hyundai,Tucson,Touring,2023,SUV,Gas,AWD,Black,40870,B,2
NV103972,Kia,Forte,Sport,2023,Sedan,Gas,FWD,Brown,36400,A,2
NV103973,Mazda,Mazda3,Limited,2018,Hatchback,Gas,FWD,Blue,127030,C,8
NV103974,Tesla,Model 3,Touring,2023,Sedan,Electric,FWD,Brown,20180,C,1
NV103975,Honda,Accord,Limited,2018,Sedan,Gas,FWD,Brown,107030,B,7
NV103976,Honda,CR-V Hybrid,Limited,2020,SUV,Hybrid,FWD,Green,69170,B,5
NV103977,Honda,CR-V,,2022,SUV,Gas,AWD,Green,43820,B,3
NV103978,Toyota,RAV4,Sport,2022,SUV,Gas,AWD,Black,56340,B,3
NV103979,Chevrolet,Silverado 1500,Base,2023,Truck,Gas,4WD,Brown,35070,B,3
NV103980,Honda,CR-V Hybrid,Limited,2023,SUV,Hybrid,AWD,Silver,39280,B,2
NV103981,Hyundai,Ioniq 5,Base,2024,SUV,Electric,AWD,Black,41550,A,2
NV103982,Mazda,Mazda3,Limited,2021,Hatchback,Gas,FWD,Red,69470,C,5
NV103983,Honda,CR-V Hybrid,Base,2022,SUV,Hybrid,FWD,Silver,53830,B,3
NV103984,Kia,Sportage,Limited,2025,SUV,Gas,AWD,White,25890,A,1
NV103985,Hyundai,Tucson,Limited,2020,SUV,Gas,AWD,Silver,49710,A,4
NV103986,Toyota,Tacoma,Limited,2019,Truck,Gas,4WD,Green,190220,D,7
NV103987,Honda,CR-V,Limited,2019,SUV,Gas,AWD,Blue,118400,A,6
NV103988,Nissan,Rogue,Sport,2022,SUV,Gas,AWD,Grey,40050,A,2
NV103989,Kia,Sportage,Sport,2018,SUV,Gas,AWD,Grey,143670,A,6
NV103990,Honda,Accord,Sport,2023,Sedan,Gas,FWD,Brown,47590,A,2
NV103991,Toyota,RAV4 Hybrid,Limited,2020,SUV,Hybrid,AWD,Black,103300,B,5
NV103992,Toyota,RAV4 Hybrid,Limited,2025,SUV,Hybrid,AWD,Black,27120,A,1
NV103993,Honda,Civic,,2021,Sedan,Gas,FWD,White,87450,B,4
NV103994,Mazda,CX-5,Base,2016,SUV,Gas,AWD,Brown,134360,C,9
NV103995,Toyota,Corolla,Sport,2019,Sedan,Gas,FWD,Grey,122830,B,7
NV103996,Ford,F-150,Base,2022,Truck,Gas,4WD,Green,51010,B,3
NV103997,Toyota,RAV4,Base,2019,SUV,Gas,FWD,Green,115140,C,7
NV103998,Kia,Forte,Base,2020,Sedan,Gas,FWD,Blue,110830,C,6
NV103999,Honda,Civic,Sport,2019,Sedan,Gas,FWD,Red,58710,B,5
NV104000,Toyota,RAV4,Touring,2023,SUV,Gas,FWD,Silver,21490,A,1
NV104001,Nissan,Rogue,Base,2021,SUV,Gas,FWD,Green,78220,B,4
NV104002,Honda,CR-V Hybrid,Touring,2022,SUV,Hybrid,AWD,White,58420,B,3
NV104003,Tesla,Model 3,Sport,2024,Sedan,Electric,FWD,Blue,6340,A,0
NV104004,Toyota,RAV4,Sport,2022,SUV,Gas,FWD,Brown,54980,B,3
NV104005,Chevrolet,Silverado 1500,Sport,2023,Truck,Gas,4WD,Silver,50730,B,2
NV104006,BMW,3 Series,Sport,2018,Sedan,Gas,FWD,White,175520,D,8
NV104007,Hyundai,Tucson,Base,2021,SUV,Gas,AWD,Blue,55310,C,3
NV104008,Kia,Forte,Limited,2024,Sedan,Gas,FWD,Black,27620,A,2
NV104009,Mazda,CX-5,Sport,2020,SUV,Gas,FWD,Black,103280,C,6
NV104010,Toyota,Tacoma,Touring,2018,Truck,Gas,4WD,White,99120,A,8
NV104011,Ford,Escape,,2021,SUV,Gas,AWD,Black,58830,A,3
NV104012,Chevrolet,Equinox,Sport,2024,SUV,Gas,FWD,Green,31630,B,2
NV104013,Subaru,Outback,Touring,2017,Wagon,Gas,FWD,Red,162890,C,9
NV104014,Ford,F-150,Limited,2022,Truck,Gas,4WD,White,29370,A,2
NV104015,Toyota,Corolla,Limited,2023,Sedan,Gas,FWD,Brown,23780,A,1
NV104016,Toyota,Corolla,Sport,2023,Sedan,Gas,FWD,Black,21690,A,1
NV104017,Honda,Civic,Limited,2020,Sedan,Gas,FWD,Brown,79140,C,6
NV104018,Mazda,Mazda3,Base,2025,Hatchback,Gas,FWD,Black,28350,A,1
NV104019,Toyota,Tacoma,Sport,2024,Truck,Gas,4WD,Grey,16390,A,1
NV104020,Ford,F-150,Sport,2018,Truck,Gas,4WD,Black,122780,A,6
NV104021,Kia,Sportage,Limited,2022,SUV,Gas,FWD,Silver,51430,C,4
NV104022,Kia,Forte,Base,2020,Sedan,Gas,FWD,Black,70970,B,6
NV104023,Mazda,CX-5,Sport,2020,SUV,Gas,AWD,Silver,94030,B,6
NV104024,Nissan,Rogue,Limited,2019,SUV,Gas,AWD,Red,123790,C,6
NV104025,BMW,3 Series,Touring,2019,Sedan,Gas,FWD,Green,107000,B,7
NV104026,Toyota,RAV4 Hybrid,Base,2022,SUV,Hybrid,FWD,Silver,81410,B,4
NV104027,Volkswagen,Tiguan,Limited,2020,SUV,Gas,AWD,Silver,84830,B,6
NV104028,Ram,1500,,2021,Truck,Gas,4WD,Grey,98890,B,5
NV104029,Honda,CR-V,,2022,SUV,Gas,AWD,Grey,49910,A,2
NV104030,Toyota,RAV4,Sport,2019,SUV,Gas,FWD,Blue,138950,D,7
NV104031,Toyota,Camry,Sport,2016,Sedan,Gas,FWD,Brown,101230,C,8
NV104032,Honda,Civic,Sport,2022,Sedan,Gas,FWD,Grey,54650,B,3
NV104033,Mazda,CX-5,Base,2020,SUV,Gas,FWD,Grey,67560,A,4
NV104034,Hyundai,Ioniq 5,Base,2015,SUV,Electric,AWD,Grey,143190,C,11
NV104035,Toyota,Tacoma,Touring,2019,Truck,Gas,4WD,Green,59190,B,6
NV104036,Toyota,RAV4 Hybrid,Base,2019,SUV,Hybrid,AWD,Grey,101240,B,6
NV104037,Toyota,RAV4,Base,2023,SUV,Gas,FWD,Black,37910,C,2
NV104038,Ford,F-150,Sport,2017,Truck,Gas,4WD,Grey,126780,B,8
NV104039,Hyundai,Elantra,Base,2021,Sedan,Gas,FWD,Brown,87960,C,4
NV104040,Honda,CR-V,Sport,2023,SUV,Gas,AWD,Green,63490,B,3
NV104041,Hyundai,Elantra,,2023,Sedan,Gas,FWD,Brown,67210,B,3
NV104042,Toyota,Camry,Base,2020,Sedan,Gas,FWD,Brown,124650,A,6
NV104043,Ford,F-150,Base,2024,Truck,Gas,4WD,Silver,28200,A,2
NV104044,Honda,Civic,Sport,2023,Sedan,Gas,FWD,Grey,21400,B,2
NV104045,Kia,Sportage,Limited,2017,SUV,Gas,FWD,Blue,118310,C,7
NV104046,Honda,CR-V Hybrid,Sport,2024,SUV,Hybrid,AWD,Grey,48150,A,2
NV104047,Ford,Escape,Base,2024,SUV,Gas,AWD,Green,23430,A,1
NV104048,Subaru,Outback,Sport,2023,Wagon,Gas,FWD,White,51500,B,3
NV104049,Honda,Accord,Limited,2022,Sedan,Gas,FWD,Brown,45360,A,2
NV104050,Ford,Escape,Base,2018,SUV,Gas,AWD,Blue,100810,B,7
NV104051,Honda,CR-V Hybrid,Sport,2021,SUV,Hybrid,FWD,Black,78510,A,4
NV104052,Toyota,Tacoma,Sport,2018,Truck,Gas,4WD,Red,153020,B,7
NV104053,Toyota,Corolla,Sport,2019,Sedan,Gas,FWD,Silver,122040,C,6
NV104054,Ford,F-150,Base,2022,Truck,Gas,4WD,Red,79390,C,4
NV104055,Subaru,Outback,Sport,2023,Wagon,Gas,FWD,Blue,20050,A,1
NV104056,Honda,CR-V Hybrid,Limited,2020,SUV,Hybrid,FWD,White,111720,B,6
NV104057,Hyundai,Tucson,Touring,2018,SUV,Gas,AWD,Grey,118010,C,7
NV104058,Hyundai,Tucson,Sport,2025,SUV,Gas,FWD,Green,4000,B,0
NV104059,Honda,CR-V,Touring,2019,SUV,Gas,AWD,Grey,112910,B,7
NV104060,Volkswagen,Tiguan,Sport,2016,SUV,Gas,AWD,Grey,173090,C,10
NV104061,Mazda,CX-5,Limited,2019,SUV,Gas,FWD,Blue,88400,B,5
NV104062,Ford,Escape,Base,2018,SUV,Gas,AWD,White,90870,C,6
NV104063,Kia,Sportage,Sport,2022,SUV,Gas,FWD,Red,63600,A,4
NV104064,Kia,Forte,Touring,2023,Sedan,Gas,FWD,Green,43380,A,2
NV104065,Ford,F-150,Base,2021,Truck,Gas,4WD,Grey,84060,B,4
NV104066,Ram,1500,Limited,2023,Truck,Gas,4WD,Silver,47900,A,2
NV104067,Chevrolet,Silverado 1500,Base,2022,Truck,Gas,4WD,White,71950,B,3
NV104068,Ford,F-150,Touring,2017,Truck,Gas,4WD,Green,80960,B,7
NV104069,Chevrolet,Silverado 1500,Sport,2020,Truck,Gas,4WD,Grey,80720,B,4
NV104070,Hyundai,Tucson,Limited,2025,SUV,Gas,AWD,Green,6630,A,0
NV104071,Subaru,Outback,Limited,2021,Wagon,Gas,AWD,Black,62970,B,4
NV104072,Toyota,Tacoma,Base,2018,Truck,Gas,4WD,Brown,140970,D,6
NV104073,Kia,Sportage,Base,2017,SUV,Gas,AWD,Black,134630,C,9
NV104074,Subaru,Outback,Touring,2022,Wagon,Gas,FWD,Red,53230,C,3
NV104075,Toyota,Corolla,Base,2023,Sedan,Gas,FWD,Blue,64440,A,3
NV104076,Toyota,Tacoma,Sport,2022,Truck,Gas,4WD,Blue,72240,B,4
NV104077,Hyundai,Tucson,Limited,2024,SUV,Gas,AWD,Brown,33300,B,2
NV104078,Subaru,Outback,Touring,2020,Wagon,Gas,FWD,Silver,92760,A,6
NV104079,Honda,Civic,Base,2018,Sedan,Gas,FWD,Brown,136960,B,6
NV104080,Honda,Odyssey,Limited,2020,Minivan,Gas,FWD,Black,53490,B,4
NV104081,Toyota,RAV4 Hybrid,Touring,2021,SUV,Hybrid,FWD,Grey,77410,C,3
NV104082,Ram,1500,,2020,Truck,Gas,4WD,Black,95260,A,6
NV104083,Chevrolet,Silverado 1500,Sport,2024,Truck,Gas,4WD,Silver,31250,A,1
NV104084,Mazda,CX-5,Sport,2020,SUV,Gas,AWD,Silver,116120,B,6
NV104085,Mazda,Mazda3,,2019,Hatchback,Gas,FWD,Grey,140430,B,6
NV104086,Mazda,CX-5,Limited,2019,SUV,Gas,AWD,Grey,183880,C,7
NV104087,Chevrolet,Equinox,Base,2023,SUV,Gas,AWD,Red,30650,B,2
NV104088,Hyundai,Tucson,Base,2021,SUV,Gas,AWD,Blue,43680,A,3
NV104089,Subaru,Outback,Sport,2021,Wagon,Gas,FWD,Red,51530,B,3
NV104090,Honda,CR-V,Touring,2020,SUV,Gas,FWD,Silver,59300,B,4
NV104091,Toyota,Camry,Touring,2021,Sedan,Gas,FWD,Brown,79090,B,4
NV104092,Nissan,Rogue,Sport,2019,SUV,Gas,AWD,Black,89980,C,6
NV104093,Honda,Civic,Base,2015,Sedan,Gas,FWD,Grey,280670,D,11
NV104094,Honda,CR-V,Base,2023,SUV,Gas,FWD,Brown,42390,A,2
NV104095,Toyota,Corolla,Base,2022,Sedan,Gas,FWD,Grey,82630,C,4
NV104096,Chevrolet,Equinox,Base,2020,SUV,Gas,FWD,Blue,158840,B,6
NV104097,Nissan,Rogue,Touring,2020,SUV,Gas,AWD,Green,82660,B,4
NV104098,Ford,F-150,Touring,2021,Truck,Gas,4WD,Silver,77740,B,5
NV104099,Chevrolet,Equinox,Limited,2024,SUV,Gas,FWD,Red,24240,A,2
NV104100,Nissan,Rogue,Touring,2019,SUV,Gas,AWD,Grey,114920,B,6
NV104101,Toyota,RAV4,Base,2022,SUV,Gas,AWD,Silver,46950,B,4
NV104102,Kia,Sportage,Base,2022,SUV,Gas,AWD,Green,63340,A,4
NV104103,Chevrolet,Silverado 1500,Touring,2022,Truck,Gas,4WD,Silver,67720,B,4
NV104104,Nissan,Rogue,Limited,2020,SUV,Gas,AWD,White,82690,C,5
NV104105,Mazda,Mazda3,Touring,2017,Hatchback,Gas,FWD,White,160780,C,8
NV104106,Honda,Civic,Limited,2022,Sedan,Gas,FWD,Brown,71500,B,4
NV104107,Ford,F-150,Base,2022,Truck,Gas,4WD,Silver,71240,A,4
NV104108,Ford,F-150,Base,2024,Truck,Gas,4WD,Grey,25670,A,2
NV104109,Toyota,Camry,Sport,2023,Sedan,Gas,FWD,Blue,41750,A,2
NV104110,Honda,CR-V,Base,2022,SUV,Gas,AWD,Black,52820,C,4
NV104111,Hyundai,Tucson,Sport,2020,SUV,Gas,AWD,Red,126330,B,6
NV104112,Subaru,Outback,Limited,2022,Wagon,Gas,AWD,Grey,43510,A,2
NV104113,Honda,Civic,Base,2021,Sedan,Gas,FWD,Brown,53810,B,3
NV104114,Hyundai,Tucson,Limited,2021,SUV,Gas,AWD,White,92950,C,4
NV104115,Mazda,CX-5,Sport,2020,SUV,Gas,AWD,Green,102370,C,5
NV104116,Ford,F-150,Touring,2022,Truck,Gas,4WD,White,66470,C,3
NV104117,Honda,CR-V,,2020,SUV,Gas,FWD,Brown,62650,B,4
NV104118,Toyota,RAV4,Touring,2017,SUV,Gas,AWD,White,160100,B,7
NV104119,Nissan,Rogue,Limited,2021,SUV,Gas,AWD,Brown,77530,B,4
NV104120,Toyota,RAV4,Touring,2019,SUV,Gas,AWD,Red,110990,B,7
NV104121,Tesla,Model 3,Base,2020,Sedan,Electric,FWD,Black,55000,B,4
NV104122,Honda,CR-V,Limited,2020,SUV,Gas,FWD,Blue,49780,B,5
NV104123,Honda,CR-V,Limited,2023,SUV,Gas,FWD,Green,32860,A,2
NV104124,Honda,Civic,Touring,2025,Sedan,Gas,FWD,Red,8680,B,0
NV104125,Toyota,RAV4,Base,2019,SUV,Gas,FWD,Green,107720,C,6
NV104126,Ford,F-150,,2019,Truck,Gas,4WD,Green,128090,C,7
NV104127,Mazda,Mazda3,Base,2017,Hatchback,Gas,FWD,Blue,94670,B,7
NV104128,Toyota,Corolla,Limited,2023,Sedan,Gas,FWD,Black,57610,A,3
NV104129,Toyota,Corolla,Sport,2020,Sedan,Gas,FWD,Red,106210,C,5
NV104130,Ford,F-150,Sport,2017,Truck,Gas,4WD,Grey,88420,C,7
NV104131,Jeep,Wrangler,Base,2024,SUV,Gas,AWD,Grey,19420,A,1
NV104132,Honda,Civic,Sport,2021,Sedan,Gas,FWD,Blue,62710,B,4
NV104133,Chevrolet,Silverado 1500,Sport,2024,Truck,Gas,4WD,Blue,35590,A,2
NV104134,Hyundai,Ioniq 5,Touring,2019,SUV,Electric,FWD,Silver,74220,B,6
NV104135,Toyota,RAV4 Hybrid,Base,2021,SUV,Hybrid,AWD,Red,46110,B,4
NV104136,Toyota,RAV4,Touring,2019,SUV,Gas,AWD,Black,80730,B,7
NV104137,Chevrolet,Silverado 1500,Sport,2021,Truck,Gas,4WD,Brown,106760,C,5
NV104138,Nissan,Rogue,Limited,2024,SUV,Gas,AWD,Silver,24040,A,2
NV104139,Hyundai,Elantra,Base,2022,Sedan,Gas,FWD,Green,53840,A,3
NV104140,Kia,Sportage,Base,2020,SUV,Gas,AWD,White,122410,B,6
NV104141,Hyundai,Tucson,Base,2021,SUV,Gas,FWD,Black,90930,A,4
NV104142,Toyota,Tacoma,Base,2018,Truck,Gas,4WD,Grey,118880,D,7
NV104143,Mazda,CX-5,Touring,2021,SUV,Gas,AWD,Grey,50720,A,3
NV104144,Honda,Civic,Limited,2021,Sedan,Gas,FWD,Black,131260,C,4
NV104145,Toyota,Camry,Sport,2024,Sedan,Gas,FWD,Grey,4680,A,0
NV104146,Honda,Civic,Limited,2023,Sedan,Gas,FWD,White,24280,A,2
NV104147,Mazda,CX-5,Sport,2023,SUV,Gas,FWD,Silver,76540,B,3
NV104148,Toyota,RAV4,Sport,2021,SUV,Gas,FWD,Blue,75610,B,4
NV104149,Tesla,Model 3,Limited,2020,Sedan,Electric,FWD,Brown,63610,C,5
NV104150,Honda,Accord,Sport,2020,Sedan,Gas,FWD,Blue,62620,B,5
NV104151,Hyundai,Tucson,Limited,2016,SUV,Gas,AWD,Black,126720,D,8
NV104152,Hyundai,Tucson,Limited,2019,SUV,Gas,AWD,Brown,131920,C,5
NV104153,Toyota,Tacoma,Sport,2019,Truck,Gas,4WD,Grey,96280,C,5
NV104154,Hyundai,Tucson,Base,2021,SUV,Gas,AWD,Blue,42040,A,3
NV104155,Honda,Civic,Base,2022,Sedan,Gas,FWD,Grey,24460,A,2
NV104156,Honda,CR-V Hybrid,Sport,2023,SUV,Hybrid,AWD,Green,41950,A,2
NV104157,Mazda,CX-5,Limited,2021,SUV,Gas,FWD,White,50650,C,5
NV104158,Mazda,CX-5,Touring,2024,SUV,Gas,AWD,Black,24620,A,1
NV104159,Hyundai,Tucson,Sport,2021,SUV,Gas,FWD,Red,83940,B,5
NV104160,Nissan,Rogue,Limited,2022,SUV,Gas,AWD,Green,39150,B,2
NV104161,Hyundai,Elantra,Sport,2017,Sedan,Gas,FWD,Grey,154030,C,7
NV104162,Chevrolet,Silverado 1500,Base,2019,Truck,Gas,4WD,Brown,113630,D,6
NV104163,Hyundai,Ioniq 5,Sport,2021,SUV,Electric,AWD,Green,50590,A,3
NV104164,Hyundai,Tucson,Base,2019,SUV,Gas,FWD,Silver,93440,B,6
NV104165,Chevrolet,Silverado 1500,Base,2023,Truck,Gas,4WD,Silver,26480,A,2
NV104166,Kia,Sportage,Base,2020,SUV,Gas,FWD,Red,110230,C,5
NV104167,Jeep,Wrangler,Touring,2018,SUV,Gas,AWD,Red,115940,B,6
NV104168,Ford,Escape,Base,2023,SUV,Gas,AWD,Blue,30990,B,1
NV104169,Volkswagen,Tiguan,Sport,2023,SUV,Gas,FWD,Green,18170,A,1
NV104170,Ford,F-150,Limited,2017,Truck,Gas,4WD,Blue,164030,D,9
NV104171,Ford,F-150,Limited,2019,Truck,Gas,4WD,Blue,82090,B,6
NV104172,Honda,Civic,Base,2022,Sedan,Gas,FWD,Black,53800,C,4
NV104173,Chevrolet,Equinox,Base,2023,SUV,Gas,AWD,Silver,51700,A,3
NV104174,Subaru,Outback,Limited,2018,Wagon,Gas,FWD,Green,134490,D,8
NV104175,Honda,CR-V Hybrid,Limited,2024,SUV,Hybrid,FWD,Brown,26460,A,1
NV104176,Toyota,Corolla,Base,2024,Sedan,Gas,FWD,Black,25120,A,1
NV104177,Toyota,RAV4,Limited,2019,SUV,Gas,FWD,Blue,157880,C,7
NV104178,Toyota,Corolla,Base,2022,Sedan,Gas,FWD,Green,80910,C,4
NV104179,Honda,Civic,Sport,2023,Sedan,Gas,FWD,Black,75190,A,3
NV104180,Toyota,Corolla,Touring,2018,Sedan,Gas,FWD,White,115420,C,6
NV104181,Honda,CR-V,Touring,2022,SUV,Gas,FWD,Green,71010,C,4
NV104182,Mazda,CX-5,Sport,2024,SUV,Gas,AWD,Green,42300,B,2
NV104183,Toyota,Corolla,Sport,2021,Sedan,Gas,FWD,Green,53100,C,5
NV104184,Hyundai,Elantra,Base,2022,Sedan,Gas,FWD,Grey,24560,B,2
NV104185,Nissan,Rogue,Base,2019,SUV,Gas,AWD,Grey,59140,B,7
NV104186,Toyota,Corolla,Base,2022,Sedan,Gas,FWD,Brown,43300,A,3
NV104187,Toyota,RAV4,Base,2015,SUV,Gas,AWD,Red,161420,D,10
NV104188,Ford,F-150,Touring,2018,Truck,Gas,4WD,White,160190,C,8
NV104189,Toyota,RAV4,,2019,SUV,Gas,AWD,Green,78840,B,5
NV104190,Ford,F-150,Base,2021,Truck,Gas,4WD,White,70790,A,4
NV104191,Mazda,CX-5,Sport,2022,SUV,Gas,AWD,Blue,74870,C,4
NV104192,Toyota,RAV4,Touring,2017,SUV,Gas,FWD,Silver,195210,D,9
NV104193,Ford,F-150,Base,2021,Truck,Gas,4WD,Silver,51690,A,3
NV104194,Ford,Escape,Touring,2022,SUV,Gas,FWD,Black,56020,B,3
NV104195,Hyundai,Elantra,Sport,2021,Sedan,Gas,FWD,Grey,49770,A,3
NV104196,BMW,3 Series,Base,2022,Sedan,Gas,FWD,White,33350,A,2
NV104197,Toyota,Camry,Sport,2023,Sedan,Gas,FWD,Black,17170,A,1
NV104198,Chevrolet,Equinox,Touring,2018,SUV,Gas,AWD,Green,159090,C,7
NV104199,Mazda,Mazda3,Base,2023,Hatchback,Gas,FWD,Grey,11200,A,1
NV104200,Toyota,RAV4,Base,2023,SUV,Gas,FWD,Brown,36210,A,2
NV104201,Chevrolet,Equinox,Sport,2019,SUV,Gas,AWD,White,169630,B,7
NV104202,Kia,Sportage,Base,2021,SUV,Gas,FWD,Green,66780,A,4
NV104203,Honda,CR-V,Base,2021,SUV,Gas,AWD,Blue,109860,C,4
NV104204,Jeep,Wrangler,,2022,SUV,Gas,AWD,Blue,65340,C,4
NV104205,Mazda,CX-5,Touring,2020,SUV,Gas,AWD,Red,58100,C,4
NV104206,Honda,Accord,Sport,2019,Sedan,Gas,FWD,Silver,61700,B,6
NV104207,Chevrolet,Silverado 1500,Sport,2024,Truck,Gas,4WD,White,36910,A,2
NV104208,Kia,Sportage,Touring,2019,SUV,Gas,FWD,Silver,139990,B,7
NV104209,Ford,F-150,Base,2019,Truck,Gas,4WD,Silver,189280,D,7
NV104210,Subaru,Outback,Sport,2021,Wagon,Gas,AWD,Blue,65870,A,4
NV104211,Jeep,Wrangler,Touring,2022,SUV,Gas,AWD,Grey,43360,B,3
NV104212,Toyota,Corolla,Touring,2023,Sedan,Gas,FWD,White,56490,C,3
NV104213,Kia,Forte,Base,2022,Sedan,Gas,FWD,Silver,58470,B,3
NV104214,Honda,Civic,Base,2020,Sedan,Gas,FWD,Blue,98300,A,6
NV104215,Hyundai,Tucson,Limited,2019,SUV,Gas,AWD,Brown,118090,B,6
NV104216,Toyota,RAV4,Base,2018,SUV,Gas,FWD,Blue,134660,D,7
NV104217,Toyota,Corolla,Limited,2021,Sedan,Gas,FWD,Green,21570,B,5
NV104218,Chevrolet,Equinox,Base,2016,SUV,Gas,FWD,Green,200310,C,9
NV104219,Chevrolet,Silverado 1500,Base,2023,Truck,Gas,4WD,Silver,20710,A,1
NV104220,Toyota,Corolla,Touring,2023,Sedan,Gas,FWD,Red,38550,B,2
NV104221,Ford,F-150,Base,2024,Truck,Gas,4WD,Grey,17880,A,1
NV104222,Hyundai,Elantra,Limited,2022,Sedan,Gas,FWD,Blue,32160,B,2
NV104223,Subaru,Outback,Base,2021,Wagon,Gas,FWD,Red,62570,A,4
NV104224,Honda,Civic,Touring,2021,Sedan,Gas,FWD,White,88790,B,4
NV104225,Honda,CR-V,Limited,2019,SUV,Gas,FWD,Silver,60710,B,5
NV104226,Toyota,RAV4,Base,2019,SUV,Gas,FWD,Grey,144850,C,7
NV104227,Honda,CR-V,Limited,2020,SUV,Gas,AWD,Silver,69620,A,4
NV104228,Toyota,RAV4,Base,2021,SUV,Gas,FWD,Green,50720,A,4
NV104229,Hyundai,Tucson,Base,2023,SUV,Gas,AWD,Red,63190,B,3
NV104230,Honda,CR-V,Limited,2024,SUV,Gas,FWD,White,4000,A,0
NV104231,Honda,Accord,Sport,2023,Sedan,Gas,FWD,Black,49130,A,2
NV104232,Toyota,Camry,Base,2023,Sedan,Gas,FWD,Silver,26250,B,1
NV104233,Hyundai,Elantra,Limited,2024,Sedan,Gas,FWD,Black,48680,A,2
NV104234,Mazda,Mazda3,Base,2020,Hatchback,Gas,FWD,White,97600,C,6
NV104235,Honda,Civic,Base,2021,Sedan,Gas,FWD,Green,66930,B,5
NV104236,Honda,CR-V,Base,2024,SUV,Gas,AWD,Brown,4000,A,0
NV104237,Ford,F-150,Sport,2023,Truck,Gas,4WD,Black,35700,A,3
NV104238,Chevrolet,Equinox,Sport,2020,SUV,Gas,FWD,Brown,69450,A,4
NV104239,Honda,Civic,Limited,2023,Sedan,Gas,FWD,Grey,44810,B,3
NV104240,Ford,F-150,Sport,2020,Truck,Gas,4WD,Green,76310,D,5
NV104241,Tesla,Model 3,Base,2021,Sedan,Electric,FWD,Grey,79450,B,4
NV104242,Mazda,Mazda3,Touring,2025,Hatchback,Gas,FWD,Brown,15860,A,1
NV104243,Chevrolet,Equinox,Base,2024,SUV,Gas,AWD,Blue,26910,B,2
NV104244,BMW,3 Series,Base,2025,Sedan,Gas,FWD,Silver,4000,A,0
NV104245,Hyundai,Elantra,Touring,2022,Sedan,Gas,FWD,Black,32680,B,2
NV104246,Ram,1500,Touring,2019,Truck,Gas,4WD,Blue,119060,B,6
NV104247,Toyota,Corolla,Base,2020,Sedan,Gas,FWD,Blue,82030,B,5
NV104248,Kia,Sportage,Sport,2023,SUV,Gas,FWD,Grey,21880,A,1
NV104249,Hyundai,Tucson,Sport,2019,SUV,Gas,FWD,White,66300,C,5
NV104250,Hyundai,Elantra,Touring,2018,Sedan,Gas,FWD,Green,113830,C,6
NV104251,Toyota,RAV4,Base,2022,SUV,Gas,FWD,Blue,87490,C,4
NV104252,Ram,1500,Base,2019,Truck,Gas,4WD,White,93050,A,6
NV104253,Toyota,Corolla,Sport,2016,Sedan,Gas,FWD,White,112180,B,8
NV104254,Toyota,Corolla,Sport,2017,Sedan,Gas,FWD,Silver,157870,C,8
NV104255,Chevrolet,Silverado 1500,Sport,2025,Truck,Gas,4WD,Blue,23180,A,1
NV104256,Nissan,Rogue,Base,2020,SUV,Gas,AWD,White,89140,B,6
NV104257,Honda,Civic,Base,2020,Sedan,Gas,FWD,Grey,86060,A,4
NV104258,Kia,Forte,Base,2021,Sedan,Gas,FWD,Blue,51590,A,3
NV104259,Chevrolet,Silverado 1500,Sport,2022,Truck,Gas,4WD,White,60600,B,3
NV104260,Jeep,Wrangler,Sport,2025,SUV,Gas,FWD,Black,5160,A,0
NV104261,Toyota,Corolla,Base,2020,Sedan,Gas,FWD,Brown,123880,C,6
NV104262,Ford,F-150,Limited,2022,Truck,Gas,4WD,Brown,68510,B,4
NV104263,Hyundai,Elantra,Base,2019,Sedan,Gas,FWD,Brown,94330,B,5
NV104264,Jeep,Wrangler,Limited,2025,SUV,Gas,FWD,Blue,22760,A,1
NV104265,Hyundai,Elantra,Base,2021,Sedan,Gas,FWD,Red,94580,B,4
NV104266,Toyota,RAV4,Limited,2019,SUV,Gas,FWD,Green,123960,C,7
NV104267,Ram,1500,Limited,2025,Truck,Gas,4WD,Red,8430,A,0
NV104268,Jeep,Wrangler,Limited,2022,SUV,Gas,FWD,Silver,42140,A,2
NV104269,Toyota,RAV4 Hybrid,Sport,2022,SUV,Hybrid,AWD,Silver,33520,B,3
NV104270,Toyota,Camry,Sport,2021,Sedan,Gas,FWD,Green,85060,C,5
NV104271,Toyota,RAV4 Hybrid,Limited,2023,SUV,Hybrid,AWD,White,40630,A,2
NV104272,Hyundai,Tucson,,2024,SUV,Gas,FWD,Silver,42860,A,2
NV104273,Toyota,Corolla,Base,2022,Sedan,Gas,FWD,Silver,60090,B,3
NV104274,Nissan,Rogue,Touring,2025,SUV,Gas,AWD,Black,6850,A,0
NV104275,Honda,Civic,Touring,2024,Sedan,Gas,FWD,Black,28570,B,2
NV104276,Mazda,Mazda3,,2018,Hatchback,Gas,FWD,Blue,158010,D,8
NV104277,Kia,Sportage,Limited,2023,SUV,Gas,AWD,White,82090,B,3
NV104278,Jeep,Wrangler,Sport,2024,SUV,Gas,FWD,Red,38650,B,2
NV104279,Nissan,Rogue,Touring,2018,SUV,Gas,FWD,Blue,99950,C,7
NV104280,Chevrolet,Silverado 1500,Touring,2019,Truck,Gas,4WD,Blue,97420,C,5
NV104281,Toyota,RAV4,Sport,2018,SUV,Gas,FWD,Green,152000,C,6
NV104282,Honda,Accord,Limited,2021,Sedan,Gas,FWD,Silver,26140,B,3
NV104283,Mazda,Mazda3,Limited,2017,Hatchback,Gas,FWD,Silver,168670,C,8
NV104284,Honda,Odyssey,Sport,2018,Minivan,Gas,FWD,Blue,72000,A,6
NV104285,Toyota,RAV4 Hybrid,Touring,2019,SUV,Hybrid,AWD,Black,104230,C,7
NV104286,Toyota,Camry,Base,2022,Sedan,Gas,FWD,White,39840,B,2
NV104287,Mazda,Mazda3,Touring,2019,Hatchback,Gas,FWD,Grey,74340,B,6
NV104288,Toyota,RAV4,Base,2024,SUV,Gas,AWD,Grey,24410,A,1
NV104289,Hyundai,Elantra,Base,2017,Sedan,Gas,FWD,Brown,106830,D,9
NV104290,Honda,Civic,Base,2022,Sedan,Gas,FWD,Red,54810,C,4
NV104291,Toyota,RAV4 Hybrid,Base,2021,SUV,Hybrid,AWD,Black,82020,B,4
NV104292,Chevrolet,Silverado 1500,Sport,2018,Truck,Gas,4WD,Red,138630,D,6
NV104293,Mazda,Mazda3,Touring,2020,Hatchback,Gas,FWD,Green,102480,B,5
NV104294,Subaru,Outback,Base,2022,Wagon,Gas,FWD,Brown,59470,A,3
NV104295,Ford,F-150,Base,2021,Truck,Gas,4WD,Blue,72300,B,4
NV104296,Nissan,Rogue,Base,2019,SUV,Gas,AWD,Silver,119850,C,6
NV104297,Ford,Escape,Touring,2021,SUV,Gas,AWD,Silver,74870,B,4
NV104298,Honda,CR-V,Base,2018,SUV,Gas,AWD,Brown,113740,D,6
NV104299,Mazda,CX-5,Limited,2018,SUV,Gas,AWD,Silver,162520,C,8
NV104300,Ford,Escape,Base,2020,SUV,Gas,AWD,Red,131400,A,6
NV104301,Ford,F-150,Sport,2019,Truck,Gas,4WD,Red,60940,C,5
NV104302,Toyota,Corolla,Sport,2020,Sedan,Gas,FWD,Grey,68320,B,5
NV104303,Ford,F-150,Sport,2022,Truck,Gas,4WD,Blue,39450,B,4
NV104304,Ram,1500,Base,2015,Truck,Gas,4WD,White,230680,C,11
NV104305,Hyundai,Tucson,Limited,2022,SUV,Gas,FWD,Silver,57910,A,3
NV104306,Ford,F-150,Limited,2017,Truck,Gas,4WD,White,139870,D,9
NV104307,Toyota,Camry,Sport,2025,Sedan,Gas,FWD,Red,4000,A,0
NV104308,Honda,CR-V,Base,2017,SUV,Gas,AWD,White,126700,B,8
NV104309,Chevrolet,Equinox,,2021,SUV,Gas,AWD,Green,84670,C,4
NV104310,Honda,CR-V,Base,2023,SUV,Gas,AWD,Green,32940,A,2
NV104311,Hyundai,Tucson,Base,2017,SUV,Gas,FWD,Brown,220560,C,9
NV104312,Toyota,Corolla,Base,2020,Sedan,Gas,FWD,Black,120540,B,5
NV104313,Kia,Forte,Sport,2021,Sedan,Gas,FWD,White,66030,B,3
NV104314,Hyundai,Elantra,Base,2023,Sedan,Gas,FWD,Black,35600,B,2
NV104315,Mazda,CX-5,Base,2020,SUV,Gas,FWD,Brown,92730,B,5
NV104316,Honda,CR-V Hybrid,Limited,2019,SUV,Hybrid,AWD,White,97810,C,5
NV104317,Hyundai,Tucson,Base,2022,SUV,Gas,AWD,Red,59200,A,3
NV104318,Toyota,Corolla,Sport,2016,Sedan,Gas,FWD,White,172780,D,9
NV104319,Volkswagen,Tiguan,Limited,2022,SUV,Gas,FWD,Red,41650,A,2
NV104320,Honda,Odyssey,Sport,2018,Minivan,Gas,FWD,Red,111700,B,6
NV104321,Toyota,Corolla,Limited,2021,Sedan,Gas,FWD,Green,106240,C,5
NV104322,Mazda,CX-5,Sport,2020,SUV,Gas,AWD,Black,83700,B,5
NV104323,Chevrolet,Silverado 1500,Limited,2020,Truck,Gas,4WD,Silver,67100,B,4
NV104324,Hyundai,Elantra,Limited,2021,Sedan,Gas,FWD,Silver,77750,C,4
NV104325,Chevrolet,Silverado 1500,Base,2021,Truck,Gas,4WD,Black,81480,A,5
NV104326,Toyota,Corolla,Base,2023,Sedan,Gas,FWD,Brown,22300,A,1
NV104327,Jeep,Wrangler,Touring,2022,SUV,Gas,AWD,Green,35320,B,2
NV104328,Toyota,Corolla,Base,2020,Sedan,Gas,FWD,Brown,97410,C,6
NV104329,Hyundai,Tucson,,2017,SUV,Gas,AWD,Red,142270,C,8
NV104330,Ford,F-150,Limited,2015,Truck,Gas,4WD,Black,201890,C,11
NV104331,Kia,Sportage,Base,2017,SUV,Gas,FWD,Brown,122420,C,7
NV104332,Honda,Civic,Limited,2023,Sedan,Gas,FWD,Blue,55400,B,3
NV104333,Volkswagen,Tiguan,Sport,2019,SUV,Gas,AWD,Blue,88650,A,5
NV104334,Toyota,Corolla,Touring,2021,Sedan,Gas,FWD,Grey,90270,B,5
NV104335,Ford,Escape,Base,2021,SUV,Gas,AWD,Brown,80120,B,5
NV104336,Toyota,Camry,Base,2020,Sedan,Gas,FWD,Grey,77920,A,5
NV104337,Toyota,RAV4 Hybrid,Base,2021,SUV,Hybrid,AWD,Brown,61590,C,4
NV104338,Toyota,Corolla,Base,2023,Sedan,Gas,FWD,Green,19280,B,1
NV104339,Ford,F-150,Sport,2022,Truck,Gas,4WD,Red,77410,C,4
NV104340,Toyota,RAV4,Base,2022,SUV,Gas,AWD,Silver,34960,A,2
NV104341,Kia,Forte,Base,2024,Sedan,Gas,FWD,White,39590,C,2
NV104342,Mazda,Mazda3,Limited,2021,Hatchback,Gas,FWD,Blue,83220,D,5
NV104343,Kia,Forte,Base,2019,Sedan,Gas,FWD,Brown,109400,C,7
NV104344,Honda,CR-V,Sport,2015,SUV,Gas,FWD,Silver,169180,D,10
NV104345,Toyota,Camry,Limited,2019,Sedan,Gas,FWD,Blue,109850,A,7
NV104346,Honda,Civic,Limited,2021,Sedan,Gas,FWD,Black,54660,B,4
NV104347,Ram,1500,Base,2023,Truck,Gas,4WD,Red,33380,A,2
NV104348,Honda,CR-V,Sport,2017,SUV,Gas,AWD,White,105950,B,8
NV104349,Mazda,CX-5,Limited,2018,SUV,Gas,AWD,White,148480,C,7
NV104350,Toyota,Corolla,Limited,2020,Sedan,Gas,FWD,Blue,133180,C,6
NV104351,Toyota,RAV4 Hybrid,Base,2019,SUV,Hybrid,AWD,Brown,114080,C,7
NV104352,Hyundai,Tucson,Base,2020,SUV,Gas,AWD,Green,55760,B,5
NV104353,Mazda,CX-5,Base,2020,SUV,Gas,AWD,Red,88110,B,5
NV104354,Honda,CR-V,Sport,2022,SUV,Gas,FWD,Black,32690,B,2
NV104355,Subaru,Outback,Limited,2019,Wagon,Gas,AWD,White,89280,C,7
NV104356,Subaru,Outback,Limited,2022,Wagon,Gas,AWD,Silver,22610,A,2
NV104357,Toyota,RAV4 Hybrid,Limited,2021,SUV,Hybrid,FWD,Brown,81570,A,4
NV104358,Chevrolet,Equinox,Base,2016,SUV,Gas,FWD,Red,128450,D,8
NV104359,Toyota,Corolla,Limited,2024,Sedan,Gas,FWD,White,8940,A,0
NV104360,Honda,Civic,Sport,2020,Sedan,Gas,FWD,Silver,118580,C,5
NV104361,Ford,F-150,Sport,2022,Truck,Gas,4WD,Black,36130,B,3
NV104362,Honda,Civic,Base,2022,Sedan,Gas,FWD,Blue,50450,C,3
NV104363,Ford,Escape,Base,2019,SUV,Gas,FWD,Black,135800,C,7
NV104364,Mazda,CX-5,Sport,2022,SUV,Gas,AWD,Red,61420,A,3
NV104365,Volkswagen,Tiguan,Base,2017,SUV,Gas,FWD,Grey,177200,C,9
NV104366,Toyota,Corolla,Base,2019,Sedan,Gas,FWD,Black,84010,B,7
NV104367,Subaru,Outback,Base,2024,Wagon,Gas,AWD,Green,4000,A,0
NV104368,Chevrolet,Equinox,Limited,2017,SUV,Gas,AWD,Grey,60640,B,8
NV104369,Ford,F-150,Base,2022,Truck,Gas,4WD,Green,53540,C,3
NV104370,Ford,Escape,Limited,2023,SUV,Gas,AWD,Green,40070,B,2
NV104371,Mazda,Mazda3,Base,2021,Hatchback,Gas,FWD,White,112780,C,4
NV104372,Toyota,RAV4,Base,2016,SUV,Gas,FWD,Blue,158310,D,10
NV104373,Toyota,Camry,Touring,2023,Sedan,Gas,FWD,White,25330,A,1
NV104374,Hyundai,Tucson,Sport,2022,SUV,Gas,AWD,Green,65450,A,3
NV104375,Toyota,Tacoma,Base,2021,Truck,Gas,4WD,White,73410,B,4
NV104376,Honda,Civic,Sport,2018,Sedan,Gas,FWD,Grey,123840,C,7
NV104377,Toyota,Corolla,Sport,2022,Sedan,Gas,FWD,Silver,35690,B,2
NV104378,Kia,Sportage,Sport,2023,SUV,Gas,AWD,Silver,58180,A,3
NV104379,Honda,Accord,Base,2019,Sedan,Gas,FWD,White,86850,A,5
NV104380,Ford,F-150,Sport,2017,Truck,Gas,4WD,White,136280,C,9
NV104381,Toyota,Camry,Sport,2023,Sedan,Gas,FWD,White,61020,B,3
NV104382,Toyota,Corolla,Base,2024,Sedan,Gas,FWD,Grey,20680,A,1
NV104383,Toyota,Corolla,Base,2021,Sedan,Gas,FWD,Green,44540,A,4
NV104384,Subaru,Outback,Base,2018,Wagon,Gas,AWD,Brown,87480,C,8
NV104385,Ford,F-150,Sport,2022,Truck,Gas,4WD,Brown,62260,B,4
NV104386,Volkswagen,Tiguan,Sport,2021,SUV,Gas,AWD,Silver,75980,B,3
NV104387,Toyota,Camry,Touring,2021,Sedan,Gas,FWD,Green,82670,B,4
NV104388,Honda,CR-V,Sport,2020,SUV,Gas,AWD,Silver,68060,B,5
NV104389,Ford,Escape,Base,2016,SUV,Gas,FWD,Brown,154530,D,10
NV104390,Honda,CR-V,Base,2020,SUV,Gas,FWD,Silver,88930,B,4
NV104391,Honda,Civic,Sport,2020,Sedan,Gas,FWD,Silver,67080,A,4
NV104392,Honda,Accord,Base,2023,Sedan,Gas,FWD,Red,48610,A,2
NV104393,Hyundai,Tucson,Base,2024,SUV,Gas,AWD,Green,8420,A,0
NV104394,Toyota,Corolla,Base,2020,Sedan,Gas,FWD,Green,57800,B,6
NV104395,Jeep,Wrangler,Sport,2022,SUV,Gas,FWD,Red,42710,A,2
NV104396,Mazda,CX-5,Limited,2019,SUV,Gas,AWD,Red,95260,B,6
NV104397,Subaru,Outback,Base,2018,Wagon,Gas,FWD,White,113470,B,6
NV104398,Mazda,CX-5,,2016,SUV,Gas,FWD,Silver,128780,D,10
NV104399,Toyota,Corolla,Base,2021,Sedan,Gas,FWD,Silver,81290,A,4
NV104400,Ram,1500,Limited,2023,Truck,Gas,4WD,Black,17500,A,1
NV104401,Ford,Escape,Sport,2019,SUV,Gas,AWD,Silver,119410,D,6
NV104402,Nissan,Rogue,Base,2023,SUV,Gas,FWD,Grey,44960,A,2
NV104403,Ford,F-150,Base,2022,Truck,Gas,4WD,Blue,57280,B,3
NV104404,Toyota,RAV4,Limited,2022,SUV,Gas,FWD,Brown,72110,B,3
NV104405,Tesla,Model 3,Sport,2022,Sedan,Electric,FWD,White,50680,B,3
NV104406,Toyota,RAV4,Base,2019,SUV,Gas,AWD,Silver,119990,B,5
NV104407,Toyota,RAV4,Limited,2023,SUV,Gas,AWD,Black,42040,A,3
NV104408,Honda,Civic,Base,2022,Sedan,Gas,FWD,Red,50210,B,3
NV104409,Honda,Civic,Limited,2025,Sedan,Gas,FWD,Blue,31360,B,1
NV104410,Hyundai,Elantra,Limited,2022,Sedan,Gas,FWD,Silver,42910,A,2
NV104411,Mazda,CX-5,Sport,2018,SUV,Gas,FWD,Blue,80710,C,6
NV104412,Chevrolet,Equinox,Limited,2022,SUV,Gas,FWD,Grey,76550,B,4
NV104413,Ram,1500,Sport,2018,Truck,Gas,4WD,Red,114390,C,6
NV104414,Chevrolet,Silverado 1500,Touring,2020,Truck,Gas,4WD,White,94770,B,5
NV104415,Subaru,Outback,Touring,2020,Wagon,Gas,FWD,Blue,43710,B,4
NV104416,Tesla,Model 3,Base,2018,Sedan,Electric,FWD,Silver,93700,C,7
NV104417,Mazda,CX-5,Limited,2023,SUV,Gas,AWD,White,57010,B,3
NV104418,Honda,CR-V,Limited,2018,SUV,Gas,AWD,Black,132430,A,7
NV104419,Toyota,Corolla,Sport,2022,Sedan,Gas,FWD,Black,34950,A,2
NV104420,Toyota,RAV4 Hybrid,Base,2021,SUV,Hybrid,FWD,Black,74830,B,4
NV104421,Mazda,Mazda3,Limited,2022,Hatchback,Gas,FWD,Blue,36300,B,2
NV104422,Subaru,Outback,,2021,Wagon,Gas,FWD,Grey,59500,B,3
NV104423,Ford,F-150,Limited,2018,Truck,Gas,4WD,Black,89240,B,7
NV104424,Kia,Forte,Touring,2022,Sedan,Gas,FWD,Red,41450,B,2
NV104425,Subaru,Outback,,2021,Wagon,Gas,FWD,Red,94470,B,5
NV104426,Ford,F-150,Base,2020,Truck,Gas,4WD,Grey,120350,C,6
NV104427,Hyundai,Tucson,Touring,2019,SUV,Gas,AWD,Blue,106920,B,6
NV104428,Chevrolet,Equinox,Sport,2019,SUV,Gas,AWD,Red,94200,B,6
NV104429,Chevrolet,Silverado 1500,Sport,2017,Truck,Gas,4WD,Blue,102920,B,8
NV104430,Jeep,Wrangler,,2020,SUV,Gas,FWD,Silver,108760,B,5
NV104431,Chevrolet,Equinox,Limited,2024,SUV,Gas,FWD,Silver,41150,A,2
NV104432,Honda,CR-V Hybrid,Touring,2022,SUV,Hybrid,AWD,Red,35070,A,2
NV104433,Jeep,Wrangler,Base,2016,SUV,Gas,FWD,Grey,177710,C,9
NV104434,Hyundai,Elantra,Base,2021,Sedan,Gas,FWD,White,66220,C,3
NV104435,Toyota,RAV4,Touring,2025,SUV,Gas,FWD,Grey,4000,A,0
NV104436,Ford,F-150,Limited,2022,Truck,Gas,4WD,Green,34260,B,2
NV104437,Hyundai,Tucson,Limited,2019,SUV,Gas,FWD,Blue,78500,B,5
NV104438,Hyundai,Elantra,Limited,2018,Sedan,Gas,FWD,Grey,165800,D,8
NV104439,Chevrolet,Silverado 1500,Base,2022,Truck,Gas,4WD,Green,81460,B,3
NV104440,Kia,Sportage,Limited,2018,SUV,Gas,AWD,Green,154130,C,7
NV104441,Honda,Civic,Limited,2018,Sedan,Gas,FWD,Green,132360,A,7
NV104442,Toyota,Camry,Base,2019,Sedan,Gas,FWD,Grey,116390,B,7
NV104443,Mazda,CX-5,Base,2019,SUV,Gas,FWD,Grey,110980,B,7
NV104444,Mazda,CX-5,Base,2025,SUV,Gas,FWD,Silver,16220,C,1
NV104445,Toyota,RAV4,Sport,2022,SUV,Gas,AWD,Grey,36560,A,2
NV104446,Honda,Civic,Base,2020,Sedan,Gas,FWD,Silver,90710,A,6
NV104447,Chevrolet,Silverado 1500,Limited,2024,Truck,Gas,4WD,Black,7010,B,0
NV104448,Subaru,Outback,Sport,2023,Wagon,Gas,AWD,White,45770,B,2
NV104449,Ford,F-150,Sport,2025,Truck,Gas,4WD,Silver,26060,A,1
NV104450,Chevrolet,Silverado 1500,Limited,2022,Truck,Gas,4WD,Blue,54070,A,2
NV104451,Hyundai,Tucson,Sport,2017,SUV,Gas,FWD,Brown,133420,B,7
NV104452,Toyota,Tacoma,Sport,2021,Truck,Gas,4WD,Red,78590,B,3
NV104453,Honda,Civic,Limited,2020,Sedan,Gas,FWD,Black,104400,B,5
NV104454,Honda,Civic,Base,2023,Sedan,Gas,FWD,Grey,61830,A,3
NV104455,Ford,F-150,Sport,2015,Truck,Gas,4WD,White,175810,C,11
NV104456,Hyundai,Elantra,Sport,2022,Sedan,Gas,FWD,Red,42160,A,2
NV104457,Ford,F-150,Sport,2024,Truck,Gas,4WD,Brown,19430,B,1
NV104458,Ford,Escape,Base,2024,SUV,Gas,AWD,Green,37390,A,2
NV104459,Honda,Accord,Base,2020,Sedan,Gas,FWD,Black,80840,B,5
NV104460,Toyota,Corolla,Base,2019,Sedan,Gas,FWD,Green,113980,C,6
NV104461,Nissan,Rogue,Base,2023,SUV,Gas,FWD,Black,45950,B,2
NV104462,Nissan,Rogue,Base,2023,SUV,Gas,AWD,Silver,24080,B,1
NV104463,Honda,CR-V,Touring,2021,SUV,Gas,AWD,Brown,56020,B,3
NV104464,Honda,Accord,Touring,2022,Sedan,Gas,FWD,Brown,54870,B,3
NV104465,Kia,Forte,Touring,2022,Sedan,Gas,FWD,White,23970,B,4
NV104466,Toyota,RAV4,Limited,2016,SUV,Gas,AWD,Green,177440,D,8
NV104467,Honda,CR-V Hybrid,Base,2024,SUV,Hybrid,AWD,Grey,19000,A,1
NV104468,Nissan,Rogue,Limited,2020,SUV,Gas,FWD,Green,124280,C,6
NV104469,Honda,Odyssey,Sport,2015,Minivan,Gas,FWD,Green,163530,B,9
NV104470,Ford,F-150,Sport,2022,Truck,Gas,4WD,Green,76590,B,4
NV104471,Toyota,Tacoma,Sport,2023,Truck,Gas,4WD,Brown,40730,B,2
NV104472,BMW,3 Series,Sport,2022,Sedan,Gas,FWD,Brown,82300,C,4
NV104473,Nissan,Rogue,Base,2025,SUV,Gas,FWD,Grey,7530,B,0
NV104474,Mazda,CX-5,Limited,2022,SUV,Gas,AWD,Blue,93330,B,4
NV104475,Jeep,Wrangler,Touring,2020,SUV,Gas,FWD,Black,63630,B,4
NV104476,Subaru,Outback,Sport,2021,Wagon,Gas,AWD,Brown,100160,B,5
NV104477,Mazda,CX-5,Limited,2016,SUV,Gas,FWD,Black,124650,C,10
NV104478,Chevrolet,Silverado 1500,Limited,2023,Truck,Gas,4WD,Red,71190,A,3
NV104479,Volkswagen,Tiguan,Limited,2020,SUV,Gas,AWD,Brown,90300,A,4
NV104480,Chevrolet,Silverado 1500,Sport,2020,Truck,Gas,4WD,Brown,63430,B,6
NV104481,Ford,Escape,Limited,2022,SUV,Gas,FWD,Black,44840,B,2
NV104482,Hyundai,Elantra,Limited,2020,Sedan,Gas,FWD,Silver,78630,B,4
NV104483,Mazda,CX-5,Base,2021,SUV,Gas,AWD,Silver,49220,A,4
NV104484,Hyundai,Tucson,Limited,2023,SUV,Gas,FWD,White,16630,B,1
NV104485,Honda,Accord,Sport,2019,Sedan,Gas,FWD,White,78890,C,5
NV104486,Hyundai,Tucson,Sport,2021,SUV,Gas,FWD,Grey,80260,B,3
NV104487,Toyota,Tacoma,Base,2019,Truck,Gas,4WD,Brown,70440,B,5
NV104488,Toyota,RAV4,Touring,2022,SUV,Gas,FWD,Grey,22340,A,2
NV104489,Kia,Sportage,Limited,2024,SUV,Gas,AWD,Red,40630,B,2
NV104490,Mazda,CX-5,Base,2020,SUV,Gas,AWD,Blue,52690,A,6
NV104491,Chevrolet,Equinox,Base,2015,SUV,Gas,AWD,Red,149220,D,11
NV104492,Ford,Escape,Limited,2019,SUV,Gas,AWD,Green,96620,B,6
NV104493,Honda,Civic,Sport,2021,Sedan,Gas,FWD,Grey,97650,B,5
NV104494,Kia,Forte,Sport,2020,Sedan,Gas,FWD,Grey,94340,B,6
NV104495,Toyota,Tacoma,Sport,2021,Truck,Gas,4WD,Green,62020,A,3
NV104496,Toyota,Camry,Base,2022,Sedan,Gas,FWD,Silver,32310,A,3
NV104497,Hyundai,Elantra,Sport,2018,Sedan,Gas,FWD,Green,143960,C,8
NV104498,Nissan,Rogue,Limited,2019,SUV,Gas,AWD,Green,141600,D,6
NV104499,Kia,Sportage,Touring,2021,SUV,Gas,FWD,Red,61000,B,4
NV104500,Toyota,RAV4,Sport,2018,SUV,Gas,FWD,Silver,160340,B,6
NV104501,Volkswagen,Tiguan,Touring,2022,SUV,Gas,AWD,Green,79090,A,4
NV104502,Honda,Civic,Sport,2021,Sedan,Gas,FWD,Blue,67680,B,5
NV104503,Honda,CR-V,Sport,2022,SUV,Gas,AWD,Blue,68070,A,4
NV104504,Chevrolet,Silverado 1500,Sport,2018,Truck,Gas,4WD,Green,96440,C,8
NV104505,Ford,Escape,Base,2024,SUV,Gas,FWD,Red,27420,A,1
NV104506,Toyota,RAV4 Hybrid,,2025,SUV,Hybrid,AWD,Black,8990,A,0
NV104507,Mazda,CX-5,Base,2022,SUV,Gas,AWD,Brown,59550,B,4
NV104508,Ford,F-150,Touring,2020,Truck,Gas,4WD,Blue,107440,A,6
NV104509,Subaru,Outback,Limited,2022,Wagon,Gas,FWD,Black,48430,A,2
NV104510,Kia,Sportage,Base,2020,SUV,Gas,AWD,Silver,92970,B,4
NV104511,Honda,CR-V Hybrid,Limited,2022,SUV,Hybrid,AWD,White,37410,A,3
NV104512,Honda,Civic,Touring,2020,Sedan,Gas,FWD,Green,122650,C,6
NV104513,Honda,CR-V Hybrid,Limited,2022,SUV,Hybrid,AWD,Silver,88900,B,4
NV104514,Toyota,RAV4 Hybrid,Base,2024,SUV,Hybrid,AWD,Black,55620,B,2
NV104515,Honda,CR-V,Touring,2019,SUV,Gas,AWD,Grey,138800,D,6
NV104516,Honda,CR-V,Base,2021,SUV,Gas,FWD,Green,64340,B,3
NV104517,Ford,Escape,Base,2020,SUV,Gas,AWD,Red,85880,A,5
NV104518,Nissan,Rogue,Base,2024,SUV,Gas,AWD,Brown,5490,A,0
NV104519,Subaru,Outback,Touring,2024,Wagon,Gas,FWD,Grey,38290,B,2
NV104520,Honda,CR-V Hybrid,Sport,2020,SUV,Hybrid,AWD,White,55800,C,4
NV104521,Honda,Odyssey,Sport,2022,Minivan,Gas,FWD,Green,38560,B,2
NV104522,Toyota,Camry,Limited,2019,Sedan,Gas,FWD,Green,106000,B,7
NV104523,BMW,3 Series,Limited,2021,Sedan,Gas,FWD,Grey,68900,B,4
NV104524,Ford,F-150,Touring,2022,Truck,Gas,4WD,Red,73470,B,4
NV104525,Nissan,Rogue,Touring,2022,SUV,Gas,FWD,Black,38940,C,2
NV104526,Jeep,Wrangler,Sport,2024,SUV,Gas,FWD,Black,27510,B,1
NV104527,Hyundai,Tucson,Base,2021,SUV,Gas,AWD,White,53760,B,4
NV104528,Hyundai,Ioniq 5,Touring,2020,SUV,Electric,AWD,Red,115840,B,6
NV104529,Honda,Accord,Limited,2022,Sedan,Gas,FWD,Grey,39880,A,2
NV104530,Jeep,Wrangler,Sport,2020,SUV,Gas,AWD,Red,86390,C,5
NV104531,Ford,F-150,Sport,2024,Truck,Gas,4WD,Brown,33050,C,2
NV104532,Toyota,Corolla,Sport,2023,Sedan,Gas,FWD,Black,31200,A,2
NV104533,Mazda,CX-5,Sport,2021,SUV,Gas,FWD,Grey,42430,A,3
NV104534,Toyota,RAV4 Hybrid,Base,2021,SUV,Hybrid,AWD,Brown,70010,B,4
NV104535,Honda,CR-V,Limited,2018,SUV,Gas,AWD,White,81780,B,6
NV104536,Nissan,Rogue,Base,2022,SUV,Gas,AWD,Blue,65610,B,3
NV104537,Mazda,Mazda3,Base,2024,Hatchback,Gas,FWD,Brown,21130,A,1
NV104538,Volkswagen,Tiguan,Base,2023,SUV,Gas,AWD,Black,67410,B,3
NV104539,Toyota,Corolla,Base,2021,Sedan,Gas,FWD,Red,46620,B,3
NV104540,Jeep,Wrangler,Base,2024,SUV,Gas,FWD,Green,22240,A,1
NV104541,Honda,Accord,Base,2022,Sedan,Gas,FWD,Red,35760,B,3
NV104542,Honda,CR-V,Touring,2023,SUV,Gas,AWD,Green,48290,C,3
NV104543,BMW,3 Series,Sport,2024,Sedan,Gas,FWD,Grey,24170,A,1
NV104544,Toyota,RAV4 Hybrid,,2019,SUV,Hybrid,FWD,Blue,102720,C,6
NV104545,Toyota,RAV4,Sport,2022,SUV,Gas,FWD,Blue,74630,B,4
NV104546,Toyota,Tacoma,Base,2022,Truck,Gas,4WD,Silver,71850,B,4
NV104547,Chevrolet,Equinox,Touring,2024,SUV,Gas,FWD,Red,18630,B,1
NV104548,Mazda,CX-5,Base,2023,SUV,Gas,AWD,Green,29510,A,1
NV104549,Nissan,Rogue,Base,2024,SUV,Gas,AWD,Grey,36840,B,2
NV104550,Ford,F-150,Sport,2015,Truck,Gas,4WD,Grey,160200,D,10
NV104551,Ram,1500,Base,2018,Truck,Gas,4WD,Red,112930,B,6
NV104552,Subaru,Outback,Base,2023,Wagon,Gas,AWD,Red,44300,A,2
NV104553,Hyundai,Elantra,Limited,2017,Sedan,Gas,FWD,Red,229630,D,8
NV104554,Chevrolet,Equinox,Limited,2023,SUV,Gas,AWD,White,41460,A,2
NV104555,Chevrolet,Equinox,Sport,2015,SUV,Gas,AWD,Brown,202760,C,9
NV104556,Toyota,Corolla,Sport,2021,Sedan,Gas,FWD,Blue,94160,C,4
NV104557,Ford,F-150,Limited,2023,Truck,Gas,4WD,White,43460,A,2
NV104558,Hyundai,Tucson,Base,2023,SUV,Gas,AWD,Blue,82440,A,3
NV104559,Toyota,Corolla,Base,2020,Sedan,Gas,FWD,White,86510,C,5
NV104560,Honda,Accord,Base,2025,Sedan,Gas,FWD,Red,6620,B,0
NV104561,Toyota,RAV4,Limited,2021,SUV,Gas,FWD,Green,83660,A,5
NV104562,Hyundai,Tucson,Sport,2024,SUV,Gas,AWD,Green,29560,A,2
NV104563,Toyota,RAV4,Limited,2020,SUV,Gas,FWD,Silver,110910,B,6
NV104564,Chevrolet,Equinox,,2020,SUV,Gas,AWD,Brown,70170,B,4
NV104565,Toyota,Camry,Sport,2019,Sedan,Gas,FWD,Red,72480,C,6
NV104566,Honda,CR-V,Base,2022,SUV,Gas,AWD,Green,43880,C,3
NV104567,Volkswagen,Tiguan,Sport,2017,SUV,Gas,AWD,Blue,99770,C,8
NV104568,Honda,Odyssey,Base,2020,Minivan,Gas,FWD,Green,58520,B,4
NV104569,Honda,CR-V,Sport,2023,SUV,Gas,AWD,Grey,41800,A,2
NV104570,Toyota,RAV4,Sport,2019,SUV,Gas,AWD,Blue,84420,D,6
NV104571,Mazda,CX-5,Limited,2020,SUV,Gas,AWD,Brown,65640,B,5
NV104572,Chevrolet,Silverado 1500,Base,2020,Truck,Gas,4WD,Silver,96300,B,5
NV104573,Toyota,RAV4,Base,2018,SUV,Gas,FWD,Green,104970,B,6
NV104574,Subaru,Outback,Limited,2019,Wagon,Gas,AWD,Green,140410,B,7
NV104575,Toyota,Camry,Base,2025,Sedan,Gas,FWD,Green,5890,A,0
NV104576,Hyundai,Elantra,Touring,2020,Sedan,Gas,FWD,Silver,93820,C,6
NV104577,Toyota,RAV4,Sport,2018,SUV,Gas,AWD,Blue,121490,C,7
NV104578,Ford,Escape,Base,2018,SUV,Gas,AWD,Brown,115350,C,7
NV104579,Nissan,Rogue,,2022,SUV,Gas,AWD,Brown,52240,B,3
NV104580,Toyota,Tacoma,Base,2020,Truck,Gas,4WD,Silver,97100,C,6
NV104581,Ford,F-150,Base,2016,Truck,Gas,4WD,Brown,169050,C,8
NV104582,Mazda,Mazda3,Base,2022,Hatchback,Gas,FWD,Green,95130,C,4
NV104583,Jeep,Wrangler,Base,2022,SUV,Gas,AWD,Grey,57010,A,2
NV104584,Kia,Forte,Sport,2024,Sedan,Gas,FWD,Brown,15540,A,1
NV104585,Hyundai,Tucson,,2020,SUV,Gas,AWD,Green,101040,C,6
NV104586,Toyota,Camry,Base,2022,Sedan,Gas,FWD,White,80760,C,3
NV104587,Toyota,Camry,Base,2016,Sedan,Gas,FWD,Silver,183030,D,10
NV104588,Toyota,Corolla,Base,2021,Sedan,Gas,FWD,Red,111610,C,5
NV104589,Toyota,RAV4,Base,2023,SUV,Gas,AWD,Grey,58180,B,3
NV104590,Kia,Sportage,Base,2018,SUV,Gas,FWD,Grey,187150,D,8
NV104591,Nissan,Rogue,Touring,2025,SUV,Gas,FWD,Black,6740,A,0
NV104592,Nissan,Rogue,Sport,2021,SUV,Gas,AWD,Blue,70850,A,3
NV104593,Honda,CR-V,Sport,2018,SUV,Gas,FWD,Grey,97660,B,7
NV104594,Hyundai,Tucson,Base,2021,SUV,Gas,FWD,Silver,78070,C,4
NV104595,Nissan,Rogue,Base,2019,SUV,Gas,AWD,Black,97810,B,5
NV104596,Toyota,Corolla,Sport,2022,Sedan,Gas,FWD,Brown,68710,C,4
NV104597,Hyundai,Tucson,Sport,2019,SUV,Gas,AWD,Black,102080,B,7
NV104598,Honda,Accord,Sport,2025,Sedan,Gas,FWD,White,6700,A,0
NV104599,Jeep,Wrangler,Base,2023,SUV,Gas,AWD,Red,16630,A,1
NV104600,Mazda,Mazda3,Limited,2023,Hatchback,Gas,FWD,Red,23160,A,2
NV104601,Ford,Escape,Sport,2021,SUV,Gas,AWD,Green,106820,B,5
NV104602,Subaru,Outback,Touring,2024,Wagon,Gas,AWD,White,29520,A,2
NV104603,Honda,CR-V,Limited,2018,SUV,Gas,AWD,Green,123490,C,6
NV104604,Toyota,RAV4 Hybrid,Touring,2019,SUV,Hybrid,AWD,Brown,159730,B,7
NV104605,Nissan,Rogue,Touring,2019,SUV,Gas,AWD,Green,148100,C,7
NV104606,Mazda,CX-5,Base,2022,SUV,Gas,FWD,Brown,51160,B,4
NV104607,Mazda,Mazda3,Touring,2019,Hatchback,Gas,FWD,Green,87620,A,6
NV104608,Honda,Civic,Sport,2020,Sedan,Gas,FWD,Red,111890,C,6
NV104609,Nissan,Rogue,Limited,2022,SUV,Gas,AWD,Green,72460,B,3
NV104610,Nissan,Rogue,Limited,2017,SUV,Gas,AWD,Grey,94420,B,9
NV104611,Ford,F-150,Limited,2020,Truck,Gas,4WD,Red,78090,B,5
NV104612,Honda,Accord,Sport,2021,Sedan,Gas,FWD,Red,52910,A,3
NV104613,Toyota,Tacoma,Touring,2022,Truck,Gas,4WD,White,75120,B,4
NV104614,Nissan,Rogue,Base,2018,SUV,Gas,FWD,White,83140,C,6
NV104615,Toyota,RAV4 Hybrid,Sport,2022,SUV,Hybrid,FWD,Black,22170,A,2
NV104616,Hyundai,Elantra,Base,2021,Sedan,Gas,FWD,Black,104300,C,5
NV104617,Hyundai,Tucson,Base,2023,SUV,Gas,AWD,Brown,48270,A,2
NV104618,Toyota,RAV4,Limited,2022,SUV,Gas,FWD,Grey,88270,B,4
NV104619,Toyota,Camry,Touring,2022,Sedan,Gas,FWD,Red,38720,A,2
NV104620,Mazda,Mazda3,Sport,2017,Hatchback,Gas,FWD,Red,225560,C,8
NV104621,Ford,Escape,Base,2022,SUV,Gas,FWD,White,62430,B,3
NV104622,Kia,Forte,Limited,2018,Sedan,Gas,FWD,White,111120,B,6
NV104623,Chevrolet,Silverado 1500,Limited,2023,Truck,Gas,4WD,Blue,64160,B,3
NV104624,Toyota,Camry,Sport,2017,Sedan,Gas,FWD,Silver,31750,B,7
NV104625,Toyota,RAV4,Sport,2022,SUV,Gas,AWD,Grey,46430,A,3
NV104626,Toyota,Camry,Sport,2025,Sedan,Gas,FWD,White,22840,A,1
NV104627,Toyota,Corolla,Base,2018,Sedan,Gas,FWD,Red,88710,B,6
NV104628,Honda,Accord,Base,2015,Sedan,Gas,FWD,Silver,208400,D,11
NV104629,Honda,CR-V,Limited,2022,SUV,Gas,FWD,Silver,54560,A,3
NV104630,Ram,1500,Sport,2018,Truck,Gas,4WD,White,146510,C,7
NV104631,Toyota,RAV4 Hybrid,Touring,2020,SUV,Hybrid,AWD,Grey,94800,B,6
NV104632,Toyota,RAV4,Sport,2019,SUV,Gas,FWD,Black,101530,B,5
NV104633,Nissan,Rogue,Base,2015,SUV,Gas,AWD,White,71230,C,10
NV104634,Toyota,Camry,Base,2023,Sedan,Gas,FWD,Blue,63770,A,3
NV104635,Toyota,Corolla,Touring,2023,Sedan,Gas,FWD,White,47730,C,3
NV104636,Toyota,RAV4,Touring,2022,SUV,Gas,FWD,Silver,33550,B,2
NV104637,Chevrolet,Equinox,Base,2019,SUV,Gas,FWD,Green,166990,D,7
NV104638,Honda,CR-V Hybrid,Base,2023,SUV,Hybrid,FWD,Brown,26850,B,2
NV104639,Toyota,Corolla,Limited,2020,Sedan,Gas,FWD,Grey,146090,C,6
NV104640,Ford,F-150,Limited,2020,Truck,Gas,4WD,Green,120390,B,6
NV104641,Mazda,Mazda3,Limited,2023,Hatchback,Gas,FWD,Red,20820,B,1
NV104642,Honda,Civic,Sport,2019,Sedan,Gas,FWD,White,127590,C,7
NV104643,Toyota,RAV4 Hybrid,Sport,2021,SUV,Hybrid,AWD,Red,66090,C,4
NV104644,Honda,CR-V Hybrid,Base,2024,SUV,Hybrid,AWD,Green,43430,A,2
NV104645,Ford,F-150,Sport,2019,Truck,Gas,4WD,Black,109390,C,7
NV104646,Ford,F-150,Base,2015,Truck,Gas,4WD,White,121250,C,9
NV104647,Mazda,CX-5,Base,2023,SUV,Gas,AWD,Silver,23060,B,1
NV104648,Honda,CR-V,Base,2017,SUV,Gas,FWD,Brown,173600,C,8
NV104649,Honda,Civic,Sport,2018,Sedan,Gas,FWD,Black,108830,C,7
NV104650,Ford,F-150,Touring,2019,Truck,Gas,4WD,Silver,164160,B,7
NV104651,Chevrolet,Equinox,Limited,2016,SUV,Gas,FWD,Silver,187160,B,10
NV104652,Nissan,Rogue,Base,2021,SUV,Gas,AWD,Blue,65780,C,5
NV104653,Hyundai,Tucson,Limited,2023,SUV,Gas,AWD,White,48030,B,2
NV104654,Volkswagen,Tiguan,Limited,2019,SUV,Gas,FWD,Blue,87830,C,5
NV104655,Nissan,Rogue,Touring,2021,SUV,Gas,AWD,White,75630,C,4
NV104656,Ram,1500,Sport,2025,Truck,Gas,4WD,White,4680,A,0
NV104657,Toyota,RAV4 Hybrid,Sport,2025,SUV,Hybrid,AWD,Grey,20610,A,1
NV104658,Honda,CR-V Hybrid,Base,2017,SUV,Hybrid,FWD,White,168450,D,9
NV104659,Mazda,Mazda3,Limited,2022,Hatchback,Gas,FWD,Silver,38220,A,2
NV104660,Mazda,Mazda3,Sport,2024,Hatchback,Gas,FWD,Blue,36870,A,2
NV104661,Hyundai,Tucson,Touring,2022,SUV,Gas,AWD,White,72730,B,4
NV104662,Toyota,RAV4 Hybrid,Sport,2024,SUV,Hybrid,AWD,Blue,40900,C,2
NV104663,Nissan,Rogue,Base,2025,SUV,Gas,AWD,Red,7360,A,0
NV104664,Honda,Civic,Base,2024,Sedan,Gas,FWD,Grey,35660,B,2
NV104665,Toyota,Camry,Base,2024,Sedan,Gas,FWD,Black,4000,A,0
NV104666,Toyota,RAV4 Hybrid,Limited,2022,SUV,Hybrid,FWD,Blue,55110,B,3
NV104667,Mazda,CX-5,Limited,2020,SUV,Gas,AWD,Brown,87910,B,6
NV104668,Honda,CR-V,Touring,2017,SUV,Gas,AWD,Blue,132670,B,7
NV104669,Ford,F-150,Base,2021,Truck,Gas,4WD,White,81780,A,5
NV104670,Toyota,Corolla,Base,2021,Sedan,Gas,FWD,Green,61470,B,4
NV104671,Honda,CR-V,Limited,2019,SUV,Gas,FWD,Red,112850,B,5
NV104672,Honda,Civic,Base,2022,Sedan,Gas,FWD,Green,51770,B,3
NV104673,Honda,Civic,Sport,2024,Sedan,Gas,FWD,Black,37980,A,2
NV104674,Honda,Accord,Touring,2021,Sedan,Gas,FWD,White,84900,C,5
NV104675,Hyundai,Elantra,Limited,2023,Sedan,Gas,FWD,Grey,54290,B,3
NV104676,Ford,F-150,Sport,2022,Truck,Gas,4WD,Red,55540,C,3
NV104677,Toyota,Tacoma,Base,2025,Truck,Gas,4WD,Blue,7680,A,0
NV104678,Honda,CR-V,Sport,2022,SUV,Gas,FWD,Red,67080,B,4
NV104679,BMW,3 Series,Touring,2023,Sedan,Gas,FWD,White,19350,B,1
NV104680,Mazda,CX-5,Sport,2020,SUV,Gas,AWD,Black,72060,B,5
NV104681,Toyota,Corolla,Base,2018,Sedan,Gas,FWD,Silver,97530,C,7
NV104682,Hyundai,Elantra,Base,2020,Sedan,Gas,FWD,Blue,85810,C,6
NV104683,Honda,CR-V Hybrid,Limited,2022,SUV,Hybrid,AWD,Red,48280,B,2
NV104684,Chevrolet,Silverado 1500,Base,2020,Truck,Gas,4WD,Silver,89920,C,5
NV104685,Toyota,RAV4,Base,2022,SUV,Gas,AWD,Green,44290,A,3
NV104686,Chevrolet,Equinox,Sport,2021,SUV,Gas,AWD,White,104190,B,5
NV104687,Honda,CR-V,Base,2025,SUV,Gas,FWD,Blue,24130,A,1
NV104688,Honda,CR-V,Sport,2018,SUV,Gas,AWD,Silver,150460,C,7
NV104689,Honda,Odyssey,Touring,2018,Minivan,Gas,FWD,Blue,143010,C,7
NV104690,Ford,Escape,Base,2017,SUV,Gas,FWD,Red,162900,C,9
NV104691,Hyundai,Elantra,Limited,2020,Sedan,Gas,FWD,Green,63680,C,4
NV104692,Honda,Civic,Sport,2022,Sedan,Gas,FWD,Red,89120,B,4
NV104693,Chevrolet,Silverado 1500,Sport,2023,Truck,Gas,4WD,Brown,54590,C,3
NV104694,Ford,F-150,,2021,Truck,Gas,4WD,Red,47940,B,3
NV104695,Hyundai,Tucson,Sport,2018,SUV,Gas,AWD,Green,75300,B,7
NV104696,Ford,Escape,Sport,2016,SUV,Gas,AWD,White,141180,C,9
NV104697,Chevrolet,Silverado 1500,Base,2020,Truck,Gas,4WD,Silver,88210,A,6
NV104698,Mazda,Mazda3,Base,2021,Hatchback,Gas,FWD,Blue,72090,B,4
NV104699,Honda,CR-V,Limited,2018,SUV,Gas,FWD,Black,83300,C,7
NV104700,Jeep,Wrangler,Touring,2020,SUV,Gas,FWD,White,96570,C,5
NV104701,Ford,F-150,Limited,2020,Truck,Gas,4WD,Black,104950,B,6
NV104702,Toyota,RAV4,Sport,2022,SUV,Gas,AWD,Green,35730,A,2
NV104703,Ford,F-150,Sport,2022,Truck,Gas,4WD,Red,37570,A,2
NV104704,Ford,F-150,Touring,2021,Truck,Gas,4WD,Green,51640,A,4
NV104705,Chevrolet,Silverado 1500,Sport,2019,Truck,Gas,4WD,Blue,101430,B,6
NV104706,Toyota,Camry,Limited,2020,Sedan,Gas,FWD,White,86900,B,6
NV104707,Toyota,Camry,Base,2021,Sedan,Gas,FWD,Silver,86730,C,4
NV104708,Ford,F-150,Touring,2020,Truck,Gas,4WD,Grey,57410,A,4
NV104709,Honda,Odyssey,Touring,2022,Minivan,Gas,FWD,Blue,64400,B,3
NV104710,Hyundai,Ioniq 5,Touring,2020,SUV,Electric,AWD,Grey,52310,B,4
NV104711,Ram,1500,Limited,2019,Truck,Gas,4WD,Silver,75830,B,6
NV104712,Honda,Odyssey,Limited,2022,Minivan,Gas,FWD,Black,35990,C,4
NV104713,Toyota,Corolla,Touring,2020,Sedan,Gas,FWD,Blue,109310,B,5
NV104714,Toyota,Tacoma,Sport,2025,Truck,Gas,4WD,Brown,20350,A,1
NV104715,BMW,3 Series,Limited,2016,Sedan,Gas,FWD,Blue,160830,D,10
NV104716,Toyota,RAV4,Limited,2015,SUV,Gas,AWD,Grey,135810,D,9
NV104717,Volkswagen,Tiguan,Base,2021,SUV,Gas,AWD,White,52000,A,3
NV104718,Honda,CR-V,Sport,2021,SUV,Gas,AWD,Silver,83470,A,5
NV104719,Chevrolet,Silverado 1500,Sport,2020,Truck,Gas,4WD,White,85050,C,4
NV104720,Hyundai,Tucson,Base,2020,SUV,Gas,AWD,Blue,98970,B,6
NV104721,Hyundai,Ioniq 5,Touring,2017,SUV,Electric,AWD,Green,186430,C,9
NV104722,Toyota,RAV4,Limited,2020,SUV,Gas,AWD,Blue,113130,D,6
NV104723,Mazda,CX-5,Limited,2020,SUV,Gas,FWD,Grey,120620,B,6
NV104724,Ford,F-150,Limited,2022,Truck,Gas,4WD,Red,53100,B,3
NV104725,Honda,CR-V Hybrid,Sport,2025,SUV,Hybrid,FWD,Black,7820,B,0
NV104726,Toyota,Tacoma,Base,2017,Truck,Gas,4WD,Grey,133770,C,7
NV104727,Ford,F-150,Limited,2019,Truck,Gas,4WD,Silver,111820,D,7
NV104728,Toyota,Tacoma,Base,2016,Truck,Gas,4WD,Grey,146220,C,10
NV104729,Ford,F-150,Base,2020,Truck,Gas,4WD,Silver,116770,B,6
NV104730,Hyundai,Tucson,Base,2025,SUV,Gas,FWD,Brown,7840,A,0
NV104731,Hyundai,Elantra,Sport,2018,Sedan,Gas,FWD,Green,129680,B,6
NV104732,Toyota,RAV4,Limited,2023,SUV,Gas,AWD,Brown,49560,B,3
NV104733,Honda,Accord,Limited,2021,Sedan,Gas,FWD,Grey,52810,B,3
NV104734,Toyota,Tacoma,Sport,2018,Truck,Gas,4WD,White,129760,C,8
NV104735,Toyota,RAV4,,2020,SUV,Gas,AWD,Grey,58680,A,5
NV104736,Hyundai,Elantra,Limited,2018,Sedan,Gas,FWD,Red,169850,D,8
NV104737,Toyota,RAV4,Base,2021,SUV,Gas,FWD,Green,80150,C,5
NV104738,Honda,CR-V,Touring,2020,SUV,Gas,FWD,Green,120990,B,6
NV104739,Toyota,RAV4 Hybrid,Base,2024,SUV,Hybrid,AWD,Brown,4000,B,0
NV104740,Ford,F-150,Sport,2021,Truck,Gas,4WD,White,99470,C,4
NV104741,Toyota,RAV4 Hybrid,Base,2020,SUV,Hybrid,AWD,White,70430,C,4
NV104742,Chevrolet,Equinox,Touring,2018,SUV,Gas,AWD,Black,128640,C,7
NV104743,Hyundai,Tucson,Touring,2018,SUV,Gas,AWD,Blue,101860,B,8
NV104744,Hyundai,Tucson,Base,2020,SUV,Gas,AWD,Brown,103040,B,5
NV104745,Chevrolet,Silverado 1500,Sport,2020,Truck,Gas,4WD,Green,118370,C,6
NV104746,Toyota,RAV4,Base,2023,SUV,Gas,FWD,Blue,30050,B,2
NV104747,Honda,Civic,Limited,2023,Sedan,Gas,FWD,Grey,32270,A,2
NV104748,Honda,CR-V,Base,2019,SUV,Gas,AWD,Red,136010,B,7
NV104749,Hyundai,Tucson,Base,2023,SUV,Gas,AWD,White,19690,A,2
NV104750,Chevrolet,Equinox,Sport,2016,SUV,Gas,AWD,Silver,127690,B,8
NV104751,Chevrolet,Silverado 1500,Limited,2017,Truck,Gas,4WD,White,164660,D,8
NV104752,Honda,CR-V,Sport,2020,SUV,Gas,AWD,Black,58920,B,4
NV104753,Hyundai,Ioniq 5,Sport,2017,SUV,Electric,FWD,Brown,59370,C,7
NV104754,Chevrolet,Silverado 1500,Sport,2023,Truck,Gas,4WD,White,41200,B,2
NV104755,Hyundai,Ioniq 5,Sport,2023,SUV,Electric,FWD,Blue,42460,B,2
NV104756,Ford,F-150,Base,2025,Truck,Gas,4WD,Green,7430,A,0
NV104757,Toyota,Corolla,Limited,2022,Sedan,Gas,FWD,Red,78900,B,4
NV104758,Mazda,CX-5,Touring,2018,SUV,Gas,AWD,Grey,108520,B,7
NV104759,Toyota,Camry,Base,2024,Sedan,Gas,FWD,Silver,6670,B,0
NV104760,Honda,Accord,Base,2022,Sedan,Gas,FWD,Silver,71140,B,3
NV104761,Honda,CR-V,Sport,2022,SUV,Gas,FWD,Black,67160,C,3
NV104762,Honda,CR-V Hybrid,Sport,2019,SUV,Hybrid,FWD,Green,79340,B,5
NV104763,Mazda,CX-5,Base,2019,SUV,Gas,AWD,Black,124110,B,6
NV104764,Tesla,Model 3,Base,2021,Sedan,Electric,FWD,Silver,73620,A,5
NV104765,Jeep,Wrangler,Base,2023,SUV,Gas,FWD,Blue,37470,B,2
NV104766,Honda,Civic,Sport,2021,Sedan,Gas,FWD,Silver,96580,B,5
NV104767,Toyota,Tacoma,Touring,2019,Truck,Gas,4WD,Green,118260,B,6
NV104768,Mazda,CX-5,Base,2020,SUV,Gas,AWD,Green,109080,D,5
NV104769,Ford,Escape,Sport,2019,SUV,Gas,FWD,Grey,108860,B,7
NV104770,Ford,F-150,Limited,2023,Truck,Gas,4WD,Grey,57440,B,3
NV104771,Hyundai,Tucson,Sport,2025,SUV,Gas,FWD,Grey,4000,A,0
NV104772,Kia,Forte,Sport,2021,Sedan,Gas,FWD,White,102650,D,5
NV104773,Ram,1500,Limited,2021,Truck,Gas,4WD,Brown,62150,B,5
NV104774,Toyota,RAV4,Base,2019,SUV,Gas,FWD,Blue,61310,A,5
NV104775,Chevrolet,Equinox,Base,2021,SUV,Gas,AWD,Grey,83570,B,4
NV104776,Honda,CR-V,Touring,2021,SUV,Gas,FWD,Green,72980,B,4
NV104777,Mazda,CX-5,Limited,2017,SUV,Gas,AWD,Silver,149850,D,9
NV104778,Subaru,Outback,Touring,2024,Wagon,Gas,AWD,Green,4000,A,0
NV104779,Volkswagen,Tiguan,Touring,2017,SUV,Gas,AWD,Silver,140260,C,7
NV104780,Toyota,RAV4,Sport,2020,SUV,Gas,AWD,Green,78180,B,5
NV104781,Subaru,Outback,Limited,2016,Wagon,Gas,AWD,Red,169710,D,8
NV104782,Hyundai,Tucson,Limited,2018,SUV,Gas,AWD,White,125940,C,7
NV104783,Toyota,RAV4,Touring,2021,SUV,Gas,FWD,Green,60140,B,4
NV104784,Toyota,Camry,Touring,2016,Sedan,Gas,FWD,Silver,160220,D,9
NV104785,Hyundai,Elantra,Sport,2024,Sedan,Gas,FWD,Blue,22830,B,1
NV104786,Toyota,Corolla,Sport,2022,Sedan,Gas,FWD,Green,37200,A,2
NV104787,Toyota,Camry,Sport,2016,Sedan,Gas,FWD,Red,154230,C,10
NV104788,Nissan,Rogue,Sport,2023,SUV,Gas,AWD,Brown,65650,B,3
NV104789,Toyota,Corolla,Sport,2023,Sedan,Gas,FWD,Silver,45840,A,2
NV104790,Nissan,Rogue,Touring,2018,SUV,Gas,FWD,Red,72220,B,7
NV104791,Hyundai,Elantra,Base,2022,Sedan,Gas,FWD,White,44060,B,3
NV104792,Toyota,Corolla,Limited,2021,Sedan,Gas,FWD,Green,81830,A,4
NV104793,Nissan,Rogue,Sport,2022,SUV,Gas,AWD,White,88110,A,4
NV104794,Toyota,Camry,Touring,2020,Sedan,Gas,FWD,Silver,63890,C,6
NV104795,Toyota,RAV4 Hybrid,Limited,2022,SUV,Hybrid,FWD,White,39020,B,3
NV104796,Ram,1500,Touring,2019,Truck,Gas,4WD,Red,86110,B,5
NV104797,Honda,Accord,Sport,2022,Sedan,Gas,FWD,Grey,45500,B,3
NV104798,Chevrolet,Silverado 1500,Base,2022,Truck,Gas,4WD,Red,59920,A,3
NV104799,Mazda,Mazda3,Sport,2020,Hatchback,Gas,FWD,Silver,82390,B,4
NV104800,Ford,F-150,Sport,2020,Truck,Gas,4WD,Black,71690,B,5
NV104801,Honda,Civic,Base,2021,Sedan,Gas,FWD,Silver,54320,A,4
NV104802,Toyota,Tacoma,Sport,2025,Truck,Gas,4WD,Red,5420,A,0
NV104803,Hyundai,Tucson,Touring,2018,SUV,Gas,AWD,Black,89720,C,8
NV104804,Kia,Forte,Touring,2019,Sedan,Gas,FWD,Silver,145060,D,7
NV104805,Ford,Escape,Base,2018,SUV,Gas,FWD,Blue,148220,C,8
NV104806,Mazda,CX-5,Sport,2021,SUV,Gas,FWD,Black,75470,B,4
NV104807,Hyundai,Elantra,Limited,2019,Sedan,Gas,FWD,Black,121980,C,7
NV104808,Tesla,Model 3,Base,2019,Sedan,Electric,FWD,Silver,110710,B,6
NV104809,Honda,Civic,Sport,2025,Sedan,Gas,FWD,White,8300,B,0
NV104810,Toyota,RAV4 Hybrid,Base,2017,SUV,Hybrid,FWD,Blue,107720,B,9
NV104811,Ram,1500,Sport,2022,Truck,Gas,4WD,Silver,45400,B,3
NV104812,Ford,F-150,Limited,2021,Truck,Gas,4WD,White,90170,D,4
NV104813,Mazda,CX-5,Base,2024,SUV,Gas,AWD,Blue,52400,A,2
NV104814,Toyota,Corolla,Base,2023,Sedan,Gas,FWD,Green,18720,A,1
NV104815,Chevrolet,Silverado 1500,Base,2019,Truck,Gas,4WD,Green,121050,C,6
NV104816,Kia,Forte,Base,2025,Sedan,Gas,FWD,Black,4000,A,0
NV104817,Kia,Sportage,Base,2020,SUV,Gas,FWD,Black,94510,B,5
NV104818,Kia,Sportage,Base,2015,SUV,Gas,AWD,White,209430,C,10
NV104819,Honda,CR-V,Base,2022,SUV,Gas,AWD,Black,55950,B,3
NV104820,Honda,CR-V Hybrid,Base,2023,SUV,Hybrid,AWD,Black,53870,A,3
NV104821,Kia,Sportage,Base,2025,SUV,Gas,FWD,Green,15510,A,1
NV104822,Honda,CR-V,Limited,2016,SUV,Gas,AWD,Green,179520,C,9
NV104823,Chevrolet,Equinox,Limited,2024,SUV,Gas,FWD,Silver,33200,B,2
NV104824,Ford,Escape,Sport,2018,SUV,Gas,AWD,Red,120590,C,6
NV104825,Toyota,RAV4,Base,2023,SUV,Gas,AWD,Red,55280,B,3
NV104826,Toyota,Camry,Limited,2021,Sedan,Gas,FWD,Black,95210,C,5
NV104827,Tesla,Model 3,Limited,2021,Sedan,Electric,FWD,Blue,95000,B,4
NV104828,Toyota,RAV4,Sport,2018,SUV,Gas,FWD,Black,58000,A,6
NV104829,Chevrolet,Equinox,Limited,2020,SUV,Gas,FWD,Red,78990,C,4
NV104830,Kia,Forte,Limited,2018,Sedan,Gas,FWD,Blue,109720,B,6
NV104831,Subaru,Outback,Sport,2025,Wagon,Gas,FWD,White,26870,A,1
NV104832,Hyundai,Tucson,Touring,2018,SUV,Gas,AWD,Grey,110710,C,7
NV104833,Toyota,RAV4 Hybrid,Base,2020,SUV,Hybrid,AWD,Silver,83740,A,5
NV104834,Hyundai,Tucson,Base,2016,SUV,Gas,FWD,Brown,158630,D,10
NV104835,Ford,Escape,Base,2021,SUV,Gas,AWD,Black,83040,B,4
NV104836,Toyota,Corolla,Sport,2023,Sedan,Gas,FWD,White,61950,B,3
NV104837,Honda,CR-V,,2022,SUV,Gas,FWD,Red,34480,B,2
NV104838,Honda,CR-V,Limited,2018,SUV,Gas,AWD,Green,104170,B,6
NV104839,Volkswagen,Tiguan,Sport,2019,SUV,Gas,FWD,Grey,110250,B,5
NV104840,Honda,CR-V Hybrid,Sport,2023,SUV,Hybrid,FWD,Brown,53350,C,2
NV104841,Toyota,RAV4,Base,2023,SUV,Gas,AWD,Green,32430,A,2
NV104842,Volkswagen,Tiguan,Limited,2021,SUV,Gas,AWD,White,59120,B,4
NV104843,Ram,1500,,2015,Truck,Gas,4WD,Green,127770,B,9
NV104844,Ford,Escape,Base,2022,SUV,Gas,AWD,Green,63450,C,3
NV104845,Toyota,Corolla,Touring,2016,Sedan,Gas,FWD,Brown,73640,C,8
NV104846,Kia,Forte,Touring,2017,Sedan,Gas,FWD,Grey,87690,A,7
NV104847,Subaru,Outback,,2022,Wagon,Gas,AWD,Grey,50120,A,3
NV104848,Chevrolet,Silverado 1500,Base,2021,Truck,Gas,4WD,Silver,74270,C,4
NV104849,Nissan,Rogue,Limited,2019,SUV,Gas,AWD,Black,97760,C,5
NV104850,Honda,Civic,Touring,2020,Sedan,Gas,FWD,Black,142060,B,6
NV104851,BMW,3 Series,Base,2022,Sedan,Gas,FWD,Blue,69850,C,3
NV104852,Toyota,Corolla,Base,2024,Sedan,Gas,FWD,Brown,39510,B,2
NV104853,Hyundai,Elantra,Sport,2021,Sedan,Gas,FWD,Green,73880,B,3
NV104854,Subaru,Outback,Base,2019,Wagon,Gas,AWD,Grey,94570,B,7
NV104855,Chevrolet,Equinox,Touring,2021,SUV,Gas,FWD,Green,43180,B,4
NV104856,Hyundai,Elantra,Sport,2024,Sedan,Gas,FWD,White,33640,A,2
NV104857,Hyundai,Ioniq 5,Limited,2025,SUV,Electric,AWD,Black,6460,A,0
NV104858,Kia,Sportage,Sport,2022,SUV,Gas,AWD,Red,60960,B,3
NV104859,Mazda,CX-5,Limited,2023,SUV,Gas,FWD,Blue,39480,A,2
NV104860,Toyota,RAV4 Hybrid,Limited,2020,SUV,Hybrid,AWD,Red,139170,B,5
NV104861,Kia,Forte,Limited,2020,Sedan,Gas,FWD,Blue,76800,A,4
NV104862,Ford,F-150,Sport,2023,Truck,Gas,4WD,Silver,18140,A,1
NV104863,Ford,Escape,Sport,2019,SUV,Gas,AWD,Grey,134040,C,6
NV104864,Toyota,Camry,Touring,2020,Sedan,Gas,FWD,Brown,104340,B,6
NV104865,Hyundai,Tucson,Base,2021,SUV,Gas,FWD,Red,68930,B,5
NV104866,Hyundai,Tucson,Sport,2020,SUV,Gas,AWD,Silver,97010,B,6
NV104867,Ford,F-150,Touring,2024,Truck,Gas,4WD,Silver,40400,B,2
NV104868,Honda,Civic,Base,2024,Sedan,Gas,FWD,Grey,38410,B,2
NV104869,Volkswagen,Tiguan,Limited,2022,SUV,Gas,AWD,White,64780,D,4
NV104870,Kia,Sportage,Base,2025,SUV,Gas,FWD,Black,7140,A,0
NV104871,Hyundai,Ioniq 5,Sport,2021,SUV,Electric,FWD,Grey,49760,B,4
NV104872,Toyota,RAV4,Base,2022,SUV,Gas,FWD,Brown,35660,B,3
NV104873,Chevrolet,Equinox,Sport,2023,SUV,Gas,AWD,Blue,62660,A,3
NV104874,Honda,Accord,Base,2025,Sedan,Gas,FWD,Green,19330,B,1
NV104875,Toyota,Corolla,Limited,2023,Sedan,Gas,FWD,Black,23030,A,1
NV104876,Toyota,Camry,Base,2022,Sedan,Gas,FWD,Grey,59410,B,3
NV104877,Ford,F-150,Sport,2024,Truck,Gas,4WD,Green,4000,A,0
NV104878,Kia,Sportage,,2025,SUV,Gas,AWD,Grey,8460,A,0
NV104879,Jeep,Wrangler,Touring,2021,SUV,Gas,FWD,White,44970,B,4
NV104880,Toyota,Tacoma,Sport,2020,Truck,Gas,4WD,Red,103760,C,5
NV104881,Volkswagen,Tiguan,Limited,2022,SUV,Gas,AWD,Green,73810,A,4
NV104882,Honda,CR-V,Sport,2020,SUV,Gas,AWD,Silver,86230,C,5
NV104883,Chevrolet,Silverado 1500,Base,2018,Truck,Gas,4WD,Blue,80680,A,6
NV104884,Toyota,RAV4 Hybrid,Limited,2022,SUV,Hybrid,AWD,Silver,40970,A,2
NV104885,Ford,F-150,Base,2020,Truck,Gas,4WD,White,107450,B,5
NV104886,Kia,Sportage,Base,2024,SUV,Gas,AWD,Silver,25580,A,1
NV104887,Honda,CR-V,Sport,2025,SUV,Gas,FWD,Silver,26320,A,1
NV104888,Volkswagen,Tiguan,Limited,2019,SUV,Gas,FWD,White,100980,C,5
NV104889,Honda,Odyssey,Limited,2020,Minivan,Gas,FWD,Silver,74270,A,4
NV104890,Tesla,Model 3,Touring,2020,Sedan,Electric,FWD,White,100350,A,6
NV104891,Honda,CR-V,Base,2020,SUV,Gas,FWD,Black,71620,B,6
NV104892,Toyota,RAV4,Base,2021,SUV,Gas,FWD,Green,45390,B,3
NV104893,Ford,F-150,Base,2025,Truck,Gas,4WD,Red,6740,A,0
NV104894,Honda,CR-V Hybrid,Base,2020,SUV,Hybrid,AWD,White,82740,B,4
NV104895,Hyundai,Elantra,Base,2019,Sedan,Gas,FWD,Blue,91350,B,6
NV104896,Toyota,Camry,Base,2019,Sedan,Gas,FWD,Grey,80610,C,5
NV104897,Chevrolet,Silverado 1500,Sport,2022,Truck,Gas,4WD,Red,79200,A,4
NV104898,Hyundai,Tucson,Sport,2016,SUV,Gas,AWD,Black,162380,B,9
NV104899,Hyundai,Elantra,Sport,2023,Sedan,Gas,FWD,Blue,49520,B,3
NV104900,Chevrolet,Equinox,Base,2022,SUV,Gas,AWD,Red,69250,C,4
NV104901,Ram,1500,Sport,2019,Truck,Gas,4WD,Silver,134390,C,7
NV104902,Toyota,RAV4 Hybrid,Touring,2020,SUV,Hybrid,FWD,Red,79030,C,4
NV104903,Toyota,Tacoma,Base,2019,Truck,Gas,4WD,Green,86770,C,5
NV104904,Volkswagen,Tiguan,Sport,2023,SUV,Gas,AWD,Grey,28190,A,1
NV104905,Kia,Forte,Touring,2021,Sedan,Gas,FWD,Brown,31700,A,4
NV104906,Ford,F-150,Limited,2025,Truck,Gas,4WD,Silver,26480,A,1
NV104907,Kia,Sportage,Touring,2022,SUV,Gas,AWD,Green,51690,B,4
NV104908,Honda,CR-V Hybrid,Touring,2018,SUV,Hybrid,FWD,Grey,117210,D,7
NV104909,Ford,Escape,Base,2019,SUV,Gas,AWD,Red,90410,C,6
NV104910,Ford,F-150,,2020,Truck,Gas,4WD,Blue,70340,A,4
NV104911,Ford,F-150,Sport,2021,Truck,Gas,4WD,White,41390,B,3
NV104912,Honda,Odyssey,Limited,2024,Minivan,Gas,FWD,Brown,20230,A,1
NV104913,Honda,CR-V,Base,2022,SUV,Gas,FWD,Brown,43740,A,3
NV104914,Mazda,CX-5,Base,2024,SUV,Gas,FWD,White,23940,A,1
NV104915,Ford,F-150,Base,2019,Truck,Gas,4WD,Blue,73140,A,6
NV104916,Subaru,Outback,Sport,2019,Wagon,Gas,FWD,Black,140330,D,7
NV104917,Toyota,Camry,Sport,2022,Sedan,Gas,FWD,Blue,62910,B,4
NV104918,Ford,Escape,Sport,2018,SUV,Gas,FWD,Brown,114530,B,7
NV104919,Honda,CR-V,Touring,2022,SUV,Gas,AWD,Brown,62540,B,3
NV104920,Hyundai,Tucson,,2024,SUV,Gas,AWD,Green,47690,A,2
NV104921,Honda,Civic,Sport,2023,Sedan,Gas,FWD,Black,31690,A,2
NV104922,Jeep,Wrangler,Touring,2022,SUV,Gas,FWD,Grey,20240,B,2
NV104923,Honda,CR-V,Base,2022,SUV,Gas,FWD,Red,43980,B,2
NV104924,Honda,CR-V,Base,2021,SUV,Gas,AWD,Black,62010,B,4
NV104925,Honda,Civic,Limited,2016,Sedan,Gas,FWD,Blue,211200,D,10
NV104926,Honda,CR-V,,2023,SUV,Gas,FWD,Grey,67480,B,3
NV104927,Mazda,Mazda3,Touring,2020,Hatchback,Gas,FWD,Green,84370,C,4
NV104928,Subaru,Outback,Limited,2021,Wagon,Gas,FWD,White,75670,B,4
NV104929,Ford,Escape,Sport,2020,SUV,Gas,FWD,Grey,81770,B,5
NV104930,Volkswagen,Tiguan,Limited,2021,SUV,Gas,AWD,Brown,78020,B,5
NV104931,Toyota,Corolla,Touring,2022,Sedan,Gas,FWD,Brown,79420,B,4
NV104932,Honda,Civic,Base,2021,Sedan,Gas,FWD,Brown,23810,B,3
NV104933,Toyota,Tacoma,Limited,2020,Truck,Gas,4WD,Grey,87250,B,4
NV104934,Chevrolet,Silverado 1500,Sport,2021,Truck,Gas,4WD,Brown,79530,C,5
NV104935,Honda,CR-V,,2020,SUV,Gas,FWD,Grey,101390,B,5
NV104936,Toyota,Tacoma,Base,2023,Truck,Gas,4WD,Silver,31190,A,2
NV104937,Hyundai,Tucson,Limited,2023,SUV,Gas,AWD,Black,42820,A,3
NV104938,Chevrolet,Equinox,Sport,2017,SUV,Gas,FWD,Red,132630,C,9
NV104939,Toyota,RAV4,Sport,2022,SUV,Gas,AWD,Green,67880,C,4
NV104940,Honda,CR-V Hybrid,Base,2018,SUV,Hybrid,AWD,Red,133740,B,6
NV104941,Honda,Civic,Sport,2018,Sedan,Gas,FWD,Black,89520,B,6
NV104942,Toyota,Corolla,Sport,2019,Sedan,Gas,FWD,Blue,167110,D,7
NV104943,Honda,CR-V,Sport,2020,SUV,Gas,FWD,Silver,154020,D,6
NV104944,Honda,Civic,Base,2016,Sedan,Gas,FWD,Red,142230,D,10
NV104945,Jeep,Wrangler,Sport,2019,SUV,Gas,FWD,White,134270,B,7
NV104946,Chevrolet,Equinox,Touring,2017,SUV,Gas,AWD,Silver,125850,C,9
NV104947,Kia,Sportage,Base,2018,SUV,Gas,FWD,Red,98460,C,6
NV104948,Subaru,Outback,Limited,2020,Wagon,Gas,AWD,Green,78890,C,6
NV104949,Kia,Sportage,Base,2021,SUV,Gas,AWD,Blue,91380,A,5
NV104950,Hyundai,Tucson,Sport,2023,SUV,Gas,AWD,Silver,56080,B,3
NV104951,Nissan,Rogue,Base,2023,SUV,Gas,FWD,Silver,41160,B,2
NV104952,Subaru,Outback,Sport,2025,Wagon,Gas,AWD,Green,6110,A,0
NV104953,Kia,Sportage,Sport,2023,SUV,Gas,AWD,Red,48870,B,3
NV104954,Toyota,Camry,Sport,2016,Sedan,Gas,FWD,Green,100450,B,8
NV104955,Kia,Sportage,Base,2024,SUV,Gas,FWD,Silver,45650,B,2
NV104956,Toyota,RAV4,Touring,2020,SUV,Gas,AWD,Red,61350,B,5
NV104957,BMW,3 Series,Base,2023,Sedan,Gas,FWD,Black,56490,C,3
NV104958,Honda,Accord,Touring,2023,Sedan,Gas,FWD,Green,64110,B,3
NV104959,Mazda,Mazda3,Sport,2015,Hatchback,Gas,FWD,Blue,189340,D,9
NV104960,Honda,CR-V,Base,2021,SUV,Gas,AWD,Grey,100930,B,5
NV104961,Hyundai,Elantra,Sport,2024,Sedan,Gas,FWD,Black,42710,A,2
NV104962,Jeep,Wrangler,Base,2022,SUV,Gas,AWD,Blue,22980,B,2
NV104963,Nissan,Rogue,Base,2021,SUV,Gas,FWD,Red,59430,B,3
NV104964,Mazda,CX-5,Limited,2016,SUV,Gas,FWD,Black,160570,D,9
NV104965,Ram,1500,Sport,2022,Truck,Gas,4WD,Red,41960,B,2
NV104966,Hyundai,Tucson,Sport,2019,SUV,Gas,AWD,Green,108180,B,7
NV104967,Ford,F-150,Base,2024,Truck,Gas,4WD,Grey,39120,A,2
NV104968,Kia,Sportage,Sport,2020,SUV,Gas,FWD,Grey,58850,A,4
NV104969,Kia,Sportage,Touring,2019,SUV,Gas,FWD,Green,81570,B,6
NV104970,Honda,CR-V,Base,2025,SUV,Gas,AWD,Blue,17220,A,1
NV104971,Toyota,RAV4,Touring,2022,SUV,Gas,AWD,White,62170,B,4
NV104972,Toyota,Tacoma,Base,2018,Truck,Gas,4WD,Grey,107180,B,8
NV104973,Honda,Accord,Touring,2019,Sedan,Gas,FWD,Red,88270,B,7
NV104974,Toyota,Corolla,Base,2019,Sedan,Gas,FWD,Green,139260,C,7
NV104975,Chevrolet,Silverado 1500,Sport,2017,Truck,Gas,4WD,Red,155430,D,8
NV104976,Subaru,Outback,Sport,2020,Wagon,Gas,AWD,Grey,58120,B,4
NV104977,Honda,Accord,Limited,2019,Sedan,Gas,FWD,Grey,130450,D,7
NV104978,Chevrolet,Silverado 1500,Base,2023,Truck,Gas,4WD,Brown,34200,A,2
NV104979,Nissan,Rogue,Base,2019,SUV,Gas,FWD,Red,99570,C,6
NV104980,Kia,Sportage,Limited,2025,SUV,Gas,AWD,Green,21470,A,1
NV104981,Subaru,Outback,Base,2020,Wagon,Gas,AWD,Grey,77030,A,4
NV104982,Volkswagen,Tiguan,Sport,2020,SUV,Gas,AWD,Black,70510,C,5
NV104983,Toyota,RAV4 Hybrid,Sport,2024,SUV,Hybrid,FWD,Blue,25430,A,1
NV104984,Kia,Sportage,Limited,2023,SUV,Gas,AWD,Silver,56790,B,3
NV104985,Jeep,Wrangler,Base,2021,SUV,Gas,FWD,White,61630,C,4
NV104986,Ford,Escape,Touring,2020,SUV,Gas,FWD,White,62150,B,6
NV104987,Toyota,Camry,Touring,2024,Sedan,Gas,FWD,Red,28980,C,2
NV104988,Mazda,CX-5,Base,2020,SUV,Gas,FWD,White,82090,B,4
NV104989,Honda,Civic,Touring,2022,Sedan,Gas,FWD,Black,39260,A,2
NV104990,Honda,CR-V,Touring,2018,SUV,Gas,AWD,Silver,164070,C,8
NV104991,Ford,Escape,Sport,2023,SUV,Gas,AWD,Green,26120,B,2
NV104992,Toyota,Corolla,Base,2020,Sedan,Gas,FWD,Silver,70550,A,4
NV104993,Ford,F-150,Limited,2023,Truck,Gas,4WD,Red,43580,A,2
NV104994,Honda,Accord,Sport,2019,Sedan,Gas,FWD,Red,77320,B,5
NV104995,Hyundai,Elantra,Base,2018,Sedan,Gas,FWD,Black,128700,C,7
NV104996,Toyota,Tacoma,Sport,2019,Truck,Gas,4WD,Grey,76020,B,6
NV104997,Honda,Accord,Limited,2024,Sedan,Gas,FWD,Black,4580,A,0
NV104998,BMW,3 Series,Sport,2021,Sedan,Gas,FWD,Silver,78040,B,4
NV104999,Mazda,Mazda3,Touring,2021,Hatchback,Gas,FWD,Silver,77420,A,4
NV105000,Volkswagen,Tiguan,Touring,2019,SUV,Gas,AWD,Silver,143680,C,7
