vehicle_id,recon_hub,arrival_date,recon_start_date,recon_end_date,recon_days,parts_cost,labour_cost,total_recon_cost,inspection_points_failed
NV100001,GTA Hub,2024-04-05,2024-04-07,2024-04-10,3,335.0,324.0,659.0,3
NV100002,GTA Hub,2026-05-18,2026-05-20,2026-05-31,11,2277.0,1690.0,3967.0,11
NV100003,Calgary Hub,2025-12-27,2025-12-31,2026-01-09,9,1568.0,1016.0,2584.0,11
NV100004,GTA Hub,2025-03-16,2025-03-17,2025-03-24,7,837.0,682.0,1519.0,4
NV100005,GTA Hub,2025-03-26,2025-03-27,2025-03-30,3,705.0,625.0,1330.0,4
NV100006,GTA Hub,2025-09-28,2025-09-29,2025-10-04,5,347.0,369.0,716.0,1
NV100007,GTA Hub,2026-02-09,2026-02-10,2026-02-15,5,1082.0,770.0,1852.0,3
NV100008,GTA Hub,2025-05-28,2025-05-28,2025-06-06,9,1522.0,1110.0,2632.0,9
NV100009,GTA Hub,2026-02-16,2026-02-16,2026-02-24,8,1860.0,1465.0,3325.0,10
NV100010,GTA Hub,2026-06-04,2026-06-05,2026-06-15,10,2286.0,1855.0,4141.0,8
NV100011,Calgary Hub,2025-02-08,2025-02-14,2025-02-17,3,597.0,496.0,1093.0,3
NV100012,GTA Hub,2026-05-09,2026-05-11,2026-05-18,7,1565.0,1258.0,2823.0,8
NV100013,GTA Hub,2025-02-27,2025-03-01,2025-03-05,4,255.0,272.0,527.0,0
NV100014,Calgary Hub,2026-06-05,2026-06-10,2026-06-18,8,1229.0,1005.0,2234.0,7
NV100015,Calgary Hub,2026-05-10,2026-05-11,2026-05-20,9,1371.0,1092.0,2463.0,11
NV100016,GTA Hub,2025-11-22,2025-11-24,2025-12-03,9,1430.0,1105.0,2535.0,2
NV100017,GTA Hub,2026-08-18,2026-08-19,2026-09-03,15,3544.0,2768.0,6312.0,9
NV100018,Calgary Hub,2026-03-29,2026-03-31,2026-04-10,10,1677.0,1312.0,2989.0,6
NV100019,GTA Hub,2024-01-25,2024-01-27,2024-02-16,20,4926.0,3095.0,8021.0,13
NV100020,Montreal Hub,2024-07-21,2024-07-21,2024-07-30,9,1325.0,1069.0,2394.0,6
NV100021,Calgary Hub,2026-04-07,2026-04-07,2026-04-14,7,1064.0,902.0,1966.0,3
NV100022,Calgary Hub,2026-03-09,2026-03-11,2026-03-16,5,1205.0,799.0,2004.0,5
NV100023,GTA Hub,2025-04-26,2025-04-28,2025-05-06,8,1288.0,1000.0,2288.0,11
NV100024,GTA Hub,2025-09-04,2025-09-04,2025-09-13,9,1492.0,1283.0,2775.0,6
NV100025,GTA Hub,2026-05-10,2026-05-10,2026-05-24,14,2717.0,1518.0,4235.0,4
NV100026,GTA Hub,2024-10-16,2024-10-16,2024-10-20,4,776.0,643.0,1419.0,4
NV100027,GTA Hub,2025-10-14,2025-10-15,2025-10-24,9,1380.0,1191.0,2571.0,7
NV100028,GTA Hub,2026-04-26,2026-04-26,2026-04-28,2,361.0,354.0,715.0,1
NV100029,Montreal Hub,2024-12-26,2024-12-29,2025-01-04,6,633.0,462.0,1095.0,3
NV100030,GTA Hub,2024-12-04,2024-12-05,2024-12-08,3,407.0,324.0,731.0,0
NV100031,Calgary Hub,2025-12-08,2025-12-13,2025-12-17,4,623.0,474.0,1097.0,5
NV100032,Calgary Hub,2024-12-28,2024-12-31,2025-01-03,3,377.0,336.0,713.0,1
NV100033,GTA Hub,2026-08-05,2026-08-07,2026-08-12,5,1303.0,1002.0,2305.0,3
NV100034,GTA Hub,2024-07-11,2024-07-11,2024-07-18,7,1175.0,946.0,2121.0,6
NV100035,GTA Hub,2025-06-07,2025-06-08,2025-06-20,12,2123.0,1693.0,3816.0,9
NV100036,Calgary Hub,2026-02-19,2026-02-21,2026-03-07,14,2411.0,1902.0,4313.0,8
NV100037,GTA Hub,2025-07-04,2025-07-04,2025-07-14,10,1719.0,1168.0,2887.0,6
NV100038,Montreal Hub,2024-02-01,2024-02-02,2024-02-04,2,379.0,399.0,778.0,2
NV100039,GTA Hub,2026-01-17,2026-01-18,2026-01-26,8,1644.0,1476.0,3120.0,3
NV100040,Calgary Hub,2026-07-07,2026-07-10,2026-07-15,5,689.0,668.0,1357.0,3
NV100041,Calgary Hub,2026-04-10,2026-04-12,2026-04-23,11,1938.0,1235.0,3173.0,1
NV100042,GTA Hub,2025-12-21,2025-12-21,2025-12-24,3,228.0,216.0,444.0,1
NV100043,GTA Hub,2026-07-09,2026-07-09,2026-07-15,6,877.0,782.0,1659.0,2
NV100044,Calgary Hub,2024-08-12,2024-08-16,2024-08-22,6,1090.0,681.0,1771.0,4
NV100045,Calgary Hub,2025-03-22,2025-03-26,2025-03-30,4,399.0,306.0,705.0,0
NV100046,GTA Hub,2025-02-08,2025-02-08,2025-02-16,8,618.0,512.0,1130.0,3
NV100047,Calgary Hub,2025-03-26,2025-03-27,2025-03-30,3,862.0,658.0,1520.0,3
NV100048,GTA Hub,2026-01-14,2026-01-17,2026-01-23,6,1207.0,862.0,2069.0,4
NV100049,Calgary Hub,2025-01-31,2025-02-03,2025-02-08,5,401.0,390.0,791.0,2
NV100050,GTA Hub,2026-06-26,2026-06-27,2026-07-07,10,1153.0,884.0,2037.0,5
NV100051,Calgary Hub,2024-09-15,2024-09-16,2024-09-19,3,363.0,297.0,660.0,4
NV100052,Montreal Hub,2025-04-20,2025-04-24,2025-04-30,6,1190.0,816.0,2006.0,8
NV100053,Montreal Hub,2026-05-29,2026-05-30,2026-06-03,4,546.0,467.0,1013.0,2
NV100054,GTA Hub,2024-05-13,2024-05-13,2024-05-21,8,1549.0,1184.0,2733.0,6
NV100055,GTA Hub,2026-08-07,2026-08-07,2026-08-11,4,908.0,779.0,1687.0,5
NV100056,GTA Hub,2025-05-15,2025-05-15,2025-05-22,7,1199.0,935.0,2134.0,7
NV100057,GTA Hub,2025-08-23,2025-08-26,2025-08-28,2,791.0,582.0,1373.0,10
NV100058,Calgary Hub,2026-04-14,2026-04-17,2026-04-19,2,438.0,384.0,822.0,7
NV100059,GTA Hub,2025-02-11,2025-02-13,2025-02-25,12,2564.0,2236.0,4800.0,10
NV100060,GTA Hub,2025-08-04,2025-08-07,2025-08-12,5,1478.0,1148.0,2626.0,4
NV100061,Calgary Hub,2026-04-24,2026-04-26,2026-04-29,3,415.0,336.0,751.0,9
NV100062,Calgary Hub,2026-02-09,2026-02-16,2026-02-20,4,965.0,639.0,1604.0,4
NV100063,GTA Hub,2026-04-01,2026-04-01,2026-04-16,15,3510.0,2195.0,5705.0,12
NV100064,GTA Hub,2024-09-23,2024-09-24,2024-10-02,8,1589.0,1215.0,2804.0,13
NV100065,Calgary Hub,2025-06-09,2025-06-12,2025-06-18,6,1312.0,899.0,2211.0,5
NV100066,GTA Hub,2025-04-17,2025-04-19,2025-04-26,7,1006.0,805.0,1811.0,1
NV100067,GTA Hub,2025-10-04,2025-10-06,2025-10-13,7,609.0,531.0,1140.0,2
NV100068,GTA Hub,2025-05-28,2025-05-30,2025-06-02,3,281.0,311.0,592.0,0
NV100069,Montreal Hub,2025-12-09,2025-12-10,2025-12-16,6,1206.0,768.0,1974.0,5
NV100070,GTA Hub,2024-02-08,2024-02-08,2024-02-11,3,117.0,157.0,274.0,0
NV100071,GTA Hub,2026-02-03,2026-02-07,2026-02-14,7,1620.0,1069.0,2689.0,6
NV100072,GTA Hub,2025-04-27,2025-04-28,2025-05-01,3,516.0,392.0,908.0,3
NV100073,Calgary Hub,2026-07-11,2026-07-15,2026-07-26,11,1875.0,1312.0,3187.0,9
NV100074,Calgary Hub,2026-06-22,2026-06-23,2026-07-03,10,2606.0,1864.0,4470.0,3
NV100075,GTA Hub,2025-08-12,2025-08-13,2025-08-21,8,1697.0,1346.0,3043.0,11
NV100076,GTA Hub,2026-06-23,2026-06-23,2026-06-28,5,1310.0,1196.0,2506.0,10
NV100077,GTA Hub,2025-11-23,2025-11-24,2025-12-02,8,1666.0,1108.0,2774.0,9
NV100078,Calgary Hub,2025-03-02,2025-03-02,2025-03-05,3,73.0,98.0,171.0,4
NV100079,Calgary Hub,2025-05-25,2025-05-29,2025-06-10,12,2795.0,1834.0,4629.0,10
NV100080,Calgary Hub,2025-10-12,2025-10-16,2025-10-20,4,535.0,429.0,964.0,2
NV100081,Calgary Hub,2026-08-31,2026-09-05,2026-09-08,3,576.0,451.0,1027.0,4
NV100082,Calgary Hub,2024-04-22,2024-04-24,2024-04-28,4,445.0,359.0,804.0,0
NV100083,GTA Hub,2026-02-24,2026-02-26,2026-03-06,8,876.0,651.0,1527.0,4
NV100084,GTA Hub,2025-06-18,2025-06-19,2025-06-22,3,597.0,472.0,1069.0,4
NV100085,Calgary Hub,2026-03-08,2026-03-11,2026-03-19,8,1477.0,1261.0,2738.0,5
NV100086,Calgary Hub,2026-08-24,2026-08-28,2026-09-05,8,1107.0,1047.0,2154.0,8
NV100087,Calgary Hub,2025-08-05,2025-08-07,2025-08-26,19,4068.0,3301.0,7369.0,11
NV100088,Calgary Hub,2026-04-22,2026-04-27,2026-05-02,5,1396.0,1072.0,2468.0,5
NV100089,Calgary Hub,2024-04-29,2024-04-29,2024-05-03,4,669.0,635.0,1304.0,2
NV100090,GTA Hub,2026-06-24,2026-06-28,2026-07-04,6,1082.0,805.0,1887.0,4
NV100091,Calgary Hub,2024-08-14,2024-08-14,2024-08-19,5,191.0,183.0,374.0,1
NV100092,Calgary Hub,2025-07-18,2025-07-21,2025-07-24,3,249.0,225.0,474.0,2
NV100093,Calgary Hub,2026-05-22,2026-05-25,2026-06-03,9,1644.0,1305.0,2949.0,5
NV100094,GTA Hub,2024-01-20,2024-01-20,2024-01-24,4,360.0,337.0,697.0,3
NV100095,GTA Hub,2026-07-12,2026-07-13,2026-07-20,7,689.0,528.0,1217.0,1
NV100096,GTA Hub,2026-08-17,2026-08-18,2026-08-23,5,399.0,401.0,800.0,7
NV100097,Calgary Hub,2024-05-29,2024-06-01,2024-06-03,2,97.0,120.0,217.0,3
NV100098,GTA Hub,2025-06-11,2025-06-11,2025-06-19,8,1665.0,1230.0,2895.0,6
NV100099,GTA Hub,2025-12-23,2025-12-25,2026-01-02,8,1173.0,966.0,2139.0,0
NV100100,Calgary Hub,2025-04-18,2025-04-20,2025-04-29,9,1953.0,1656.0,3609.0,10
NV100101,GTA Hub,2024-10-10,2024-10-11,2024-10-27,16,3009.0,2589.0,5598.0,14
NV100102,Montreal Hub,2025-09-12,2025-09-14,2025-09-20,6,550.0,450.0,1000.0,2
NV100103,Montreal Hub,2025-05-07,2025-05-07,2025-05-16,9,2041.0,1353.0,3394.0,4
NV100104,GTA Hub,2024-10-06,2024-10-08,2024-10-14,6,753.0,609.0,1362.0,6
NV100105,GTA Hub,2026-06-14,2026-06-16,2026-06-23,7,1366.0,1177.0,2543.0,5
NV100106,Montreal Hub,2026-05-20,2026-05-20,2026-05-25,5,477.0,428.0,905.0,3
NV100107,Calgary Hub,2025-02-27,2025-03-03,2025-03-06,3,326.0,275.0,601.0,3
NV100108,GTA Hub,2024-01-17,2024-01-17,2024-01-21,4,354.0,337.0,691.0,3
NV100109,GTA Hub,2025-08-14,2025-08-14,2025-08-17,3,939.0,617.0,1556.0,5
NV100110,GTA Hub,2025-03-06,2025-03-06,2025-03-12,6,760.0,591.0,1351.0,0
NV100111,GTA Hub,2026-07-08,2026-07-09,2026-07-17,8,938.0,670.0,1608.0,4
NV100112,Montreal Hub,2026-02-27,2026-02-28,2026-03-09,9,2205.0,1493.0,3698.0,7
NV100113,Montreal Hub,2025-08-10,2025-08-12,2025-08-24,12,2027.0,1428.0,3455.0,7
NV100114,Montreal Hub,2026-05-10,2026-05-10,2026-05-17,7,920.0,716.0,1636.0,4
NV100115,GTA Hub,2024-05-09,2024-05-10,2024-05-12,2,283.0,292.0,575.0,0
NV100116,Calgary Hub,2026-08-05,2026-08-12,2026-08-28,16,3334.0,2298.0,5632.0,7
NV100117,GTA Hub,2026-04-12,2026-04-12,2026-04-20,8,1935.0,1605.0,3540.0,6
NV100118,GTA Hub,2025-03-30,2025-03-30,2025-04-02,3,158.0,192.0,350.0,0
NV100119,GTA Hub,2025-11-19,2025-11-20,2025-11-22,2,308.0,311.0,619.0,1
NV100120,GTA Hub,2024-03-15,2024-03-16,2024-03-21,5,1063.0,864.0,1927.0,9
NV100121,GTA Hub,2024-01-10,2024-01-10,2024-01-12,2,453.0,386.0,839.0,3
NV100122,Montreal Hub,2025-01-05,2025-01-08,2025-01-10,2,370.0,346.0,716.0,1
NV100123,Calgary Hub,2026-03-03,2026-03-08,2026-03-14,6,1114.0,821.0,1935.0,6
NV100124,Calgary Hub,2025-11-27,2025-11-30,2025-12-05,5,916.0,705.0,1621.0,2
NV100125,Montreal Hub,2025-12-16,2025-12-17,2025-12-27,10,1254.0,1053.0,2307.0,7
NV100126,Montreal Hub,2026-05-11,2026-05-12,2026-05-19,7,814.0,626.0,1440.0,4
NV100127,Calgary Hub,2025-12-05,2025-12-05,2025-12-07,2,484.0,421.0,905.0,2
NV100128,GTA Hub,2026-02-10,2026-02-10,2026-02-16,6,1317.0,983.0,2300.0,5
NV100129,Calgary Hub,2025-08-04,2025-08-06,2025-08-23,17,4144.0,2518.0,6662.0,19
NV100130,GTA Hub,2024-06-13,2024-06-15,2024-06-19,4,133.0,198.0,331.0,3
NV100131,Montreal Hub,2025-07-04,2025-07-04,2025-07-16,12,2364.0,1575.0,3939.0,7
NV100132,GTA Hub,2024-09-03,2024-09-03,2024-09-08,5,230.0,206.0,436.0,1
NV100133,GTA Hub,2024-04-08,2024-04-08,2024-04-10,2,224.0,301.0,525.0,0
NV100134,Calgary Hub,2025-01-22,2025-01-25,2025-01-31,6,1003.0,899.0,1902.0,7
NV100135,GTA Hub,2024-06-22,2024-06-26,2024-06-30,4,1203.0,940.0,2143.0,7
NV100136,GTA Hub,2026-07-20,2026-07-20,2026-07-29,9,1517.0,1147.0,2664.0,8
NV100137,Calgary Hub,2026-06-28,2026-06-30,2026-07-12,12,2122.0,1519.0,3641.0,7
NV100138,GTA Hub,2025-12-27,2025-12-28,2026-01-14,17,3673.0,2759.0,6432.0,6
NV100139,Calgary Hub,2025-12-09,2025-12-13,2025-12-20,7,927.0,672.0,1599.0,5
NV100140,GTA Hub,2025-04-14,2025-04-16,2025-04-26,10,1988.0,1336.0,3324.0,7
NV100141,Calgary Hub,2026-03-20,2026-03-24,2026-04-01,8,1304.0,824.0,2128.0,5
NV100142,Calgary Hub,2024-07-03,2024-07-07,2024-07-12,5,701.0,616.0,1317.0,3
NV100143,Montreal Hub,2025-05-17,2025-05-19,2025-05-22,3,228.0,203.0,431.0,1
NV100144,Montreal Hub,2025-02-15,2025-02-15,2025-02-22,7,704.0,663.0,1367.0,6
NV100145,Calgary Hub,2026-04-22,2026-04-25,2026-04-30,5,813.0,635.0,1448.0,4
NV100146,GTA Hub,2025-08-01,2025-08-01,2025-08-05,4,490.0,443.0,933.0,3
NV100147,GTA Hub,2025-04-24,2025-04-24,2025-05-01,7,1748.0,1495.0,3243.0,6
NV100148,GTA Hub,2024-10-14,2024-10-14,2024-10-17,3,401.0,345.0,746.0,0
NV100149,GTA Hub,2025-09-18,2025-09-18,2025-10-05,17,4099.0,3180.0,7279.0,12
NV100150,GTA Hub,2025-06-09,2025-06-10,2025-06-17,7,1036.0,888.0,1924.0,2
NV100151,Calgary Hub,2025-05-19,2025-05-20,2025-05-24,4,129.0,202.0,331.0,3
NV100152,Calgary Hub,2025-04-04,2025-04-09,2025-04-16,7,808.0,611.0,1419.0,2
NV100153,GTA Hub,2025-11-19,2025-11-19,2025-11-25,6,1091.0,854.0,1945.0,7
NV100154,Calgary Hub,2025-04-09,2025-04-11,2025-04-19,8,1937.0,1227.0,3164.0,4
NV100155,GTA Hub,2025-02-23,2025-02-26,2025-03-08,10,1830.0,1373.0,3203.0,5
NV100156,GTA Hub,2025-03-31,2025-04-02,2025-04-07,5,322.0,315.0,637.0,0
NV100157,GTA Hub,2026-05-30,2026-06-01,2026-06-08,7,452.0,373.0,825.0,1
NV100158,GTA Hub,2024-12-02,2024-12-02,2024-12-06,4,472.0,429.0,901.0,3
NV100159,Calgary Hub,2026-04-22,2026-04-25,2026-05-03,8,1384.0,946.0,2330.0,3
NV100160,GTA Hub,2025-05-13,2025-05-13,2025-05-18,5,293.0,286.0,579.0,1
NV100161,Montreal Hub,2025-04-20,2025-04-23,2025-04-26,3,404.0,344.0,748.0,2
NV100162,Calgary Hub,2026-01-03,2026-01-07,2026-01-14,7,1370.0,1199.0,2569.0,6
NV100163,Montreal Hub,2026-07-07,2026-07-08,2026-07-12,4,881.0,625.0,1506.0,8
NV100164,Montreal Hub,2024-07-05,2024-07-05,2024-07-08,3,565.0,447.0,1012.0,8
NV100165,GTA Hub,2026-08-19,2026-08-19,2026-09-02,14,2573.0,1873.0,4446.0,12
NV100166,Calgary Hub,2024-09-15,2024-09-20,2024-09-30,10,1545.0,1125.0,2670.0,4
NV100167,GTA Hub,2025-04-26,2025-04-28,2025-05-05,7,1506.0,973.0,2479.0,4
NV100168,GTA Hub,2026-03-05,2026-03-07,2026-03-15,8,986.0,751.0,1737.0,9
NV100169,GTA Hub,2024-04-09,2024-04-10,2024-04-12,2,124.0,145.0,269.0,5
NV100170,Montreal Hub,2025-08-10,2025-08-11,2025-08-18,7,1001.0,829.0,1830.0,6
NV100171,Calgary Hub,2024-06-24,2024-06-30,2024-07-09,9,1293.0,934.0,2227.0,4
NV100172,GTA Hub,2025-04-25,2025-04-26,2025-04-28,2,241.0,260.0,501.0,1
NV100173,GTA Hub,2025-04-12,2025-04-14,2025-04-18,4,1064.0,890.0,1954.0,3
NV100174,Calgary Hub,2026-06-28,2026-07-01,2026-07-11,10,1728.0,1496.0,3224.0,11
NV100175,Montreal Hub,2025-11-16,2025-11-17,2025-11-23,6,972.0,867.0,1839.0,4
NV100176,Calgary Hub,2024-09-26,2024-09-28,2024-10-01,3,153.0,148.0,301.0,0
NV100177,GTA Hub,2025-03-04,2025-03-04,2025-03-08,4,415.0,343.0,758.0,3
NV100178,Calgary Hub,2026-03-13,2026-03-18,2026-03-27,9,1968.0,1329.0,3297.0,8
NV100179,GTA Hub,2026-08-13,2026-08-15,2026-08-20,5,1460.0,1153.0,2613.0,7
NV100180,Montreal Hub,2025-09-05,2025-09-06,2025-09-11,5,1265.0,919.0,2184.0,2
NV100181,GTA Hub,2026-07-29,2026-07-30,2026-08-05,6,537.0,348.0,885.0,4
NV100182,Montreal Hub,2025-04-11,2025-04-14,2025-04-21,7,548.0,391.0,939.0,1
NV100183,Montreal Hub,2024-05-20,2024-05-24,2024-05-27,3,106.0,148.0,254.0,1
NV100184,GTA Hub,2024-08-15,2024-08-17,2024-08-21,4,841.0,648.0,1489.0,9
NV100185,GTA Hub,2024-06-27,2024-06-28,2024-07-03,5,564.0,460.0,1024.0,3
NV100186,GTA Hub,2026-05-11,2026-05-12,2026-05-19,7,1014.0,820.0,1834.0,5
NV100187,GTA Hub,2026-01-23,2026-01-23,2026-01-27,4,870.0,693.0,1563.0,2
NV100188,GTA Hub,2025-12-01,2025-12-05,2025-12-09,4,996.0,734.0,1730.0,3
NV100189,GTA Hub,2026-08-16,2026-08-16,2026-08-23,7,1459.0,1266.0,2725.0,5
NV100190,Montreal Hub,2024-01-07,2024-01-07,2024-01-15,8,1312.0,893.0,2205.0,2
NV100191,Calgary Hub,2024-08-17,2024-08-20,2024-08-24,4,598.0,506.0,1104.0,4
NV100192,GTA Hub,2024-11-26,2024-11-27,2024-12-04,7,1331.0,998.0,2329.0,3
NV100193,GTA Hub,2024-08-10,2024-08-13,2024-08-17,4,110.0,169.0,279.0,0
NV100194,GTA Hub,2024-01-18,2024-01-19,2024-01-29,10,1512.0,1057.0,2569.0,5
NV100195,Calgary Hub,2025-11-30,2025-12-02,2025-12-05,3,398.0,334.0,732.0,2
NV100196,GTA Hub,2025-03-12,2025-03-13,2025-03-17,4,811.0,749.0,1560.0,5
NV100197,Calgary Hub,2025-09-01,2025-09-06,2025-09-11,5,591.0,520.0,1111.0,4
NV100198,GTA Hub,2026-06-20,2026-06-23,2026-07-01,8,1115.0,977.0,2092.0,9
NV100199,Calgary Hub,2026-02-28,2026-03-05,2026-03-08,3,583.0,437.0,1020.0,6
NV100200,GTA Hub,2026-02-19,2026-02-19,2026-02-25,6,827.0,698.0,1525.0,6
NV100201,GTA Hub,2025-03-26,2025-03-27,2025-03-31,4,894.0,700.0,1594.0,2
NV100202,Calgary Hub,2026-07-03,2026-07-06,2026-07-16,10,2137.0,1833.0,3970.0,14
NV100203,Montreal Hub,2026-04-24,2026-04-25,2026-04-29,4,960.0,726.0,1686.0,1
NV100204,GTA Hub,2025-05-31,2025-05-31,2025-06-07,7,1054.0,756.0,1810.0,8
NV100205,Calgary Hub,2026-05-26,2026-05-26,2026-05-28,2,265.0,256.0,521.0,0
NV100206,Calgary Hub,2025-08-11,2025-08-12,2025-08-19,7,1618.0,1082.0,2700.0,12
NV100207,Calgary Hub,2025-06-21,2025-06-27,2025-06-29,2,403.0,364.0,767.0,9
NV100208,Montreal Hub,2025-08-18,2025-08-20,2025-09-01,12,2810.0,1697.0,4507.0,6
NV100209,Calgary Hub,2024-06-03,2024-06-07,2024-06-09,2,98.0,141.0,239.0,1
NV100210,GTA Hub,2024-02-23,2024-02-24,2024-02-27,3,133.0,167.0,300.0,0
NV100211,Calgary Hub,2025-11-28,2025-12-02,2025-12-07,5,690.0,479.0,1169.0,1
NV100212,GTA Hub,2026-02-06,2026-02-07,2026-02-10,3,219.0,227.0,446.0,1
NV100213,Montreal Hub,2025-05-12,2025-05-15,2025-05-22,7,2192.0,1570.0,3762.0,9
NV100214,Calgary Hub,2025-08-15,2025-08-20,2025-09-01,12,2183.0,1582.0,3765.0,10
NV100215,GTA Hub,2025-06-12,2025-06-14,2025-06-18,4,334.0,296.0,630.0,1
NV100216,GTA Hub,2025-09-04,2025-09-06,2025-09-10,4,1060.0,750.0,1810.0,4
NV100217,Montreal Hub,2025-12-17,2025-12-19,2025-12-23,4,789.0,720.0,1509.0,7
NV100218,GTA Hub,2026-07-12,2026-07-13,2026-07-17,4,400.0,354.0,754.0,1
NV100219,GTA Hub,2026-05-13,2026-05-13,2026-05-25,12,2037.0,1814.0,3851.0,9
NV100220,Calgary Hub,2026-01-29,2026-01-30,2026-02-06,7,1446.0,1160.0,2606.0,6
NV100221,Montreal Hub,2026-02-19,2026-02-21,2026-02-28,7,786.0,672.0,1458.0,2
NV100222,GTA Hub,2025-07-14,2025-07-14,2025-07-19,5,623.0,547.0,1170.0,3
NV100223,Montreal Hub,2024-09-27,2024-09-29,2024-10-02,3,688.0,581.0,1269.0,2
NV100224,Montreal Hub,2026-06-16,2026-06-17,2026-06-27,10,1768.0,1427.0,3195.0,5
NV100225,Montreal Hub,2024-03-30,2024-04-02,2024-04-07,5,710.0,546.0,1256.0,7
NV100226,Calgary Hub,2024-03-17,2024-03-19,2024-03-23,4,396.0,355.0,751.0,2
NV100227,Calgary Hub,2025-11-30,2025-12-02,2025-12-04,2,346.0,372.0,718.0,2
NV100228,Montreal Hub,2024-04-23,2024-04-24,2024-04-29,5,290.0,298.0,588.0,9
NV100229,GTA Hub,2024-12-30,2024-12-30,2025-01-03,4,577.0,480.0,1057.0,8
NV100230,Montreal Hub,2026-04-06,2026-04-08,2026-04-17,9,1642.0,1358.0,3000.0,8
NV100231,GTA Hub,2026-03-18,2026-03-20,2026-03-26,6,1234.0,878.0,2112.0,7
NV100232,Montreal Hub,2026-04-04,2026-04-04,2026-04-07,3,514.0,361.0,875.0,2
NV100233,Calgary Hub,2025-08-02,2025-08-03,2025-08-07,4,869.0,587.0,1456.0,6
NV100234,Calgary Hub,2026-08-09,2026-08-12,2026-08-23,11,2094.0,1587.0,3681.0,12
NV100235,GTA Hub,2026-04-04,2026-04-04,2026-04-07,3,351.0,314.0,665.0,4
NV100236,Montreal Hub,2026-02-13,2026-02-17,2026-03-03,14,2462.0,1909.0,4371.0,3
NV100237,GTA Hub,2026-06-26,2026-06-26,2026-07-05,9,2002.0,1563.0,3565.0,9
NV100238,Calgary Hub,2024-07-12,2024-07-13,2024-07-18,5,740.0,610.0,1350.0,3
NV100239,GTA Hub,2026-06-24,2026-06-24,2026-06-30,6,940.0,813.0,1753.0,8
NV100240,Montreal Hub,2025-12-12,2025-12-16,2025-12-18,2,590.0,501.0,1091.0,6
NV100241,Calgary Hub,2026-04-06,2026-04-06,2026-04-11,5,690.0,521.0,1211.0,6
NV100242,Calgary Hub,2025-11-03,2025-11-07,2025-11-11,4,536.0,450.0,986.0,5
NV100243,GTA Hub,2024-12-22,2024-12-24,2024-12-30,6,360.0,327.0,687.0,0
NV100244,Montreal Hub,2025-11-27,2025-11-27,2025-11-30,3,91.0,153.0,244.0,1
NV100245,GTA Hub,2025-01-14,2025-01-15,2025-01-19,4,1356.0,1223.0,2579.0,7
NV100246,GTA Hub,2026-07-16,2026-07-18,2026-07-21,3,1164.0,937.0,2101.0,0
NV100247,GTA Hub,2026-06-13,2026-06-14,2026-06-21,7,1225.0,875.0,2100.0,4
NV100248,GTA Hub,2024-11-12,2024-11-13,2024-11-18,5,528.0,471.0,999.0,0
NV100249,Calgary Hub,2025-10-31,2025-10-31,2025-11-06,6,491.0,379.0,870.0,9
NV100250,GTA Hub,2025-09-29,2025-09-29,2025-10-07,8,1222.0,779.0,2001.0,1
NV100251,GTA Hub,2025-03-26,2025-03-26,2025-03-29,3,607.0,624.0,1231.0,6
NV100252,GTA Hub,2025-09-23,2025-09-26,2025-10-01,5,827.0,750.0,1577.0,0
NV100253,Calgary Hub,2024-06-24,2024-06-26,2024-07-01,5,190.0,240.0,430.0,2
NV100254,Calgary Hub,2026-08-25,2026-08-29,2026-09-11,13,2710.0,2277.0,4987.0,14
NV100255,Calgary Hub,2026-05-15,2026-05-20,2026-05-27,7,1629.0,930.0,2559.0,7
NV100256,GTA Hub,2026-03-26,2026-03-27,2026-04-02,6,1292.0,1103.0,2395.0,3
NV100257,Montreal Hub,2024-08-08,2024-08-10,2024-08-15,5,782.0,601.0,1383.0,3
NV100258,Montreal Hub,2024-11-08,2024-11-08,2024-11-11,3,657.0,507.0,1164.0,2
NV100259,Montreal Hub,2026-05-03,2026-05-04,2026-05-08,4,782.0,615.0,1397.0,4
NV100260,GTA Hub,2025-03-06,2025-03-06,2025-03-10,4,1049.0,686.0,1735.0,2
NV100261,Calgary Hub,2026-05-31,2026-06-02,2026-06-09,7,1213.0,845.0,2058.0,3
NV100262,GTA Hub,2026-02-10,2026-02-11,2026-02-19,8,1257.0,954.0,2211.0,7
NV100263,GTA Hub,2026-03-06,2026-03-07,2026-03-14,7,723.0,588.0,1311.0,2
NV100264,GTA Hub,2024-08-16,2024-08-16,2024-08-19,3,300.0,311.0,611.0,1
NV100265,Montreal Hub,2025-06-28,2025-06-30,2025-07-02,2,385.0,338.0,723.0,3
NV100266,Montreal Hub,2025-03-20,2025-03-21,2025-03-25,4,817.0,580.0,1397.0,3
NV100267,Montreal Hub,2024-09-11,2024-09-16,2024-09-24,8,1398.0,964.0,2362.0,6
NV100268,Montreal Hub,2025-11-01,2025-11-02,2025-11-07,5,309.0,264.0,573.0,2
NV100269,Calgary Hub,2024-02-20,2024-02-21,2024-02-25,4,813.0,640.0,1453.0,3
NV100270,GTA Hub,2026-07-11,2026-07-13,2026-07-17,4,352.0,322.0,674.0,3
NV100271,Montreal Hub,2024-05-25,2024-05-26,2024-05-28,2,135.0,176.0,311.0,3
NV100272,GTA Hub,2026-06-06,2026-06-08,2026-06-10,2,146.0,128.0,274.0,3
NV100273,Montreal Hub,2025-05-24,2025-05-25,2025-06-01,7,967.0,593.0,1560.0,4
NV100274,GTA Hub,2025-06-15,2025-06-16,2025-06-25,9,2536.0,1638.0,4174.0,9
NV100275,Montreal Hub,2026-04-04,2026-04-09,2026-04-14,5,783.0,627.0,1410.0,0
NV100276,GTA Hub,2024-09-04,2024-09-04,2024-09-12,8,2003.0,1163.0,3166.0,2
NV100277,GTA Hub,2025-12-21,2025-12-22,2025-12-24,2,575.0,525.0,1100.0,2
NV100278,GTA Hub,2026-05-07,2026-05-08,2026-05-17,9,2062.0,1627.0,3689.0,9
NV100279,Calgary Hub,2024-06-06,2024-06-08,2024-06-17,9,1810.0,1193.0,3003.0,10
NV100280,GTA Hub,2025-06-14,2025-06-17,2025-06-24,7,1219.0,851.0,2070.0,5
NV100281,GTA Hub,2026-08-23,2026-08-25,2026-09-07,13,2724.0,1725.0,4449.0,8
NV100282,Calgary Hub,2026-05-22,2026-05-27,2026-06-02,6,977.0,923.0,1900.0,4
NV100283,Montreal Hub,2024-12-25,2024-12-25,2024-12-31,6,1323.0,877.0,2200.0,3
NV100284,Calgary Hub,2025-10-11,2025-10-12,2025-10-16,4,841.0,661.0,1502.0,3
NV100285,GTA Hub,2026-08-25,2026-08-26,2026-09-02,7,1805.0,1233.0,3038.0,12
NV100286,Calgary Hub,2024-08-24,2024-08-26,2024-08-31,5,247.0,251.0,498.0,2
NV100287,GTA Hub,2025-05-27,2025-05-27,2025-06-05,9,785.0,622.0,1407.0,2
NV100288,GTA Hub,2025-03-18,2025-03-19,2025-03-26,7,1005.0,731.0,1736.0,2
NV100289,Calgary Hub,2026-03-27,2026-03-29,2026-04-04,6,1274.0,982.0,2256.0,4
NV100290,Montreal Hub,2024-03-15,2024-03-17,2024-03-19,2,499.0,411.0,910.0,1
NV100291,GTA Hub,2024-06-29,2024-07-02,2024-07-04,2,102.0,142.0,244.0,1
NV100292,Calgary Hub,2025-05-11,2025-05-14,2025-05-16,2,396.0,277.0,673.0,1
NV100293,Montreal Hub,2025-11-14,2025-11-17,2025-11-22,5,345.0,270.0,615.0,4
NV100294,GTA Hub,2024-07-07,2024-07-09,2024-07-11,2,111.0,156.0,267.0,1
NV100295,Montreal Hub,2025-12-16,2025-12-17,2025-12-24,7,1029.0,808.0,1837.0,3
NV100296,Calgary Hub,2025-07-14,2025-07-15,2025-07-19,4,534.0,400.0,934.0,2
NV100297,Montreal Hub,2026-07-22,2026-07-22,2026-07-27,5,745.0,705.0,1450.0,5
NV100298,GTA Hub,2024-03-06,2024-03-07,2024-03-12,5,418.0,381.0,799.0,2
NV100299,Montreal Hub,2025-03-23,2025-03-24,2025-03-26,2,252.0,274.0,526.0,1
NV100300,GTA Hub,2025-05-11,2025-05-11,2025-05-17,6,788.0,527.0,1315.0,4
NV100301,GTA Hub,2025-04-10,2025-04-11,2025-04-17,6,1609.0,1294.0,2903.0,9
NV100302,GTA Hub,2024-08-22,2024-08-22,2024-09-02,11,2406.0,1650.0,4056.0,6
NV100303,GTA Hub,2026-05-16,2026-05-16,2026-05-21,5,859.0,713.0,1572.0,8
NV100304,GTA Hub,2026-08-08,2026-08-09,2026-08-17,8,1035.0,703.0,1738.0,3
NV100305,GTA Hub,2025-01-15,2025-01-16,2025-01-21,5,459.0,388.0,847.0,1
NV100306,Calgary Hub,2025-04-19,2025-04-19,2025-04-21,2,388.0,304.0,692.0,2
NV100307,Calgary Hub,2024-08-19,2024-08-25,2024-08-27,2,141.0,206.0,347.0,0
NV100308,GTA Hub,2025-08-02,2025-08-03,2025-08-08,5,1248.0,1065.0,2313.0,8
NV100309,GTA Hub,2026-01-25,2026-01-25,2026-01-30,5,979.0,785.0,1764.0,3
NV100310,GTA Hub,2026-06-02,2026-06-03,2026-06-11,8,1918.0,1393.0,3311.0,8
NV100311,Calgary Hub,2024-07-02,2024-07-04,2024-07-07,3,820.0,667.0,1487.0,3
NV100312,Montreal Hub,2026-08-23,2026-08-24,2026-08-30,6,1182.0,868.0,2050.0,4
NV100313,Calgary Hub,2025-07-26,2025-07-30,2025-08-02,3,593.0,501.0,1094.0,1
NV100314,Calgary Hub,2024-02-12,2024-02-15,2024-02-25,10,2172.0,1675.0,3847.0,11
NV100315,Calgary Hub,2026-04-14,2026-04-15,2026-04-22,7,1445.0,1212.0,2657.0,5
NV100316,Montreal Hub,2026-06-02,2026-06-04,2026-06-08,4,617.0,468.0,1085.0,0
NV100317,Montreal Hub,2025-04-05,2025-04-05,2025-04-14,9,1632.0,1305.0,2937.0,10
NV100318,GTA Hub,2024-08-13,2024-08-14,2024-08-18,4,154.0,202.0,356.0,3
NV100319,GTA Hub,2026-05-25,2026-05-25,2026-06-06,12,1864.0,1487.0,3351.0,3
NV100320,GTA Hub,2025-07-19,2025-07-19,2025-07-21,2,238.0,295.0,533.0,0
NV100321,Montreal Hub,2025-02-18,2025-02-19,2025-02-23,4,1051.0,811.0,1862.0,3
NV100322,GTA Hub,2025-05-02,2025-05-03,2025-05-05,2,520.0,439.0,959.0,1
NV100323,GTA Hub,2025-12-16,2025-12-18,2025-12-26,8,443.0,397.0,840.0,3
NV100324,GTA Hub,2025-01-28,2025-02-01,2025-02-15,14,2680.0,2253.0,4933.0,5
NV100325,Calgary Hub,2024-07-05,2024-07-10,2024-07-12,2,123.0,176.0,299.0,1
NV100326,GTA Hub,2024-05-17,2024-05-17,2024-05-26,9,1086.0,934.0,2020.0,4
NV100327,Calgary Hub,2026-07-12,2026-07-12,2026-07-18,6,749.0,530.0,1279.0,1
NV100328,GTA Hub,2026-05-18,2026-05-18,2026-05-25,7,1286.0,926.0,2212.0,9
NV100329,Calgary Hub,2025-06-24,2025-06-27,2025-07-01,4,261.0,292.0,553.0,0
NV100330,Montreal Hub,2025-02-13,2025-02-14,2025-02-18,4,759.0,587.0,1346.0,5
NV100331,GTA Hub,2026-04-28,2026-04-29,2026-05-05,6,1110.0,825.0,1935.0,7
NV100332,GTA Hub,2026-04-06,2026-04-08,2026-04-16,8,1291.0,1006.0,2297.0,3
NV100333,GTA Hub,2025-12-02,2025-12-02,2025-12-06,4,789.0,709.0,1498.0,2
NV100334,Calgary Hub,2025-12-17,2025-12-17,2025-12-21,4,727.0,568.0,1295.0,2
NV100335,GTA Hub,2024-04-28,2024-04-28,2024-05-09,11,1349.0,999.0,2348.0,18
NV100336,Montreal Hub,2025-04-11,2025-04-12,2025-04-24,12,2804.0,1698.0,4502.0,9
NV100337,GTA Hub,2025-04-20,2025-04-21,2025-04-27,6,924.0,821.0,1745.0,6
NV100338,GTA Hub,2024-09-10,2024-09-12,2024-09-14,2,325.0,355.0,680.0,1
NV100339,Montreal Hub,2024-06-30,2024-07-02,2024-07-08,6,686.0,555.0,1241.0,3
NV100340,Montreal Hub,2024-04-29,2024-04-29,2024-05-06,7,1346.0,1089.0,2435.0,4
NV100341,GTA Hub,2025-06-09,2025-06-09,2025-06-11,2,227.0,243.0,470.0,1
NV100342,Calgary Hub,2025-02-18,2025-02-20,2025-02-24,4,770.0,605.0,1375.0,8
NV100343,Calgary Hub,2025-10-01,2025-10-06,2025-10-12,6,1517.0,971.0,2488.0,10
NV100344,Calgary Hub,2026-04-05,2026-04-08,2026-04-14,6,657.0,484.0,1141.0,3
NV100345,Calgary Hub,2024-06-27,2024-06-29,2024-07-04,5,773.0,736.0,1509.0,1
NV100346,GTA Hub,2026-06-14,2026-06-14,2026-06-29,15,3221.0,2420.0,5641.0,12
NV100347,Montreal Hub,2024-07-24,2024-07-24,2024-07-26,2,206.0,237.0,443.0,4
NV100348,GTA Hub,2024-08-08,2024-08-09,2024-08-12,3,838.0,583.0,1421.0,2
NV100349,GTA Hub,2026-03-25,2026-03-25,2026-03-30,5,1125.0,816.0,1941.0,3
NV100350,Calgary Hub,2024-08-06,2024-08-07,2024-08-09,2,580.0,479.0,1059.0,3
NV100351,GTA Hub,2024-03-07,2024-03-09,2024-03-16,7,892.0,613.0,1505.0,1
NV100352,Montreal Hub,2024-08-25,2024-08-25,2024-08-28,3,439.0,361.0,800.0,0
NV100353,GTA Hub,2025-12-06,2025-12-08,2025-12-12,4,140.0,184.0,324.0,1
NV100354,GTA Hub,2025-04-06,2025-04-06,2025-04-22,16,3137.0,1954.0,5091.0,11
NV100355,GTA Hub,2024-05-23,2024-05-24,2024-05-28,4,688.0,599.0,1287.0,2
NV100356,GTA Hub,2024-07-22,2024-07-23,2024-07-27,4,549.0,511.0,1060.0,2
NV100357,GTA Hub,2025-05-28,2025-05-29,2025-06-03,5,466.0,385.0,851.0,1
NV100358,Montreal Hub,2025-01-26,2025-01-27,2025-02-02,6,1327.0,925.0,2252.0,4
NV100359,Calgary Hub,2025-01-31,2025-02-01,2025-02-06,5,918.0,696.0,1614.0,7
NV100360,GTA Hub,2026-01-24,2026-01-24,2026-02-02,9,2068.0,1239.0,3307.0,2
NV100361,Montreal Hub,2026-01-23,2026-01-26,2026-02-01,6,471.0,403.0,874.0,1
NV100362,Calgary Hub,2025-02-05,2025-02-08,2025-02-11,3,567.0,652.0,1219.0,2
NV100363,Calgary Hub,2026-03-27,2026-04-01,2026-04-05,4,261.0,242.0,503.0,3
NV100364,GTA Hub,2024-06-16,2024-06-18,2024-06-22,4,745.0,528.0,1273.0,2
NV100365,Montreal Hub,2024-11-27,2024-11-28,2024-12-04,6,268.0,241.0,509.0,3
NV100366,Calgary Hub,2024-10-13,2024-10-14,2024-10-16,2,123.0,169.0,292.0,1
NV100367,GTA Hub,2026-02-05,2026-02-08,2026-02-20,12,2366.0,1954.0,4320.0,8
NV100368,GTA Hub,2024-05-14,2024-05-15,2024-05-18,3,74.0,112.0,186.0,0
NV100369,Montreal Hub,2024-12-21,2024-12-22,2024-12-28,6,646.0,473.0,1119.0,3
NV100370,Calgary Hub,2025-05-30,2025-06-01,2025-06-09,8,1504.0,1055.0,2559.0,5
NV100371,Calgary Hub,2026-02-22,2026-02-24,2026-03-07,11,2171.0,1727.0,3898.0,8
NV100372,Calgary Hub,2026-06-02,2026-06-06,2026-06-21,15,2738.0,2022.0,4760.0,7
NV100373,Calgary Hub,2024-03-11,2024-03-13,2024-03-21,8,1108.0,796.0,1904.0,5
NV100374,Montreal Hub,2026-03-14,2026-03-17,2026-03-19,2,811.0,527.0,1338.0,0
NV100375,Montreal Hub,2024-10-10,2024-10-13,2024-10-17,4,334.0,297.0,631.0,1
NV100376,GTA Hub,2025-06-20,2025-06-20,2025-06-25,5,750.0,686.0,1436.0,1
NV100377,GTA Hub,2025-08-09,2025-08-09,2025-08-21,12,2400.0,1596.0,3996.0,10
NV100378,Calgary Hub,2024-10-27,2024-10-29,2024-11-03,5,413.0,336.0,749.0,0
NV100379,Calgary Hub,2026-06-30,2026-07-04,2026-07-11,7,822.0,551.0,1373.0,2
NV100380,GTA Hub,2024-08-07,2024-08-08,2024-08-11,3,154.0,205.0,359.0,0
NV100381,GTA Hub,2026-01-05,2026-01-07,2026-01-23,16,3219.0,2472.0,5691.0,7
NV100382,GTA Hub,2025-10-03,2025-10-04,2025-10-13,9,1663.0,1277.0,2940.0,7
NV100383,Calgary Hub,2026-07-11,2026-07-11,2026-07-19,8,1418.0,1036.0,2454.0,10
NV100384,Montreal Hub,2025-05-09,2025-05-11,2025-05-21,10,2510.0,1580.0,4090.0,4
NV100385,GTA Hub,2025-03-04,2025-03-09,2025-03-14,5,748.0,594.0,1342.0,2
NV100386,GTA Hub,2025-09-11,2025-09-12,2025-09-18,6,407.0,305.0,712.0,3
NV100387,Calgary Hub,2024-05-14,2024-05-16,2024-05-20,4,221.0,237.0,458.0,0
NV100388,GTA Hub,2025-09-04,2025-09-04,2025-09-08,4,135.0,192.0,327.0,1
NV100389,GTA Hub,2024-01-10,2024-01-10,2024-01-16,6,800.0,567.0,1367.0,3
NV100390,Calgary Hub,2026-03-10,2026-03-13,2026-03-23,10,1865.0,1250.0,3115.0,1
NV100391,Montreal Hub,2024-09-04,2024-09-05,2024-09-11,6,772.0,555.0,1327.0,0
NV100392,GTA Hub,2026-05-30,2026-05-31,2026-06-04,4,125.0,133.0,258.0,1
NV100393,GTA Hub,2024-03-08,2024-03-08,2024-03-11,3,148.0,177.0,325.0,0
NV100394,Montreal Hub,2024-08-23,2024-08-26,2024-08-29,3,889.0,626.0,1515.0,1
NV100395,Calgary Hub,2026-07-11,2026-07-16,2026-07-23,7,1520.0,1431.0,2951.0,7
NV100396,GTA Hub,2024-03-19,2024-03-21,2024-03-27,6,646.0,552.0,1198.0,0
NV100397,GTA Hub,2025-12-13,2025-12-13,2025-12-18,5,503.0,453.0,956.0,1
NV100398,Montreal Hub,2026-08-18,2026-08-19,2026-08-28,9,1310.0,829.0,2139.0,6
NV100399,GTA Hub,2026-02-04,2026-02-04,2026-02-17,13,3115.0,2181.0,5296.0,11
NV100400,Calgary Hub,2025-08-08,2025-08-11,2025-08-19,8,1391.0,1070.0,2461.0,6
NV100401,Calgary Hub,2024-07-06,2024-07-10,2024-07-19,9,2013.0,1687.0,3700.0,3
NV100402,GTA Hub,2024-09-06,2024-09-08,2024-09-13,5,194.0,220.0,414.0,8
NV100403,GTA Hub,2024-11-18,2024-11-18,2024-12-01,13,2436.0,1878.0,4314.0,8
NV100404,Calgary Hub,2026-08-22,2026-08-22,2026-08-31,9,2149.0,1590.0,3739.0,13
NV100405,GTA Hub,2026-07-18,2026-07-21,2026-07-27,6,610.0,488.0,1098.0,6
NV100406,Calgary Hub,2026-01-13,2026-01-14,2026-01-19,5,862.0,650.0,1512.0,3
NV100407,GTA Hub,2025-01-28,2025-01-29,2025-02-06,8,1994.0,1349.0,3343.0,7
NV100408,GTA Hub,2026-08-29,2026-08-30,2026-09-07,8,1246.0,943.0,2189.0,6
NV100409,GTA Hub,2025-01-23,2025-01-24,2025-01-27,3,463.0,418.0,881.0,1
NV100410,Calgary Hub,2025-03-22,2025-03-24,2025-03-29,5,718.0,570.0,1288.0,6
NV100411,GTA Hub,2024-08-26,2024-08-27,2024-08-30,3,164.0,240.0,404.0,3
NV100412,Montreal Hub,2024-06-03,2024-06-04,2024-06-06,2,451.0,389.0,840.0,0
NV100413,Calgary Hub,2025-07-20,2025-07-27,2025-08-07,11,1868.0,1547.0,3415.0,4
NV100414,Montreal Hub,2026-06-30,2026-07-01,2026-07-06,5,1264.0,881.0,2145.0,7
NV100415,GTA Hub,2025-12-15,2025-12-16,2025-12-19,3,818.0,639.0,1457.0,8
NV100416,Calgary Hub,2025-05-23,2025-05-25,2025-06-02,8,1395.0,1003.0,2398.0,5
NV100417,GTA Hub,2024-05-27,2024-05-29,2024-06-04,6,857.0,752.0,1609.0,6
NV100418,GTA Hub,2025-07-27,2025-07-29,2025-07-31,2,264.0,280.0,544.0,0
NV100419,GTA Hub,2024-12-21,2024-12-22,2024-12-26,4,618.0,553.0,1171.0,2
NV100420,Montreal Hub,2026-02-25,2026-02-28,2026-03-02,2,714.0,573.0,1287.0,3
NV100421,Montreal Hub,2024-06-19,2024-06-19,2024-06-30,11,2183.0,1675.0,3858.0,5
NV100422,GTA Hub,2026-01-22,2026-01-22,2026-01-25,3,582.0,457.0,1039.0,3
NV100423,GTA Hub,2025-08-03,2025-08-05,2025-08-11,6,814.0,664.0,1478.0,5
NV100424,GTA Hub,2026-05-24,2026-05-26,2026-06-01,6,1075.0,788.0,1863.0,2
NV100425,GTA Hub,2025-07-25,2025-07-26,2025-07-30,4,644.0,453.0,1097.0,2
NV100426,GTA Hub,2025-04-12,2025-04-16,2025-04-26,10,2209.0,1631.0,3840.0,6
NV100427,GTA Hub,2025-05-15,2025-05-15,2025-05-19,4,697.0,560.0,1257.0,3
NV100428,GTA Hub,2025-06-26,2025-06-26,2025-06-30,4,234.0,220.0,454.0,0
NV100429,GTA Hub,2025-08-27,2025-08-27,2025-09-01,5,491.0,405.0,896.0,2
NV100430,GTA Hub,2025-12-27,2025-12-28,2026-01-03,6,1179.0,1020.0,2199.0,8
NV100431,GTA Hub,2025-09-25,2025-09-27,2025-09-30,3,661.0,510.0,1171.0,9
NV100432,GTA Hub,2025-10-02,2025-10-03,2025-10-20,17,3190.0,2818.0,6008.0,7
NV100433,Calgary Hub,2026-04-21,2026-04-23,2026-04-28,5,740.0,623.0,1363.0,6
NV100434,Calgary Hub,2024-11-21,2024-11-24,2024-12-03,9,1487.0,1053.0,2540.0,5
NV100435,GTA Hub,2026-06-23,2026-06-23,2026-07-06,13,3108.0,2414.0,5522.0,1
NV100436,Montreal Hub,2025-09-24,2025-09-24,2025-09-28,4,1136.0,709.0,1845.0,5
NV100437,Calgary Hub,2025-05-02,2025-05-06,2025-05-21,15,3204.0,2349.0,5553.0,14
NV100438,GTA Hub,2025-09-20,2025-09-21,2025-09-29,8,1607.0,1149.0,2756.0,5
NV100439,Montreal Hub,2025-06-15,2025-06-16,2025-06-25,9,1610.0,1312.0,2922.0,7
NV100440,GTA Hub,2025-02-03,2025-02-04,2025-02-14,10,1767.0,1421.0,3188.0,12
NV100441,Calgary Hub,2025-03-27,2025-03-30,2025-04-04,5,498.0,415.0,913.0,4
NV100442,GTA Hub,2024-05-02,2024-05-03,2024-05-05,2,303.0,308.0,611.0,1
NV100443,Montreal Hub,2026-05-10,2026-05-12,2026-05-24,12,1990.0,1714.0,3704.0,5
NV100444,GTA Hub,2025-04-02,2025-04-03,2025-04-14,11,1969.0,1492.0,3461.0,7
NV100445,Calgary Hub,2025-12-15,2025-12-18,2025-12-23,5,410.0,395.0,805.0,3
NV100446,GTA Hub,2025-12-12,2025-12-12,2025-12-22,10,808.0,606.0,1414.0,2
NV100447,Montreal Hub,2025-02-23,2025-03-01,2025-03-15,14,2696.0,2007.0,4703.0,12
NV100448,Calgary Hub,2026-04-28,2026-05-01,2026-05-05,4,775.0,588.0,1363.0,3
NV100449,Calgary Hub,2024-08-29,2024-09-01,2024-09-03,2,120.0,140.0,260.0,0
NV100450,GTA Hub,2025-10-30,2025-10-30,2025-11-03,4,208.0,236.0,444.0,1
NV100451,Calgary Hub,2024-11-01,2024-11-05,2024-11-14,9,2123.0,1650.0,3773.0,14
NV100452,GTA Hub,2026-04-06,2026-04-07,2026-04-17,10,1521.0,1425.0,2946.0,12
NV100453,GTA Hub,2024-04-02,2024-04-03,2024-04-05,2,99.0,145.0,244.0,1
NV100454,GTA Hub,2024-07-13,2024-07-13,2024-07-19,6,456.0,360.0,816.0,0
NV100455,GTA Hub,2026-02-24,2026-02-24,2026-02-28,4,321.0,287.0,608.0,2
NV100456,Calgary Hub,2026-04-10,2026-04-14,2026-04-21,7,822.0,678.0,1500.0,3
NV100457,Calgary Hub,2024-05-25,2024-05-29,2024-06-01,3,442.0,417.0,859.0,1
NV100458,GTA Hub,2026-06-30,2026-07-01,2026-07-06,5,536.0,440.0,976.0,3
NV100459,GTA Hub,2025-05-07,2025-05-08,2025-05-10,2,262.0,309.0,571.0,1
NV100460,Montreal Hub,2025-08-12,2025-08-13,2025-08-16,3,96.0,141.0,237.0,2
NV100461,Calgary Hub,2025-06-21,2025-06-27,2025-07-05,8,1745.0,1281.0,3026.0,6
NV100462,Calgary Hub,2025-05-13,2025-05-18,2025-05-22,4,384.0,348.0,732.0,2
NV100463,Calgary Hub,2026-08-02,2026-08-04,2026-08-15,11,2650.0,2129.0,4779.0,10
NV100464,GTA Hub,2025-10-07,2025-10-07,2025-10-12,5,210.0,219.0,429.0,2
NV100465,GTA Hub,2026-06-02,2026-06-02,2026-06-09,7,860.0,771.0,1631.0,3
NV100466,Montreal Hub,2025-04-21,2025-04-22,2025-04-26,4,1052.0,726.0,1778.0,4
NV100467,Calgary Hub,2024-07-01,2024-07-02,2024-07-11,9,1759.0,1317.0,3076.0,8
NV100468,Montreal Hub,2024-10-11,2024-10-14,2024-10-20,6,676.0,497.0,1173.0,1
NV100469,GTA Hub,2026-02-19,2026-02-20,2026-03-01,9,1944.0,1347.0,3291.0,9
NV100470,GTA Hub,2026-02-18,2026-02-20,2026-02-28,8,636.0,535.0,1171.0,7
NV100471,GTA Hub,2025-05-04,2025-05-06,2025-05-16,10,1093.0,817.0,1910.0,3
NV100472,GTA Hub,2025-11-17,2025-11-17,2025-11-30,13,2358.0,1476.0,3834.0,1
NV100473,Montreal Hub,2025-04-25,2025-04-28,2025-05-02,4,411.0,340.0,751.0,0
NV100474,GTA Hub,2025-02-27,2025-03-02,2025-03-13,11,2197.0,1513.0,3710.0,6
NV100475,Montreal Hub,2025-03-28,2025-03-29,2025-04-03,5,735.0,539.0,1274.0,0
NV100476,Montreal Hub,2026-02-19,2026-02-22,2026-02-27,5,909.0,787.0,1696.0,3
NV100477,GTA Hub,2026-01-05,2026-01-06,2026-01-18,12,2330.0,1473.0,3803.0,8
NV100478,GTA Hub,2024-05-12,2024-05-14,2024-05-20,6,754.0,599.0,1353.0,4
NV100479,GTA Hub,2026-07-13,2026-07-13,2026-07-29,16,3706.0,2490.0,6196.0,15
NV100480,Calgary Hub,2025-08-13,2025-08-15,2025-08-18,3,438.0,400.0,838.0,3
NV100481,Calgary Hub,2024-08-22,2024-08-27,2024-09-03,7,1154.0,774.0,1928.0,3
NV100482,GTA Hub,2026-01-14,2026-01-16,2026-01-25,9,1420.0,1044.0,2464.0,8
NV100483,GTA Hub,2024-06-25,2024-06-25,2024-07-03,8,1613.0,1256.0,2869.0,9
NV100484,GTA Hub,2024-06-10,2024-06-11,2024-06-13,2,343.0,320.0,663.0,2
NV100485,Calgary Hub,2026-05-05,2026-05-05,2026-05-09,4,320.0,286.0,606.0,3
NV100486,Montreal Hub,2024-01-11,2024-01-12,2024-01-21,9,1243.0,922.0,2165.0,6
NV100487,GTA Hub,2026-01-10,2026-01-11,2026-01-16,5,1001.0,799.0,1800.0,6
NV100488,GTA Hub,2024-10-20,2024-10-21,2024-10-26,5,871.0,664.0,1535.0,4
NV100489,Montreal Hub,2024-10-18,2024-10-19,2024-10-24,5,358.0,314.0,672.0,1
NV100490,Calgary Hub,2025-10-27,2025-10-31,2025-11-04,4,501.0,409.0,910.0,1
NV100491,GTA Hub,2025-11-09,2025-11-09,2025-11-14,5,1453.0,968.0,2421.0,8
NV100492,GTA Hub,2026-04-19,2026-04-20,2026-05-05,15,3006.0,1989.0,4995.0,7
NV100493,Calgary Hub,2026-06-01,2026-06-05,2026-06-12,7,1778.0,1179.0,2957.0,11
NV100494,Calgary Hub,2026-08-01,2026-08-03,2026-08-07,4,576.0,477.0,1053.0,2
NV100495,Calgary Hub,2024-10-21,2024-10-24,2024-10-30,6,941.0,813.0,1754.0,6
NV100496,GTA Hub,2026-05-24,2026-05-25,2026-05-27,2,457.0,390.0,847.0,0
NV100497,Montreal Hub,2025-03-02,2025-03-02,2025-03-04,2,607.0,446.0,1053.0,1
NV100498,Calgary Hub,2025-10-06,2025-10-07,2025-10-11,4,423.0,394.0,817.0,3
NV100499,Montreal Hub,2026-04-05,2026-04-07,2026-04-20,13,2964.0,2280.0,5244.0,6
NV100500,GTA Hub,2025-10-11,2025-10-12,2025-10-18,6,684.0,585.0,1269.0,4
NV100501,Calgary Hub,2025-09-06,2025-09-08,2025-09-16,8,1792.0,1272.0,3064.0,6
NV100502,Montreal Hub,2024-11-13,2024-11-14,2024-11-16,2,403.0,321.0,724.0,0
NV100503,Montreal Hub,2025-05-24,2025-05-25,2025-06-02,8,1264.0,970.0,2234.0,5
NV100504,GTA Hub,2026-01-13,2026-01-13,2026-01-22,9,1000.0,798.0,1798.0,6
NV100505,Calgary Hub,2024-06-23,2024-06-25,2024-07-08,13,1816.0,1429.0,3245.0,9
NV100506,GTA Hub,2024-11-09,2024-11-09,2024-11-17,8,1092.0,866.0,1958.0,0
NV100507,Calgary Hub,2024-11-27,2024-11-29,2024-12-04,5,849.0,613.0,1462.0,1
NV100508,Montreal Hub,2025-10-27,2025-10-31,2025-11-05,5,328.0,301.0,629.0,1
NV100509,GTA Hub,2025-01-15,2025-01-18,2025-01-20,2,263.0,254.0,517.0,1
NV100510,GTA Hub,2025-03-17,2025-03-19,2025-03-21,2,148.0,216.0,364.0,3
NV100511,GTA Hub,2026-03-31,2026-03-31,2026-04-07,7,1994.0,1333.0,3327.0,9
NV100512,GTA Hub,2024-10-07,2024-10-09,2024-10-14,5,993.0,694.0,1687.0,4
NV100513,GTA Hub,2026-04-07,2026-04-09,2026-04-15,6,841.0,692.0,1533.0,4
NV100514,GTA Hub,2026-06-04,2026-06-05,2026-06-18,13,2368.0,1719.0,4087.0,6
NV100515,GTA Hub,2026-05-22,2026-05-24,2026-06-01,8,1428.0,1059.0,2487.0,11
NV100516,GTA Hub,2024-12-06,2024-12-09,2024-12-15,6,839.0,596.0,1435.0,2
NV100517,GTA Hub,2024-09-07,2024-09-08,2024-09-20,12,2292.0,1715.0,4007.0,8
NV100518,Calgary Hub,2024-06-07,2024-06-11,2024-06-15,4,360.0,366.0,726.0,5
NV100519,GTA Hub,2025-07-19,2025-07-19,2025-07-29,10,1916.0,1444.0,3360.0,7
NV100520,Calgary Hub,2025-07-29,2025-07-31,2025-08-05,5,227.0,178.0,405.0,0
NV100521,Calgary Hub,2024-03-11,2024-03-13,2024-03-15,2,469.0,376.0,845.0,5
NV100522,GTA Hub,2025-08-11,2025-08-12,2025-08-18,6,703.0,650.0,1353.0,10
NV100523,GTA Hub,2026-03-18,2026-03-18,2026-03-23,5,908.0,811.0,1719.0,4
NV100524,GTA Hub,2026-03-13,2026-03-13,2026-03-17,4,1084.0,773.0,1857.0,8
NV100525,Calgary Hub,2025-06-24,2025-06-25,2025-07-02,7,1169.0,865.0,2034.0,7
NV100526,GTA Hub,2024-09-14,2024-09-14,2024-09-18,4,506.0,491.0,997.0,3
NV100527,Montreal Hub,2025-12-09,2025-12-11,2025-12-19,8,1128.0,782.0,1910.0,4
NV100528,Calgary Hub,2024-08-10,2024-08-12,2024-08-16,4,236.0,248.0,484.0,1
NV100529,GTA Hub,2025-10-01,2025-10-03,2025-10-07,4,222.0,259.0,481.0,0
NV100530,GTA Hub,2025-12-13,2025-12-16,2025-12-20,4,889.0,673.0,1562.0,6
NV100531,Montreal Hub,2025-03-10,2025-03-10,2025-03-16,6,381.0,298.0,679.0,0
NV100532,GTA Hub,2026-02-10,2026-02-11,2026-02-20,9,1904.0,1212.0,3116.0,4
NV100533,Calgary Hub,2025-05-27,2025-05-29,2025-06-05,7,1257.0,942.0,2199.0,4
NV100534,GTA Hub,2026-08-07,2026-08-08,2026-08-10,2,304.0,230.0,534.0,1
NV100535,GTA Hub,2026-08-30,2026-08-31,2026-09-09,9,1705.0,1282.0,2987.0,2
NV100536,Calgary Hub,2024-07-06,2024-07-08,2024-07-12,4,798.0,676.0,1474.0,3
NV100537,GTA Hub,2025-11-22,2025-11-22,2025-12-04,12,2781.0,1800.0,4581.0,14
NV100538,Calgary Hub,2026-01-06,2026-01-09,2026-01-14,5,720.0,637.0,1357.0,4
NV100539,GTA Hub,2025-06-19,2025-06-23,2025-06-27,4,1010.0,763.0,1773.0,3
NV100540,GTA Hub,2026-08-01,2026-08-03,2026-08-09,6,977.0,663.0,1640.0,13
NV100541,GTA Hub,2024-06-03,2024-06-03,2024-06-05,2,435.0,402.0,837.0,2
NV100542,Montreal Hub,2026-03-30,2026-04-02,2026-04-06,4,653.0,492.0,1145.0,2
NV100543,GTA Hub,2025-11-05,2025-11-06,2025-11-12,6,869.0,706.0,1575.0,5
NV100544,Montreal Hub,2026-05-10,2026-05-12,2026-05-20,8,1436.0,1116.0,2552.0,10
NV100545,GTA Hub,2026-02-08,2026-02-08,2026-02-19,11,2198.0,1446.0,3644.0,8
NV100546,Calgary Hub,2026-04-07,2026-04-11,2026-04-20,9,2147.0,1493.0,3640.0,11
NV100547,Montreal Hub,2024-10-15,2024-10-16,2024-10-22,6,327.0,240.0,567.0,0
NV100548,Montreal Hub,2025-05-23,2025-05-24,2025-05-30,6,604.0,533.0,1137.0,3
NV100549,Montreal Hub,2026-01-23,2026-01-23,2026-01-31,8,1845.0,1361.0,3206.0,11
NV100550,Calgary Hub,2024-12-25,2024-12-29,2025-01-02,4,145.0,226.0,371.0,1
NV100551,Calgary Hub,2024-08-16,2024-08-22,2024-08-24,2,336.0,297.0,633.0,3
NV100552,GTA Hub,2025-03-20,2025-03-22,2025-03-27,5,342.0,304.0,646.0,2
NV100553,Montreal Hub,2025-06-22,2025-06-23,2025-06-27,4,408.0,372.0,780.0,1
NV100554,Calgary Hub,2024-12-09,2024-12-11,2024-12-19,8,1010.0,870.0,1880.0,3
NV100555,GTA Hub,2025-05-28,2025-05-30,2025-06-03,4,1184.0,921.0,2105.0,5
NV100556,GTA Hub,2026-06-30,2026-07-01,2026-07-10,9,1983.0,1452.0,3435.0,6
NV100557,GTA Hub,2026-06-27,2026-06-27,2026-06-29,2,483.0,416.0,899.0,1
NV100558,Calgary Hub,2024-09-12,2024-09-15,2024-09-17,2,425.0,418.0,843.0,1
NV100559,Calgary Hub,2026-08-24,2026-08-26,2026-09-03,8,1468.0,987.0,2455.0,8
NV100560,GTA Hub,2024-11-28,2024-11-28,2024-11-30,2,310.0,288.0,598.0,1
NV100561,Montreal Hub,2025-09-15,2025-09-17,2025-09-25,8,1804.0,1366.0,3170.0,6
NV100562,Montreal Hub,2026-05-18,2026-05-20,2026-05-23,3,619.0,415.0,1034.0,2
NV100563,GTA Hub,2026-03-02,2026-03-03,2026-03-08,5,1075.0,811.0,1886.0,5
NV100564,GTA Hub,2025-08-20,2025-08-21,2025-08-26,5,1265.0,922.0,2187.0,3
NV100565,GTA Hub,2026-07-27,2026-07-28,2026-08-05,8,1732.0,1483.0,3215.0,14
NV100566,GTA Hub,2026-08-02,2026-08-04,2026-08-08,4,768.0,544.0,1312.0,3
NV100567,GTA Hub,2024-05-08,2024-05-09,2024-05-14,5,86.0,142.0,228.0,0
NV100568,GTA Hub,2025-03-08,2025-03-08,2025-03-14,6,832.0,643.0,1475.0,6
NV100569,GTA Hub,2024-06-04,2024-06-05,2024-06-07,2,164.0,207.0,371.0,0
NV100570,GTA Hub,2026-05-13,2026-05-14,2026-05-21,7,1726.0,1391.0,3117.0,1
NV100571,GTA Hub,2024-05-30,2024-05-31,2024-06-06,6,846.0,710.0,1556.0,4
NV100572,GTA Hub,2026-06-06,2026-06-06,2026-06-08,2,649.0,446.0,1095.0,3
NV100573,GTA Hub,2025-12-04,2025-12-06,2025-12-10,4,480.0,399.0,879.0,0
NV100574,GTA Hub,2024-06-14,2024-06-15,2024-06-21,6,1042.0,867.0,1909.0,4
NV100575,GTA Hub,2024-11-02,2024-11-05,2024-11-13,8,1695.0,1271.0,2966.0,4
NV100576,Montreal Hub,2024-12-19,2024-12-20,2024-12-28,8,1097.0,911.0,2008.0,5
NV100577,GTA Hub,2026-03-01,2026-03-01,2026-03-06,5,886.0,660.0,1546.0,5
NV100578,Calgary Hub,2024-08-22,2024-08-26,2024-09-02,7,1848.0,1463.0,3311.0,2
NV100579,Calgary Hub,2024-01-03,2024-01-05,2024-01-10,5,607.0,477.0,1084.0,10
NV100580,GTA Hub,2026-04-26,2026-04-26,2026-05-01,5,764.0,767.0,1531.0,5
NV100581,Calgary Hub,2024-02-25,2024-03-02,2024-03-09,7,1362.0,874.0,2236.0,2
NV100582,Calgary Hub,2026-07-12,2026-07-16,2026-07-24,8,2271.0,1841.0,4112.0,12
NV100583,GTA Hub,2025-07-08,2025-07-08,2025-07-15,7,970.0,870.0,1840.0,4
NV100584,GTA Hub,2025-08-13,2025-08-14,2025-08-20,6,898.0,759.0,1657.0,11
NV100585,Calgary Hub,2024-09-19,2024-09-19,2024-09-22,3,619.0,565.0,1184.0,0
NV100586,GTA Hub,2025-11-02,2025-11-02,2025-11-10,8,1286.0,900.0,2186.0,5
NV100587,GTA Hub,2024-11-06,2024-11-07,2024-11-15,8,982.0,788.0,1770.0,3
NV100588,Calgary Hub,2024-12-24,2024-12-25,2024-12-28,3,539.0,435.0,974.0,2
NV100589,GTA Hub,2025-03-14,2025-03-15,2025-03-21,6,1097.0,825.0,1922.0,5
NV100590,Montreal Hub,2026-05-31,2026-06-02,2026-06-12,10,2399.0,1561.0,3960.0,7
NV100591,GTA Hub,2026-08-09,2026-08-09,2026-08-14,5,1050.0,773.0,1823.0,3
NV100592,GTA Hub,2025-02-26,2025-02-28,2025-03-03,3,558.0,414.0,972.0,1
NV100593,GTA Hub,2026-04-20,2026-04-20,2026-04-25,5,876.0,620.0,1496.0,7
NV100594,GTA Hub,2026-05-10,2026-05-12,2026-05-21,9,1447.0,1104.0,2551.0,8
NV100595,GTA Hub,2026-02-01,2026-02-01,2026-02-10,9,2696.0,1900.0,4596.0,8
NV100596,Montreal Hub,2024-12-28,2024-12-30,2025-01-02,3,548.0,511.0,1059.0,3
NV100597,Calgary Hub,2025-10-31,2025-11-03,2025-11-06,3,816.0,707.0,1523.0,6
NV100598,Calgary Hub,2025-12-01,2025-12-02,2025-12-06,4,564.0,454.0,1018.0,5
NV100599,GTA Hub,2026-04-29,2026-04-29,2026-05-05,6,1233.0,902.0,2135.0,8
NV100600,GTA Hub,2025-07-07,2025-07-10,2025-07-14,4,629.0,511.0,1140.0,0
NV100601,GTA Hub,2024-05-14,2024-05-16,2024-05-26,10,1558.0,1191.0,2749.0,4
NV100602,GTA Hub,2025-07-31,2025-08-01,2025-08-11,10,1808.0,1259.0,3067.0,7
NV100603,Montreal Hub,2026-01-02,2026-01-02,2026-01-08,6,786.0,611.0,1397.0,2
NV100604,Montreal Hub,2026-06-26,2026-06-28,2026-07-02,4,395.0,396.0,791.0,1
NV100605,GTA Hub,2026-01-08,2026-01-09,2026-01-19,10,1588.0,1365.0,2953.0,3
NV100606,GTA Hub,2024-06-30,2024-07-01,2024-07-03,2,586.0,493.0,1079.0,1
NV100607,GTA Hub,2024-07-18,2024-07-19,2024-08-05,17,3209.0,2504.0,5713.0,15
NV100608,Montreal Hub,2025-05-21,2025-05-22,2025-05-27,5,779.0,712.0,1491.0,9
NV100609,Calgary Hub,2024-07-31,2024-08-03,2024-08-07,4,1022.0,818.0,1840.0,7
NV100610,Calgary Hub,2026-03-05,2026-03-07,2026-03-09,2,813.0,572.0,1385.0,5
NV100611,Calgary Hub,2024-10-17,2024-10-18,2024-10-23,5,242.0,307.0,549.0,0
NV100612,GTA Hub,2026-07-15,2026-07-16,2026-07-30,14,2911.0,2011.0,4922.0,13
NV100613,Calgary Hub,2026-05-11,2026-05-11,2026-05-18,7,1183.0,921.0,2104.0,6
NV100614,GTA Hub,2024-08-09,2024-08-09,2024-08-12,3,132.0,177.0,309.0,0
NV100615,GTA Hub,2024-05-17,2024-05-18,2024-05-23,5,515.0,349.0,864.0,1
NV100616,GTA Hub,2024-12-09,2024-12-13,2024-12-20,7,1307.0,1040.0,2347.0,10
NV100617,GTA Hub,2024-06-07,2024-06-08,2024-06-12,4,492.0,472.0,964.0,0
NV100618,GTA Hub,2025-06-09,2025-06-10,2025-06-17,7,613.0,436.0,1049.0,5
NV100619,GTA Hub,2025-11-08,2025-11-10,2025-11-12,2,777.0,593.0,1370.0,9
NV100620,GTA Hub,2024-10-28,2024-10-29,2024-11-07,9,1413.0,1162.0,2575.0,8
NV100621,Montreal Hub,2025-09-12,2025-09-15,2025-09-20,5,705.0,566.0,1271.0,2
NV100622,GTA Hub,2024-09-23,2024-09-24,2024-09-27,3,551.0,406.0,957.0,1
NV100623,Montreal Hub,2025-09-30,2025-10-01,2025-10-12,11,1090.0,1067.0,2157.0,4
NV100624,Calgary Hub,2025-06-18,2025-06-23,2025-06-27,4,355.0,323.0,678.0,1
NV100625,Calgary Hub,2026-03-25,2026-03-30,2026-04-06,7,1448.0,1044.0,2492.0,5
NV100626,Montreal Hub,2026-01-09,2026-01-09,2026-01-18,9,1942.0,1577.0,3519.0,12
NV100627,GTA Hub,2026-06-18,2026-06-18,2026-06-26,8,1211.0,957.0,2168.0,5
NV100628,GTA Hub,2025-06-13,2025-06-15,2025-06-20,5,923.0,703.0,1626.0,2
NV100629,GTA Hub,2024-08-18,2024-08-18,2024-08-24,6,966.0,678.0,1644.0,8
NV100630,GTA Hub,2025-09-19,2025-09-21,2025-09-27,6,414.0,383.0,797.0,3
NV100631,Calgary Hub,2025-03-25,2025-03-27,2025-03-30,3,570.0,469.0,1039.0,3
NV100632,GTA Hub,2026-01-01,2026-01-01,2026-01-05,4,713.0,568.0,1281.0,4
NV100633,GTA Hub,2025-05-27,2025-05-27,2025-06-03,7,445.0,393.0,838.0,6
NV100634,GTA Hub,2024-06-17,2024-06-17,2024-06-28,11,2117.0,1711.0,3828.0,7
NV100635,Montreal Hub,2025-06-24,2025-06-25,2025-07-04,9,1679.0,1114.0,2793.0,8
NV100636,Calgary Hub,2025-07-07,2025-07-11,2025-07-15,4,437.0,330.0,767.0,1
NV100637,Montreal Hub,2024-09-29,2024-09-29,2024-10-07,8,1860.0,1265.0,3125.0,3
NV100638,GTA Hub,2025-04-12,2025-04-12,2025-04-19,7,1124.0,834.0,1958.0,1
NV100639,Calgary Hub,2025-10-26,2025-10-29,2025-11-02,4,147.0,225.0,372.0,0
NV100640,GTA Hub,2024-09-08,2024-09-09,2024-09-14,5,704.0,566.0,1270.0,6
NV100641,Montreal Hub,2024-04-12,2024-04-15,2024-04-28,13,2854.0,2102.0,4956.0,8
NV100642,Montreal Hub,2024-07-30,2024-07-31,2024-08-06,6,1075.0,729.0,1804.0,5
NV100643,GTA Hub,2024-09-05,2024-09-06,2024-09-11,5,1288.0,931.0,2219.0,8
NV100644,GTA Hub,2024-03-12,2024-03-14,2024-04-01,18,4996.0,3331.0,8327.0,15
NV100645,GTA Hub,2026-01-18,2026-01-19,2026-01-30,11,2333.0,1716.0,4049.0,7
NV100646,GTA Hub,2026-05-18,2026-05-20,2026-05-28,8,1022.0,774.0,1796.0,3
NV100647,GTA Hub,2025-10-01,2025-10-01,2025-10-03,2,154.0,204.0,358.0,1
NV100648,GTA Hub,2025-07-13,2025-07-13,2025-07-15,2,180.0,189.0,369.0,0
NV100649,Montreal Hub,2025-09-07,2025-09-07,2025-09-22,15,3228.0,2284.0,5512.0,9
NV100650,GTA Hub,2024-07-03,2024-07-03,2024-07-09,6,1141.0,882.0,2023.0,0
NV100651,GTA Hub,2024-03-03,2024-03-03,2024-03-09,6,1068.0,883.0,1951.0,8
NV100652,GTA Hub,2025-07-24,2025-07-26,2025-08-04,9,1579.0,1328.0,2907.0,4
NV100653,Calgary Hub,2025-11-28,2025-12-01,2025-12-09,8,1741.0,1284.0,3025.0,8
NV100654,GTA Hub,2024-03-12,2024-03-12,2024-03-16,4,855.0,755.0,1610.0,3
NV100655,Calgary Hub,2026-05-22,2026-05-27,2026-06-02,6,1533.0,1318.0,2851.0,6
NV100656,GTA Hub,2025-05-01,2025-05-02,2025-05-08,6,644.0,613.0,1257.0,7
NV100657,Montreal Hub,2024-10-21,2024-10-25,2024-10-31,6,553.0,513.0,1066.0,3
NV100658,GTA Hub,2025-06-22,2025-06-23,2025-07-02,9,1031.0,712.0,1743.0,5
NV100659,GTA Hub,2025-07-09,2025-07-09,2025-07-16,7,1280.0,821.0,2101.0,2
NV100660,Montreal Hub,2024-03-12,2024-03-13,2024-03-18,5,351.0,373.0,724.0,2
NV100661,Montreal Hub,2024-06-29,2024-07-01,2024-07-08,7,1021.0,761.0,1782.0,2
NV100662,Montreal Hub,2025-07-11,2025-07-12,2025-07-19,7,1159.0,917.0,2076.0,2
NV100663,GTA Hub,2025-02-08,2025-02-10,2025-02-18,8,1578.0,1215.0,2793.0,10
NV100664,Montreal Hub,2025-10-27,2025-10-29,2025-11-09,11,3026.0,1873.0,4899.0,5
NV100665,GTA Hub,2026-01-02,2026-01-03,2026-01-06,3,320.0,311.0,631.0,0
NV100666,Montreal Hub,2025-11-01,2025-11-03,2025-11-06,3,456.0,379.0,835.0,4
NV100667,GTA Hub,2024-08-10,2024-08-10,2024-08-20,10,1721.0,1182.0,2903.0,7
NV100668,GTA Hub,2025-09-09,2025-09-10,2025-09-24,14,3105.0,2019.0,5124.0,9
NV100669,Calgary Hub,2024-04-11,2024-04-12,2024-04-17,5,398.0,339.0,737.0,2
NV100670,Calgary Hub,2025-11-18,2025-11-18,2025-11-20,2,269.0,294.0,563.0,1
NV100671,GTA Hub,2024-06-05,2024-06-05,2024-06-15,10,1968.0,1628.0,3596.0,5
NV100672,Montreal Hub,2024-10-12,2024-10-12,2024-10-21,9,1131.0,1015.0,2146.0,6
NV100673,GTA Hub,2026-07-10,2026-07-11,2026-07-13,2,271.0,264.0,535.0,3
NV100674,Calgary Hub,2025-05-17,2025-05-18,2025-05-22,4,152.0,233.0,385.0,1
NV100675,Calgary Hub,2026-04-13,2026-04-16,2026-04-24,8,1319.0,992.0,2311.0,7
NV100676,Calgary Hub,2024-11-26,2024-11-27,2024-12-03,6,680.0,591.0,1271.0,0
NV100677,Calgary Hub,2024-11-29,2024-12-01,2024-12-11,10,2710.0,1914.0,4624.0,7
NV100678,GTA Hub,2024-11-18,2024-11-19,2024-11-22,3,159.0,212.0,371.0,2
NV100679,GTA Hub,2025-12-07,2025-12-09,2025-12-14,5,956.0,872.0,1828.0,4
NV100680,Calgary Hub,2025-10-19,2025-10-20,2025-10-22,2,365.0,325.0,690.0,1
NV100681,GTA Hub,2026-07-18,2026-07-19,2026-07-23,4,867.0,695.0,1562.0,5
NV100682,GTA Hub,2026-03-23,2026-03-23,2026-03-30,7,1481.0,1201.0,2682.0,9
NV100683,GTA Hub,2024-02-19,2024-02-20,2024-02-26,6,1106.0,1018.0,2124.0,7
NV100684,Montreal Hub,2025-02-06,2025-02-09,2025-02-13,4,785.0,584.0,1369.0,6
NV100685,Calgary Hub,2026-08-18,2026-08-25,2026-08-30,5,751.0,591.0,1342.0,0
NV100686,GTA Hub,2026-06-24,2026-06-25,2026-06-30,5,194.0,230.0,424.0,1
NV100687,GTA Hub,2026-02-26,2026-02-26,2026-03-08,10,2129.0,1669.0,3798.0,12
NV100688,Calgary Hub,2026-05-27,2026-05-29,2026-06-02,4,572.0,507.0,1079.0,2
NV100689,Montreal Hub,2024-11-28,2024-11-29,2024-12-03,4,920.0,720.0,1640.0,3
NV100690,Calgary Hub,2026-04-08,2026-04-09,2026-04-11,2,462.0,352.0,814.0,2
NV100691,Calgary Hub,2025-08-18,2025-08-20,2025-08-24,4,1053.0,790.0,1843.0,3
NV100692,GTA Hub,2025-02-14,2025-02-14,2025-02-18,4,826.0,677.0,1503.0,4
NV100693,Montreal Hub,2024-06-06,2024-06-07,2024-06-09,2,245.0,208.0,453.0,0
NV100694,Calgary Hub,2024-09-18,2024-09-21,2024-09-25,4,253.0,288.0,541.0,0
NV100695,Calgary Hub,2026-05-27,2026-05-30,2026-06-10,11,2116.0,1381.0,3497.0,12
NV100696,GTA Hub,2024-01-26,2024-01-29,2024-02-02,4,689.0,467.0,1156.0,2
NV100697,GTA Hub,2025-11-26,2025-11-29,2025-12-07,8,1339.0,907.0,2246.0,3
NV100698,GTA Hub,2025-10-21,2025-10-22,2025-10-30,8,522.0,375.0,897.0,4
NV100699,GTA Hub,2026-08-14,2026-08-14,2026-08-21,7,760.0,529.0,1289.0,3
NV100700,GTA Hub,2026-03-11,2026-03-12,2026-03-18,6,1022.0,897.0,1919.0,3
NV100701,Calgary Hub,2025-04-12,2025-04-14,2025-04-25,11,1773.0,1361.0,3134.0,6
NV100702,GTA Hub,2025-01-05,2025-01-05,2025-01-13,8,1029.0,887.0,1916.0,3
NV100703,GTA Hub,2025-07-31,2025-07-31,2025-08-11,11,2482.0,1744.0,4226.0,7
NV100704,GTA Hub,2026-02-14,2026-02-15,2026-02-17,2,567.0,430.0,997.0,3
NV100705,GTA Hub,2025-04-03,2025-04-04,2025-04-08,4,739.0,755.0,1494.0,5
NV100706,Calgary Hub,2025-05-13,2025-05-16,2025-05-24,8,1307.0,949.0,2256.0,6
NV100707,GTA Hub,2025-07-11,2025-07-12,2025-07-20,8,1486.0,1119.0,2605.0,4
NV100708,GTA Hub,2024-12-23,2024-12-23,2024-12-25,2,144.0,165.0,309.0,4
NV100709,Montreal Hub,2025-07-10,2025-07-10,2025-07-16,6,538.0,427.0,965.0,1
NV100710,GTA Hub,2024-07-07,2024-07-08,2024-07-14,6,1638.0,1252.0,2890.0,3
NV100711,GTA Hub,2025-07-09,2025-07-09,2025-07-12,3,272.0,247.0,519.0,1
NV100712,GTA Hub,2025-02-06,2025-02-07,2025-02-13,6,788.0,667.0,1455.0,5
NV100713,GTA Hub,2026-03-08,2026-03-09,2026-03-16,7,1584.0,1011.0,2595.0,7
NV100714,GTA Hub,2026-07-10,2026-07-12,2026-07-24,12,2680.0,1924.0,4604.0,7
NV100715,Calgary Hub,2025-07-18,2025-07-19,2025-07-23,4,375.0,313.0,688.0,1
NV100716,GTA Hub,2025-04-21,2025-04-22,2025-04-26,4,1273.0,831.0,2104.0,14
NV100717,Calgary Hub,2026-06-18,2026-06-19,2026-06-25,6,992.0,693.0,1685.0,2
NV100718,GTA Hub,2025-06-12,2025-06-12,2025-06-16,4,979.0,642.0,1621.0,4
NV100719,GTA Hub,2024-04-29,2024-04-30,2024-05-11,11,2076.0,1547.0,3623.0,7
NV100720,Montreal Hub,2025-03-04,2025-03-06,2025-03-11,5,567.0,468.0,1035.0,4
NV100721,GTA Hub,2025-05-08,2025-05-09,2025-05-13,4,523.0,455.0,978.0,1
NV100722,GTA Hub,2025-08-20,2025-08-22,2025-08-28,6,1149.0,969.0,2118.0,7
NV100723,Montreal Hub,2026-05-21,2026-05-22,2026-05-27,5,916.0,797.0,1713.0,3
NV100724,Calgary Hub,2024-02-29,2024-03-01,2024-03-05,4,663.0,542.0,1205.0,0
NV100725,GTA Hub,2025-11-23,2025-11-26,2025-12-01,5,1006.0,741.0,1747.0,8
NV100726,Montreal Hub,2026-04-01,2026-04-01,2026-04-08,7,1451.0,1279.0,2730.0,5
NV100727,Calgary Hub,2025-03-10,2025-03-13,2025-03-19,6,1068.0,912.0,1980.0,6
NV100728,GTA Hub,2024-09-27,2024-09-29,2024-10-05,6,1129.0,855.0,1984.0,7
NV100729,GTA Hub,2026-02-08,2026-02-08,2026-02-15,7,1243.0,1014.0,2257.0,3
NV100730,GTA Hub,2026-06-16,2026-06-17,2026-06-27,10,2268.0,1548.0,3816.0,7
NV100731,GTA Hub,2025-09-09,2025-09-09,2025-09-17,8,1155.0,850.0,2005.0,2
NV100732,Calgary Hub,2026-06-16,2026-06-21,2026-06-26,5,607.0,499.0,1106.0,4
NV100733,Montreal Hub,2025-09-29,2025-09-29,2025-10-03,4,441.0,438.0,879.0,4
NV100734,GTA Hub,2024-12-05,2024-12-05,2024-12-10,5,407.0,343.0,750.0,3
NV100735,Calgary Hub,2024-03-05,2024-03-06,2024-03-14,8,1170.0,1025.0,2195.0,8
NV100736,Calgary Hub,2026-08-02,2026-08-03,2026-08-09,6,790.0,509.0,1299.0,2
NV100737,GTA Hub,2025-09-21,2025-09-22,2025-09-26,4,343.0,328.0,671.0,1
NV100738,GTA Hub,2025-12-06,2025-12-06,2025-12-13,7,430.0,434.0,864.0,1
NV100739,GTA Hub,2024-07-08,2024-07-09,2024-07-14,5,633.0,464.0,1097.0,6
NV100740,GTA Hub,2026-07-04,2026-07-05,2026-07-12,7,352.0,328.0,680.0,2
NV100741,GTA Hub,2025-08-16,2025-08-18,2025-08-27,9,2328.0,1804.0,4132.0,13
NV100742,GTA Hub,2026-05-23,2026-05-23,2026-06-03,11,1890.0,1508.0,3398.0,12
NV100743,Calgary Hub,2026-05-28,2026-06-05,2026-06-07,2,305.0,307.0,612.0,1
NV100744,GTA Hub,2024-09-15,2024-09-16,2024-09-19,3,238.0,206.0,444.0,0
NV100745,Montreal Hub,2026-07-30,2026-08-01,2026-08-09,8,1095.0,834.0,1929.0,1
NV100746,Calgary Hub,2024-12-12,2024-12-12,2024-12-23,11,1851.0,1690.0,3541.0,10
NV100747,Calgary Hub,2024-03-14,2024-03-14,2024-03-16,2,320.0,314.0,634.0,1
NV100748,GTA Hub,2025-10-01,2025-10-02,2025-10-05,3,576.0,414.0,990.0,3
NV100749,GTA Hub,2025-02-05,2025-02-06,2025-02-08,2,740.0,626.0,1366.0,3
NV100750,GTA Hub,2024-11-18,2024-11-21,2024-11-30,9,1242.0,1084.0,2326.0,6
NV100751,Calgary Hub,2025-04-17,2025-04-20,2025-04-30,10,1983.0,1366.0,3349.0,6
NV100752,GTA Hub,2024-05-06,2024-05-07,2024-05-10,3,72.0,89.0,161.0,1
NV100753,Calgary Hub,2025-11-01,2025-11-02,2025-11-09,7,2012.0,1465.0,3477.0,4
NV100754,GTA Hub,2025-12-14,2025-12-14,2025-12-17,3,824.0,608.0,1432.0,4
NV100755,Calgary Hub,2024-09-15,2024-09-16,2024-09-24,8,2121.0,1413.0,3534.0,6
NV100756,Calgary Hub,2025-08-15,2025-08-20,2025-08-26,6,823.0,633.0,1456.0,2
NV100757,GTA Hub,2025-09-30,2025-09-30,2025-10-09,9,1444.0,1039.0,2483.0,7
NV100758,GTA Hub,2025-08-17,2025-08-20,2025-08-26,6,959.0,632.0,1591.0,6
NV100759,Calgary Hub,2025-06-07,2025-06-10,2025-06-13,3,535.0,430.0,965.0,1
NV100760,Calgary Hub,2026-06-18,2026-06-21,2026-06-29,8,1118.0,812.0,1930.0,4
NV100761,GTA Hub,2025-07-05,2025-07-05,2025-07-13,8,1102.0,1053.0,2155.0,3
NV100762,Montreal Hub,2026-04-27,2026-04-28,2026-05-05,7,1337.0,976.0,2313.0,6
NV100763,GTA Hub,2026-05-10,2026-05-10,2026-05-18,8,1363.0,1072.0,2435.0,4
NV100764,Montreal Hub,2025-07-22,2025-07-24,2025-08-02,9,1760.0,1347.0,3107.0,10
NV100765,GTA Hub,2024-07-25,2024-07-26,2024-07-30,4,1081.0,837.0,1918.0,1
NV100766,GTA Hub,2025-05-05,2025-05-07,2025-05-10,3,641.0,566.0,1207.0,1
NV100767,Calgary Hub,2025-10-31,2025-11-01,2025-11-04,3,230.0,292.0,522.0,2
NV100768,Calgary Hub,2025-09-23,2025-09-24,2025-09-28,4,151.0,197.0,348.0,0
NV100769,GTA Hub,2026-04-26,2026-04-26,2026-05-08,12,2350.0,1694.0,4044.0,11
NV100770,Montreal Hub,2025-09-05,2025-09-05,2025-09-07,2,243.0,229.0,472.0,2
NV100771,Montreal Hub,2026-07-08,2026-07-09,2026-07-17,8,1425.0,984.0,2409.0,12
NV100772,GTA Hub,2025-04-06,2025-04-08,2025-04-18,10,1448.0,954.0,2402.0,1
NV100773,GTA Hub,2025-09-22,2025-09-22,2025-10-04,12,2339.0,1920.0,4259.0,13
NV100774,GTA Hub,2025-12-09,2025-12-10,2025-12-15,5,1243.0,1117.0,2360.0,6
NV100775,Montreal Hub,2025-06-30,2025-06-30,2025-07-13,13,3115.0,2293.0,5408.0,20
NV100776,Calgary Hub,2026-01-03,2026-01-10,2026-01-19,9,1123.0,901.0,2024.0,2
NV100777,GTA Hub,2025-01-24,2025-01-26,2025-01-30,4,138.0,171.0,309.0,4
NV100778,Calgary Hub,2024-11-01,2024-11-02,2024-11-04,2,86.0,120.0,206.0,2
NV100779,Calgary Hub,2025-08-23,2025-08-29,2025-09-01,3,462.0,433.0,895.0,1
NV100780,Calgary Hub,2024-06-24,2024-06-27,2024-07-01,4,387.0,345.0,732.0,1
NV100781,GTA Hub,2025-06-11,2025-06-15,2025-06-20,5,549.0,436.0,985.0,2
NV100782,Calgary Hub,2026-01-04,2026-01-07,2026-01-14,7,1064.0,848.0,1912.0,3
NV100783,GTA Hub,2026-03-20,2026-03-22,2026-03-31,9,1969.0,1494.0,3463.0,10
NV100784,Montreal Hub,2025-05-05,2025-05-05,2025-05-12,7,758.0,609.0,1367.0,7
NV100785,GTA Hub,2025-09-05,2025-09-07,2025-09-16,9,2231.0,1213.0,3444.0,9
NV100786,Montreal Hub,2024-09-02,2024-09-03,2024-09-09,6,866.0,660.0,1526.0,2
NV100787,GTA Hub,2024-10-31,2024-11-01,2024-11-07,6,776.0,737.0,1513.0,3
NV100788,Calgary Hub,2026-02-02,2026-02-05,2026-02-17,12,3423.0,2555.0,5978.0,10
NV100789,GTA Hub,2024-06-28,2024-07-01,2024-07-03,2,336.0,290.0,626.0,4
NV100790,GTA Hub,2025-07-03,2025-07-03,2025-07-08,5,795.0,626.0,1421.0,3
NV100791,GTA Hub,2025-12-14,2025-12-17,2025-12-19,2,107.0,177.0,284.0,0
NV100792,GTA Hub,2025-04-06,2025-04-08,2025-04-11,3,461.0,399.0,860.0,5
NV100793,GTA Hub,2025-06-26,2025-06-28,2025-07-05,7,1281.0,913.0,2194.0,2
NV100794,Calgary Hub,2025-04-03,2025-04-04,2025-04-09,5,706.0,588.0,1294.0,5
NV100795,GTA Hub,2024-07-19,2024-07-21,2024-07-28,7,1859.0,1497.0,3356.0,9
NV100796,Calgary Hub,2025-12-24,2025-12-26,2025-12-31,5,741.0,598.0,1339.0,0
NV100797,GTA Hub,2026-04-02,2026-04-03,2026-04-21,18,3272.0,2038.0,5310.0,10
NV100798,GTA Hub,2026-06-21,2026-06-21,2026-06-26,5,1113.0,900.0,2013.0,9
NV100799,GTA Hub,2025-07-31,2025-07-31,2025-08-06,6,1150.0,829.0,1979.0,4
NV100800,Calgary Hub,2024-10-30,2024-10-31,2024-11-03,3,142.0,189.0,331.0,4
NV100801,Calgary Hub,2024-01-27,2024-01-30,2024-02-04,5,202.0,191.0,393.0,1
NV100802,GTA Hub,2024-11-11,2024-11-11,2024-11-17,6,593.0,468.0,1061.0,6
NV100803,Calgary Hub,2024-09-04,2024-09-07,2024-09-11,4,258.0,259.0,517.0,1
NV100804,GTA Hub,2024-04-14,2024-04-14,2024-04-20,6,719.0,614.0,1333.0,8
NV100805,Calgary Hub,2025-05-16,2025-05-18,2025-05-26,8,941.0,784.0,1725.0,8
NV100806,GTA Hub,2026-04-20,2026-04-20,2026-04-24,4,568.0,481.0,1049.0,4
NV100807,GTA Hub,2025-03-23,2025-03-23,2025-03-29,6,1271.0,871.0,2142.0,4
NV100808,Montreal Hub,2024-10-07,2024-10-12,2024-10-23,11,2094.0,1744.0,3838.0,7
NV100809,GTA Hub,2026-06-07,2026-06-09,2026-06-13,4,684.0,535.0,1219.0,5
NV100810,GTA Hub,2025-07-31,2025-08-02,2025-08-04,2,460.0,350.0,810.0,1
NV100811,Calgary Hub,2026-02-27,2026-02-28,2026-03-10,10,1690.0,1265.0,2955.0,8
NV100812,GTA Hub,2025-06-27,2025-06-27,2025-07-01,4,1027.0,992.0,2019.0,0
NV100813,Montreal Hub,2026-07-18,2026-07-19,2026-07-29,10,2471.0,1619.0,4090.0,2
NV100814,Montreal Hub,2026-07-08,2026-07-10,2026-07-17,7,484.0,408.0,892.0,1
NV100815,GTA Hub,2025-04-20,2025-04-21,2025-04-27,6,1062.0,912.0,1974.0,10
NV100816,Calgary Hub,2026-05-26,2026-05-28,2026-06-05,8,884.0,679.0,1563.0,3
NV100817,GTA Hub,2026-06-18,2026-06-18,2026-06-23,5,949.0,655.0,1604.0,7
NV100818,GTA Hub,2026-08-09,2026-08-09,2026-08-23,14,3312.0,2021.0,5333.0,10
NV100819,GTA Hub,2025-01-27,2025-01-27,2025-01-29,2,203.0,233.0,436.0,2
NV100820,Montreal Hub,2026-03-22,2026-03-24,2026-04-03,10,2401.0,1865.0,4266.0,10
NV100821,GTA Hub,2024-03-03,2024-03-06,2024-03-08,2,823.0,608.0,1431.0,3
NV100822,Calgary Hub,2025-12-27,2025-12-29,2026-01-11,13,2056.0,1556.0,3612.0,8
NV100823,GTA Hub,2025-07-29,2025-07-30,2025-08-08,9,1897.0,1486.0,3383.0,5
NV100824,GTA Hub,2025-10-25,2025-10-27,2025-11-02,6,874.0,676.0,1550.0,1
NV100825,GTA Hub,2026-04-30,2026-05-01,2026-05-07,6,757.0,642.0,1399.0,0
NV100826,GTA Hub,2025-09-09,2025-09-09,2025-09-17,8,1725.0,1235.0,2960.0,3
NV100827,Calgary Hub,2025-09-23,2025-09-30,2025-10-06,6,354.0,291.0,645.0,2
NV100828,Montreal Hub,2026-06-07,2026-06-07,2026-06-17,10,1742.0,1453.0,3195.0,6
NV100829,GTA Hub,2026-07-18,2026-07-18,2026-07-23,5,1117.0,850.0,1967.0,9
NV100830,GTA Hub,2025-08-12,2025-08-14,2025-08-19,5,1131.0,784.0,1915.0,4
NV100831,GTA Hub,2025-12-30,2026-01-02,2026-01-06,4,881.0,629.0,1510.0,3
NV100832,Calgary Hub,2026-08-26,2026-08-28,2026-09-05,8,929.0,635.0,1564.0,3
NV100833,GTA Hub,2025-05-20,2025-05-20,2025-05-25,5,1467.0,1143.0,2610.0,10
NV100834,Montreal Hub,2026-05-10,2026-05-13,2026-05-17,4,1085.0,839.0,1924.0,3
NV100835,GTA Hub,2025-09-05,2025-09-08,2025-09-14,6,814.0,704.0,1518.0,5
NV100836,GTA Hub,2026-07-17,2026-07-17,2026-07-23,6,1494.0,995.0,2489.0,3
NV100837,Montreal Hub,2024-03-19,2024-03-19,2024-04-01,13,3063.0,2133.0,5196.0,8
NV100838,GTA Hub,2025-09-20,2025-09-21,2025-09-28,7,1193.0,1091.0,2284.0,7
NV100839,Montreal Hub,2026-02-28,2026-03-01,2026-03-04,3,608.0,520.0,1128.0,2
NV100840,GTA Hub,2025-10-26,2025-10-29,2025-11-02,4,322.0,348.0,670.0,0
NV100841,GTA Hub,2025-08-04,2025-08-07,2025-08-12,5,562.0,466.0,1028.0,2
NV100842,Calgary Hub,2026-09-01,2026-09-03,2026-09-19,16,4143.0,3088.0,7231.0,7
NV100843,Calgary Hub,2025-05-30,2025-06-02,2025-06-07,5,966.0,691.0,1657.0,5
NV100844,Montreal Hub,2024-07-26,2024-07-29,2024-08-02,4,722.0,578.0,1300.0,7
NV100845,GTA Hub,2025-11-03,2025-11-05,2025-11-12,7,1603.0,1056.0,2659.0,9
NV100846,GTA Hub,2024-12-17,2024-12-19,2024-12-28,9,1842.0,1378.0,3220.0,3
NV100847,Montreal Hub,2026-04-15,2026-04-20,2026-05-02,12,2325.0,1859.0,4184.0,7
NV100848,Calgary Hub,2024-06-30,2024-07-02,2024-07-09,7,1244.0,920.0,2164.0,5
NV100849,GTA Hub,2024-04-25,2024-04-28,2024-05-02,4,260.0,325.0,585.0,6
NV100850,GTA Hub,2025-01-13,2025-01-14,2025-01-18,4,753.0,599.0,1352.0,5
NV100851,GTA Hub,2026-03-04,2026-03-06,2026-03-15,9,2256.0,1512.0,3768.0,15
NV100852,GTA Hub,2025-09-28,2025-09-28,2025-10-10,12,2269.0,1553.0,3822.0,14
NV100853,Calgary Hub,2025-03-24,2025-03-28,2025-04-02,5,499.0,425.0,924.0,4
NV100854,Montreal Hub,2025-11-13,2025-11-15,2025-12-03,18,3543.0,2484.0,6027.0,9
NV100855,GTA Hub,2025-02-13,2025-02-15,2025-02-28,13,2211.0,1346.0,3557.0,4
NV100856,Montreal Hub,2025-08-31,2025-09-03,2025-09-11,8,1708.0,1269.0,2977.0,6
NV100857,GTA Hub,2026-07-14,2026-07-15,2026-07-24,9,1665.0,1218.0,2883.0,3
NV100858,GTA Hub,2026-06-01,2026-06-03,2026-06-17,14,2708.0,2111.0,4819.0,15
NV100859,GTA Hub,2025-04-02,2025-04-04,2025-04-10,6,154.0,203.0,357.0,3
NV100860,GTA Hub,2025-11-08,2025-11-08,2025-11-10,2,785.0,764.0,1549.0,5
NV100861,Calgary Hub,2025-04-01,2025-04-02,2025-04-07,5,470.0,365.0,835.0,3
NV100862,GTA Hub,2024-12-03,2024-12-04,2024-12-09,5,429.0,310.0,739.0,1
NV100863,Calgary Hub,2025-04-17,2025-04-18,2025-04-26,8,2249.0,1651.0,3900.0,8
NV100864,Calgary Hub,2024-05-10,2024-05-11,2024-05-13,2,360.0,285.0,645.0,1
NV100865,GTA Hub,2024-07-30,2024-07-30,2024-08-01,2,467.0,444.0,911.0,0
NV100866,GTA Hub,2024-05-12,2024-05-13,2024-05-22,9,1659.0,1202.0,2861.0,10
NV100867,GTA Hub,2026-06-12,2026-06-13,2026-06-17,4,795.0,668.0,1463.0,1
NV100868,GTA Hub,2025-09-29,2025-09-29,2025-10-07,8,1439.0,1026.0,2465.0,9
NV100869,Montreal Hub,2025-12-29,2025-12-29,2025-12-31,2,128.0,157.0,285.0,2
NV100870,GTA Hub,2025-10-04,2025-10-05,2025-10-07,2,425.0,343.0,768.0,1
NV100871,GTA Hub,2025-04-12,2025-04-12,2025-04-18,6,1049.0,640.0,1689.0,5
NV100872,Calgary Hub,2026-08-28,2026-08-28,2026-09-08,11,1835.0,1361.0,3196.0,7
NV100873,Montreal Hub,2024-12-25,2024-12-28,2024-12-30,2,422.0,349.0,771.0,0
NV100874,GTA Hub,2026-04-20,2026-04-22,2026-05-01,9,1843.0,1341.0,3184.0,6
NV100875,GTA Hub,2026-07-06,2026-07-09,2026-07-11,2,377.0,396.0,773.0,1
NV100876,GTA Hub,2025-05-02,2025-05-04,2025-05-09,5,160.0,199.0,359.0,0
NV100877,GTA Hub,2026-07-22,2026-07-22,2026-07-27,5,954.0,784.0,1738.0,8
NV100878,GTA Hub,2025-01-28,2025-01-28,2025-02-06,9,1212.0,898.0,2110.0,6
NV100879,GTA Hub,2024-07-11,2024-07-11,2024-07-14,3,406.0,315.0,721.0,1
NV100880,GTA Hub,2026-04-24,2026-04-24,2026-04-27,3,679.0,507.0,1186.0,0
NV100881,Montreal Hub,2026-05-16,2026-05-20,2026-05-23,3,707.0,637.0,1344.0,3
NV100882,GTA Hub,2025-10-19,2025-10-19,2025-10-25,6,893.0,573.0,1466.0,6
NV100883,Montreal Hub,2025-10-06,2025-10-08,2025-10-12,4,499.0,432.0,931.0,0
NV100884,GTA Hub,2026-07-20,2026-07-21,2026-07-30,9,2154.0,1400.0,3554.0,8
NV100885,Montreal Hub,2024-06-13,2024-06-13,2024-06-18,5,507.0,450.0,957.0,1
NV100886,GTA Hub,2025-06-29,2025-06-30,2025-07-08,8,838.0,630.0,1468.0,5
NV100887,GTA Hub,2025-05-22,2025-05-23,2025-05-28,5,356.0,319.0,675.0,1
NV100888,GTA Hub,2026-03-06,2026-03-08,2026-03-15,7,1038.0,639.0,1677.0,3
NV100889,GTA Hub,2026-06-28,2026-06-28,2026-07-07,9,1331.0,943.0,2274.0,3
NV100890,GTA Hub,2026-05-13,2026-05-14,2026-05-21,7,1425.0,1309.0,2734.0,12
NV100891,GTA Hub,2024-11-12,2024-11-13,2024-11-17,4,985.0,812.0,1797.0,13
NV100892,GTA Hub,2026-07-28,2026-07-30,2026-08-03,4,317.0,292.0,609.0,2
NV100893,Montreal Hub,2026-07-26,2026-07-29,2026-08-07,9,1049.0,832.0,1881.0,3
NV100894,GTA Hub,2026-07-27,2026-07-28,2026-08-02,5,1309.0,1156.0,2465.0,7
NV100895,Calgary Hub,2025-04-25,2025-04-28,2025-05-08,10,1742.0,1427.0,3169.0,1
NV100896,GTA Hub,2025-04-04,2025-04-05,2025-04-10,5,889.0,648.0,1537.0,0
NV100897,Calgary Hub,2025-07-09,2025-07-12,2025-07-20,8,712.0,607.0,1319.0,2
NV100898,Calgary Hub,2025-08-24,2025-08-28,2025-09-03,6,706.0,559.0,1265.0,2
NV100899,GTA Hub,2024-01-24,2024-01-25,2024-01-28,3,101.0,143.0,244.0,0
NV100900,Calgary Hub,2024-09-09,2024-09-16,2024-09-22,6,1232.0,1111.0,2343.0,3
NV100901,GTA Hub,2025-04-12,2025-04-13,2025-04-15,2,220.0,207.0,427.0,3
NV100902,GTA Hub,2025-11-20,2025-11-21,2025-11-24,3,406.0,344.0,750.0,3
NV100903,Montreal Hub,2025-05-30,2025-05-31,2025-06-04,4,268.0,267.0,535.0,2
NV100904,GTA Hub,2024-08-08,2024-08-09,2024-08-11,2,514.0,519.0,1033.0,6
NV100905,GTA Hub,2024-12-23,2024-12-23,2024-12-27,4,547.0,447.0,994.0,6
NV100906,GTA Hub,2024-06-05,2024-06-06,2024-06-11,5,485.0,378.0,863.0,6
NV100907,GTA Hub,2025-06-12,2025-06-15,2025-06-19,4,995.0,600.0,1595.0,5
NV100908,Calgary Hub,2024-03-17,2024-03-18,2024-03-24,6,1410.0,981.0,2391.0,11
NV100909,GTA Hub,2026-06-16,2026-06-17,2026-06-25,8,1157.0,956.0,2113.0,5
NV100910,Calgary Hub,2026-07-26,2026-07-30,2026-08-05,6,669.0,625.0,1294.0,2
NV100911,GTA Hub,2025-07-18,2025-07-18,2025-07-26,8,1290.0,1016.0,2306.0,4
NV100912,Montreal Hub,2025-11-29,2025-11-29,2025-12-04,5,1060.0,870.0,1930.0,4
NV100913,GTA Hub,2026-04-25,2026-04-26,2026-05-01,5,1055.0,874.0,1929.0,7
NV100914,Montreal Hub,2025-12-17,2025-12-20,2026-01-02,13,2014.0,1587.0,3601.0,6
NV100915,Calgary Hub,2025-11-11,2025-11-13,2025-11-15,2,589.0,433.0,1022.0,2
NV100916,Montreal Hub,2024-05-30,2024-05-30,2024-06-05,6,836.0,645.0,1481.0,1
NV100917,GTA Hub,2026-07-21,2026-07-22,2026-08-01,10,1367.0,1064.0,2431.0,3
NV100918,Calgary Hub,2026-07-14,2026-07-18,2026-07-21,3,807.0,633.0,1440.0,6
NV100919,GTA Hub,2025-09-28,2025-09-28,2025-10-09,11,2064.0,1574.0,3638.0,10
NV100920,GTA Hub,2025-02-22,2025-02-22,2025-02-27,5,379.0,355.0,734.0,1
NV100921,Calgary Hub,2026-02-16,2026-02-17,2026-02-24,7,410.0,340.0,750.0,2
NV100922,Calgary Hub,2026-04-26,2026-04-30,2026-05-04,4,753.0,542.0,1295.0,1
NV100923,GTA Hub,2025-07-04,2025-07-05,2025-07-13,8,1136.0,883.0,2019.0,9
NV100924,GTA Hub,2026-08-15,2026-08-15,2026-08-24,9,1011.0,815.0,1826.0,7
NV100925,Calgary Hub,2025-06-20,2025-06-22,2025-07-05,13,3716.0,2722.0,6438.0,9
NV100926,Calgary Hub,2025-11-07,2025-11-10,2025-11-15,5,438.0,377.0,815.0,0
NV100927,GTA Hub,2025-07-12,2025-07-12,2025-07-21,9,1510.0,1208.0,2718.0,13
NV100928,GTA Hub,2026-05-01,2026-05-03,2026-05-06,3,306.0,291.0,597.0,1
NV100929,Calgary Hub,2024-08-29,2024-08-30,2024-09-08,9,1417.0,1199.0,2616.0,1
NV100930,Calgary Hub,2025-05-30,2025-06-03,2025-06-08,5,630.0,576.0,1206.0,0
NV100931,GTA Hub,2025-10-18,2025-10-18,2025-10-29,11,2296.0,1637.0,3933.0,8
NV100932,GTA Hub,2025-04-29,2025-05-01,2025-05-04,3,258.0,261.0,519.0,2
NV100933,GTA Hub,2025-06-25,2025-06-26,2025-07-06,10,2722.0,1732.0,4454.0,2
NV100934,Calgary Hub,2025-01-24,2025-01-25,2025-01-30,5,1254.0,876.0,2130.0,5
NV100935,Montreal Hub,2025-05-20,2025-05-21,2025-05-30,9,2251.0,1551.0,3802.0,11
NV100936,GTA Hub,2026-04-09,2026-04-11,2026-04-18,7,1382.0,1014.0,2396.0,6
NV100937,GTA Hub,2026-06-25,2026-06-26,2026-06-29,3,821.0,694.0,1515.0,1
NV100938,Montreal Hub,2025-06-01,2025-06-01,2025-06-13,12,3095.0,2183.0,5278.0,3
NV100939,Calgary Hub,2025-08-26,2025-08-29,2025-09-02,4,1037.0,720.0,1757.0,4
NV100940,Calgary Hub,2026-02-16,2026-02-18,2026-02-25,7,1162.0,829.0,1991.0,9
NV100941,Calgary Hub,2025-10-30,2025-10-31,2025-11-04,4,542.0,433.0,975.0,4
NV100942,GTA Hub,2026-02-03,2026-02-04,2026-02-07,3,1181.0,964.0,2145.0,5
NV100943,GTA Hub,2026-07-10,2026-07-12,2026-07-21,9,1327.0,861.0,2188.0,3
NV100944,GTA Hub,2026-05-27,2026-05-27,2026-05-30,3,450.0,341.0,791.0,2
NV100945,GTA Hub,2026-03-06,2026-03-06,2026-03-08,2,702.0,467.0,1169.0,3
NV100946,Montreal Hub,2026-04-09,2026-04-11,2026-04-20,9,1796.0,1425.0,3221.0,2
NV100947,Montreal Hub,2026-07-15,2026-07-18,2026-07-23,5,925.0,687.0,1612.0,7
NV100948,GTA Hub,2026-04-29,2026-05-01,2026-05-05,4,694.0,565.0,1259.0,3
NV100949,Calgary Hub,2026-06-26,2026-07-03,2026-07-16,13,2542.0,1902.0,4444.0,11
NV100950,Calgary Hub,2026-05-24,2026-05-25,2026-06-07,13,1686.0,1266.0,2952.0,12
NV100951,GTA Hub,2024-03-25,2024-03-25,2024-04-04,10,1764.0,1511.0,3275.0,5
NV100952,Calgary Hub,2025-08-15,2025-08-15,2025-08-23,8,2258.0,1471.0,3729.0,10
NV100953,Montreal Hub,2025-05-30,2025-05-30,2025-06-05,6,258.0,258.0,516.0,1
NV100954,GTA Hub,2024-08-13,2024-08-15,2024-08-20,5,482.0,388.0,870.0,2
NV100955,Calgary Hub,2025-06-02,2025-06-03,2025-06-09,6,1345.0,1262.0,2607.0,9
NV100956,Calgary Hub,2026-07-08,2026-07-11,2026-07-16,5,477.0,402.0,879.0,0
NV100957,GTA Hub,2025-08-22,2025-08-22,2025-08-27,5,592.0,411.0,1003.0,2
NV100958,GTA Hub,2026-06-30,2026-07-01,2026-07-04,3,493.0,422.0,915.0,2
NV100959,Montreal Hub,2025-08-01,2025-08-05,2025-08-14,9,1604.0,1139.0,2743.0,10
NV100960,GTA Hub,2026-06-13,2026-06-14,2026-06-24,10,2538.0,1952.0,4490.0,9
NV100961,Calgary Hub,2025-11-17,2025-11-17,2025-11-25,8,1604.0,996.0,2600.0,6
NV100962,GTA Hub,2025-05-08,2025-05-08,2025-05-13,5,684.0,550.0,1234.0,0
NV100963,GTA Hub,2024-10-03,2024-10-03,2024-10-06,3,556.0,470.0,1026.0,5
NV100964,GTA Hub,2026-03-11,2026-03-11,2026-03-20,9,1785.0,1507.0,3292.0,10
NV100965,Montreal Hub,2025-11-30,2025-12-03,2025-12-09,6,441.0,385.0,826.0,2
NV100966,Calgary Hub,2025-11-18,2025-11-20,2025-11-27,7,1522.0,1165.0,2687.0,2
NV100967,Calgary Hub,2024-08-03,2024-08-05,2024-08-15,10,2155.0,1232.0,3387.0,9
NV100968,Calgary Hub,2024-12-26,2024-12-28,2024-12-30,2,685.0,522.0,1207.0,8
NV100969,Montreal Hub,2025-12-14,2025-12-16,2025-12-19,3,195.0,226.0,421.0,0
NV100970,Montreal Hub,2026-08-28,2026-08-28,2026-09-02,5,1013.0,691.0,1704.0,4
NV100971,GTA Hub,2026-03-11,2026-03-12,2026-03-21,9,1536.0,1317.0,2853.0,9
NV100972,GTA Hub,2026-02-25,2026-02-26,2026-03-04,6,505.0,413.0,918.0,4
NV100973,Calgary Hub,2025-08-05,2025-08-11,2025-08-16,5,786.0,598.0,1384.0,1
NV100974,GTA Hub,2025-03-06,2025-03-08,2025-03-12,4,333.0,281.0,614.0,3
NV100975,Calgary Hub,2024-05-21,2024-05-24,2024-05-28,4,726.0,600.0,1326.0,2
NV100976,GTA Hub,2025-08-17,2025-08-17,2025-08-21,4,730.0,667.0,1397.0,3
NV100977,GTA Hub,2024-04-15,2024-04-16,2024-04-20,4,430.0,373.0,803.0,3
NV100978,GTA Hub,2025-10-26,2025-10-26,2025-10-28,2,177.0,172.0,349.0,1
NV100979,GTA Hub,2025-06-26,2025-06-28,2025-06-30,2,100.0,180.0,280.0,1
NV100980,Calgary Hub,2025-08-22,2025-08-24,2025-08-28,4,404.0,345.0,749.0,0
NV100981,GTA Hub,2024-03-06,2024-03-07,2024-03-12,5,823.0,691.0,1514.0,4
NV100982,Calgary Hub,2024-07-15,2024-07-17,2024-07-26,9,1854.0,1190.0,3044.0,7
NV100983,GTA Hub,2025-07-12,2025-07-12,2025-07-20,8,1300.0,1224.0,2524.0,9
NV100984,GTA Hub,2026-04-01,2026-04-01,2026-04-07,6,596.0,525.0,1121.0,4
NV100985,GTA Hub,2024-09-17,2024-09-17,2024-09-24,7,1123.0,934.0,2057.0,3
NV100986,GTA Hub,2024-09-11,2024-09-12,2024-09-17,5,268.0,205.0,473.0,1
NV100987,GTA Hub,2024-07-30,2024-08-01,2024-08-11,10,2391.0,1898.0,4289.0,9
NV100988,Calgary Hub,2024-05-18,2024-05-20,2024-05-26,6,656.0,491.0,1147.0,2
NV100989,GTA Hub,2025-09-06,2025-09-07,2025-09-19,12,2860.0,1936.0,4796.0,12
NV100990,GTA Hub,2026-02-24,2026-02-24,2026-03-02,6,554.0,418.0,972.0,1
NV100991,GTA Hub,2025-09-18,2025-09-20,2025-09-25,5,1376.0,944.0,2320.0,8
NV100992,GTA Hub,2025-10-30,2025-10-31,2025-11-04,4,972.0,816.0,1788.0,1
NV100993,GTA Hub,2025-06-18,2025-06-19,2025-06-21,2,295.0,251.0,546.0,0
NV100994,GTA Hub,2025-08-01,2025-08-03,2025-08-08,5,878.0,726.0,1604.0,5
NV100995,Montreal Hub,2025-08-31,2025-09-01,2025-09-07,6,626.0,462.0,1088.0,4
NV100996,GTA Hub,2025-08-08,2025-08-08,2025-08-11,3,485.0,320.0,805.0,1
NV100997,Calgary Hub,2025-05-25,2025-05-30,2025-06-04,5,965.0,769.0,1734.0,7
NV100998,Calgary Hub,2025-05-28,2025-05-29,2025-06-13,15,3040.0,2412.0,5452.0,9
NV100999,Montreal Hub,2025-12-28,2025-12-29,2026-01-01,3,796.0,670.0,1466.0,4
NV101000,Montreal Hub,2026-05-09,2026-05-13,2026-05-17,4,529.0,362.0,891.0,2
NV101001,GTA Hub,2025-08-24,2025-08-27,2025-09-08,12,2458.0,1611.0,4069.0,3
NV101002,Calgary Hub,2024-09-25,2024-09-28,2024-10-02,4,611.0,558.0,1169.0,5
NV101003,GTA Hub,2026-04-07,2026-04-07,2026-04-14,7,1334.0,1022.0,2356.0,16
NV101004,Calgary Hub,2024-05-02,2024-05-06,2024-05-08,2,509.0,460.0,969.0,0
NV101005,GTA Hub,2025-02-27,2025-02-28,2025-03-05,5,612.0,494.0,1106.0,3
NV101006,Calgary Hub,2024-06-02,2024-06-04,2024-06-09,5,522.0,439.0,961.0,0
NV101007,Montreal Hub,2025-05-16,2025-05-17,2025-05-21,4,680.0,539.0,1219.0,2
NV101008,Calgary Hub,2026-04-12,2026-04-14,2026-04-27,13,2672.0,1872.0,4544.0,15
NV101009,Calgary Hub,2024-05-26,2024-05-31,2024-06-03,3,591.0,514.0,1105.0,2
NV101010,Calgary Hub,2024-02-24,2024-02-25,2024-02-29,4,681.0,622.0,1303.0,5
NV101011,GTA Hub,2024-01-13,2024-01-14,2024-01-16,2,311.0,245.0,556.0,1
NV101012,Montreal Hub,2026-02-05,2026-02-09,2026-02-12,3,809.0,624.0,1433.0,6
NV101013,GTA Hub,2025-05-18,2025-05-18,2025-05-26,8,1708.0,1268.0,2976.0,4
NV101014,GTA Hub,2025-06-30,2025-07-01,2025-07-06,5,1156.0,799.0,1955.0,3
NV101015,GTA Hub,2026-01-31,2026-02-01,2026-02-09,8,1153.0,821.0,1974.0,10
NV101016,Calgary Hub,2026-08-27,2026-08-29,2026-09-02,4,520.0,415.0,935.0,3
NV101017,Montreal Hub,2024-11-17,2024-11-21,2024-11-26,5,329.0,296.0,625.0,2
NV101018,Calgary Hub,2024-03-30,2024-03-31,2024-04-03,3,847.0,705.0,1552.0,1
NV101019,GTA Hub,2025-07-26,2025-07-27,2025-08-03,7,1572.0,1023.0,2595.0,3
NV101020,GTA Hub,2025-08-17,2025-08-18,2025-08-21,3,373.0,291.0,664.0,1
NV101021,Calgary Hub,2025-05-22,2025-05-23,2025-05-29,6,861.0,768.0,1629.0,3
NV101022,GTA Hub,2026-05-02,2026-05-04,2026-05-12,8,1183.0,865.0,2048.0,2
NV101023,Calgary Hub,2025-01-26,2025-01-28,2025-02-11,14,2658.0,2176.0,4834.0,7
NV101024,GTA Hub,2026-03-03,2026-03-03,2026-03-13,10,2403.0,1488.0,3891.0,9
NV101025,Calgary Hub,2024-05-02,2024-05-07,2024-05-15,8,1310.0,1138.0,2448.0,8
NV101026,GTA Hub,2025-03-25,2025-03-27,2025-03-31,4,298.0,280.0,578.0,1
NV101027,GTA Hub,2026-07-29,2026-07-29,2026-08-07,9,954.0,849.0,1803.0,4
NV101028,GTA Hub,2024-08-13,2024-08-13,2024-08-21,8,1315.0,1005.0,2320.0,8
NV101029,Calgary Hub,2026-08-29,2026-09-01,2026-09-18,17,3535.0,2444.0,5979.0,1
NV101030,Calgary Hub,2024-04-20,2024-04-22,2024-05-04,12,2764.0,1919.0,4683.0,14
NV101031,GTA Hub,2026-08-04,2026-08-04,2026-08-09,5,895.0,748.0,1643.0,12
NV101032,GTA Hub,2024-07-27,2024-07-28,2024-07-31,3,386.0,331.0,717.0,2
NV101033,Calgary Hub,2025-03-04,2025-03-05,2025-03-09,4,975.0,825.0,1800.0,4
NV101034,Calgary Hub,2025-02-12,2025-02-14,2025-02-21,7,1096.0,945.0,2041.0,5
NV101035,Calgary Hub,2025-10-27,2025-10-30,2025-11-04,5,1059.0,930.0,1989.0,4
NV101036,GTA Hub,2025-09-23,2025-09-24,2025-09-29,5,399.0,387.0,786.0,2
NV101037,Calgary Hub,2026-05-06,2026-05-09,2026-05-13,4,506.0,454.0,960.0,6
NV101038,GTA Hub,2026-07-16,2026-07-16,2026-07-18,2,209.0,202.0,411.0,3
NV101039,GTA Hub,2025-04-05,2025-04-05,2025-04-09,4,474.0,403.0,877.0,1
NV101040,GTA Hub,2024-11-11,2024-11-11,2024-11-16,5,595.0,414.0,1009.0,1
NV101041,GTA Hub,2025-10-05,2025-10-07,2025-10-11,4,335.0,332.0,667.0,2
NV101042,Montreal Hub,2025-12-11,2025-12-12,2025-12-18,6,388.0,368.0,756.0,1
NV101043,GTA Hub,2025-05-29,2025-05-29,2025-06-12,14,2783.0,1857.0,4640.0,4
NV101044,GTA Hub,2025-08-10,2025-08-10,2025-08-14,4,801.0,599.0,1400.0,2
NV101045,GTA Hub,2026-06-30,2026-07-01,2026-07-06,5,578.0,492.0,1070.0,3
NV101046,GTA Hub,2025-01-09,2025-01-09,2025-01-11,2,591.0,428.0,1019.0,4
NV101047,GTA Hub,2026-03-25,2026-03-27,2026-04-07,11,2962.0,2192.0,5154.0,11
NV101048,GTA Hub,2024-07-31,2024-08-01,2024-08-05,4,589.0,450.0,1039.0,4
NV101049,Calgary Hub,2026-07-21,2026-07-24,2026-07-27,3,643.0,551.0,1194.0,6
NV101050,Calgary Hub,2026-02-16,2026-02-18,2026-03-03,13,2394.0,1953.0,4347.0,5
NV101051,GTA Hub,2024-02-22,2024-02-23,2024-02-29,6,1256.0,902.0,2158.0,1
NV101052,Calgary Hub,2025-11-26,2025-11-27,2025-12-01,4,735.0,530.0,1265.0,4
NV101053,GTA Hub,2026-07-15,2026-07-15,2026-07-19,4,806.0,669.0,1475.0,5
NV101054,GTA Hub,2025-03-05,2025-03-05,2025-03-08,3,494.0,479.0,973.0,2
NV101055,Montreal Hub,2025-07-28,2025-07-28,2025-08-04,7,705.0,484.0,1189.0,5
NV101056,GTA Hub,2025-08-28,2025-08-30,2025-09-05,6,465.0,472.0,937.0,0
NV101057,GTA Hub,2025-04-06,2025-04-08,2025-04-11,3,429.0,435.0,864.0,1
NV101058,Montreal Hub,2026-05-28,2026-05-30,2026-06-09,10,1864.0,1439.0,3303.0,10
NV101059,Calgary Hub,2025-07-20,2025-07-22,2025-07-26,4,303.0,308.0,611.0,2
NV101060,GTA Hub,2026-06-11,2026-06-14,2026-06-27,13,2367.0,1930.0,4297.0,10
NV101061,Calgary Hub,2025-06-14,2025-06-15,2025-06-22,7,1215.0,1062.0,2277.0,5
NV101062,Calgary Hub,2024-12-18,2024-12-23,2024-12-30,7,380.0,284.0,664.0,0
NV101063,Calgary Hub,2024-05-11,2024-05-13,2024-05-22,9,1435.0,1157.0,2592.0,7
NV101064,GTA Hub,2025-09-22,2025-09-22,2025-09-29,7,1452.0,1162.0,2614.0,2
NV101065,GTA Hub,2024-05-21,2024-05-22,2024-05-25,3,251.0,250.0,501.0,1
NV101066,Calgary Hub,2024-07-22,2024-07-25,2024-08-03,9,1290.0,926.0,2216.0,4
NV101067,GTA Hub,2024-05-16,2024-05-19,2024-05-25,6,621.0,580.0,1201.0,1
NV101068,GTA Hub,2025-04-28,2025-04-29,2025-05-03,4,478.0,388.0,866.0,2
NV101069,GTA Hub,2024-06-26,2024-06-27,2024-06-29,2,113.0,149.0,262.0,1
NV101070,Calgary Hub,2025-08-20,2025-08-22,2025-08-27,5,307.0,268.0,575.0,1
NV101071,GTA Hub,2025-01-20,2025-01-20,2025-01-26,6,895.0,698.0,1593.0,1
NV101072,Calgary Hub,2024-07-19,2024-07-21,2024-07-27,6,206.0,178.0,384.0,0
NV101073,Montreal Hub,2026-05-30,2026-05-30,2026-06-06,7,1136.0,891.0,2027.0,6
NV101074,Montreal Hub,2025-05-07,2025-05-09,2025-05-14,5,734.0,608.0,1342.0,4
NV101075,Montreal Hub,2025-12-17,2025-12-18,2025-12-21,3,468.0,424.0,892.0,1
NV101076,GTA Hub,2025-06-15,2025-06-15,2025-06-19,4,335.0,302.0,637.0,1
NV101077,GTA Hub,2026-07-24,2026-07-26,2026-07-29,3,995.0,794.0,1789.0,10
NV101078,Calgary Hub,2025-11-15,2025-11-16,2025-11-20,4,502.0,448.0,950.0,1
NV101079,GTA Hub,2025-09-04,2025-09-04,2025-09-10,6,1077.0,828.0,1905.0,4
NV101080,GTA Hub,2024-06-05,2024-06-05,2024-06-11,6,1289.0,996.0,2285.0,7
NV101081,GTA Hub,2025-05-05,2025-05-05,2025-05-17,12,2026.0,1474.0,3500.0,7
NV101082,Calgary Hub,2026-08-09,2026-08-11,2026-08-21,10,1933.0,1513.0,3446.0,3
NV101083,GTA Hub,2025-09-13,2025-09-14,2025-09-21,7,926.0,777.0,1703.0,8
NV101084,GTA Hub,2025-09-05,2025-09-06,2025-09-16,10,2366.0,1631.0,3997.0,4
NV101085,Montreal Hub,2025-07-07,2025-07-11,2025-07-21,10,1266.0,1007.0,2273.0,2
NV101086,GTA Hub,2026-01-02,2026-01-02,2026-01-09,7,2048.0,1193.0,3241.0,10
NV101087,Montreal Hub,2025-10-26,2025-10-27,2025-11-02,6,797.0,580.0,1377.0,1
NV101088,GTA Hub,2026-05-19,2026-05-22,2026-05-29,7,1548.0,1389.0,2937.0,8
NV101089,Calgary Hub,2024-02-06,2024-02-09,2024-02-13,4,669.0,620.0,1289.0,4
NV101090,GTA Hub,2026-07-05,2026-07-07,2026-07-18,11,1870.0,1534.0,3404.0,14
NV101091,Montreal Hub,2025-02-15,2025-02-15,2025-02-20,5,285.0,245.0,530.0,1
NV101092,Calgary Hub,2024-04-12,2024-04-16,2024-04-18,2,599.0,499.0,1098.0,0
NV101093,Montreal Hub,2025-02-01,2025-02-04,2025-02-11,7,1016.0,795.0,1811.0,6
NV101094,Calgary Hub,2026-06-27,2026-07-01,2026-07-12,11,1275.0,962.0,2237.0,12
NV101095,GTA Hub,2026-03-30,2026-03-30,2026-04-05,6,1159.0,806.0,1965.0,4
NV101096,GTA Hub,2025-02-15,2025-02-16,2025-02-22,6,623.0,562.0,1185.0,2
NV101097,Calgary Hub,2025-08-21,2025-08-22,2025-09-04,13,2603.0,2170.0,4773.0,9
NV101098,Calgary Hub,2025-07-12,2025-07-17,2025-07-22,5,820.0,685.0,1505.0,7
NV101099,GTA Hub,2026-08-16,2026-08-17,2026-08-28,11,2100.0,1545.0,3645.0,12
NV101100,GTA Hub,2025-05-12,2025-05-14,2025-05-18,4,486.0,447.0,933.0,6
NV101101,Montreal Hub,2024-12-14,2024-12-16,2024-12-21,5,670.0,561.0,1231.0,4
NV101102,GTA Hub,2024-10-02,2024-10-04,2024-10-06,2,536.0,428.0,964.0,1
NV101103,Calgary Hub,2026-05-11,2026-05-12,2026-05-18,6,1096.0,830.0,1926.0,5
NV101104,GTA Hub,2024-03-03,2024-03-03,2024-03-12,9,1989.0,1784.0,3773.0,9
NV101105,Calgary Hub,2025-11-30,2025-12-03,2025-12-10,7,944.0,838.0,1782.0,6
NV101106,Calgary Hub,2026-08-15,2026-08-16,2026-08-21,5,994.0,851.0,1845.0,6
NV101107,GTA Hub,2025-02-26,2025-02-27,2025-03-03,4,416.0,337.0,753.0,6
NV101108,GTA Hub,2025-10-23,2025-10-24,2025-10-29,5,623.0,523.0,1146.0,6
NV101109,Calgary Hub,2024-09-18,2024-09-19,2024-09-24,5,576.0,512.0,1088.0,4
NV101110,Calgary Hub,2026-06-29,2026-07-04,2026-07-10,6,1061.0,778.0,1839.0,5
NV101111,GTA Hub,2025-07-06,2025-07-06,2025-07-10,4,510.0,404.0,914.0,4
NV101112,GTA Hub,2026-05-07,2026-05-07,2026-05-14,7,1499.0,935.0,2434.0,5
NV101113,GTA Hub,2025-02-06,2025-02-07,2025-02-12,5,963.0,685.0,1648.0,4
NV101114,GTA Hub,2026-06-30,2026-07-01,2026-07-04,3,845.0,648.0,1493.0,4
NV101115,Montreal Hub,2024-08-23,2024-08-23,2024-09-03,11,2198.0,1683.0,3881.0,6
NV101116,GTA Hub,2025-07-12,2025-07-12,2025-07-23,11,1927.0,1283.0,3210.0,8
NV101117,Calgary Hub,2026-07-25,2026-07-28,2026-08-07,10,1615.0,1418.0,3033.0,6
NV101118,GTA Hub,2026-03-03,2026-03-03,2026-03-06,3,465.0,340.0,805.0,4
NV101119,Calgary Hub,2026-03-01,2026-03-04,2026-03-11,7,900.0,746.0,1646.0,4
NV101120,GTA Hub,2024-08-14,2024-08-16,2024-08-20,4,404.0,380.0,784.0,1
NV101121,Calgary Hub,2026-06-13,2026-06-16,2026-06-18,2,184.0,225.0,409.0,0
NV101122,Montreal Hub,2026-02-22,2026-02-24,2026-03-08,12,3514.0,2257.0,5771.0,9
NV101123,GTA Hub,2024-06-28,2024-06-30,2024-07-10,10,2508.0,1788.0,4296.0,9
NV101124,GTA Hub,2024-11-16,2024-11-17,2024-11-23,6,1444.0,993.0,2437.0,5
NV101125,GTA Hub,2024-08-31,2024-08-31,2024-09-07,7,424.0,459.0,883.0,1
NV101126,Montreal Hub,2025-04-06,2025-04-10,2025-04-19,9,1831.0,1274.0,3105.0,5
NV101127,GTA Hub,2025-06-06,2025-06-06,2025-06-08,2,435.0,314.0,749.0,0
NV101128,Calgary Hub,2026-04-11,2026-04-11,2026-04-19,8,2190.0,1617.0,3807.0,2
NV101129,Calgary Hub,2025-10-29,2025-10-30,2025-11-05,6,1572.0,1173.0,2745.0,7
NV101130,Calgary Hub,2024-10-12,2024-10-18,2024-10-23,5,828.0,634.0,1462.0,5
NV101131,Calgary Hub,2026-05-14,2026-05-21,2026-05-29,8,1632.0,1213.0,2845.0,7
NV101132,Montreal Hub,2025-07-11,2025-07-11,2025-07-25,14,2915.0,2265.0,5180.0,11
NV101133,GTA Hub,2025-08-25,2025-08-26,2025-08-29,3,508.0,369.0,877.0,7
NV101134,GTA Hub,2026-01-18,2026-01-18,2026-01-24,6,227.0,223.0,450.0,1
NV101135,GTA Hub,2025-06-18,2025-06-20,2025-06-23,3,187.0,156.0,343.0,2
NV101136,Calgary Hub,2024-06-07,2024-06-08,2024-06-10,2,311.0,311.0,622.0,2
NV101137,GTA Hub,2026-08-03,2026-08-05,2026-08-11,6,618.0,538.0,1156.0,2
NV101138,GTA Hub,2026-07-14,2026-07-14,2026-07-19,5,807.0,711.0,1518.0,0
NV101139,GTA Hub,2026-04-10,2026-04-11,2026-04-15,4,561.0,502.0,1063.0,4
NV101140,Montreal Hub,2024-08-15,2024-08-19,2024-08-24,5,1259.0,862.0,2121.0,5
NV101141,GTA Hub,2026-07-26,2026-07-26,2026-07-29,3,842.0,662.0,1504.0,5
NV101142,GTA Hub,2025-04-15,2025-04-15,2025-04-18,3,232.0,230.0,462.0,2
NV101143,Calgary Hub,2026-02-13,2026-02-14,2026-02-17,3,759.0,531.0,1290.0,6
NV101144,GTA Hub,2024-05-03,2024-05-04,2024-05-11,7,843.0,682.0,1525.0,2
NV101145,GTA Hub,2025-05-11,2025-05-11,2025-05-18,7,1362.0,1114.0,2476.0,2
NV101146,GTA Hub,2026-04-08,2026-04-08,2026-04-14,6,1449.0,879.0,2328.0,6
NV101147,GTA Hub,2024-06-06,2024-06-07,2024-06-09,2,196.0,259.0,455.0,0
NV101148,Montreal Hub,2025-10-16,2025-10-20,2025-10-22,2,582.0,527.0,1109.0,8
NV101149,GTA Hub,2025-04-07,2025-04-08,2025-04-16,8,754.0,655.0,1409.0,5
NV101150,GTA Hub,2025-05-18,2025-05-19,2025-05-24,5,1561.0,1037.0,2598.0,6
NV101151,GTA Hub,2026-06-27,2026-06-28,2026-07-05,7,1314.0,1103.0,2417.0,7
NV101152,Montreal Hub,2024-10-16,2024-10-18,2024-10-22,4,690.0,519.0,1209.0,0
NV101153,GTA Hub,2025-11-15,2025-11-15,2025-11-18,3,497.0,457.0,954.0,3
NV101154,GTA Hub,2024-05-31,2024-06-01,2024-06-05,4,154.0,235.0,389.0,0
NV101155,GTA Hub,2024-10-29,2024-10-29,2024-11-06,8,685.0,494.0,1179.0,1
NV101156,Montreal Hub,2026-05-04,2026-05-05,2026-05-11,6,1422.0,1026.0,2448.0,5
NV101157,Calgary Hub,2025-11-16,2025-11-19,2025-11-27,8,1416.0,1099.0,2515.0,2
NV101158,Calgary Hub,2025-04-14,2025-04-19,2025-04-24,5,1407.0,1087.0,2494.0,5
NV101159,Calgary Hub,2025-01-31,2025-01-31,2025-02-02,2,402.0,392.0,794.0,2
NV101160,Calgary Hub,2025-11-06,2025-11-09,2025-11-11,2,276.0,275.0,551.0,2
NV101161,Calgary Hub,2025-12-02,2025-12-05,2025-12-07,2,416.0,336.0,752.0,3
NV101162,GTA Hub,2024-04-17,2024-04-17,2024-04-25,8,1093.0,880.0,1973.0,7
NV101163,Montreal Hub,2025-07-29,2025-08-01,2025-08-20,19,3571.0,2663.0,6234.0,8
NV101164,GTA Hub,2025-09-05,2025-09-05,2025-09-12,7,685.0,628.0,1313.0,7
NV101165,Calgary Hub,2026-03-28,2026-03-29,2026-04-03,5,885.0,731.0,1616.0,2
NV101166,Calgary Hub,2025-03-21,2025-03-24,2025-03-29,5,892.0,661.0,1553.0,3
NV101167,GTA Hub,2025-06-14,2025-06-14,2025-06-20,6,1394.0,922.0,2316.0,2
NV101168,GTA Hub,2026-06-13,2026-06-13,2026-06-19,6,991.0,714.0,1705.0,4
NV101169,Calgary Hub,2026-08-23,2026-08-27,2026-09-06,10,1394.0,1174.0,2568.0,9
NV101170,Calgary Hub,2026-08-01,2026-08-03,2026-08-12,9,1362.0,1038.0,2400.0,10
NV101171,Montreal Hub,2024-12-20,2024-12-21,2024-12-24,3,580.0,457.0,1037.0,2
NV101172,GTA Hub,2026-05-24,2026-05-24,2026-06-02,9,1483.0,1121.0,2604.0,10
NV101173,Calgary Hub,2024-04-02,2024-04-05,2024-04-14,9,1551.0,1319.0,2870.0,15
NV101174,Calgary Hub,2025-09-03,2025-09-04,2025-09-08,4,611.0,449.0,1060.0,1
NV101175,Montreal Hub,2026-03-02,2026-03-02,2026-03-14,12,1693.0,1285.0,2978.0,6
NV101176,GTA Hub,2025-02-18,2025-02-19,2025-03-01,10,1873.0,1268.0,3141.0,4
NV101177,GTA Hub,2025-07-03,2025-07-03,2025-07-08,5,785.0,536.0,1321.0,3
NV101178,GTA Hub,2026-03-20,2026-03-21,2026-04-03,13,1961.0,1390.0,3351.0,9
NV101179,Calgary Hub,2026-02-15,2026-02-18,2026-02-26,8,1461.0,1153.0,2614.0,4
NV101180,GTA Hub,2026-02-04,2026-02-05,2026-02-11,6,1138.0,937.0,2075.0,5
NV101181,Calgary Hub,2025-07-02,2025-07-05,2025-07-07,2,126.0,156.0,282.0,0
NV101182,Calgary Hub,2024-02-22,2024-02-24,2024-02-29,5,1181.0,989.0,2170.0,8
NV101183,GTA Hub,2026-03-20,2026-03-21,2026-03-25,4,388.0,322.0,710.0,4
NV101184,Montreal Hub,2024-03-20,2024-03-21,2024-03-26,5,953.0,721.0,1674.0,3
NV101185,Calgary Hub,2026-02-22,2026-02-23,2026-03-04,9,1351.0,906.0,2257.0,9
NV101186,GTA Hub,2024-05-27,2024-05-27,2024-05-31,4,609.0,537.0,1146.0,4
NV101187,Calgary Hub,2026-02-06,2026-02-07,2026-02-11,4,981.0,709.0,1690.0,6
NV101188,Calgary Hub,2026-06-15,2026-06-17,2026-06-21,4,599.0,521.0,1120.0,6
NV101189,Calgary Hub,2024-03-13,2024-03-15,2024-03-29,14,2794.0,2101.0,4895.0,8
NV101190,Calgary Hub,2026-04-24,2026-04-24,2026-04-27,3,225.0,221.0,446.0,1
NV101191,GTA Hub,2024-11-09,2024-11-09,2024-11-19,10,2109.0,1754.0,3863.0,9
NV101192,GTA Hub,2024-10-09,2024-10-11,2024-10-15,4,107.0,158.0,265.0,0
NV101193,Montreal Hub,2026-05-05,2026-05-05,2026-05-12,7,1382.0,798.0,2180.0,6
NV101194,Calgary Hub,2025-02-10,2025-02-12,2025-02-17,5,761.0,547.0,1308.0,8
NV101195,GTA Hub,2024-06-29,2024-06-30,2024-07-03,3,581.0,415.0,996.0,1
NV101196,GTA Hub,2025-09-03,2025-09-03,2025-09-06,3,941.0,677.0,1618.0,1
NV101197,Calgary Hub,2025-06-30,2025-06-30,2025-07-06,6,826.0,811.0,1637.0,5
NV101198,Montreal Hub,2024-03-09,2024-03-13,2024-03-17,4,698.0,524.0,1222.0,4
NV101199,Montreal Hub,2025-02-13,2025-02-13,2025-02-21,8,1242.0,1122.0,2364.0,6
NV101200,Calgary Hub,2025-08-19,2025-08-22,2025-08-29,7,1275.0,889.0,2164.0,11
NV101201,GTA Hub,2026-07-06,2026-07-06,2026-07-14,8,1651.0,1206.0,2857.0,13
NV101202,Montreal Hub,2025-11-10,2025-11-10,2025-11-20,10,2677.0,2108.0,4785.0,16
NV101203,Calgary Hub,2024-10-25,2024-10-26,2024-11-03,8,894.0,763.0,1657.0,3
NV101204,Calgary Hub,2026-07-20,2026-07-23,2026-07-26,3,288.0,271.0,559.0,2
NV101205,GTA Hub,2026-08-04,2026-08-05,2026-08-13,8,1762.0,1237.0,2999.0,1
NV101206,Calgary Hub,2025-07-16,2025-07-18,2025-07-27,9,2146.0,1686.0,3832.0,7
NV101207,GTA Hub,2025-03-24,2025-03-26,2025-04-01,6,324.0,312.0,636.0,0
NV101208,Calgary Hub,2024-03-31,2024-04-01,2024-04-04,3,538.0,452.0,990.0,8
NV101209,Montreal Hub,2024-02-20,2024-02-21,2024-03-01,9,2022.0,1411.0,3433.0,9
NV101210,Calgary Hub,2026-04-17,2026-04-25,2026-05-06,11,1946.0,1370.0,3316.0,6
NV101211,Montreal Hub,2024-12-24,2024-12-25,2024-12-29,4,166.0,191.0,357.0,0
NV101212,GTA Hub,2024-05-01,2024-05-02,2024-05-20,18,4020.0,3036.0,7056.0,12
NV101213,Calgary Hub,2025-07-22,2025-07-22,2025-07-29,7,777.0,636.0,1413.0,2
NV101214,GTA Hub,2024-04-27,2024-04-28,2024-05-03,5,368.0,406.0,774.0,5
NV101215,GTA Hub,2025-02-13,2025-02-14,2025-02-16,2,195.0,235.0,430.0,2
NV101216,Montreal Hub,2026-01-19,2026-01-20,2026-01-25,5,313.0,305.0,618.0,2
NV101217,Montreal Hub,2024-11-22,2024-11-23,2024-12-05,12,3160.0,2110.0,5270.0,5
NV101218,Calgary Hub,2026-07-12,2026-07-12,2026-07-26,14,3455.0,2444.0,5899.0,10
NV101219,GTA Hub,2025-09-01,2025-09-01,2025-09-06,5,620.0,514.0,1134.0,2
NV101220,GTA Hub,2026-08-21,2026-08-23,2026-08-31,8,845.0,668.0,1513.0,5
NV101221,Calgary Hub,2025-01-16,2025-01-18,2025-01-27,9,1411.0,1123.0,2534.0,8
NV101222,GTA Hub,2026-07-11,2026-07-13,2026-07-21,8,1944.0,1286.0,3230.0,12
NV101223,GTA Hub,2025-06-13,2025-06-13,2025-06-23,10,1683.0,1234.0,2917.0,7
NV101224,Montreal Hub,2025-03-23,2025-03-24,2025-03-29,5,620.0,493.0,1113.0,1
NV101225,Calgary Hub,2026-07-28,2026-07-30,2026-08-06,7,984.0,680.0,1664.0,4
NV101226,GTA Hub,2025-12-16,2025-12-16,2025-12-18,2,200.0,183.0,383.0,0
NV101227,Calgary Hub,2026-05-12,2026-05-16,2026-05-21,5,1533.0,1213.0,2746.0,7
NV101228,GTA Hub,2026-06-01,2026-06-03,2026-06-10,7,870.0,533.0,1403.0,5
NV101229,GTA Hub,2024-12-29,2024-12-29,2025-01-02,4,545.0,433.0,978.0,3
NV101230,GTA Hub,2024-05-25,2024-05-26,2024-05-30,4,962.0,757.0,1719.0,4
NV101231,Montreal Hub,2026-02-10,2026-02-12,2026-02-20,8,1851.0,1247.0,3098.0,4
NV101232,GTA Hub,2025-01-09,2025-01-09,2025-01-15,6,1094.0,805.0,1899.0,3
NV101233,GTA Hub,2024-11-26,2024-11-27,2024-11-30,3,334.0,401.0,735.0,3
NV101234,Calgary Hub,2024-11-23,2024-11-26,2024-12-02,6,525.0,447.0,972.0,2
NV101235,GTA Hub,2025-05-07,2025-05-07,2025-05-14,7,895.0,828.0,1723.0,5
NV101236,Calgary Hub,2025-03-01,2025-03-03,2025-03-05,2,598.0,471.0,1069.0,1
NV101237,Calgary Hub,2024-11-01,2024-11-04,2024-11-11,7,475.0,401.0,876.0,2
NV101238,Calgary Hub,2025-02-19,2025-02-21,2025-03-04,11,2866.0,2130.0,4996.0,10
NV101239,GTA Hub,2025-06-12,2025-06-14,2025-06-22,8,1020.0,786.0,1806.0,8
NV101240,GTA Hub,2024-01-31,2024-02-01,2024-02-03,2,160.0,184.0,344.0,3
NV101241,GTA Hub,2025-09-16,2025-09-19,2025-09-21,2,656.0,475.0,1131.0,1
NV101242,GTA Hub,2024-07-22,2024-07-23,2024-07-28,5,565.0,409.0,974.0,0
NV101243,GTA Hub,2025-07-28,2025-07-29,2025-08-06,8,852.0,723.0,1575.0,6
NV101244,GTA Hub,2026-08-04,2026-08-04,2026-08-13,9,2150.0,1375.0,3525.0,8
NV101245,GTA Hub,2024-04-14,2024-04-14,2024-04-17,3,653.0,489.0,1142.0,3
NV101246,Montreal Hub,2026-05-17,2026-05-20,2026-05-26,6,1185.0,1023.0,2208.0,7
NV101247,GTA Hub,2025-05-24,2025-05-25,2025-05-31,6,461.0,379.0,840.0,0
NV101248,Calgary Hub,2026-03-26,2026-03-30,2026-04-09,10,2354.0,1705.0,4059.0,3
NV101249,GTA Hub,2026-05-24,2026-05-24,2026-06-03,10,1691.0,1157.0,2848.0,6
NV101250,Montreal Hub,2025-10-29,2025-10-29,2025-11-03,5,732.0,600.0,1332.0,1
NV101251,GTA Hub,2025-10-03,2025-10-04,2025-10-12,8,1256.0,912.0,2168.0,8
NV101252,Calgary Hub,2026-06-29,2026-06-30,2026-07-09,9,1830.0,1390.0,3220.0,6
NV101253,GTA Hub,2024-08-09,2024-08-09,2024-08-18,9,1139.0,913.0,2052.0,7
NV101254,Calgary Hub,2025-05-31,2025-06-03,2025-06-06,3,465.0,415.0,880.0,3
NV101255,GTA Hub,2025-10-07,2025-10-09,2025-10-14,5,790.0,565.0,1355.0,2
NV101256,Calgary Hub,2024-07-15,2024-07-15,2024-07-22,7,1245.0,1074.0,2319.0,7
NV101257,Calgary Hub,2024-06-12,2024-06-15,2024-06-19,4,724.0,653.0,1377.0,5
NV101258,GTA Hub,2024-02-25,2024-02-27,2024-03-02,4,652.0,632.0,1284.0,6
NV101259,Calgary Hub,2026-08-09,2026-08-13,2026-08-21,8,2050.0,1369.0,3419.0,11
NV101260,Calgary Hub,2025-06-13,2025-06-18,2025-06-23,5,1286.0,785.0,2071.0,2
NV101261,GTA Hub,2024-07-22,2024-07-22,2024-07-29,7,1036.0,737.0,1773.0,5
NV101262,GTA Hub,2026-02-26,2026-02-27,2026-03-04,5,1892.0,1503.0,3395.0,9
NV101263,GTA Hub,2024-12-29,2024-12-29,2025-01-03,5,637.0,542.0,1179.0,0
NV101264,GTA Hub,2024-06-07,2024-06-07,2024-06-13,6,1431.0,1020.0,2451.0,8
NV101265,Calgary Hub,2026-01-06,2026-01-07,2026-01-14,7,779.0,648.0,1427.0,4
NV101266,Montreal Hub,2024-03-21,2024-03-22,2024-03-26,4,578.0,440.0,1018.0,6
NV101267,GTA Hub,2024-06-30,2024-07-02,2024-07-10,8,1222.0,979.0,2201.0,4
NV101268,Calgary Hub,2025-01-05,2025-01-09,2025-01-12,3,483.0,395.0,878.0,1
NV101269,GTA Hub,2025-02-18,2025-02-20,2025-02-28,8,1664.0,1144.0,2808.0,2
NV101270,GTA Hub,2026-03-29,2026-04-02,2026-04-05,3,713.0,523.0,1236.0,1
NV101271,GTA Hub,2026-08-10,2026-08-10,2026-08-15,5,785.0,554.0,1339.0,0
NV101272,GTA Hub,2025-03-08,2025-03-08,2025-03-20,12,2351.0,1480.0,3831.0,6
NV101273,GTA Hub,2026-05-18,2026-05-18,2026-05-30,12,1874.0,1365.0,3239.0,4
NV101274,GTA Hub,2026-01-17,2026-01-17,2026-02-02,16,2979.0,2051.0,5030.0,8
NV101275,Montreal Hub,2025-05-11,2025-05-12,2025-05-17,5,866.0,689.0,1555.0,8
NV101276,Calgary Hub,2026-04-20,2026-04-24,2026-05-01,7,1147.0,927.0,2074.0,7
NV101277,Montreal Hub,2026-02-05,2026-02-06,2026-02-14,8,1604.0,1406.0,3010.0,7
NV101278,Calgary Hub,2026-05-11,2026-05-12,2026-05-17,5,1407.0,1021.0,2428.0,6
NV101279,GTA Hub,2026-07-31,2026-07-31,2026-08-12,12,2729.0,1941.0,4670.0,8
NV101280,GTA Hub,2024-05-03,2024-05-03,2024-05-05,2,251.0,227.0,478.0,4
NV101281,Calgary Hub,2024-05-26,2024-05-29,2024-06-03,5,987.0,792.0,1779.0,6
NV101282,GTA Hub,2024-11-04,2024-11-06,2024-11-10,4,639.0,583.0,1222.0,5
NV101283,GTA Hub,2026-07-28,2026-07-28,2026-08-07,10,2067.0,1582.0,3649.0,7
NV101284,GTA Hub,2024-11-14,2024-11-15,2024-11-21,6,1373.0,961.0,2334.0,8
NV101285,Montreal Hub,2024-06-27,2024-06-28,2024-07-06,8,1017.0,788.0,1805.0,3
NV101286,Calgary Hub,2024-05-27,2024-05-29,2024-06-06,8,1746.0,1469.0,3215.0,12
NV101287,GTA Hub,2026-07-20,2026-07-21,2026-07-28,7,1454.0,1055.0,2509.0,6
NV101288,GTA Hub,2026-04-20,2026-04-22,2026-04-29,7,1257.0,968.0,2225.0,3
NV101289,GTA Hub,2024-11-06,2024-11-06,2024-11-13,7,1205.0,928.0,2133.0,5
NV101290,Montreal Hub,2026-01-15,2026-01-17,2026-01-26,9,1975.0,1472.0,3447.0,17
NV101291,GTA Hub,2026-02-06,2026-02-06,2026-02-13,7,930.0,692.0,1622.0,5
NV101292,Montreal Hub,2025-12-15,2025-12-16,2025-12-24,8,1694.0,1152.0,2846.0,4
NV101293,GTA Hub,2025-03-25,2025-03-27,2025-04-03,7,691.0,593.0,1284.0,5
NV101294,Calgary Hub,2024-05-18,2024-05-21,2024-05-27,6,1048.0,881.0,1929.0,7
NV101295,Calgary Hub,2024-04-12,2024-04-13,2024-04-17,4,742.0,588.0,1330.0,4
NV101296,GTA Hub,2026-03-04,2026-03-07,2026-03-14,7,1153.0,799.0,1952.0,10
NV101297,GTA Hub,2026-07-13,2026-07-15,2026-07-20,5,695.0,563.0,1258.0,3
NV101298,Montreal Hub,2026-03-05,2026-03-07,2026-03-17,10,1784.0,1366.0,3150.0,3
NV101299,GTA Hub,2026-05-24,2026-05-25,2026-06-01,7,1046.0,904.0,1950.0,3
NV101300,Calgary Hub,2026-02-03,2026-02-04,2026-02-10,6,1254.0,985.0,2239.0,3
NV101301,Calgary Hub,2024-06-18,2024-06-21,2024-06-28,7,1059.0,761.0,1820.0,3
NV101302,GTA Hub,2025-01-21,2025-01-22,2025-01-29,7,1423.0,1048.0,2471.0,13
NV101303,Calgary Hub,2025-06-08,2025-06-12,2025-06-18,6,1224.0,901.0,2125.0,7
NV101304,GTA Hub,2024-05-27,2024-05-28,2024-06-02,5,687.0,587.0,1274.0,2
NV101305,GTA Hub,2024-02-19,2024-02-21,2024-02-25,4,1008.0,812.0,1820.0,7
NV101306,GTA Hub,2024-07-08,2024-07-09,2024-07-18,9,1072.0,775.0,1847.0,4
NV101307,Calgary Hub,2025-01-20,2025-01-21,2025-01-23,2,421.0,386.0,807.0,2
NV101308,Calgary Hub,2026-07-02,2026-07-02,2026-07-11,9,1719.0,1375.0,3094.0,13
NV101309,Calgary Hub,2025-10-30,2025-11-02,2025-11-07,5,467.0,410.0,877.0,4
NV101310,GTA Hub,2024-01-31,2024-02-01,2024-02-12,11,2571.0,1737.0,4308.0,13
NV101311,GTA Hub,2025-03-08,2025-03-10,2025-03-16,6,1008.0,766.0,1774.0,7
NV101312,Calgary Hub,2026-08-06,2026-08-08,2026-08-18,10,1230.0,957.0,2187.0,11
NV101313,Calgary Hub,2025-01-01,2025-01-01,2025-01-05,4,675.0,555.0,1230.0,4
NV101314,GTA Hub,2026-08-08,2026-08-11,2026-08-15,4,740.0,587.0,1327.0,6
NV101315,Calgary Hub,2024-04-21,2024-04-22,2024-04-24,2,610.0,495.0,1105.0,4
NV101316,Calgary Hub,2025-04-23,2025-04-27,2025-04-29,2,318.0,315.0,633.0,3
NV101317,Calgary Hub,2026-08-23,2026-08-26,2026-08-31,5,1043.0,866.0,1909.0,4
NV101318,GTA Hub,2026-07-30,2026-07-31,2026-08-09,9,1432.0,978.0,2410.0,7
NV101319,Calgary Hub,2024-02-14,2024-02-15,2024-02-20,5,542.0,406.0,948.0,1
NV101320,GTA Hub,2024-05-14,2024-05-15,2024-05-17,2,823.0,689.0,1512.0,0
NV101321,GTA Hub,2024-05-01,2024-05-02,2024-05-12,10,2238.0,1597.0,3835.0,12
NV101322,GTA Hub,2024-10-25,2024-10-27,2024-11-04,8,1876.0,1157.0,3033.0,7
NV101323,GTA Hub,2025-06-16,2025-06-17,2025-06-21,4,551.0,443.0,994.0,1
NV101324,GTA Hub,2024-11-08,2024-11-08,2024-11-10,2,174.0,168.0,342.0,1
NV101325,Calgary Hub,2025-04-22,2025-04-24,2025-05-01,7,1338.0,1024.0,2362.0,8
NV101326,GTA Hub,2025-06-09,2025-06-09,2025-06-15,6,476.0,434.0,910.0,2
NV101327,GTA Hub,2025-05-02,2025-05-04,2025-05-19,15,3065.0,2182.0,5247.0,8
NV101328,GTA Hub,2024-01-30,2024-01-31,2024-02-08,8,928.0,715.0,1643.0,4
NV101329,Montreal Hub,2025-04-16,2025-04-17,2025-04-22,5,377.0,390.0,767.0,6
NV101330,GTA Hub,2024-09-13,2024-09-14,2024-09-19,5,486.0,467.0,953.0,0
NV101331,Calgary Hub,2024-10-25,2024-10-26,2024-10-29,3,327.0,317.0,644.0,1
NV101332,Calgary Hub,2025-09-11,2025-09-14,2025-09-26,12,3672.0,2428.0,6100.0,9
NV101333,Calgary Hub,2024-10-01,2024-10-01,2024-10-06,5,1011.0,790.0,1801.0,7
NV101334,GTA Hub,2026-07-31,2026-07-31,2026-08-04,4,701.0,657.0,1358.0,3
NV101335,Calgary Hub,2024-10-17,2024-10-17,2024-10-24,7,1219.0,918.0,2137.0,3
NV101336,GTA Hub,2026-02-01,2026-02-02,2026-02-06,4,518.0,499.0,1017.0,4
NV101337,GTA Hub,2026-07-13,2026-07-13,2026-07-21,8,1655.0,1421.0,3076.0,8
NV101338,GTA Hub,2026-06-23,2026-06-25,2026-07-04,9,2635.0,1805.0,4440.0,18
NV101339,GTA Hub,2025-09-08,2025-09-08,2025-09-16,8,1380.0,1073.0,2453.0,6
NV101340,GTA Hub,2026-04-16,2026-04-16,2026-04-26,10,2616.0,1890.0,4506.0,8
NV101341,GTA Hub,2026-07-15,2026-07-16,2026-07-23,7,1268.0,1104.0,2372.0,7
NV101342,GTA Hub,2024-02-01,2024-02-01,2024-02-05,4,1590.0,1076.0,2666.0,4
NV101343,Calgary Hub,2025-12-09,2025-12-11,2025-12-19,8,943.0,640.0,1583.0,4
NV101344,Montreal Hub,2026-09-01,2026-09-01,2026-09-09,8,1315.0,1223.0,2538.0,9
NV101345,Calgary Hub,2026-04-19,2026-04-21,2026-04-29,8,2123.0,1486.0,3609.0,10
NV101346,GTA Hub,2025-03-05,2025-03-06,2025-03-09,3,730.0,631.0,1361.0,2
NV101347,GTA Hub,2025-07-20,2025-07-22,2025-07-27,5,905.0,719.0,1624.0,2
NV101348,GTA Hub,2024-03-04,2024-03-04,2024-03-07,3,81.0,104.0,185.0,0
NV101349,Calgary Hub,2026-07-16,2026-07-20,2026-07-25,5,847.0,658.0,1505.0,5
NV101350,Montreal Hub,2024-12-30,2025-01-02,2025-01-06,4,862.0,656.0,1518.0,7
NV101351,GTA Hub,2024-02-13,2024-02-14,2024-02-17,3,98.0,146.0,244.0,1
NV101352,Calgary Hub,2026-05-23,2026-05-23,2026-05-30,7,1410.0,1120.0,2530.0,4
NV101353,GTA Hub,2025-07-29,2025-07-30,2025-08-04,5,433.0,467.0,900.0,1
NV101354,GTA Hub,2024-09-29,2024-09-29,2024-10-05,6,1143.0,894.0,2037.0,4
NV101355,GTA Hub,2026-04-18,2026-04-19,2026-04-29,10,1294.0,1058.0,2352.0,3
NV101356,GTA Hub,2024-07-10,2024-07-11,2024-07-16,5,479.0,442.0,921.0,6
NV101357,Montreal Hub,2026-03-30,2026-04-03,2026-04-05,2,374.0,318.0,692.0,2
NV101358,GTA Hub,2024-04-09,2024-04-09,2024-04-16,7,635.0,467.0,1102.0,1
NV101359,Calgary Hub,2025-08-17,2025-08-19,2025-08-31,12,2033.0,1299.0,3332.0,6
NV101360,GTA Hub,2026-03-24,2026-03-24,2026-04-06,13,2413.0,1625.0,4038.0,4
NV101361,GTA Hub,2025-11-18,2025-11-18,2025-11-21,3,581.0,487.0,1068.0,3
NV101362,Calgary Hub,2024-08-20,2024-08-22,2024-09-01,10,2228.0,1598.0,3826.0,6
NV101363,GTA Hub,2026-06-06,2026-06-07,2026-06-19,12,2805.0,1875.0,4680.0,13
NV101364,GTA Hub,2025-07-16,2025-07-16,2025-07-24,8,1302.0,1014.0,2316.0,5
NV101365,Calgary Hub,2025-12-28,2025-12-30,2026-01-04,5,677.0,493.0,1170.0,5
NV101366,Montreal Hub,2025-07-19,2025-07-22,2025-07-30,8,1225.0,892.0,2117.0,3
NV101367,GTA Hub,2026-03-09,2026-03-09,2026-03-18,9,1755.0,1389.0,3144.0,7
NV101368,Calgary Hub,2024-06-10,2024-06-10,2024-06-12,2,408.0,346.0,754.0,1
NV101369,Calgary Hub,2026-04-29,2026-04-30,2026-05-06,6,560.0,378.0,938.0,5
NV101370,GTA Hub,2025-11-10,2025-11-12,2025-11-18,6,411.0,332.0,743.0,2
NV101371,GTA Hub,2024-12-09,2024-12-10,2024-12-15,5,594.0,515.0,1109.0,1
NV101372,Calgary Hub,2024-02-28,2024-03-03,2024-03-05,2,194.0,202.0,396.0,2
NV101373,Montreal Hub,2024-12-19,2024-12-19,2024-12-26,7,1286.0,1015.0,2301.0,5
NV101374,GTA Hub,2024-06-04,2024-06-07,2024-06-11,4,1340.0,984.0,2324.0,5
NV101375,GTA Hub,2026-04-14,2026-04-15,2026-04-22,7,1102.0,926.0,2028.0,6
NV101376,Calgary Hub,2024-05-13,2024-05-17,2024-05-24,7,1708.0,1276.0,2984.0,5
NV101377,GTA Hub,2025-07-17,2025-07-18,2025-07-26,8,1306.0,962.0,2268.0,2
NV101378,GTA Hub,2024-03-07,2024-03-07,2024-03-11,4,428.0,564.0,992.0,5
NV101379,Montreal Hub,2025-10-02,2025-10-05,2025-10-10,5,813.0,701.0,1514.0,9
NV101380,Calgary Hub,2026-07-21,2026-07-21,2026-08-10,20,4161.0,2713.0,6874.0,13
NV101381,Montreal Hub,2025-10-02,2025-10-03,2025-10-09,6,626.0,477.0,1103.0,6
NV101382,Calgary Hub,2025-08-02,2025-08-04,2025-08-08,4,511.0,475.0,986.0,6
NV101383,GTA Hub,2024-08-14,2024-08-17,2024-08-25,8,1289.0,986.0,2275.0,13
NV101384,Calgary Hub,2025-05-20,2025-05-24,2025-05-29,5,625.0,518.0,1143.0,2
NV101385,Calgary Hub,2026-07-21,2026-07-23,2026-08-04,12,3018.0,2091.0,5109.0,14
NV101386,Montreal Hub,2024-08-02,2024-08-03,2024-08-13,10,1316.0,926.0,2242.0,1
NV101387,GTA Hub,2024-09-23,2024-09-26,2024-09-30,4,478.0,392.0,870.0,4
NV101388,GTA Hub,2024-05-23,2024-05-25,2024-05-31,6,1291.0,1077.0,2368.0,10
NV101389,GTA Hub,2024-08-26,2024-08-26,2024-08-29,3,1324.0,946.0,2270.0,2
NV101390,GTA Hub,2024-09-21,2024-09-22,2024-09-26,4,146.0,183.0,329.0,0
NV101391,GTA Hub,2026-03-02,2026-03-02,2026-03-15,13,3123.0,2517.0,5640.0,14
NV101392,GTA Hub,2026-01-15,2026-01-16,2026-01-21,5,927.0,790.0,1717.0,2
NV101393,Calgary Hub,2025-09-14,2025-09-19,2025-09-25,6,1066.0,877.0,1943.0,8
NV101394,Montreal Hub,2026-01-06,2026-01-09,2026-01-13,4,747.0,559.0,1306.0,2
NV101395,Calgary Hub,2025-04-30,2025-05-04,2025-05-13,9,1408.0,1164.0,2572.0,9
NV101396,Calgary Hub,2025-01-13,2025-01-17,2025-01-24,7,947.0,719.0,1666.0,0
NV101397,GTA Hub,2024-10-22,2024-10-26,2024-10-31,5,535.0,421.0,956.0,5
NV101398,GTA Hub,2025-06-04,2025-06-04,2025-06-08,4,481.0,455.0,936.0,3
NV101399,Montreal Hub,2024-06-07,2024-06-09,2024-06-19,10,2700.0,2054.0,4754.0,7
NV101400,GTA Hub,2024-09-06,2024-09-06,2024-09-12,6,1100.0,778.0,1878.0,4
NV101401,Calgary Hub,2024-12-27,2024-12-29,2025-01-16,18,3708.0,2848.0,6556.0,10
NV101402,Montreal Hub,2026-03-13,2026-03-15,2026-03-23,8,917.0,788.0,1705.0,1
NV101403,GTA Hub,2024-03-21,2024-03-21,2024-03-28,7,955.0,644.0,1599.0,3
NV101404,Calgary Hub,2025-03-21,2025-03-22,2025-03-27,5,899.0,658.0,1557.0,3
NV101405,GTA Hub,2024-02-04,2024-02-04,2024-02-13,9,1605.0,1213.0,2818.0,9
NV101406,Calgary Hub,2026-01-10,2026-01-11,2026-01-17,6,1434.0,1109.0,2543.0,10
NV101407,GTA Hub,2026-06-11,2026-06-12,2026-06-17,5,1115.0,840.0,1955.0,5
NV101408,GTA Hub,2025-06-18,2025-06-18,2025-06-27,9,2147.0,1461.0,3608.0,5
NV101409,GTA Hub,2025-10-24,2025-10-25,2025-11-01,7,1471.0,839.0,2310.0,0
NV101410,GTA Hub,2024-04-30,2024-05-01,2024-05-07,6,952.0,693.0,1645.0,9
NV101411,GTA Hub,2025-09-01,2025-09-01,2025-09-11,10,1734.0,1357.0,3091.0,9
NV101412,Calgary Hub,2025-03-27,2025-03-31,2025-04-05,5,915.0,789.0,1704.0,2
NV101413,Calgary Hub,2024-06-11,2024-06-15,2024-06-17,2,396.0,360.0,756.0,2
NV101414,GTA Hub,2024-12-16,2024-12-16,2024-12-20,4,655.0,502.0,1157.0,4
NV101415,Calgary Hub,2025-01-20,2025-01-22,2025-01-27,5,511.0,439.0,950.0,2
NV101416,GTA Hub,2026-06-19,2026-06-19,2026-06-26,7,1531.0,1063.0,2594.0,10
NV101417,GTA Hub,2025-12-02,2025-12-03,2025-12-08,5,819.0,753.0,1572.0,2
NV101418,GTA Hub,2025-12-26,2025-12-27,2026-01-07,11,2289.0,1470.0,3759.0,11
NV101419,GTA Hub,2024-10-25,2024-10-25,2024-11-01,7,1617.0,1091.0,2708.0,5
NV101420,Calgary Hub,2026-08-03,2026-08-06,2026-08-14,8,1836.0,1733.0,3569.0,8
NV101421,GTA Hub,2025-02-02,2025-02-02,2025-02-09,7,1620.0,1083.0,2703.0,12
NV101422,Calgary Hub,2025-01-20,2025-01-23,2025-02-02,10,2504.0,2066.0,4570.0,3
NV101423,Calgary Hub,2026-02-10,2026-02-13,2026-02-27,14,2878.0,2269.0,5147.0,17
NV101424,Montreal Hub,2024-03-17,2024-03-19,2024-03-24,5,422.0,305.0,727.0,2
NV101425,Calgary Hub,2026-08-07,2026-08-08,2026-08-14,6,1145.0,1071.0,2216.0,7
NV101426,Calgary Hub,2024-12-29,2024-12-30,2025-01-09,10,2132.0,1580.0,3712.0,9
NV101427,GTA Hub,2026-04-05,2026-04-06,2026-04-11,5,873.0,649.0,1522.0,5
NV101428,Calgary Hub,2026-01-16,2026-01-16,2026-01-24,8,1544.0,1269.0,2813.0,12
NV101429,GTA Hub,2026-02-10,2026-02-11,2026-02-18,7,1850.0,1321.0,3171.0,12
NV101430,GTA Hub,2026-01-03,2026-01-05,2026-01-10,5,1271.0,987.0,2258.0,4
NV101431,GTA Hub,2026-03-06,2026-03-07,2026-03-11,4,768.0,504.0,1272.0,2
NV101432,Montreal Hub,2025-04-17,2025-04-18,2025-05-01,13,3064.0,2390.0,5454.0,11
NV101433,Calgary Hub,2025-03-13,2025-03-14,2025-03-20,6,1145.0,933.0,2078.0,3
NV101434,Calgary Hub,2025-03-19,2025-03-23,2025-04-02,10,2083.0,1839.0,3922.0,10
NV101435,GTA Hub,2025-10-20,2025-10-21,2025-10-27,6,501.0,440.0,941.0,5
NV101436,GTA Hub,2026-02-03,2026-02-05,2026-02-17,12,1889.0,1317.0,3206.0,10
NV101437,Calgary Hub,2026-07-21,2026-07-25,2026-07-30,5,1051.0,714.0,1765.0,2
NV101438,GTA Hub,2025-01-23,2025-01-23,2025-02-05,13,2383.0,1961.0,4344.0,5
NV101439,Montreal Hub,2025-08-02,2025-08-04,2025-08-08,4,653.0,453.0,1106.0,3
NV101440,GTA Hub,2025-03-23,2025-03-25,2025-04-07,13,3176.0,1821.0,4997.0,8
NV101441,GTA Hub,2025-11-15,2025-11-15,2025-11-21,6,562.0,466.0,1028.0,1
NV101442,GTA Hub,2025-01-30,2025-01-31,2025-02-05,5,296.0,279.0,575.0,3
NV101443,GTA Hub,2025-06-19,2025-06-20,2025-06-26,6,682.0,532.0,1214.0,7
NV101444,GTA Hub,2025-02-11,2025-02-11,2025-02-16,5,742.0,572.0,1314.0,3
NV101445,Montreal Hub,2026-08-26,2026-08-27,2026-09-02,6,1086.0,787.0,1873.0,5
NV101446,Montreal Hub,2024-03-08,2024-03-10,2024-03-12,2,186.0,177.0,363.0,4
NV101447,Calgary Hub,2025-11-23,2025-11-26,2025-12-01,5,797.0,623.0,1420.0,2
NV101448,Calgary Hub,2024-08-30,2024-08-31,2024-09-11,11,2209.0,1371.0,3580.0,7
NV101449,Montreal Hub,2026-08-15,2026-08-15,2026-08-20,5,824.0,657.0,1481.0,6
NV101450,GTA Hub,2026-08-10,2026-08-11,2026-08-20,9,2162.0,1597.0,3759.0,10
NV101451,Calgary Hub,2025-07-16,2025-07-18,2025-07-26,8,923.0,789.0,1712.0,5
NV101452,Calgary Hub,2025-07-16,2025-07-18,2025-07-21,3,771.0,565.0,1336.0,3
NV101453,GTA Hub,2024-09-06,2024-09-06,2024-09-08,2,586.0,598.0,1184.0,6
NV101454,Calgary Hub,2026-08-07,2026-08-08,2026-08-16,8,1129.0,941.0,2070.0,2
NV101455,GTA Hub,2026-07-21,2026-07-21,2026-07-25,4,778.0,640.0,1418.0,2
NV101456,GTA Hub,2026-02-08,2026-02-08,2026-02-10,2,464.0,468.0,932.0,2
NV101457,GTA Hub,2024-09-09,2024-09-11,2024-09-17,6,942.0,805.0,1747.0,9
NV101458,GTA Hub,2024-09-20,2024-09-20,2024-09-25,5,567.0,557.0,1124.0,7
NV101459,Calgary Hub,2025-09-27,2025-09-30,2025-10-05,5,1034.0,887.0,1921.0,4
NV101460,GTA Hub,2025-03-28,2025-03-30,2025-04-09,10,1441.0,973.0,2414.0,12
NV101461,Montreal Hub,2024-08-10,2024-08-11,2024-08-27,16,2288.0,1766.0,4054.0,7
NV101462,Montreal Hub,2025-10-03,2025-10-06,2025-10-08,2,327.0,272.0,599.0,0
NV101463,GTA Hub,2024-08-16,2024-08-16,2024-08-27,11,2304.0,1668.0,3972.0,5
NV101464,Montreal Hub,2026-04-14,2026-04-16,2026-04-30,14,1932.0,1227.0,3159.0,5
NV101465,GTA Hub,2024-03-28,2024-03-28,2024-03-30,2,103.0,134.0,237.0,0
NV101466,GTA Hub,2025-07-28,2025-07-30,2025-08-08,9,2052.0,1460.0,3512.0,14
NV101467,GTA Hub,2025-05-03,2025-05-04,2025-05-10,6,744.0,681.0,1425.0,8
NV101468,Calgary Hub,2026-06-04,2026-06-09,2026-06-14,5,659.0,522.0,1181.0,1
NV101469,GTA Hub,2025-12-02,2025-12-04,2025-12-17,13,3085.0,2015.0,5100.0,5
NV101470,Calgary Hub,2025-05-08,2025-05-08,2025-05-13,5,695.0,605.0,1300.0,7
NV101471,Calgary Hub,2024-10-22,2024-10-28,2024-11-01,4,435.0,388.0,823.0,7
NV101472,Montreal Hub,2025-08-27,2025-08-27,2025-09-06,10,1870.0,1328.0,3198.0,7
NV101473,GTA Hub,2026-05-08,2026-05-10,2026-05-17,7,949.0,705.0,1654.0,5
NV101474,Calgary Hub,2025-08-19,2025-08-20,2025-08-23,3,847.0,698.0,1545.0,6
NV101475,Calgary Hub,2025-04-25,2025-04-27,2025-05-04,7,919.0,815.0,1734.0,2
NV101476,GTA Hub,2026-04-08,2026-04-08,2026-04-15,7,1234.0,848.0,2082.0,1
NV101477,GTA Hub,2024-08-27,2024-08-29,2024-09-04,6,1187.0,966.0,2153.0,4
NV101478,Calgary Hub,2025-07-31,2025-08-04,2025-08-09,5,904.0,719.0,1623.0,3
NV101479,Montreal Hub,2026-02-08,2026-02-11,2026-02-16,5,897.0,676.0,1573.0,4
NV101480,GTA Hub,2026-05-11,2026-05-12,2026-05-22,10,1996.0,1420.0,3416.0,10
NV101481,Calgary Hub,2026-01-16,2026-01-20,2026-01-29,9,2022.0,1462.0,3484.0,5
NV101482,Calgary Hub,2024-11-19,2024-11-21,2024-12-02,11,1591.0,1271.0,2862.0,8
NV101483,Calgary Hub,2025-09-26,2025-09-28,2025-10-08,10,1471.0,1277.0,2748.0,6
NV101484,Montreal Hub,2026-06-07,2026-06-11,2026-06-18,7,793.0,653.0,1446.0,2
NV101485,GTA Hub,2025-11-28,2025-11-30,2025-12-03,3,207.0,227.0,434.0,2
NV101486,GTA Hub,2026-05-11,2026-05-11,2026-05-13,2,749.0,480.0,1229.0,2
NV101487,GTA Hub,2025-08-18,2025-08-18,2025-08-22,4,311.0,265.0,576.0,1
NV101488,GTA Hub,2024-02-08,2024-02-08,2024-02-16,8,1396.0,1055.0,2451.0,5
NV101489,Montreal Hub,2026-06-07,2026-06-07,2026-06-14,7,1010.0,785.0,1795.0,4
NV101490,GTA Hub,2025-08-20,2025-08-20,2025-08-25,5,168.0,203.0,371.0,0
NV101491,GTA Hub,2025-05-29,2025-06-01,2025-06-05,4,257.0,214.0,471.0,4
NV101492,GTA Hub,2024-05-01,2024-05-03,2024-05-16,13,2518.0,1918.0,4436.0,9
NV101493,Calgary Hub,2025-04-14,2025-04-16,2025-04-24,8,1368.0,916.0,2284.0,4
NV101494,Calgary Hub,2024-06-02,2024-06-06,2024-06-12,6,866.0,612.0,1478.0,7
NV101495,Montreal Hub,2026-05-20,2026-05-21,2026-06-03,13,2914.0,2117.0,5031.0,16
NV101496,GTA Hub,2025-12-22,2025-12-23,2025-12-28,5,110.0,161.0,271.0,0
NV101497,GTA Hub,2025-08-17,2025-08-17,2025-09-08,22,4599.0,3165.0,7764.0,8
NV101498,GTA Hub,2025-08-13,2025-08-14,2025-08-19,5,1187.0,875.0,2062.0,3
NV101499,Calgary Hub,2025-05-25,2025-05-28,2025-06-01,4,116.0,156.0,272.0,6
NV101500,GTA Hub,2024-03-08,2024-03-08,2024-03-11,3,91.0,126.0,217.0,1
NV101501,Calgary Hub,2026-05-31,2026-06-01,2026-06-10,9,1175.0,871.0,2046.0,2
NV101502,Calgary Hub,2025-12-05,2025-12-13,2025-12-19,6,1264.0,1056.0,2320.0,4
NV101503,Calgary Hub,2026-01-14,2026-01-17,2026-01-23,6,817.0,522.0,1339.0,3
NV101504,GTA Hub,2025-07-09,2025-07-10,2025-07-17,7,1341.0,1031.0,2372.0,9
NV101505,GTA Hub,2024-04-26,2024-04-28,2024-05-07,9,1923.0,1282.0,3205.0,11
NV101506,GTA Hub,2024-10-02,2024-10-03,2024-10-07,4,469.0,426.0,895.0,4
NV101507,Calgary Hub,2026-06-30,2026-07-01,2026-07-11,10,1152.0,877.0,2029.0,7
NV101508,GTA Hub,2024-08-02,2024-08-03,2024-08-08,5,951.0,770.0,1721.0,8
NV101509,GTA Hub,2025-01-02,2025-01-06,2025-01-14,8,821.0,721.0,1542.0,5
NV101510,Montreal Hub,2025-08-09,2025-08-10,2025-08-20,10,1311.0,1045.0,2356.0,6
NV101511,Calgary Hub,2025-08-13,2025-08-16,2025-08-18,2,529.0,428.0,957.0,2
NV101512,GTA Hub,2026-08-29,2026-08-29,2026-09-10,12,1997.0,1523.0,3520.0,9
NV101513,Calgary Hub,2024-07-12,2024-07-16,2024-07-22,6,882.0,666.0,1548.0,3
NV101514,GTA Hub,2026-04-20,2026-04-21,2026-04-29,8,1235.0,1036.0,2271.0,7
NV101515,Calgary Hub,2025-10-05,2025-10-08,2025-10-16,8,1567.0,1205.0,2772.0,7
NV101516,Montreal Hub,2025-06-13,2025-06-14,2025-06-22,8,1231.0,1032.0,2263.0,6
NV101517,GTA Hub,2026-04-07,2026-04-07,2026-04-11,4,296.0,222.0,518.0,1
NV101518,Calgary Hub,2024-06-17,2024-06-23,2024-07-01,8,1473.0,1175.0,2648.0,6
NV101519,GTA Hub,2025-12-16,2025-12-17,2025-12-26,9,1116.0,949.0,2065.0,11
NV101520,GTA Hub,2025-04-30,2025-05-01,2025-05-07,6,659.0,564.0,1223.0,5
NV101521,GTA Hub,2024-03-13,2024-03-13,2024-03-17,4,446.0,350.0,796.0,1
NV101522,GTA Hub,2024-07-17,2024-07-18,2024-07-20,2,84.0,122.0,206.0,2
NV101523,GTA Hub,2026-03-30,2026-04-01,2026-04-06,5,701.0,559.0,1260.0,2
NV101524,GTA Hub,2026-08-11,2026-08-11,2026-08-17,6,1078.0,800.0,1878.0,1
NV101525,Calgary Hub,2025-01-27,2025-01-31,2025-02-23,23,4676.0,3532.0,8208.0,5
NV101526,Calgary Hub,2026-06-13,2026-06-15,2026-06-22,7,1341.0,883.0,2224.0,5
NV101527,GTA Hub,2025-09-01,2025-09-01,2025-09-04,3,520.0,501.0,1021.0,4
NV101528,Montreal Hub,2026-04-18,2026-04-18,2026-04-25,7,898.0,691.0,1589.0,5
NV101529,GTA Hub,2026-04-07,2026-04-08,2026-04-14,6,1054.0,910.0,1964.0,9
NV101530,GTA Hub,2024-11-29,2024-12-01,2024-12-08,7,507.0,507.0,1014.0,0
NV101531,GTA Hub,2024-06-03,2024-06-05,2024-06-07,2,227.0,230.0,457.0,2
NV101532,GTA Hub,2025-08-23,2025-08-24,2025-08-29,5,333.0,330.0,663.0,1
NV101533,GTA Hub,2026-03-28,2026-03-29,2026-04-05,7,1070.0,867.0,1937.0,4
NV101534,Montreal Hub,2025-11-17,2025-11-18,2025-11-29,11,2328.0,1706.0,4034.0,9
NV101535,GTA Hub,2025-03-14,2025-03-15,2025-03-17,2,411.0,423.0,834.0,2
NV101536,Calgary Hub,2025-06-23,2025-06-24,2025-06-27,3,302.0,300.0,602.0,1
NV101537,Calgary Hub,2026-02-28,2026-02-28,2026-03-14,14,2725.0,2011.0,4736.0,11
NV101538,GTA Hub,2025-11-08,2025-11-08,2025-11-14,6,1037.0,862.0,1899.0,11
NV101539,GTA Hub,2024-11-19,2024-11-22,2024-11-27,5,111.0,132.0,243.0,3
NV101540,Montreal Hub,2025-06-05,2025-06-07,2025-06-11,4,674.0,531.0,1205.0,3
NV101541,GTA Hub,2026-07-25,2026-07-26,2026-08-03,8,1990.0,1447.0,3437.0,8
NV101542,GTA Hub,2025-04-16,2025-04-17,2025-04-29,12,1560.0,1374.0,2934.0,5
NV101543,Calgary Hub,2024-12-31,2025-01-02,2025-01-11,9,2113.0,1261.0,3374.0,6
NV101544,Montreal Hub,2025-01-22,2025-01-23,2025-01-27,4,595.0,560.0,1155.0,1
NV101545,Calgary Hub,2025-06-23,2025-06-24,2025-06-28,4,1080.0,833.0,1913.0,7
NV101546,GTA Hub,2025-07-21,2025-07-22,2025-07-31,9,1017.0,932.0,1949.0,2
NV101547,GTA Hub,2026-05-27,2026-05-27,2026-06-07,11,1703.0,1283.0,2986.0,9
NV101548,GTA Hub,2024-08-04,2024-08-04,2024-08-09,5,502.0,521.0,1023.0,0
NV101549,Calgary Hub,2024-11-12,2024-11-14,2024-11-18,4,1020.0,742.0,1762.0,4
NV101550,GTA Hub,2025-10-11,2025-10-13,2025-10-24,11,1527.0,1079.0,2606.0,6
NV101551,GTA Hub,2026-04-18,2026-04-20,2026-04-29,9,1334.0,998.0,2332.0,8
NV101552,Montreal Hub,2024-10-29,2024-10-29,2024-10-31,2,312.0,318.0,630.0,0
NV101553,GTA Hub,2024-10-18,2024-10-19,2024-10-22,3,577.0,481.0,1058.0,7
NV101554,Calgary Hub,2025-12-05,2025-12-05,2025-12-16,11,2882.0,2057.0,4939.0,5
NV101555,Calgary Hub,2024-08-10,2024-08-13,2024-08-19,6,283.0,297.0,580.0,3
NV101556,Calgary Hub,2026-04-25,2026-04-26,2026-05-01,5,1460.0,1100.0,2560.0,3
NV101557,GTA Hub,2025-06-23,2025-06-23,2025-07-04,11,1920.0,1566.0,3486.0,11
NV101558,GTA Hub,2026-01-24,2026-01-27,2026-02-08,12,2224.0,1664.0,3888.0,5
NV101559,Calgary Hub,2024-06-21,2024-06-23,2024-06-27,4,864.0,685.0,1549.0,10
NV101560,Montreal Hub,2026-01-30,2026-02-01,2026-02-10,9,1255.0,908.0,2163.0,7
NV101561,GTA Hub,2025-07-30,2025-07-31,2025-08-10,10,1891.0,1552.0,3443.0,13
NV101562,Montreal Hub,2025-08-19,2025-08-21,2025-08-25,4,503.0,471.0,974.0,6
NV101563,Montreal Hub,2024-06-03,2024-06-04,2024-06-11,7,1725.0,1034.0,2759.0,3
NV101564,GTA Hub,2025-09-10,2025-09-12,2025-09-22,10,2456.0,1710.0,4166.0,7
NV101565,GTA Hub,2025-06-26,2025-06-26,2025-06-28,2,515.0,496.0,1011.0,1
NV101566,GTA Hub,2024-05-20,2024-05-20,2024-05-28,8,1395.0,938.0,2333.0,3
NV101567,GTA Hub,2025-10-27,2025-10-28,2025-11-02,5,563.0,425.0,988.0,1
NV101568,Calgary Hub,2025-04-06,2025-04-09,2025-04-17,8,1289.0,955.0,2244.0,3
NV101569,Calgary Hub,2024-11-14,2024-11-16,2024-11-21,5,820.0,735.0,1555.0,6
NV101570,GTA Hub,2025-01-17,2025-01-17,2025-01-23,6,1428.0,1076.0,2504.0,9
NV101571,GTA Hub,2026-04-16,2026-04-16,2026-04-21,5,328.0,303.0,631.0,0
NV101572,GTA Hub,2026-08-27,2026-08-27,2026-09-03,7,798.0,710.0,1508.0,7
NV101573,GTA Hub,2024-05-24,2024-05-24,2024-05-28,4,937.0,730.0,1667.0,3
NV101574,GTA Hub,2026-05-02,2026-05-03,2026-05-10,7,951.0,694.0,1645.0,0
NV101575,GTA Hub,2024-02-06,2024-02-08,2024-02-13,5,681.0,611.0,1292.0,5
NV101576,Calgary Hub,2024-02-08,2024-02-09,2024-02-19,10,1768.0,1454.0,3222.0,4
NV101577,Montreal Hub,2024-02-15,2024-02-16,2024-02-19,3,225.0,212.0,437.0,0
NV101578,GTA Hub,2025-12-06,2025-12-06,2025-12-08,2,642.0,501.0,1143.0,0
NV101579,Calgary Hub,2026-04-14,2026-04-16,2026-04-22,6,1306.0,880.0,2186.0,9
NV101580,GTA Hub,2025-11-22,2025-11-23,2025-12-02,9,1125.0,1096.0,2221.0,8
NV101581,Calgary Hub,2026-08-01,2026-08-03,2026-08-07,4,568.0,428.0,996.0,1
NV101582,GTA Hub,2026-05-19,2026-05-21,2026-06-04,14,2937.0,2420.0,5357.0,9
NV101583,Calgary Hub,2026-07-28,2026-07-29,2026-08-11,13,2236.0,2050.0,4286.0,11
NV101584,GTA Hub,2024-08-08,2024-08-09,2024-08-11,2,669.0,536.0,1205.0,3
NV101585,Calgary Hub,2025-07-13,2025-07-15,2025-07-24,9,1263.0,988.0,2251.0,7
NV101586,GTA Hub,2026-03-07,2026-03-07,2026-03-11,4,555.0,410.0,965.0,1
NV101587,GTA Hub,2024-05-10,2024-05-11,2024-05-21,10,1616.0,1194.0,2810.0,7
NV101588,Calgary Hub,2025-04-12,2025-04-14,2025-04-23,9,1838.0,1580.0,3418.0,9
NV101589,GTA Hub,2024-02-02,2024-02-02,2024-02-08,6,495.0,498.0,993.0,3
NV101590,GTA Hub,2024-05-31,2024-06-02,2024-06-11,9,1686.0,1322.0,3008.0,13
NV101591,GTA Hub,2024-01-05,2024-01-06,2024-01-09,3,477.0,485.0,962.0,0
NV101592,Calgary Hub,2026-03-17,2026-03-17,2026-03-24,7,1323.0,1003.0,2326.0,2
NV101593,Montreal Hub,2024-05-04,2024-05-05,2024-05-13,8,1508.0,993.0,2501.0,4
NV101594,Calgary Hub,2025-10-19,2025-10-21,2025-10-28,7,863.0,750.0,1613.0,0
NV101595,GTA Hub,2025-05-26,2025-05-27,2025-05-30,3,511.0,469.0,980.0,3
NV101596,Calgary Hub,2025-12-17,2025-12-18,2025-12-22,4,308.0,274.0,582.0,0
NV101597,GTA Hub,2025-01-31,2025-02-01,2025-02-10,9,1863.0,1511.0,3374.0,6
NV101598,GTA Hub,2025-10-21,2025-10-22,2025-10-25,3,695.0,557.0,1252.0,0
NV101599,GTA Hub,2024-04-29,2024-05-01,2024-05-04,3,200.0,246.0,446.0,2
NV101600,GTA Hub,2025-09-05,2025-09-05,2025-09-12,7,1157.0,929.0,2086.0,4
NV101601,GTA Hub,2025-09-04,2025-09-07,2025-09-13,6,625.0,491.0,1116.0,3
NV101602,Calgary Hub,2025-09-20,2025-09-24,2025-10-04,10,2170.0,1503.0,3673.0,9
NV101603,GTA Hub,2026-07-24,2026-07-24,2026-07-30,6,1154.0,913.0,2067.0,6
NV101604,GTA Hub,2026-08-31,2026-09-01,2026-09-08,7,1338.0,999.0,2337.0,4
NV101605,GTA Hub,2024-08-07,2024-08-08,2024-08-18,10,1969.0,1640.0,3609.0,7
NV101606,GTA Hub,2025-11-10,2025-11-11,2025-11-17,6,1058.0,767.0,1825.0,3
NV101607,GTA Hub,2025-08-02,2025-08-03,2025-08-12,9,1444.0,1050.0,2494.0,10
NV101608,GTA Hub,2025-08-04,2025-08-06,2025-08-12,6,947.0,800.0,1747.0,5
NV101609,Montreal Hub,2024-06-02,2024-06-05,2024-06-19,14,3039.0,2876.0,5915.0,5
NV101610,GTA Hub,2025-05-24,2025-05-26,2025-05-30,4,1059.0,715.0,1774.0,0
NV101611,Calgary Hub,2026-01-20,2026-01-24,2026-02-04,11,2022.0,1457.0,3479.0,10
NV101612,Montreal Hub,2026-07-23,2026-07-26,2026-08-04,9,1354.0,909.0,2263.0,2
NV101613,GTA Hub,2024-11-02,2024-11-04,2024-11-15,11,1774.0,1413.0,3187.0,6
NV101614,Montreal Hub,2024-10-28,2024-10-31,2024-11-02,2,213.0,252.0,465.0,0
NV101615,GTA Hub,2025-04-15,2025-04-15,2025-04-22,7,1183.0,992.0,2175.0,17
NV101616,GTA Hub,2024-01-28,2024-01-30,2024-02-07,8,1572.0,1171.0,2743.0,2
NV101617,GTA Hub,2026-06-13,2026-06-14,2026-06-19,5,1168.0,885.0,2053.0,4
NV101618,Montreal Hub,2025-06-28,2025-06-28,2025-07-15,17,3990.0,3060.0,7050.0,8
NV101619,Calgary Hub,2024-07-15,2024-07-20,2024-07-25,5,772.0,619.0,1391.0,3
NV101620,Montreal Hub,2025-03-09,2025-03-12,2025-03-20,8,1676.0,1418.0,3094.0,12
NV101621,GTA Hub,2024-08-12,2024-08-12,2024-08-14,2,149.0,191.0,340.0,0
NV101622,GTA Hub,2026-06-14,2026-06-15,2026-07-01,16,2459.0,2072.0,4531.0,14
NV101623,GTA Hub,2025-12-21,2025-12-22,2025-12-25,3,545.0,470.0,1015.0,1
NV101624,GTA Hub,2025-01-17,2025-01-18,2025-01-24,6,1095.0,725.0,1820.0,6
NV101625,Montreal Hub,2025-09-28,2025-09-28,2025-10-08,10,1527.0,920.0,2447.0,7
NV101626,GTA Hub,2024-11-09,2024-11-10,2024-11-15,5,163.0,199.0,362.0,0
NV101627,GTA Hub,2026-09-01,2026-09-02,2026-09-13,11,1659.0,1150.0,2809.0,11
NV101628,GTA Hub,2025-08-11,2025-08-11,2025-08-15,4,247.0,277.0,524.0,0
NV101629,Montreal Hub,2026-04-10,2026-04-13,2026-04-20,7,1334.0,1135.0,2469.0,5
NV101630,Calgary Hub,2025-12-17,2025-12-19,2025-12-27,8,945.0,819.0,1764.0,3
NV101631,GTA Hub,2025-04-08,2025-04-08,2025-04-17,9,1269.0,920.0,2189.0,6
NV101632,GTA Hub,2024-06-22,2024-06-22,2024-06-25,3,519.0,434.0,953.0,0
NV101633,GTA Hub,2026-08-25,2026-08-27,2026-09-01,5,547.0,447.0,994.0,2
NV101634,Calgary Hub,2024-03-01,2024-03-06,2024-03-13,7,1080.0,816.0,1896.0,7
NV101635,GTA Hub,2025-05-26,2025-05-26,2025-05-28,2,377.0,383.0,760.0,1
NV101636,GTA Hub,2025-05-19,2025-05-19,2025-05-25,6,787.0,550.0,1337.0,4
NV101637,Calgary Hub,2025-03-26,2025-03-28,2025-04-03,6,754.0,564.0,1318.0,4
NV101638,Calgary Hub,2025-02-20,2025-02-23,2025-03-04,9,2169.0,1321.0,3490.0,10
NV101639,GTA Hub,2026-01-27,2026-01-30,2026-02-07,8,1092.0,905.0,1997.0,4
NV101640,GTA Hub,2025-06-13,2025-06-13,2025-06-21,8,1560.0,1045.0,2605.0,7
NV101641,Calgary Hub,2025-12-15,2025-12-18,2025-12-25,7,1669.0,1135.0,2804.0,13
NV101642,GTA Hub,2026-03-03,2026-03-04,2026-03-16,12,1729.0,1425.0,3154.0,6
NV101643,GTA Hub,2026-07-24,2026-07-24,2026-07-29,5,1528.0,1007.0,2535.0,6
NV101644,GTA Hub,2024-12-13,2024-12-14,2024-12-16,2,104.0,131.0,235.0,0
NV101645,GTA Hub,2026-04-30,2026-05-01,2026-05-08,7,1663.0,1095.0,2758.0,3
NV101646,GTA Hub,2026-06-30,2026-07-04,2026-07-10,6,1524.0,1223.0,2747.0,10
NV101647,Calgary Hub,2026-08-27,2026-09-01,2026-09-12,11,2231.0,1474.0,3705.0,13
NV101648,Montreal Hub,2025-10-21,2025-10-22,2025-11-01,10,2025.0,1521.0,3546.0,7
NV101649,Calgary Hub,2026-04-16,2026-04-17,2026-04-26,9,2027.0,1488.0,3515.0,5
NV101650,Calgary Hub,2024-03-29,2024-04-03,2024-04-08,5,793.0,740.0,1533.0,4
NV101651,GTA Hub,2025-09-06,2025-09-07,2025-09-15,8,1433.0,887.0,2320.0,8
NV101652,GTA Hub,2024-05-13,2024-05-13,2024-05-20,7,354.0,289.0,643.0,3
NV101653,GTA Hub,2026-07-19,2026-07-20,2026-07-24,4,417.0,292.0,709.0,4
NV101654,Calgary Hub,2026-04-24,2026-04-26,2026-04-30,4,817.0,589.0,1406.0,6
NV101655,GTA Hub,2024-05-09,2024-05-11,2024-05-28,17,3998.0,2732.0,6730.0,13
NV101656,GTA Hub,2025-07-13,2025-07-13,2025-07-19,6,910.0,725.0,1635.0,7
NV101657,Calgary Hub,2024-12-04,2024-12-07,2024-12-12,5,532.0,459.0,991.0,3
NV101658,GTA Hub,2026-04-21,2026-04-22,2026-05-10,18,4130.0,2435.0,6565.0,13
NV101659,GTA Hub,2026-06-21,2026-06-22,2026-06-30,8,773.0,689.0,1462.0,0
NV101660,Calgary Hub,2025-12-09,2025-12-11,2025-12-15,4,717.0,641.0,1358.0,5
NV101661,GTA Hub,2025-08-25,2025-08-26,2025-09-04,9,1979.0,1303.0,3282.0,3
NV101662,GTA Hub,2025-07-21,2025-07-23,2025-07-25,2,146.0,149.0,295.0,0
NV101663,Calgary Hub,2026-07-20,2026-07-21,2026-07-28,7,1143.0,857.0,2000.0,5
NV101664,Montreal Hub,2025-05-03,2025-05-04,2025-05-10,6,1343.0,818.0,2161.0,6
NV101665,GTA Hub,2025-08-01,2025-08-02,2025-08-14,12,2251.0,1711.0,3962.0,12
NV101666,Calgary Hub,2026-06-13,2026-06-18,2026-06-24,6,1074.0,831.0,1905.0,2
NV101667,Calgary Hub,2024-04-21,2024-04-24,2024-05-03,9,1964.0,1220.0,3184.0,5
NV101668,Calgary Hub,2025-07-10,2025-07-11,2025-07-20,9,943.0,794.0,1737.0,5
NV101669,GTA Hub,2026-06-08,2026-06-09,2026-06-17,8,1311.0,1062.0,2373.0,4
NV101670,Montreal Hub,2025-05-10,2025-05-10,2025-05-19,9,875.0,845.0,1720.0,2
NV101671,GTA Hub,2026-03-15,2026-03-15,2026-03-20,5,447.0,361.0,808.0,5
NV101672,GTA Hub,2024-12-14,2024-12-16,2024-12-21,5,819.0,597.0,1416.0,3
NV101673,GTA Hub,2024-12-07,2024-12-07,2024-12-12,5,1518.0,1094.0,2612.0,4
NV101674,GTA Hub,2025-03-14,2025-03-14,2025-03-26,12,2077.0,1348.0,3425.0,10
NV101675,GTA Hub,2026-08-01,2026-08-02,2026-08-06,4,490.0,365.0,855.0,0
NV101676,GTA Hub,2025-08-10,2025-08-11,2025-08-19,8,1336.0,985.0,2321.0,5
NV101677,Montreal Hub,2024-12-31,2025-01-01,2025-01-06,5,1102.0,949.0,2051.0,8
NV101678,Montreal Hub,2025-08-28,2025-08-30,2025-09-12,13,2353.0,1758.0,4111.0,6
NV101679,Calgary Hub,2026-08-28,2026-08-30,2026-09-09,10,2049.0,1376.0,3425.0,6
NV101680,GTA Hub,2025-06-02,2025-06-05,2025-06-11,6,1459.0,1073.0,2532.0,7
NV101681,GTA Hub,2026-06-26,2026-06-28,2026-07-07,9,1599.0,1226.0,2825.0,9
NV101682,GTA Hub,2025-07-01,2025-07-01,2025-07-06,5,701.0,646.0,1347.0,7
NV101683,Calgary Hub,2025-07-16,2025-07-18,2025-07-28,10,1980.0,1808.0,3788.0,7
NV101684,Montreal Hub,2024-11-13,2024-11-15,2024-11-17,2,913.0,687.0,1600.0,7
NV101685,Calgary Hub,2025-04-13,2025-04-16,2025-04-22,6,1194.0,962.0,2156.0,3
NV101686,GTA Hub,2026-03-16,2026-03-17,2026-03-20,3,455.0,354.0,809.0,2
NV101687,Calgary Hub,2024-05-01,2024-05-02,2024-05-07,5,660.0,548.0,1208.0,3
NV101688,GTA Hub,2024-04-11,2024-04-11,2024-04-15,4,757.0,557.0,1314.0,5
NV101689,GTA Hub,2024-02-06,2024-02-08,2024-02-10,2,109.0,155.0,264.0,3
NV101690,Calgary Hub,2026-02-19,2026-02-23,2026-02-28,5,579.0,513.0,1092.0,12
NV101691,Montreal Hub,2025-09-21,2025-09-22,2025-09-30,8,1440.0,1196.0,2636.0,9
NV101692,Calgary Hub,2025-12-24,2025-12-27,2026-01-01,5,247.0,238.0,485.0,0
NV101693,GTA Hub,2025-07-21,2025-07-23,2025-07-31,8,612.0,482.0,1094.0,5
NV101694,Calgary Hub,2025-09-22,2025-09-25,2025-10-01,6,843.0,735.0,1578.0,5
NV101695,Montreal Hub,2025-07-01,2025-07-03,2025-07-05,2,445.0,408.0,853.0,5
NV101696,GTA Hub,2026-07-18,2026-07-18,2026-07-23,5,549.0,469.0,1018.0,5
NV101697,GTA Hub,2025-09-12,2025-09-13,2025-09-18,5,507.0,499.0,1006.0,3
NV101698,GTA Hub,2024-03-28,2024-04-01,2024-04-10,9,2376.0,1743.0,4119.0,7
NV101699,Calgary Hub,2025-09-04,2025-09-06,2025-09-10,4,901.0,697.0,1598.0,5
NV101700,GTA Hub,2024-07-18,2024-07-18,2024-07-20,2,357.0,339.0,696.0,0
NV101701,GTA Hub,2026-04-20,2026-04-20,2026-05-04,14,2162.0,1801.0,3963.0,11
NV101702,GTA Hub,2026-07-07,2026-07-09,2026-07-21,12,2112.0,1748.0,3860.0,11
NV101703,Montreal Hub,2025-10-22,2025-10-22,2025-10-31,9,1606.0,1287.0,2893.0,3
NV101704,Calgary Hub,2024-10-31,2024-11-01,2024-11-05,4,493.0,403.0,896.0,2
NV101705,Calgary Hub,2026-08-08,2026-08-11,2026-08-13,2,482.0,457.0,939.0,2
NV101706,GTA Hub,2024-01-30,2024-01-31,2024-02-07,7,1099.0,1006.0,2105.0,4
NV101707,Calgary Hub,2025-01-20,2025-01-25,2025-02-01,7,781.0,575.0,1356.0,2
NV101708,Calgary Hub,2026-06-13,2026-06-14,2026-06-19,5,830.0,660.0,1490.0,8
NV101709,GTA Hub,2026-06-18,2026-06-18,2026-06-25,7,1060.0,884.0,1944.0,1
NV101710,GTA Hub,2026-04-03,2026-04-04,2026-04-09,5,733.0,583.0,1316.0,5
NV101711,GTA Hub,2026-01-14,2026-01-14,2026-01-20,6,258.0,297.0,555.0,0
NV101712,GTA Hub,2025-10-01,2025-10-02,2025-10-06,4,274.0,303.0,577.0,1
NV101713,GTA Hub,2025-11-05,2025-11-06,2025-11-11,5,411.0,313.0,724.0,0
NV101714,Calgary Hub,2024-10-01,2024-10-06,2024-10-10,4,819.0,559.0,1378.0,1
NV101715,GTA Hub,2026-04-15,2026-04-17,2026-04-22,5,274.0,252.0,526.0,3
NV101716,Calgary Hub,2025-06-10,2025-06-15,2025-06-23,8,633.0,484.0,1117.0,2
NV101717,GTA Hub,2026-05-25,2026-05-25,2026-05-28,3,443.0,357.0,800.0,4
NV101718,GTA Hub,2026-01-23,2026-01-23,2026-02-01,9,2117.0,1397.0,3514.0,6
NV101719,Montreal Hub,2025-02-15,2025-02-18,2025-02-22,4,817.0,734.0,1551.0,4
NV101720,Calgary Hub,2025-03-24,2025-03-26,2025-03-31,5,240.0,248.0,488.0,2
NV101721,Montreal Hub,2026-05-07,2026-05-09,2026-05-25,16,3227.0,2552.0,5779.0,20
NV101722,Calgary Hub,2025-07-10,2025-07-13,2025-07-16,3,868.0,590.0,1458.0,1
NV101723,GTA Hub,2025-07-01,2025-07-02,2025-07-13,11,2146.0,1597.0,3743.0,10
NV101724,Montreal Hub,2025-09-27,2025-09-27,2025-10-06,9,1844.0,1341.0,3185.0,9
NV101725,GTA Hub,2025-08-17,2025-08-18,2025-08-25,7,1304.0,982.0,2286.0,4
NV101726,GTA Hub,2026-04-01,2026-04-01,2026-04-06,5,502.0,530.0,1032.0,2
NV101727,Calgary Hub,2026-07-19,2026-07-19,2026-07-22,3,921.0,578.0,1499.0,4
NV101728,GTA Hub,2026-04-01,2026-04-02,2026-04-07,5,727.0,545.0,1272.0,4
NV101729,Montreal Hub,2025-05-07,2025-05-09,2025-05-18,9,1575.0,1072.0,2647.0,4
NV101730,GTA Hub,2025-05-21,2025-05-21,2025-05-31,10,1206.0,913.0,2119.0,1
NV101731,GTA Hub,2026-03-28,2026-03-29,2026-04-06,8,1399.0,1181.0,2580.0,9
NV101732,GTA Hub,2025-02-24,2025-02-25,2025-03-05,8,1489.0,1101.0,2590.0,10
NV101733,GTA Hub,2025-01-20,2025-01-22,2025-01-24,2,206.0,183.0,389.0,0
NV101734,GTA Hub,2024-04-22,2024-04-22,2024-04-27,5,816.0,585.0,1401.0,8
NV101735,Calgary Hub,2025-01-05,2025-01-08,2025-01-12,4,272.0,315.0,587.0,0
NV101736,GTA Hub,2026-07-01,2026-07-02,2026-07-10,8,723.0,503.0,1226.0,4
NV101737,Montreal Hub,2024-08-11,2024-08-11,2024-08-16,5,311.0,317.0,628.0,3
NV101738,GTA Hub,2026-01-07,2026-01-07,2026-01-11,4,517.0,408.0,925.0,5
NV101739,GTA Hub,2024-04-09,2024-04-10,2024-04-12,2,283.0,269.0,552.0,0
NV101740,GTA Hub,2026-06-21,2026-06-23,2026-07-02,9,1446.0,1044.0,2490.0,8
NV101741,GTA Hub,2026-08-10,2026-08-11,2026-08-17,6,1105.0,941.0,2046.0,6
NV101742,GTA Hub,2025-10-25,2025-10-26,2025-11-01,6,1059.0,874.0,1933.0,3
NV101743,Calgary Hub,2025-09-26,2025-10-01,2025-10-06,5,451.0,399.0,850.0,3
NV101744,GTA Hub,2025-04-23,2025-04-24,2025-05-03,9,2040.0,1259.0,3299.0,8
NV101745,Calgary Hub,2024-06-24,2024-06-26,2024-06-30,4,263.0,352.0,615.0,0
NV101746,Calgary Hub,2024-09-15,2024-09-17,2024-09-23,6,241.0,218.0,459.0,1
NV101747,Calgary Hub,2025-04-16,2025-04-17,2025-04-20,3,319.0,325.0,644.0,1
NV101748,GTA Hub,2026-07-04,2026-07-05,2026-07-13,8,1601.0,1041.0,2642.0,8
NV101749,Calgary Hub,2026-08-03,2026-08-07,2026-08-11,4,630.0,584.0,1214.0,7
NV101750,GTA Hub,2026-01-03,2026-01-04,2026-01-08,4,850.0,686.0,1536.0,7
NV101751,GTA Hub,2025-11-22,2025-11-23,2025-11-30,7,699.0,533.0,1232.0,8
NV101752,GTA Hub,2025-12-12,2025-12-14,2025-12-21,7,386.0,351.0,737.0,2
NV101753,GTA Hub,2024-03-08,2024-03-10,2024-03-23,13,3030.0,2498.0,5528.0,16
NV101754,GTA Hub,2026-03-02,2026-03-03,2026-03-14,11,2217.0,1415.0,3632.0,15
NV101755,Calgary Hub,2024-07-04,2024-07-07,2024-07-12,5,813.0,684.0,1497.0,3
NV101756,GTA Hub,2026-06-16,2026-06-19,2026-07-01,12,2036.0,1553.0,3589.0,12
NV101757,GTA Hub,2026-08-19,2026-08-20,2026-08-25,5,994.0,724.0,1718.0,3
NV101758,Montreal Hub,2025-08-20,2025-08-21,2025-08-27,6,1361.0,953.0,2314.0,1
NV101759,GTA Hub,2026-08-13,2026-08-14,2026-08-27,13,2683.0,2040.0,4723.0,10
NV101760,Calgary Hub,2026-08-04,2026-08-05,2026-08-14,9,2011.0,1583.0,3594.0,12
NV101761,Calgary Hub,2026-03-25,2026-03-26,2026-03-31,5,616.0,603.0,1219.0,6
NV101762,GTA Hub,2026-04-05,2026-04-06,2026-04-16,10,2483.0,1961.0,4444.0,11
NV101763,GTA Hub,2026-08-06,2026-08-07,2026-08-12,5,1124.0,938.0,2062.0,5
NV101764,GTA Hub,2024-10-01,2024-10-01,2024-10-08,7,1929.0,1426.0,3355.0,7
NV101765,GTA Hub,2026-04-29,2026-04-30,2026-05-09,9,2131.0,1818.0,3949.0,9
NV101766,Calgary Hub,2026-08-01,2026-08-03,2026-08-07,4,689.0,507.0,1196.0,4
NV101767,Montreal Hub,2026-05-23,2026-05-24,2026-06-02,9,1805.0,1004.0,2809.0,5
NV101768,GTA Hub,2025-10-20,2025-10-21,2025-10-25,4,309.0,284.0,593.0,1
NV101769,GTA Hub,2026-05-17,2026-05-17,2026-05-22,5,470.0,412.0,882.0,3
NV101770,Montreal Hub,2026-02-04,2026-02-04,2026-02-08,4,785.0,587.0,1372.0,4
NV101771,GTA Hub,2024-06-01,2024-06-02,2024-06-14,12,2387.0,2000.0,4387.0,7
NV101772,Calgary Hub,2025-09-05,2025-09-08,2025-09-12,4,657.0,570.0,1227.0,4
NV101773,Calgary Hub,2025-03-20,2025-03-21,2025-03-28,7,814.0,662.0,1476.0,2
NV101774,Montreal Hub,2025-01-26,2025-01-28,2025-02-04,7,1120.0,968.0,2088.0,6
NV101775,GTA Hub,2026-03-15,2026-03-17,2026-03-20,3,490.0,399.0,889.0,2
NV101776,GTA Hub,2026-02-01,2026-02-01,2026-02-03,2,532.0,398.0,930.0,1
NV101777,Calgary Hub,2024-02-09,2024-02-11,2024-02-18,7,1103.0,947.0,2050.0,5
NV101778,Calgary Hub,2024-05-29,2024-06-01,2024-06-04,3,683.0,512.0,1195.0,1
NV101779,GTA Hub,2026-06-01,2026-06-01,2026-06-04,3,619.0,513.0,1132.0,5
NV101780,Calgary Hub,2025-01-11,2025-01-14,2025-01-20,6,523.0,459.0,982.0,4
NV101781,GTA Hub,2024-07-20,2024-07-22,2024-07-27,5,1141.0,810.0,1951.0,1
NV101782,Montreal Hub,2025-03-16,2025-03-18,2025-03-24,6,771.0,651.0,1422.0,3
NV101783,Calgary Hub,2026-06-30,2026-07-01,2026-07-06,5,587.0,458.0,1045.0,3
NV101784,Calgary Hub,2026-03-28,2026-03-30,2026-04-03,4,998.0,695.0,1693.0,2
NV101785,Montreal Hub,2024-04-16,2024-04-19,2024-04-24,5,684.0,669.0,1353.0,2
NV101786,Calgary Hub,2024-08-15,2024-08-16,2024-08-23,7,1154.0,1033.0,2187.0,5
NV101787,Calgary Hub,2026-01-09,2026-01-12,2026-01-17,5,338.0,314.0,652.0,5
NV101788,Montreal Hub,2025-04-05,2025-04-07,2025-04-17,10,2261.0,1705.0,3966.0,7
NV101789,GTA Hub,2025-05-03,2025-05-04,2025-05-12,8,1579.0,1129.0,2708.0,6
NV101790,Calgary Hub,2026-05-20,2026-05-23,2026-05-30,7,1307.0,899.0,2206.0,4
NV101791,GTA Hub,2025-06-14,2025-06-14,2025-06-18,4,647.0,530.0,1177.0,4
NV101792,Montreal Hub,2024-06-21,2024-06-25,2024-07-03,8,1796.0,1081.0,2877.0,7
NV101793,Calgary Hub,2025-06-13,2025-06-14,2025-06-20,6,501.0,446.0,947.0,3
NV101794,GTA Hub,2024-10-26,2024-10-27,2024-10-29,2,505.0,426.0,931.0,5
NV101795,GTA Hub,2025-04-17,2025-04-17,2025-04-24,7,1036.0,731.0,1767.0,2
NV101796,GTA Hub,2025-05-30,2025-05-30,2025-06-09,10,1932.0,1454.0,3386.0,11
NV101797,Montreal Hub,2024-01-08,2024-01-09,2024-01-17,8,1491.0,1108.0,2599.0,10
NV101798,Montreal Hub,2024-03-07,2024-03-08,2024-03-10,2,432.0,419.0,851.0,6
NV101799,Calgary Hub,2026-05-11,2026-05-17,2026-05-27,10,1870.0,1276.0,3146.0,5
NV101800,GTA Hub,2024-11-19,2024-11-20,2024-11-27,7,1413.0,1029.0,2442.0,9
NV101801,Montreal Hub,2026-04-24,2026-04-24,2026-04-30,6,1050.0,994.0,2044.0,5
NV101802,Montreal Hub,2026-05-10,2026-05-13,2026-05-21,8,1166.0,1008.0,2174.0,4
NV101803,GTA Hub,2026-07-09,2026-07-10,2026-07-14,4,321.0,263.0,584.0,0
NV101804,GTA Hub,2026-01-22,2026-01-24,2026-01-27,3,592.0,469.0,1061.0,2
NV101805,GTA Hub,2024-04-12,2024-04-13,2024-04-16,3,384.0,415.0,799.0,0
NV101806,GTA Hub,2024-11-27,2024-12-01,2024-12-17,16,3853.0,2635.0,6488.0,13
NV101807,Calgary Hub,2025-03-02,2025-03-05,2025-03-14,9,1626.0,1321.0,2947.0,9
NV101808,Montreal Hub,2025-11-18,2025-11-21,2025-11-26,5,673.0,479.0,1152.0,4
NV101809,GTA Hub,2026-06-05,2026-06-07,2026-06-15,8,1647.0,1087.0,2734.0,9
NV101810,GTA Hub,2024-10-07,2024-10-07,2024-10-10,3,456.0,409.0,865.0,0
NV101811,GTA Hub,2025-05-07,2025-05-08,2025-05-14,6,803.0,539.0,1342.0,0
NV101812,GTA Hub,2025-09-20,2025-09-21,2025-09-28,7,1783.0,1376.0,3159.0,3
NV101813,GTA Hub,2025-06-10,2025-06-11,2025-06-20,9,1455.0,1058.0,2513.0,5
NV101814,GTA Hub,2026-02-27,2026-02-27,2026-03-09,10,2870.0,2006.0,4876.0,6
NV101815,Calgary Hub,2026-08-26,2026-08-30,2026-09-07,8,1520.0,1207.0,2727.0,10
NV101816,Calgary Hub,2025-01-18,2025-01-19,2025-01-28,9,2267.0,1609.0,3876.0,2
NV101817,Montreal Hub,2026-03-04,2026-03-06,2026-03-11,5,638.0,567.0,1205.0,8
NV101818,GTA Hub,2024-12-12,2024-12-14,2024-12-21,7,1338.0,832.0,2170.0,5
NV101819,Calgary Hub,2024-07-15,2024-07-19,2024-07-21,2,580.0,463.0,1043.0,2
NV101820,Calgary Hub,2026-05-03,2026-05-06,2026-05-13,7,1014.0,798.0,1812.0,4
NV101821,Calgary Hub,2025-03-19,2025-03-19,2025-03-25,6,1596.0,1303.0,2899.0,6
NV101822,Montreal Hub,2024-08-09,2024-08-11,2024-08-15,4,1127.0,993.0,2120.0,1
NV101823,Calgary Hub,2026-02-23,2026-02-27,2026-03-06,7,1101.0,804.0,1905.0,2
NV101824,Calgary Hub,2024-09-09,2024-09-09,2024-09-14,5,589.0,512.0,1101.0,3
NV101825,Calgary Hub,2025-03-26,2025-03-30,2025-04-02,3,709.0,563.0,1272.0,5
NV101826,GTA Hub,2024-11-20,2024-11-22,2024-11-27,5,432.0,404.0,836.0,1
NV101827,GTA Hub,2025-12-05,2025-12-05,2025-12-10,5,1322.0,975.0,2297.0,12
NV101828,Montreal Hub,2026-08-13,2026-08-15,2026-09-01,17,3680.0,2795.0,6475.0,15
NV101829,GTA Hub,2025-01-22,2025-01-24,2025-01-31,7,637.0,516.0,1153.0,1
NV101830,GTA Hub,2025-10-19,2025-10-21,2025-10-25,4,389.0,409.0,798.0,3
NV101831,Calgary Hub,2026-05-06,2026-05-09,2026-05-15,6,847.0,624.0,1471.0,3
NV101832,Montreal Hub,2025-04-13,2025-04-14,2025-04-29,15,3240.0,2462.0,5702.0,12
NV101833,Calgary Hub,2026-06-19,2026-06-23,2026-06-25,2,631.0,429.0,1060.0,1
NV101834,Calgary Hub,2024-02-22,2024-02-24,2024-03-01,6,1440.0,1017.0,2457.0,7
NV101835,GTA Hub,2024-08-15,2024-08-18,2024-08-26,8,1495.0,1219.0,2714.0,6
NV101836,Montreal Hub,2025-04-06,2025-04-06,2025-04-11,5,894.0,678.0,1572.0,3
NV101837,GTA Hub,2026-04-14,2026-04-16,2026-04-22,6,1036.0,921.0,1957.0,4
NV101838,GTA Hub,2025-06-10,2025-06-11,2025-06-15,4,514.0,491.0,1005.0,2
NV101839,GTA Hub,2026-05-18,2026-05-19,2026-05-26,7,1708.0,1187.0,2895.0,3
NV101840,GTA Hub,2026-01-10,2026-01-11,2026-01-16,5,515.0,362.0,877.0,1
NV101841,GTA Hub,2025-08-25,2025-08-26,2025-08-30,4,693.0,517.0,1210.0,1
NV101842,GTA Hub,2025-06-02,2025-06-03,2025-06-07,4,671.0,538.0,1209.0,3
NV101843,GTA Hub,2025-03-14,2025-03-15,2025-03-19,4,579.0,493.0,1072.0,6
NV101844,Montreal Hub,2026-03-10,2026-03-11,2026-03-18,7,379.0,398.0,777.0,0
NV101845,Calgary Hub,2026-02-24,2026-02-27,2026-03-04,5,809.0,682.0,1491.0,2
NV101846,GTA Hub,2025-04-09,2025-04-10,2025-04-16,6,587.0,617.0,1204.0,3
NV101847,Calgary Hub,2026-08-11,2026-08-12,2026-08-26,14,2881.0,1927.0,4808.0,8
NV101848,GTA Hub,2026-05-16,2026-05-16,2026-05-26,10,1960.0,1751.0,3711.0,14
NV101849,GTA Hub,2024-09-28,2024-09-29,2024-10-05,6,798.0,719.0,1517.0,3
NV101850,GTA Hub,2026-07-30,2026-08-03,2026-08-07,4,683.0,511.0,1194.0,6
NV101851,GTA Hub,2026-01-10,2026-01-10,2026-01-18,8,1555.0,1141.0,2696.0,5
NV101852,GTA Hub,2026-03-17,2026-03-18,2026-03-25,7,1026.0,775.0,1801.0,6
NV101853,Calgary Hub,2024-05-15,2024-05-16,2024-05-23,7,1296.0,1343.0,2639.0,11
NV101854,GTA Hub,2025-05-08,2025-05-11,2025-05-16,5,587.0,510.0,1097.0,1
NV101855,GTA Hub,2024-02-18,2024-02-19,2024-02-29,10,2291.0,1668.0,3959.0,4
NV101856,GTA Hub,2024-11-08,2024-11-09,2024-11-16,7,683.0,561.0,1244.0,8
NV101857,GTA Hub,2026-08-03,2026-08-05,2026-08-09,4,462.0,404.0,866.0,3
NV101858,GTA Hub,2026-05-07,2026-05-09,2026-05-20,11,1598.0,1164.0,2762.0,6
NV101859,Calgary Hub,2025-09-12,2025-09-19,2025-09-22,3,680.0,520.0,1200.0,3
NV101860,GTA Hub,2025-09-29,2025-10-02,2025-10-04,2,146.0,167.0,313.0,1
NV101861,GTA Hub,2025-06-14,2025-06-14,2025-06-18,4,677.0,482.0,1159.0,3
NV101862,Calgary Hub,2025-05-02,2025-05-04,2025-05-14,10,2248.0,1445.0,3693.0,5
NV101863,Calgary Hub,2026-04-30,2026-05-02,2026-05-10,8,1537.0,1166.0,2703.0,4
NV101864,GTA Hub,2025-06-16,2025-06-19,2025-06-21,2,311.0,292.0,603.0,0
NV101865,Calgary Hub,2026-03-06,2026-03-09,2026-03-18,9,1890.0,1289.0,3179.0,14
NV101866,GTA Hub,2025-08-30,2025-08-30,2025-09-07,8,1619.0,1167.0,2786.0,5
NV101867,Calgary Hub,2026-01-13,2026-01-15,2026-01-20,5,650.0,412.0,1062.0,6
NV101868,GTA Hub,2026-01-19,2026-01-21,2026-01-24,3,446.0,341.0,787.0,4
NV101869,Calgary Hub,2026-02-21,2026-02-22,2026-03-08,14,2552.0,1775.0,4327.0,15
NV101870,Calgary Hub,2025-11-16,2025-11-18,2025-11-30,12,2875.0,2047.0,4922.0,13
NV101871,GTA Hub,2025-11-05,2025-11-06,2025-11-15,9,1790.0,1273.0,3063.0,13
NV101872,GTA Hub,2026-04-17,2026-04-20,2026-04-27,7,936.0,736.0,1672.0,2
NV101873,GTA Hub,2025-09-02,2025-09-03,2025-09-10,7,1329.0,986.0,2315.0,2
NV101874,GTA Hub,2024-02-21,2024-02-21,2024-02-28,7,1005.0,931.0,1936.0,4
NV101875,GTA Hub,2024-09-30,2024-10-01,2024-10-08,7,1172.0,997.0,2169.0,5
NV101876,Calgary Hub,2025-05-24,2025-05-27,2025-06-05,9,1342.0,1025.0,2367.0,9
NV101877,GTA Hub,2026-05-09,2026-05-11,2026-05-14,3,507.0,512.0,1019.0,5
NV101878,GTA Hub,2026-05-08,2026-05-09,2026-05-14,5,586.0,464.0,1050.0,4
NV101879,GTA Hub,2025-01-22,2025-01-23,2025-01-25,2,781.0,517.0,1298.0,0
NV101880,Calgary Hub,2024-07-20,2024-07-22,2024-07-24,2,491.0,460.0,951.0,1
NV101881,Montreal Hub,2026-03-09,2026-03-09,2026-03-12,3,543.0,550.0,1093.0,9
NV101882,Montreal Hub,2026-05-09,2026-05-10,2026-05-17,7,1461.0,1112.0,2573.0,2
NV101883,Calgary Hub,2026-05-23,2026-05-24,2026-05-30,6,1002.0,780.0,1782.0,7
NV101884,GTA Hub,2026-05-14,2026-05-16,2026-05-23,7,1439.0,1220.0,2659.0,9
NV101885,Calgary Hub,2026-01-08,2026-01-10,2026-01-22,12,2708.0,2065.0,4773.0,14
NV101886,Calgary Hub,2026-07-11,2026-07-13,2026-07-21,8,1721.0,1223.0,2944.0,9
NV101887,GTA Hub,2026-01-04,2026-01-05,2026-01-11,6,1066.0,718.0,1784.0,6
NV101888,Calgary Hub,2025-08-07,2025-08-11,2025-08-16,5,675.0,441.0,1116.0,3
NV101889,Calgary Hub,2025-05-13,2025-05-15,2025-05-20,5,1005.0,763.0,1768.0,2
NV101890,GTA Hub,2025-07-04,2025-07-07,2025-07-12,5,519.0,545.0,1064.0,1
NV101891,Calgary Hub,2025-11-18,2025-11-18,2025-11-21,3,406.0,291.0,697.0,5
NV101892,Calgary Hub,2026-01-06,2026-01-09,2026-01-15,6,815.0,579.0,1394.0,5
NV101893,Calgary Hub,2025-05-03,2025-05-06,2025-05-10,4,275.0,273.0,548.0,2
NV101894,GTA Hub,2024-06-25,2024-06-27,2024-07-03,6,647.0,589.0,1236.0,4
NV101895,Calgary Hub,2026-03-17,2026-03-20,2026-03-28,8,1704.0,1199.0,2903.0,4
NV101896,GTA Hub,2024-10-07,2024-10-08,2024-10-19,11,2756.0,1936.0,4692.0,4
NV101897,GTA Hub,2024-11-03,2024-11-03,2024-11-10,7,770.0,553.0,1323.0,5
NV101898,GTA Hub,2024-04-29,2024-04-30,2024-05-03,3,138.0,186.0,324.0,0
NV101899,Calgary Hub,2025-10-24,2025-10-27,2025-11-02,6,1732.0,1209.0,2941.0,8
NV101900,GTA Hub,2024-01-14,2024-01-15,2024-01-19,4,771.0,546.0,1317.0,3
NV101901,GTA Hub,2024-11-19,2024-11-20,2024-11-23,3,939.0,660.0,1599.0,0
NV101902,Montreal Hub,2025-01-12,2025-01-13,2025-01-16,3,522.0,416.0,938.0,0
NV101903,GTA Hub,2025-02-26,2025-02-27,2025-03-04,5,218.0,210.0,428.0,0
NV101904,Calgary Hub,2025-04-29,2025-05-02,2025-05-09,7,558.0,465.0,1023.0,3
NV101905,GTA Hub,2024-11-11,2024-11-12,2024-11-19,7,1598.0,1074.0,2672.0,3
NV101906,GTA Hub,2025-03-16,2025-03-16,2025-03-19,3,455.0,414.0,869.0,2
NV101907,GTA Hub,2026-01-14,2026-01-14,2026-01-22,8,1658.0,1204.0,2862.0,6
NV101908,Montreal Hub,2025-10-25,2025-10-26,2025-10-31,5,416.0,368.0,784.0,1
NV101909,GTA Hub,2025-05-21,2025-05-23,2025-06-03,11,1843.0,1574.0,3417.0,8
NV101910,GTA Hub,2026-03-25,2026-03-27,2026-04-07,11,2422.0,1822.0,4244.0,7
NV101911,Calgary Hub,2025-01-22,2025-01-23,2025-01-27,4,645.0,532.0,1177.0,3
NV101912,Montreal Hub,2025-12-22,2025-12-24,2025-12-31,7,859.0,695.0,1554.0,5
NV101913,Montreal Hub,2026-02-15,2026-02-16,2026-02-21,5,534.0,403.0,937.0,1
NV101914,Montreal Hub,2025-05-25,2025-05-25,2025-05-31,6,571.0,503.0,1074.0,6
NV101915,GTA Hub,2025-08-20,2025-08-20,2025-09-03,14,2596.0,2123.0,4719.0,13
NV101916,GTA Hub,2025-09-26,2025-09-28,2025-10-02,4,461.0,388.0,849.0,2
NV101917,GTA Hub,2026-06-29,2026-06-30,2026-07-04,4,747.0,703.0,1450.0,5
NV101918,GTA Hub,2024-11-01,2024-11-02,2024-11-06,4,984.0,749.0,1733.0,3
NV101919,GTA Hub,2025-06-20,2025-06-20,2025-06-27,7,1292.0,1007.0,2299.0,6
NV101920,GTA Hub,2025-08-16,2025-08-16,2025-08-21,5,641.0,447.0,1088.0,3
NV101921,Calgary Hub,2024-06-05,2024-06-08,2024-06-10,2,219.0,232.0,451.0,6
NV101922,GTA Hub,2024-11-20,2024-11-22,2024-11-25,3,95.0,143.0,238.0,1
NV101923,Montreal Hub,2025-10-15,2025-10-17,2025-10-22,5,608.0,476.0,1084.0,2
NV101924,Calgary Hub,2024-07-25,2024-07-27,2024-07-31,4,576.0,508.0,1084.0,4
NV101925,Montreal Hub,2025-03-30,2025-04-01,2025-04-12,11,2895.0,1847.0,4742.0,4
NV101926,Calgary Hub,2026-05-07,2026-05-08,2026-05-12,4,957.0,678.0,1635.0,1
NV101927,GTA Hub,2026-03-08,2026-03-09,2026-03-20,11,2466.0,1664.0,4130.0,5
NV101928,Calgary Hub,2024-03-20,2024-03-22,2024-03-25,3,264.0,239.0,503.0,2
NV101929,GTA Hub,2026-01-22,2026-01-22,2026-01-28,6,1223.0,845.0,2068.0,8
NV101930,GTA Hub,2024-10-24,2024-10-24,2024-10-31,7,1652.0,1250.0,2902.0,9
NV101931,GTA Hub,2024-12-06,2024-12-06,2024-12-14,8,754.0,645.0,1399.0,8
NV101932,GTA Hub,2025-06-28,2025-06-29,2025-07-05,6,940.0,734.0,1674.0,9
NV101933,Calgary Hub,2025-06-21,2025-06-23,2025-06-28,5,1501.0,958.0,2459.0,3
NV101934,Calgary Hub,2026-08-14,2026-08-16,2026-08-20,4,1441.0,1233.0,2674.0,8
NV101935,GTA Hub,2025-02-01,2025-02-01,2025-02-04,3,515.0,447.0,962.0,3
NV101936,GTA Hub,2026-02-01,2026-02-01,2026-02-14,13,2909.0,2096.0,5005.0,7
NV101937,Calgary Hub,2026-04-06,2026-04-10,2026-04-15,5,319.0,312.0,631.0,1
NV101938,Calgary Hub,2024-01-12,2024-01-14,2024-01-18,4,215.0,192.0,407.0,1
NV101939,GTA Hub,2025-08-30,2025-09-01,2025-09-04,3,203.0,192.0,395.0,4
NV101940,Montreal Hub,2025-03-27,2025-03-29,2025-04-03,5,797.0,651.0,1448.0,8
NV101941,GTA Hub,2025-04-02,2025-04-03,2025-04-08,5,831.0,619.0,1450.0,5
NV101942,GTA Hub,2024-10-06,2024-10-06,2024-10-08,2,186.0,236.0,422.0,1
NV101943,GTA Hub,2025-07-06,2025-07-06,2025-07-08,2,241.0,227.0,468.0,2
NV101944,GTA Hub,2026-07-24,2026-07-24,2026-07-30,6,1205.0,1064.0,2269.0,9
NV101945,Calgary Hub,2025-12-17,2025-12-19,2025-12-29,10,2021.0,1479.0,3500.0,2
NV101946,Calgary Hub,2024-02-22,2024-02-26,2024-03-02,5,793.0,642.0,1435.0,4
NV101947,Calgary Hub,2024-08-10,2024-08-11,2024-08-13,2,94.0,135.0,229.0,0
NV101948,Calgary Hub,2026-01-13,2026-01-15,2026-01-21,6,1548.0,993.0,2541.0,6
NV101949,GTA Hub,2024-02-25,2024-02-26,2024-03-03,6,1847.0,1267.0,3114.0,7
NV101950,Calgary Hub,2025-05-19,2025-05-22,2025-05-31,9,1481.0,1003.0,2484.0,1
NV101951,Montreal Hub,2025-06-16,2025-06-18,2025-07-01,13,2762.0,2384.0,5146.0,18
NV101952,GTA Hub,2026-05-22,2026-05-23,2026-05-31,8,954.0,688.0,1642.0,1
NV101953,GTA Hub,2025-12-04,2025-12-05,2025-12-14,9,1010.0,800.0,1810.0,0
NV101954,Calgary Hub,2025-04-19,2025-04-20,2025-04-25,5,705.0,483.0,1188.0,2
NV101955,Calgary Hub,2024-04-14,2024-04-18,2024-04-28,10,1873.0,1198.0,3071.0,7
NV101956,Calgary Hub,2026-07-21,2026-07-22,2026-07-30,8,1884.0,1266.0,3150.0,3
NV101957,GTA Hub,2025-11-05,2025-11-08,2025-11-10,2,602.0,533.0,1135.0,5
NV101958,Montreal Hub,2026-04-14,2026-04-16,2026-05-01,15,3113.0,2149.0,5262.0,10
NV101959,Calgary Hub,2025-03-25,2025-03-28,2025-04-06,9,1559.0,1158.0,2717.0,2
NV101960,GTA Hub,2024-07-21,2024-07-25,2024-08-06,12,2417.0,2073.0,4490.0,12
NV101961,GTA Hub,2025-04-14,2025-04-15,2025-04-19,4,79.0,101.0,180.0,2
NV101962,Calgary Hub,2024-12-13,2024-12-16,2024-12-20,4,962.0,708.0,1670.0,6
NV101963,GTA Hub,2024-10-18,2024-10-22,2024-10-24,2,186.0,243.0,429.0,2
NV101964,Montreal Hub,2026-05-09,2026-05-11,2026-05-26,15,3854.0,2545.0,6399.0,10
NV101965,GTA Hub,2025-06-03,2025-06-05,2025-06-11,6,945.0,761.0,1706.0,3
NV101966,Montreal Hub,2025-03-07,2025-03-09,2025-03-14,5,546.0,426.0,972.0,2
NV101967,GTA Hub,2025-09-23,2025-09-23,2025-10-01,8,1733.0,1433.0,3166.0,14
NV101968,GTA Hub,2026-09-01,2026-09-03,2026-09-11,8,1454.0,1071.0,2525.0,7
NV101969,Calgary Hub,2024-09-04,2024-09-06,2024-09-10,4,408.0,343.0,751.0,3
NV101970,Montreal Hub,2026-07-09,2026-07-10,2026-07-22,12,1762.0,1631.0,3393.0,4
NV101971,GTA Hub,2025-10-20,2025-10-20,2025-10-31,11,1599.0,1379.0,2978.0,12
NV101972,Calgary Hub,2025-07-02,2025-07-03,2025-07-09,6,1015.0,764.0,1779.0,1
NV101973,Calgary Hub,2025-05-26,2025-05-27,2025-06-04,8,1921.0,1504.0,3425.0,12
NV101974,GTA Hub,2025-01-28,2025-01-28,2025-02-04,7,879.0,723.0,1602.0,9
NV101975,GTA Hub,2026-06-23,2026-06-24,2026-07-06,12,3047.0,2327.0,5374.0,7
NV101976,Calgary Hub,2026-04-13,2026-04-16,2026-04-22,6,1378.0,980.0,2358.0,1
NV101977,Montreal Hub,2024-02-23,2024-02-23,2024-02-28,5,602.0,493.0,1095.0,3
NV101978,GTA Hub,2024-12-08,2024-12-09,2024-12-16,7,949.0,767.0,1716.0,3
NV101979,GTA Hub,2025-05-06,2025-05-06,2025-05-12,6,881.0,738.0,1619.0,9
NV101980,Montreal Hub,2025-06-22,2025-06-26,2025-07-03,7,1029.0,726.0,1755.0,3
NV101981,GTA Hub,2024-03-10,2024-03-12,2024-03-19,7,1452.0,1116.0,2568.0,5
NV101982,Calgary Hub,2026-07-28,2026-07-31,2026-08-14,14,2219.0,1789.0,4008.0,11
NV101983,GTA Hub,2026-03-02,2026-03-03,2026-03-07,4,388.0,296.0,684.0,1
NV101984,GTA Hub,2025-05-25,2025-05-27,2025-05-29,2,242.0,241.0,483.0,4
NV101985,Calgary Hub,2025-02-23,2025-02-25,2025-03-03,6,838.0,757.0,1595.0,3
NV101986,Calgary Hub,2026-07-01,2026-07-03,2026-07-11,8,921.0,687.0,1608.0,2
NV101987,Montreal Hub,2026-09-04,2026-09-05,2026-09-12,7,1265.0,1020.0,2285.0,7
NV101988,Montreal Hub,2026-06-01,2026-06-01,2026-06-07,6,1357.0,1119.0,2476.0,7
NV101989,Montreal Hub,2024-05-07,2024-05-10,2024-05-18,8,831.0,663.0,1494.0,3
NV101990,Montreal Hub,2025-09-24,2025-09-26,2025-09-29,3,330.0,332.0,662.0,7
NV101991,GTA Hub,2025-04-14,2025-04-15,2025-05-02,17,3822.0,2915.0,6737.0,11
NV101992,GTA Hub,2025-03-31,2025-04-01,2025-04-04,3,435.0,422.0,857.0,4
NV101993,GTA Hub,2025-12-21,2025-12-22,2025-12-30,8,1743.0,1350.0,3093.0,8
NV101994,Calgary Hub,2025-04-07,2025-04-09,2025-04-13,4,307.0,314.0,621.0,1
NV101995,GTA Hub,2024-09-14,2024-09-16,2024-09-19,3,333.0,392.0,725.0,3
NV101996,GTA Hub,2024-10-03,2024-10-05,2024-10-13,8,1207.0,912.0,2119.0,7
NV101997,GTA Hub,2024-07-02,2024-07-02,2024-07-05,3,387.0,363.0,750.0,2
NV101998,GTA Hub,2025-08-28,2025-08-29,2025-09-05,7,1545.0,1125.0,2670.0,7
NV101999,GTA Hub,2025-07-15,2025-07-16,2025-07-22,6,1525.0,1076.0,2601.0,5
NV102000,Montreal Hub,2026-06-18,2026-06-21,2026-07-01,10,1719.0,1155.0,2874.0,3
NV102001,GTA Hub,2026-08-27,2026-08-29,2026-09-02,4,361.0,341.0,702.0,7
NV102002,GTA Hub,2025-04-23,2025-04-23,2025-04-26,3,408.0,369.0,777.0,1
NV102003,Calgary Hub,2025-01-30,2025-02-04,2025-02-17,13,3220.0,3010.0,6230.0,6
NV102004,GTA Hub,2026-04-02,2026-04-02,2026-04-10,8,1486.0,1011.0,2497.0,2
NV102005,GTA Hub,2026-06-29,2026-06-30,2026-07-06,6,1166.0,986.0,2152.0,12
NV102006,GTA Hub,2026-02-19,2026-02-20,2026-02-23,3,411.0,334.0,745.0,1
NV102007,GTA Hub,2026-07-02,2026-07-03,2026-07-10,7,2411.0,2107.0,4518.0,6
NV102008,GTA Hub,2025-07-19,2025-07-21,2025-07-26,5,707.0,682.0,1389.0,6
NV102009,GTA Hub,2026-08-20,2026-08-20,2026-08-26,6,897.0,645.0,1542.0,2
NV102010,GTA Hub,2024-09-02,2024-09-04,2024-09-09,5,526.0,407.0,933.0,2
NV102011,Calgary Hub,2025-07-31,2025-08-03,2025-08-06,3,287.0,318.0,605.0,0
NV102012,Calgary Hub,2025-02-16,2025-02-20,2025-03-02,10,1320.0,1060.0,2380.0,4
NV102013,Calgary Hub,2024-07-27,2024-07-27,2024-07-31,4,1145.0,897.0,2042.0,1
NV102014,Montreal Hub,2026-04-08,2026-04-13,2026-04-20,7,1281.0,1055.0,2336.0,4
NV102015,Calgary Hub,2026-03-08,2026-03-09,2026-03-13,4,421.0,344.0,765.0,1
NV102016,GTA Hub,2026-02-20,2026-02-20,2026-03-03,11,1936.0,1491.0,3427.0,4
NV102017,GTA Hub,2025-10-12,2025-10-12,2025-10-24,12,2561.0,1955.0,4516.0,9
NV102018,GTA Hub,2026-06-01,2026-06-03,2026-06-14,11,2439.0,2046.0,4485.0,8
NV102019,GTA Hub,2024-05-24,2024-05-24,2024-06-01,8,211.0,258.0,469.0,1
NV102020,Montreal Hub,2024-04-25,2024-04-25,2024-05-01,6,951.0,711.0,1662.0,2
NV102021,GTA Hub,2024-08-14,2024-08-14,2024-08-21,7,1535.0,1104.0,2639.0,5
NV102022,Calgary Hub,2026-05-09,2026-05-14,2026-05-28,14,2523.0,1790.0,4313.0,7
NV102023,GTA Hub,2026-04-02,2026-04-02,2026-04-08,6,799.0,621.0,1420.0,1
NV102024,GTA Hub,2026-06-16,2026-06-17,2026-06-21,4,890.0,705.0,1595.0,6
NV102025,Montreal Hub,2025-07-21,2025-07-24,2025-08-01,8,1625.0,1345.0,2970.0,6
NV102026,Calgary Hub,2025-06-21,2025-06-25,2025-07-03,8,1441.0,1060.0,2501.0,2
NV102027,GTA Hub,2025-07-25,2025-07-25,2025-07-28,3,856.0,658.0,1514.0,0
NV102028,GTA Hub,2026-06-11,2026-06-12,2026-06-20,8,1333.0,1143.0,2476.0,9
NV102029,Montreal Hub,2024-04-03,2024-04-04,2024-04-09,5,175.0,245.0,420.0,1
NV102030,GTA Hub,2025-01-21,2025-01-23,2025-01-31,8,1289.0,1024.0,2313.0,7
NV102031,Montreal Hub,2024-02-15,2024-02-16,2024-02-21,5,584.0,458.0,1042.0,4
NV102032,GTA Hub,2026-02-06,2026-02-07,2026-02-17,10,1649.0,1219.0,2868.0,7
NV102033,GTA Hub,2024-07-23,2024-07-23,2024-07-27,4,490.0,375.0,865.0,1
NV102034,GTA Hub,2024-09-04,2024-09-04,2024-09-11,7,1208.0,901.0,2109.0,6
NV102035,GTA Hub,2024-10-22,2024-10-22,2024-10-25,3,700.0,653.0,1353.0,3
NV102036,Calgary Hub,2024-12-03,2024-12-05,2024-12-08,3,288.0,294.0,582.0,1
NV102037,GTA Hub,2026-04-03,2026-04-05,2026-04-11,6,1360.0,1094.0,2454.0,7
NV102038,GTA Hub,2026-06-18,2026-06-20,2026-06-27,7,845.0,604.0,1449.0,4
NV102039,Calgary Hub,2025-10-04,2025-10-05,2025-10-07,2,620.0,573.0,1193.0,5
NV102040,GTA Hub,2026-08-22,2026-08-22,2026-09-05,14,2708.0,1924.0,4632.0,12
NV102041,GTA Hub,2025-08-20,2025-08-21,2025-08-27,6,1534.0,1094.0,2628.0,11
NV102042,GTA Hub,2025-08-24,2025-08-25,2025-08-31,6,1192.0,1039.0,2231.0,8
NV102043,Calgary Hub,2026-04-09,2026-04-11,2026-04-20,9,2011.0,1617.0,3628.0,5
NV102044,GTA Hub,2026-01-26,2026-01-26,2026-01-29,3,612.0,542.0,1154.0,2
NV102045,Montreal Hub,2026-03-17,2026-03-17,2026-03-22,5,375.0,320.0,695.0,1
NV102046,Calgary Hub,2026-04-22,2026-04-24,2026-04-30,6,1342.0,827.0,2169.0,3
NV102047,GTA Hub,2024-12-19,2024-12-20,2024-12-23,3,123.0,164.0,287.0,1
NV102048,Calgary Hub,2026-04-03,2026-04-06,2026-04-10,4,475.0,373.0,848.0,2
NV102049,GTA Hub,2025-08-31,2025-09-01,2025-09-16,15,3640.0,2427.0,6067.0,11
NV102050,Montreal Hub,2025-11-12,2025-11-14,2025-11-24,10,1736.0,1230.0,2966.0,10
NV102051,GTA Hub,2025-04-17,2025-04-17,2025-04-23,6,1308.0,1034.0,2342.0,5
NV102052,Calgary Hub,2024-08-31,2024-09-03,2024-09-09,6,439.0,350.0,789.0,7
NV102053,GTA Hub,2026-04-29,2026-04-30,2026-05-07,7,1398.0,1085.0,2483.0,4
NV102054,GTA Hub,2024-09-09,2024-09-10,2024-09-19,9,1483.0,1413.0,2896.0,4
NV102055,GTA Hub,2025-12-19,2025-12-19,2025-12-27,8,1383.0,973.0,2356.0,11
NV102056,GTA Hub,2026-07-21,2026-07-21,2026-07-27,6,1105.0,951.0,2056.0,4
NV102057,Calgary Hub,2025-12-19,2025-12-21,2025-12-27,6,987.0,756.0,1743.0,6
NV102058,GTA Hub,2024-02-16,2024-02-16,2024-02-24,8,1211.0,930.0,2141.0,6
NV102059,Calgary Hub,2024-03-29,2024-04-01,2024-04-08,7,875.0,620.0,1495.0,1
NV102060,GTA Hub,2026-03-09,2026-03-10,2026-03-20,10,1070.0,848.0,1918.0,4
NV102061,Calgary Hub,2025-04-22,2025-04-22,2025-04-25,3,191.0,275.0,466.0,2
NV102062,Calgary Hub,2026-04-27,2026-04-28,2026-05-08,10,1786.0,1269.0,3055.0,4
NV102063,GTA Hub,2024-09-03,2024-09-04,2024-09-07,3,673.0,476.0,1149.0,4
NV102064,GTA Hub,2025-06-08,2025-06-09,2025-06-14,5,1126.0,811.0,1937.0,5
NV102065,GTA Hub,2026-02-19,2026-02-20,2026-02-25,5,607.0,540.0,1147.0,4
NV102066,GTA Hub,2024-03-31,2024-04-01,2024-04-07,6,1260.0,1092.0,2352.0,5
NV102067,Calgary Hub,2024-03-27,2024-04-01,2024-04-09,8,1329.0,863.0,2192.0,5
NV102068,Montreal Hub,2025-09-24,2025-09-25,2025-09-30,5,753.0,574.0,1327.0,7
NV102069,Calgary Hub,2024-04-08,2024-04-13,2024-04-25,12,2762.0,2223.0,4985.0,12
NV102070,GTA Hub,2025-07-27,2025-07-27,2025-07-31,4,150.0,151.0,301.0,1
NV102071,GTA Hub,2025-07-21,2025-07-23,2025-07-28,5,933.0,807.0,1740.0,8
NV102072,GTA Hub,2026-04-03,2026-04-03,2026-04-11,8,1045.0,1048.0,2093.0,1
NV102073,Montreal Hub,2025-03-27,2025-03-28,2025-04-09,12,1504.0,1150.0,2654.0,5
NV102074,GTA Hub,2024-09-18,2024-09-20,2024-09-28,8,1663.0,1371.0,3034.0,11
NV102075,Calgary Hub,2026-08-23,2026-08-30,2026-09-07,8,1588.0,1358.0,2946.0,8
NV102076,Calgary Hub,2024-09-03,2024-09-06,2024-09-11,5,324.0,263.0,587.0,1
NV102077,GTA Hub,2025-08-23,2025-08-24,2025-08-29,5,659.0,513.0,1172.0,4
NV102078,GTA Hub,2024-08-22,2024-08-22,2024-08-26,4,445.0,372.0,817.0,6
NV102079,GTA Hub,2026-06-27,2026-06-29,2026-07-06,7,936.0,656.0,1592.0,0
NV102080,GTA Hub,2025-06-08,2025-06-08,2025-06-12,4,468.0,390.0,858.0,3
NV102081,GTA Hub,2025-07-02,2025-07-05,2025-07-11,6,717.0,509.0,1226.0,1
NV102082,GTA Hub,2025-08-24,2025-08-24,2025-08-26,2,598.0,452.0,1050.0,3
NV102083,GTA Hub,2026-08-02,2026-08-02,2026-08-25,23,4965.0,3722.0,8687.0,7
NV102084,Calgary Hub,2025-12-27,2026-01-02,2026-01-07,5,740.0,519.0,1259.0,3
NV102085,GTA Hub,2026-08-02,2026-08-02,2026-08-06,4,1224.0,806.0,2030.0,6
NV102086,GTA Hub,2025-10-23,2025-10-24,2025-11-03,10,994.0,755.0,1749.0,7
NV102087,GTA Hub,2026-01-10,2026-01-11,2026-01-18,7,2012.0,1287.0,3299.0,4
NV102088,Calgary Hub,2025-08-24,2025-08-27,2025-09-03,7,1804.0,1140.0,2944.0,11
NV102089,Calgary Hub,2024-01-16,2024-01-19,2024-01-23,4,630.0,500.0,1130.0,4
NV102090,GTA Hub,2024-08-08,2024-08-09,2024-08-17,8,816.0,615.0,1431.0,7
NV102091,GTA Hub,2026-01-18,2026-01-18,2026-01-27,9,1809.0,1204.0,3013.0,5
NV102092,GTA Hub,2024-01-09,2024-01-09,2024-01-13,4,383.0,342.0,725.0,1
NV102093,Calgary Hub,2026-01-07,2026-01-08,2026-01-14,6,594.0,566.0,1160.0,4
NV102094,Calgary Hub,2025-04-16,2025-04-20,2025-04-28,8,1066.0,807.0,1873.0,9
NV102095,Montreal Hub,2026-01-11,2026-01-12,2026-01-18,6,1063.0,854.0,1917.0,6
NV102096,GTA Hub,2026-04-20,2026-04-22,2026-04-27,5,976.0,748.0,1724.0,12
NV102097,GTA Hub,2026-03-03,2026-03-04,2026-03-16,12,2178.0,1791.0,3969.0,10
NV102098,GTA Hub,2024-12-11,2024-12-13,2024-12-19,6,1071.0,778.0,1849.0,5
NV102099,GTA Hub,2024-08-31,2024-09-01,2024-09-06,5,851.0,663.0,1514.0,1
NV102100,GTA Hub,2025-08-20,2025-08-20,2025-08-22,2,305.0,311.0,616.0,0
NV102101,GTA Hub,2026-06-20,2026-06-20,2026-07-01,11,2702.0,2229.0,4931.0,9
NV102102,GTA Hub,2025-08-10,2025-08-10,2025-08-13,3,442.0,359.0,801.0,1
NV102103,GTA Hub,2026-04-02,2026-04-02,2026-04-11,9,2245.0,1466.0,3711.0,8
NV102104,Calgary Hub,2024-12-05,2024-12-07,2024-12-09,2,269.0,263.0,532.0,3
NV102105,GTA Hub,2025-02-12,2025-02-14,2025-02-23,9,1977.0,1552.0,3529.0,8
NV102106,GTA Hub,2025-06-03,2025-06-03,2025-06-06,3,252.0,248.0,500.0,0
NV102107,Montreal Hub,2026-07-02,2026-07-04,2026-07-11,7,1497.0,1088.0,2585.0,8
NV102108,Calgary Hub,2025-09-02,2025-09-04,2025-09-08,4,1000.0,693.0,1693.0,2
NV102109,Calgary Hub,2025-07-22,2025-07-24,2025-07-27,3,833.0,796.0,1629.0,6
NV102110,Montreal Hub,2026-07-26,2026-07-30,2026-08-04,5,760.0,619.0,1379.0,5
NV102111,Montreal Hub,2024-12-03,2024-12-03,2024-12-07,4,214.0,204.0,418.0,2
NV102112,Calgary Hub,2025-01-04,2025-01-07,2025-01-19,12,2336.0,1594.0,3930.0,8
NV102113,GTA Hub,2025-11-13,2025-11-13,2025-11-22,9,2253.0,1522.0,3775.0,5
NV102114,GTA Hub,2024-12-27,2024-12-27,2024-12-31,4,158.0,245.0,403.0,3
NV102115,GTA Hub,2025-09-26,2025-09-27,2025-10-08,11,2309.0,1949.0,4258.0,9
NV102116,GTA Hub,2024-10-30,2024-10-30,2024-11-06,7,388.0,295.0,683.0,1
NV102117,Calgary Hub,2026-08-15,2026-08-16,2026-08-21,5,933.0,689.0,1622.0,1
NV102118,GTA Hub,2024-03-30,2024-03-30,2024-04-02,3,445.0,389.0,834.0,1
NV102119,GTA Hub,2024-11-17,2024-11-17,2024-12-01,14,2148.0,1674.0,3822.0,10
NV102120,Calgary Hub,2024-01-04,2024-01-06,2024-01-09,3,432.0,412.0,844.0,7
NV102121,GTA Hub,2026-02-24,2026-02-24,2026-02-27,3,694.0,586.0,1280.0,3
NV102122,Calgary Hub,2026-08-28,2026-08-31,2026-09-04,4,679.0,557.0,1236.0,5
NV102123,GTA Hub,2024-10-27,2024-10-28,2024-11-07,10,2109.0,1450.0,3559.0,8
NV102124,GTA Hub,2024-12-30,2024-12-30,2025-01-08,9,1200.0,1122.0,2322.0,5
NV102125,GTA Hub,2026-01-20,2026-01-21,2026-02-02,12,2523.0,1737.0,4260.0,9
NV102126,GTA Hub,2025-05-28,2025-05-29,2025-06-06,8,1699.0,1276.0,2975.0,5
NV102127,GTA Hub,2026-04-24,2026-04-25,2026-04-28,3,293.0,310.0,603.0,2
NV102128,GTA Hub,2025-06-07,2025-06-08,2025-06-16,8,1356.0,1074.0,2430.0,2
NV102129,GTA Hub,2024-07-31,2024-08-01,2024-08-06,5,659.0,480.0,1139.0,4
NV102130,GTA Hub,2025-01-30,2025-01-31,2025-02-06,6,1315.0,831.0,2146.0,2
NV102131,GTA Hub,2025-07-14,2025-07-16,2025-07-22,6,1748.0,1387.0,3135.0,13
NV102132,GTA Hub,2025-11-15,2025-11-15,2025-11-20,5,766.0,575.0,1341.0,2
NV102133,GTA Hub,2025-08-15,2025-08-16,2025-08-21,5,1059.0,758.0,1817.0,4
NV102134,GTA Hub,2024-04-24,2024-04-25,2024-05-01,6,1093.0,771.0,1864.0,6
NV102135,GTA Hub,2025-03-09,2025-03-09,2025-03-15,6,979.0,690.0,1669.0,1
NV102136,Montreal Hub,2024-07-26,2024-07-27,2024-07-30,3,398.0,365.0,763.0,1
NV102137,Calgary Hub,2026-07-09,2026-07-10,2026-07-17,7,1639.0,1284.0,2923.0,2
NV102138,GTA Hub,2024-08-22,2024-08-23,2024-08-29,6,839.0,645.0,1484.0,6
NV102139,Montreal Hub,2026-03-26,2026-03-27,2026-04-03,7,956.0,600.0,1556.0,3
NV102140,Calgary Hub,2025-11-01,2025-11-02,2025-11-12,10,1156.0,910.0,2066.0,5
NV102141,Calgary Hub,2026-07-09,2026-07-11,2026-07-14,3,508.0,461.0,969.0,2
NV102142,GTA Hub,2024-10-07,2024-10-07,2024-10-10,3,473.0,435.0,908.0,4
NV102143,GTA Hub,2025-04-17,2025-04-18,2025-04-23,5,417.0,387.0,804.0,0
NV102144,GTA Hub,2024-05-20,2024-05-20,2024-05-26,6,1506.0,1114.0,2620.0,5
NV102145,GTA Hub,2025-09-13,2025-09-14,2025-09-18,4,1054.0,730.0,1784.0,2
NV102146,Calgary Hub,2025-01-11,2025-01-14,2025-01-24,10,2558.0,1600.0,4158.0,12
NV102147,Montreal Hub,2026-01-07,2026-01-10,2026-01-20,10,1884.0,1502.0,3386.0,9
NV102148,Montreal Hub,2025-04-08,2025-04-08,2025-04-19,11,2451.0,1734.0,4185.0,9
NV102149,GTA Hub,2026-04-10,2026-04-10,2026-04-14,4,896.0,609.0,1505.0,3
NV102150,GTA Hub,2025-06-09,2025-06-10,2025-06-12,2,328.0,289.0,617.0,3
NV102151,GTA Hub,2024-06-12,2024-06-14,2024-06-19,5,890.0,728.0,1618.0,2
NV102152,GTA Hub,2024-04-10,2024-04-11,2024-04-16,5,891.0,640.0,1531.0,4
NV102153,Montreal Hub,2025-10-12,2025-10-14,2025-10-17,3,649.0,479.0,1128.0,5
NV102154,Calgary Hub,2026-03-02,2026-03-03,2026-03-06,3,385.0,339.0,724.0,1
NV102155,GTA Hub,2025-12-29,2025-12-30,2026-01-04,5,1086.0,924.0,2010.0,10
NV102156,GTA Hub,2026-01-17,2026-01-17,2026-01-22,5,1243.0,776.0,2019.0,3
NV102157,GTA Hub,2025-05-07,2025-05-09,2025-05-13,4,514.0,528.0,1042.0,2
NV102158,GTA Hub,2025-01-24,2025-01-25,2025-02-02,8,1913.0,1323.0,3236.0,4
NV102159,Calgary Hub,2024-12-11,2024-12-15,2024-12-21,6,1004.0,696.0,1700.0,2
NV102160,GTA Hub,2025-11-18,2025-11-18,2025-11-28,10,2043.0,1685.0,3728.0,3
NV102161,GTA Hub,2024-04-20,2024-04-20,2024-04-25,5,923.0,718.0,1641.0,2
NV102162,GTA Hub,2024-09-26,2024-09-27,2024-09-29,2,303.0,279.0,582.0,1
NV102163,GTA Hub,2024-12-28,2024-12-28,2025-01-11,14,3351.0,2356.0,5707.0,8
NV102164,GTA Hub,2025-08-13,2025-08-14,2025-08-26,12,2862.0,1885.0,4747.0,12
NV102165,Calgary Hub,2026-07-14,2026-07-17,2026-07-23,6,798.0,647.0,1445.0,2
NV102166,GTA Hub,2025-07-25,2025-07-25,2025-07-28,3,419.0,358.0,777.0,7
NV102167,GTA Hub,2025-03-27,2025-03-27,2025-04-10,14,3236.0,2128.0,5364.0,14
NV102168,GTA Hub,2025-10-11,2025-10-13,2025-10-16,3,230.0,229.0,459.0,1
NV102169,Calgary Hub,2025-05-25,2025-05-26,2025-06-04,9,1332.0,913.0,2245.0,7
NV102170,Montreal Hub,2024-10-09,2024-10-10,2024-10-23,13,2402.0,1803.0,4205.0,12
NV102171,GTA Hub,2024-03-25,2024-03-27,2024-03-29,2,480.0,378.0,858.0,0
NV102172,Montreal Hub,2026-03-15,2026-03-17,2026-03-22,5,558.0,530.0,1088.0,2
NV102173,GTA Hub,2024-12-13,2024-12-14,2024-12-19,5,509.0,396.0,905.0,3
NV102174,GTA Hub,2026-07-21,2026-07-23,2026-07-29,6,1102.0,888.0,1990.0,9
NV102175,Montreal Hub,2024-12-14,2024-12-15,2024-12-20,5,595.0,467.0,1062.0,5
NV102176,Montreal Hub,2026-07-14,2026-07-16,2026-07-20,4,687.0,472.0,1159.0,5
NV102177,GTA Hub,2024-08-02,2024-08-04,2024-08-06,2,133.0,165.0,298.0,3
NV102178,GTA Hub,2025-03-20,2025-03-21,2025-03-24,3,803.0,591.0,1394.0,4
NV102179,Montreal Hub,2025-01-20,2025-01-21,2025-01-23,2,399.0,335.0,734.0,2
NV102180,GTA Hub,2024-06-14,2024-06-18,2024-06-21,3,519.0,452.0,971.0,7
NV102181,Montreal Hub,2024-07-25,2024-07-25,2024-07-28,3,262.0,235.0,497.0,4
NV102182,Montreal Hub,2025-08-29,2025-08-31,2025-09-02,2,354.0,282.0,636.0,0
NV102183,GTA Hub,2026-08-18,2026-08-19,2026-08-25,6,827.0,736.0,1563.0,8
NV102184,Calgary Hub,2026-04-24,2026-04-27,2026-05-12,15,3253.0,2380.0,5633.0,12
NV102185,GTA Hub,2025-11-21,2025-11-21,2025-11-25,4,485.0,403.0,888.0,4
NV102186,GTA Hub,2025-03-17,2025-03-18,2025-03-21,3,629.0,539.0,1168.0,0
NV102187,GTA Hub,2025-08-19,2025-08-20,2025-09-02,13,2747.0,2173.0,4920.0,13
NV102188,GTA Hub,2025-10-07,2025-10-07,2025-10-16,9,1465.0,1036.0,2501.0,4
NV102189,GTA Hub,2026-06-14,2026-06-14,2026-06-19,5,725.0,659.0,1384.0,7
NV102190,Calgary Hub,2026-05-03,2026-05-07,2026-05-11,4,306.0,329.0,635.0,1
NV102191,GTA Hub,2024-03-25,2024-03-29,2024-04-07,9,1448.0,1177.0,2625.0,10
NV102192,Calgary Hub,2026-06-07,2026-06-14,2026-06-17,3,489.0,434.0,923.0,3
NV102193,GTA Hub,2026-05-16,2026-05-18,2026-05-25,7,992.0,751.0,1743.0,5
NV102194,Calgary Hub,2025-10-07,2025-10-09,2025-10-13,4,395.0,366.0,761.0,5
NV102195,Calgary Hub,2025-08-01,2025-08-06,2025-08-15,9,1099.0,686.0,1785.0,5
NV102196,Calgary Hub,2025-07-10,2025-07-11,2025-07-14,3,494.0,555.0,1049.0,2
NV102197,GTA Hub,2026-08-19,2026-08-20,2026-08-30,10,2325.0,1672.0,3997.0,9
NV102198,GTA Hub,2026-07-01,2026-07-02,2026-07-04,2,655.0,549.0,1204.0,8
NV102199,Calgary Hub,2025-11-26,2025-11-30,2025-12-06,6,728.0,551.0,1279.0,1
NV102200,GTA Hub,2026-03-07,2026-03-09,2026-03-19,10,2244.0,1702.0,3946.0,9
NV102201,Calgary Hub,2024-03-09,2024-03-11,2024-03-17,6,1145.0,784.0,1929.0,1
NV102202,GTA Hub,2024-12-10,2024-12-11,2024-12-13,2,90.0,148.0,238.0,2
NV102203,Montreal Hub,2025-12-05,2025-12-06,2025-12-11,5,606.0,619.0,1225.0,4
NV102204,GTA Hub,2025-10-10,2025-10-11,2025-10-14,3,465.0,412.0,877.0,5
NV102205,Calgary Hub,2025-05-28,2025-05-28,2025-06-05,8,1715.0,1210.0,2925.0,7
NV102206,GTA Hub,2024-12-09,2024-12-09,2024-12-20,11,2379.0,2161.0,4540.0,10
NV102207,GTA Hub,2026-02-23,2026-02-23,2026-03-03,8,1435.0,946.0,2381.0,4
NV102208,GTA Hub,2024-08-22,2024-08-23,2024-08-26,3,338.0,347.0,685.0,1
NV102209,Calgary Hub,2026-08-11,2026-08-13,2026-08-19,6,552.0,534.0,1086.0,5
NV102210,Calgary Hub,2026-08-25,2026-08-28,2026-09-02,5,1244.0,912.0,2156.0,0
NV102211,Calgary Hub,2025-02-22,2025-02-25,2025-03-02,5,822.0,619.0,1441.0,1
NV102212,GTA Hub,2025-05-14,2025-05-15,2025-05-20,5,785.0,533.0,1318.0,2
NV102213,GTA Hub,2026-08-11,2026-08-12,2026-08-17,5,746.0,634.0,1380.0,3
NV102214,Calgary Hub,2024-07-24,2024-07-28,2024-08-02,5,985.0,652.0,1637.0,1
NV102215,GTA Hub,2024-07-11,2024-07-11,2024-07-18,7,871.0,713.0,1584.0,5
NV102216,GTA Hub,2026-05-11,2026-05-11,2026-05-20,9,2117.0,1627.0,3744.0,7
NV102217,GTA Hub,2024-07-16,2024-07-21,2024-07-27,6,335.0,296.0,631.0,3
NV102218,GTA Hub,2026-05-17,2026-05-17,2026-05-25,8,1437.0,1059.0,2496.0,12
NV102219,GTA Hub,2024-01-27,2024-01-27,2024-01-29,2,107.0,154.0,261.0,1
NV102220,GTA Hub,2025-02-24,2025-02-26,2025-03-05,7,904.0,599.0,1503.0,6
NV102221,GTA Hub,2024-08-19,2024-08-20,2024-08-22,2,351.0,330.0,681.0,2
NV102222,Montreal Hub,2025-06-09,2025-06-10,2025-06-14,4,349.0,293.0,642.0,2
NV102223,Calgary Hub,2025-04-02,2025-04-07,2025-04-10,3,267.0,252.0,519.0,3
NV102224,Calgary Hub,2026-04-12,2026-04-14,2026-04-23,9,2336.0,1974.0,4310.0,12
NV102225,GTA Hub,2026-07-13,2026-07-14,2026-07-17,3,397.0,304.0,701.0,0
NV102226,GTA Hub,2025-10-06,2025-10-08,2025-10-13,5,444.0,322.0,766.0,1
NV102227,Montreal Hub,2026-04-25,2026-04-25,2026-05-03,8,1089.0,724.0,1813.0,5
NV102228,Montreal Hub,2025-07-21,2025-07-21,2025-08-04,14,2253.0,1663.0,3916.0,8
NV102229,Calgary Hub,2025-05-20,2025-05-23,2025-05-27,4,695.0,529.0,1224.0,11
NV102230,GTA Hub,2024-07-05,2024-07-05,2024-07-09,4,689.0,551.0,1240.0,2
NV102231,GTA Hub,2026-08-26,2026-08-28,2026-09-11,14,2396.0,1772.0,4168.0,11
NV102232,Calgary Hub,2025-03-21,2025-03-22,2025-03-26,4,354.0,319.0,673.0,4
NV102233,GTA Hub,2026-08-24,2026-08-26,2026-09-10,15,3013.0,2066.0,5079.0,12
NV102234,GTA Hub,2024-05-20,2024-05-20,2024-05-23,3,795.0,672.0,1467.0,3
NV102235,GTA Hub,2026-05-03,2026-05-03,2026-05-08,5,677.0,630.0,1307.0,3
NV102236,GTA Hub,2026-05-19,2026-05-21,2026-05-28,7,1156.0,780.0,1936.0,3
NV102237,GTA Hub,2024-05-18,2024-05-18,2024-05-20,2,839.0,685.0,1524.0,3
NV102238,GTA Hub,2026-06-06,2026-06-06,2026-06-13,7,1868.0,1545.0,3413.0,9
NV102239,GTA Hub,2025-06-10,2025-06-13,2025-06-18,5,831.0,700.0,1531.0,7
NV102240,Calgary Hub,2025-08-29,2025-09-02,2025-09-08,6,923.0,834.0,1757.0,4
NV102241,GTA Hub,2024-05-16,2024-05-18,2024-05-27,9,1096.0,801.0,1897.0,5
NV102242,GTA Hub,2025-06-14,2025-06-14,2025-06-21,7,909.0,753.0,1662.0,5
NV102243,Montreal Hub,2026-07-23,2026-07-25,2026-07-31,6,1299.0,810.0,2109.0,5
NV102244,Calgary Hub,2026-05-17,2026-05-17,2026-05-20,3,413.0,346.0,759.0,1
NV102245,GTA Hub,2026-05-05,2026-05-06,2026-05-11,5,722.0,606.0,1328.0,6
NV102246,Montreal Hub,2026-02-22,2026-02-22,2026-02-24,2,403.0,338.0,741.0,2
NV102247,GTA Hub,2025-01-11,2025-01-13,2025-01-19,6,1025.0,669.0,1694.0,6
NV102248,Calgary Hub,2026-08-13,2026-08-16,2026-08-19,3,540.0,481.0,1021.0,2
NV102249,GTA Hub,2024-04-24,2024-04-25,2024-04-29,4,631.0,472.0,1103.0,4
NV102250,GTA Hub,2026-07-11,2026-07-11,2026-07-14,3,596.0,443.0,1039.0,0
NV102251,GTA Hub,2025-03-08,2025-03-08,2025-03-13,5,457.0,295.0,752.0,1
NV102252,Calgary Hub,2024-11-12,2024-11-14,2024-11-19,5,887.0,698.0,1585.0,5
NV102253,Montreal Hub,2025-04-29,2025-05-01,2025-05-08,7,981.0,755.0,1736.0,7
NV102254,Calgary Hub,2026-03-29,2026-03-31,2026-04-11,11,2554.0,1703.0,4257.0,11
NV102255,Calgary Hub,2026-06-15,2026-06-17,2026-06-25,8,1036.0,930.0,1966.0,12
NV102256,GTA Hub,2024-10-18,2024-10-21,2024-10-25,4,414.0,290.0,704.0,2
NV102257,GTA Hub,2025-07-18,2025-07-19,2025-07-25,6,1173.0,881.0,2054.0,2
NV102258,Montreal Hub,2025-09-02,2025-09-03,2025-09-09,6,558.0,492.0,1050.0,1
NV102259,Calgary Hub,2025-04-01,2025-04-04,2025-04-10,6,351.0,344.0,695.0,2
NV102260,GTA Hub,2024-05-05,2024-05-07,2024-05-11,4,586.0,402.0,988.0,1
NV102261,GTA Hub,2024-07-11,2024-07-12,2024-07-19,7,1214.0,1077.0,2291.0,4
NV102262,GTA Hub,2025-11-13,2025-11-15,2025-11-20,5,787.0,632.0,1419.0,5
NV102263,GTA Hub,2024-02-03,2024-02-04,2024-02-10,6,878.0,800.0,1678.0,3
NV102264,Calgary Hub,2025-03-21,2025-03-25,2025-03-29,4,353.0,316.0,669.0,3
NV102265,GTA Hub,2025-12-08,2025-12-09,2025-12-16,7,1307.0,1066.0,2373.0,13
NV102266,GTA Hub,2026-05-18,2026-05-19,2026-05-25,6,1016.0,698.0,1714.0,5
NV102267,GTA Hub,2025-08-25,2025-08-27,2025-09-08,12,2193.0,2009.0,4202.0,11
NV102268,Calgary Hub,2026-02-05,2026-02-05,2026-02-15,10,2825.0,1922.0,4747.0,10
NV102269,Montreal Hub,2025-07-27,2025-07-28,2025-08-02,5,757.0,659.0,1416.0,3
NV102270,GTA Hub,2026-06-10,2026-06-11,2026-06-19,8,2223.0,1703.0,3926.0,14
NV102271,Montreal Hub,2024-09-04,2024-09-06,2024-09-10,4,870.0,735.0,1605.0,10
NV102272,Calgary Hub,2025-08-17,2025-08-18,2025-08-26,8,1345.0,1215.0,2560.0,10
NV102273,Montreal Hub,2025-03-02,2025-03-04,2025-03-08,4,528.0,398.0,926.0,0
NV102274,GTA Hub,2026-07-31,2026-08-03,2026-08-07,4,683.0,534.0,1217.0,3
NV102275,GTA Hub,2025-02-21,2025-02-21,2025-02-23,2,131.0,163.0,294.0,0
NV102276,GTA Hub,2025-04-15,2025-04-16,2025-04-22,6,1352.0,946.0,2298.0,9
NV102277,GTA Hub,2024-10-14,2024-10-14,2024-10-21,7,1390.0,1031.0,2421.0,5
NV102278,GTA Hub,2025-02-10,2025-02-10,2025-02-13,3,461.0,415.0,876.0,2
NV102279,GTA Hub,2025-08-31,2025-09-01,2025-09-12,11,1458.0,1114.0,2572.0,8
NV102280,Montreal Hub,2025-08-29,2025-08-30,2025-09-04,5,930.0,839.0,1769.0,3
NV102281,GTA Hub,2024-06-16,2024-06-17,2024-06-20,3,86.0,137.0,223.0,1
NV102282,Calgary Hub,2024-07-15,2024-07-16,2024-07-22,6,1062.0,725.0,1787.0,2
NV102283,GTA Hub,2024-05-22,2024-05-23,2024-05-27,4,632.0,599.0,1231.0,8
NV102284,Calgary Hub,2026-06-30,2026-06-30,2026-07-08,8,1917.0,1200.0,3117.0,1
NV102285,Montreal Hub,2025-07-26,2025-07-26,2025-08-01,6,1085.0,758.0,1843.0,8
NV102286,GTA Hub,2025-07-10,2025-07-11,2025-07-17,6,850.0,636.0,1486.0,4
NV102287,GTA Hub,2024-06-06,2024-06-06,2024-06-10,4,456.0,420.0,876.0,2
NV102288,Calgary Hub,2024-09-01,2024-09-05,2024-09-12,7,682.0,494.0,1176.0,9
NV102289,GTA Hub,2024-06-12,2024-06-13,2024-06-16,3,740.0,577.0,1317.0,5
NV102290,GTA Hub,2024-08-06,2024-08-06,2024-08-08,2,704.0,538.0,1242.0,4
NV102291,Calgary Hub,2024-09-22,2024-09-26,2024-10-01,5,201.0,261.0,462.0,1
NV102292,GTA Hub,2026-06-12,2026-06-15,2026-06-26,11,2214.0,1956.0,4170.0,11
NV102293,Calgary Hub,2026-03-11,2026-03-16,2026-03-25,9,927.0,778.0,1705.0,8
NV102294,GTA Hub,2025-07-29,2025-07-30,2025-08-07,8,1367.0,930.0,2297.0,10
NV102295,Calgary Hub,2026-02-03,2026-02-06,2026-02-15,9,1808.0,1735.0,3543.0,11
NV102296,Calgary Hub,2026-06-16,2026-06-20,2026-06-26,6,913.0,794.0,1707.0,7
NV102297,Calgary Hub,2025-10-07,2025-10-08,2025-10-15,7,924.0,759.0,1683.0,4
NV102298,GTA Hub,2025-08-20,2025-08-22,2025-08-28,6,1375.0,942.0,2317.0,6
NV102299,GTA Hub,2025-02-12,2025-02-12,2025-02-17,5,474.0,439.0,913.0,4
NV102300,Calgary Hub,2026-07-25,2026-07-26,2026-08-05,10,1906.0,1292.0,3198.0,13
NV102301,GTA Hub,2024-08-13,2024-08-15,2024-08-19,4,664.0,547.0,1211.0,3
NV102302,GTA Hub,2024-04-09,2024-04-09,2024-04-14,5,96.0,144.0,240.0,1
NV102303,GTA Hub,2025-07-31,2025-08-02,2025-08-06,4,698.0,619.0,1317.0,3
NV102304,Calgary Hub,2026-07-26,2026-07-31,2026-08-13,13,3153.0,2465.0,5618.0,7
NV102305,Montreal Hub,2026-06-16,2026-06-19,2026-07-01,12,2245.0,2037.0,4282.0,10
NV102306,GTA Hub,2025-11-19,2025-11-19,2025-11-28,9,1366.0,904.0,2270.0,1
NV102307,GTA Hub,2025-04-04,2025-04-05,2025-04-09,4,248.0,255.0,503.0,5
NV102308,Calgary Hub,2026-08-14,2026-08-19,2026-08-24,5,704.0,611.0,1315.0,2
NV102309,GTA Hub,2026-05-17,2026-05-17,2026-05-20,3,841.0,756.0,1597.0,4
NV102310,Calgary Hub,2026-04-03,2026-04-05,2026-04-09,4,632.0,505.0,1137.0,2
NV102311,Calgary Hub,2026-06-06,2026-06-06,2026-06-13,7,1324.0,1170.0,2494.0,12
NV102312,GTA Hub,2025-06-26,2025-06-28,2025-07-02,4,811.0,607.0,1418.0,3
NV102313,Calgary Hub,2026-04-24,2026-04-25,2026-05-04,9,2191.0,1663.0,3854.0,8
NV102314,GTA Hub,2024-07-14,2024-07-14,2024-07-21,7,1673.0,1324.0,2997.0,15
NV102315,GTA Hub,2026-05-23,2026-05-23,2026-05-30,7,1331.0,1048.0,2379.0,1
NV102316,GTA Hub,2024-12-01,2024-12-01,2024-12-07,6,779.0,732.0,1511.0,2
NV102317,GTA Hub,2025-12-31,2026-01-01,2026-01-07,6,1543.0,1068.0,2611.0,7
NV102318,Calgary Hub,2025-03-30,2025-04-03,2025-04-05,2,91.0,122.0,213.0,0
NV102319,Montreal Hub,2026-04-11,2026-04-14,2026-04-27,13,2644.0,2219.0,4863.0,7
NV102320,GTA Hub,2025-07-17,2025-07-18,2025-07-25,7,1299.0,988.0,2287.0,7
NV102321,GTA Hub,2026-01-07,2026-01-09,2026-01-21,12,2883.0,1850.0,4733.0,7
NV102322,Montreal Hub,2025-06-21,2025-06-23,2025-06-25,2,114.0,175.0,289.0,1
NV102323,Calgary Hub,2025-10-12,2025-10-15,2025-10-21,6,722.0,562.0,1284.0,2
NV102324,GTA Hub,2024-07-17,2024-07-17,2024-07-24,7,1469.0,1190.0,2659.0,8
NV102325,GTA Hub,2025-03-23,2025-03-23,2025-03-31,8,1174.0,937.0,2111.0,0
NV102326,Calgary Hub,2024-06-12,2024-06-15,2024-06-18,3,529.0,438.0,967.0,3
NV102327,GTA Hub,2026-06-03,2026-06-04,2026-06-09,5,797.0,644.0,1441.0,6
NV102328,Calgary Hub,2026-03-17,2026-03-18,2026-03-29,11,2674.0,1995.0,4669.0,8
NV102329,GTA Hub,2025-04-11,2025-04-11,2025-04-16,5,827.0,661.0,1488.0,4
NV102330,GTA Hub,2024-05-22,2024-05-22,2024-05-29,7,1265.0,929.0,2194.0,2
NV102331,GTA Hub,2025-05-08,2025-05-09,2025-05-14,5,820.0,732.0,1552.0,2
NV102332,Calgary Hub,2024-04-03,2024-04-05,2024-04-10,5,1012.0,730.0,1742.0,4
NV102333,Calgary Hub,2026-03-21,2026-03-22,2026-03-27,5,727.0,527.0,1254.0,2
NV102334,GTA Hub,2024-05-26,2024-05-27,2024-05-31,4,356.0,369.0,725.0,1
NV102335,Montreal Hub,2026-06-24,2026-06-27,2026-07-11,14,2455.0,1670.0,4125.0,2
NV102336,Montreal Hub,2024-03-24,2024-03-26,2024-04-03,8,808.0,588.0,1396.0,1
NV102337,GTA Hub,2026-08-29,2026-08-29,2026-09-08,10,2243.0,1435.0,3678.0,5
NV102338,Montreal Hub,2025-01-27,2025-01-28,2025-02-04,7,1130.0,967.0,2097.0,10
NV102339,Calgary Hub,2026-04-01,2026-04-02,2026-04-10,8,1391.0,1034.0,2425.0,6
NV102340,Calgary Hub,2025-05-10,2025-05-13,2025-05-17,4,421.0,370.0,791.0,2
NV102341,Calgary Hub,2026-02-06,2026-02-07,2026-02-14,7,960.0,761.0,1721.0,9
NV102342,GTA Hub,2024-12-23,2024-12-23,2024-12-29,6,1062.0,867.0,1929.0,9
NV102343,GTA Hub,2025-04-16,2025-04-17,2025-04-21,4,853.0,678.0,1531.0,9
NV102344,GTA Hub,2024-03-19,2024-03-19,2024-03-24,5,986.0,657.0,1643.0,5
NV102345,GTA Hub,2025-01-25,2025-01-26,2025-02-03,8,1521.0,1234.0,2755.0,5
NV102346,GTA Hub,2026-02-11,2026-02-12,2026-02-25,13,3178.0,2270.0,5448.0,12
NV102347,GTA Hub,2026-07-21,2026-07-23,2026-07-30,7,1466.0,1012.0,2478.0,3
NV102348,GTA Hub,2024-02-03,2024-02-03,2024-02-15,12,2411.0,1870.0,4281.0,9
NV102349,GTA Hub,2024-12-20,2024-12-21,2024-12-25,4,146.0,176.0,322.0,0
NV102350,Calgary Hub,2026-01-10,2026-01-13,2026-01-24,11,1761.0,1239.0,3000.0,8
NV102351,GTA Hub,2024-02-09,2024-02-11,2024-02-20,9,1448.0,1130.0,2578.0,9
NV102352,Montreal Hub,2024-04-26,2024-04-26,2024-05-02,6,888.0,667.0,1555.0,3
NV102353,Montreal Hub,2025-07-23,2025-07-25,2025-08-05,11,1493.0,1109.0,2602.0,0
NV102354,GTA Hub,2024-11-15,2024-11-16,2024-11-23,7,1266.0,951.0,2217.0,6
NV102355,Montreal Hub,2025-03-20,2025-03-21,2025-03-23,2,96.0,125.0,221.0,2
NV102356,Calgary Hub,2026-08-04,2026-08-06,2026-08-12,6,745.0,483.0,1228.0,0
NV102357,Calgary Hub,2026-03-19,2026-03-22,2026-03-26,4,853.0,676.0,1529.0,8
NV102358,GTA Hub,2026-07-21,2026-07-23,2026-08-06,14,2130.0,1349.0,3479.0,0
NV102359,GTA Hub,2026-05-04,2026-05-06,2026-05-16,10,1735.0,1307.0,3042.0,7
NV102360,GTA Hub,2024-11-19,2024-11-20,2024-11-27,7,1361.0,1163.0,2524.0,7
NV102361,Calgary Hub,2024-07-31,2024-07-31,2024-08-08,8,2135.0,1438.0,3573.0,8
NV102362,GTA Hub,2025-03-20,2025-03-21,2025-03-31,10,1225.0,1117.0,2342.0,1
NV102363,GTA Hub,2025-12-01,2025-12-01,2025-12-07,6,758.0,591.0,1349.0,2
NV102364,Calgary Hub,2026-04-13,2026-04-16,2026-04-23,7,860.0,746.0,1606.0,4
NV102365,GTA Hub,2026-08-02,2026-08-04,2026-08-11,7,1888.0,1448.0,3336.0,2
NV102366,GTA Hub,2024-08-31,2024-09-01,2024-09-07,6,1456.0,1193.0,2649.0,5
NV102367,Calgary Hub,2024-06-24,2024-06-28,2024-07-01,3,858.0,682.0,1540.0,5
NV102368,GTA Hub,2024-06-23,2024-06-23,2024-06-25,2,140.0,218.0,358.0,2
NV102369,GTA Hub,2026-02-10,2026-02-11,2026-02-20,9,1570.0,1371.0,2941.0,12
NV102370,GTA Hub,2025-04-17,2025-04-17,2025-05-01,14,2765.0,1765.0,4530.0,8
NV102371,GTA Hub,2025-10-12,2025-10-14,2025-10-26,12,2447.0,1657.0,4104.0,6
NV102372,GTA Hub,2025-11-04,2025-11-05,2025-11-08,3,628.0,515.0,1143.0,0
NV102373,GTA Hub,2024-06-27,2024-06-27,2024-07-01,4,950.0,743.0,1693.0,4
NV102374,Calgary Hub,2026-01-24,2026-01-26,2026-02-02,7,1449.0,1210.0,2659.0,8
NV102375,Calgary Hub,2025-07-22,2025-07-23,2025-07-28,5,872.0,712.0,1584.0,6
NV102376,GTA Hub,2025-01-13,2025-01-16,2025-01-21,5,875.0,843.0,1718.0,4
NV102377,Calgary Hub,2025-08-20,2025-08-23,2025-08-28,5,550.0,512.0,1062.0,1
NV102378,Calgary Hub,2025-08-11,2025-08-14,2025-08-18,4,807.0,679.0,1486.0,2
NV102379,GTA Hub,2026-04-18,2026-04-18,2026-04-25,7,1290.0,1145.0,2435.0,6
NV102380,GTA Hub,2026-02-09,2026-02-10,2026-02-15,5,853.0,747.0,1600.0,2
NV102381,Calgary Hub,2026-05-03,2026-05-06,2026-05-15,9,1602.0,1108.0,2710.0,7
NV102382,Calgary Hub,2025-04-28,2025-05-03,2025-05-07,4,498.0,404.0,902.0,3
NV102383,Calgary Hub,2025-07-08,2025-07-12,2025-07-16,4,535.0,467.0,1002.0,1
NV102384,Montreal Hub,2026-06-13,2026-06-14,2026-06-27,13,2381.0,1536.0,3917.0,6
NV102385,Montreal Hub,2024-11-17,2024-11-21,2024-11-27,6,936.0,746.0,1682.0,8
NV102386,GTA Hub,2024-01-04,2024-01-05,2024-01-11,6,708.0,618.0,1326.0,3
NV102387,Montreal Hub,2025-04-10,2025-04-11,2025-04-18,7,1528.0,1062.0,2590.0,5
NV102388,Montreal Hub,2026-05-22,2026-05-23,2026-06-02,10,1368.0,1253.0,2621.0,10
NV102389,GTA Hub,2025-03-27,2025-03-28,2025-04-06,9,2092.0,1591.0,3683.0,4
NV102390,Calgary Hub,2026-07-20,2026-07-21,2026-08-03,13,2636.0,2141.0,4777.0,15
NV102391,GTA Hub,2025-03-20,2025-03-20,2025-03-23,3,463.0,336.0,799.0,2
NV102392,GTA Hub,2026-02-09,2026-02-11,2026-02-17,6,690.0,603.0,1293.0,0
NV102393,GTA Hub,2024-07-08,2024-07-08,2024-07-14,6,1182.0,890.0,2072.0,6
NV102394,Calgary Hub,2025-07-17,2025-07-19,2025-07-21,2,435.0,371.0,806.0,3
NV102395,GTA Hub,2025-02-07,2025-02-09,2025-02-20,11,2387.0,1841.0,4228.0,13
NV102396,GTA Hub,2025-05-24,2025-05-24,2025-05-31,7,1189.0,924.0,2113.0,3
NV102397,Calgary Hub,2026-03-02,2026-03-04,2026-03-14,10,2241.0,1896.0,4137.0,5
NV102398,GTA Hub,2025-05-22,2025-05-22,2025-05-28,6,1259.0,899.0,2158.0,5
NV102399,Calgary Hub,2024-12-26,2024-12-27,2025-01-04,8,1709.0,1354.0,3063.0,6
NV102400,GTA Hub,2024-02-13,2024-02-14,2024-02-17,3,693.0,552.0,1245.0,2
NV102401,Calgary Hub,2025-04-19,2025-04-21,2025-04-26,5,411.0,354.0,765.0,3
NV102402,GTA Hub,2024-05-18,2024-05-19,2024-05-27,8,1245.0,1120.0,2365.0,8
NV102403,Calgary Hub,2025-09-22,2025-09-23,2025-09-25,2,157.0,210.0,367.0,0
NV102404,GTA Hub,2024-03-27,2024-03-28,2024-04-03,6,1114.0,954.0,2068.0,6
NV102405,GTA Hub,2024-11-27,2024-11-29,2024-12-02,3,497.0,448.0,945.0,6
NV102406,GTA Hub,2026-01-28,2026-01-30,2026-02-05,6,1357.0,884.0,2241.0,12
NV102407,GTA Hub,2026-09-01,2026-09-02,2026-09-05,3,695.0,606.0,1301.0,3
NV102408,GTA Hub,2026-07-27,2026-07-30,2026-08-05,6,697.0,542.0,1239.0,5
NV102409,GTA Hub,2025-08-30,2025-08-31,2025-09-02,2,165.0,209.0,374.0,1
NV102410,GTA Hub,2024-01-08,2024-01-09,2024-01-13,4,916.0,681.0,1597.0,4
NV102411,Calgary Hub,2025-03-02,2025-03-03,2025-03-12,9,1670.0,1181.0,2851.0,6
NV102412,GTA Hub,2024-03-06,2024-03-07,2024-03-09,2,294.0,266.0,560.0,1
NV102413,Montreal Hub,2024-05-11,2024-05-12,2024-05-18,6,833.0,710.0,1543.0,4
NV102414,GTA Hub,2026-04-05,2026-04-08,2026-04-15,7,1300.0,920.0,2220.0,11
NV102415,GTA Hub,2026-08-10,2026-08-12,2026-08-21,9,1348.0,1132.0,2480.0,11
NV102416,GTA Hub,2024-09-03,2024-09-04,2024-09-13,9,1440.0,933.0,2373.0,6
NV102417,Calgary Hub,2025-12-24,2025-12-24,2026-01-07,14,3450.0,2706.0,6156.0,8
NV102418,GTA Hub,2026-05-19,2026-05-20,2026-05-28,8,1271.0,1003.0,2274.0,4
NV102419,GTA Hub,2025-08-09,2025-08-09,2025-08-19,10,2407.0,1509.0,3916.0,11
NV102420,Montreal Hub,2025-05-05,2025-05-05,2025-05-11,6,1505.0,1108.0,2613.0,8
NV102421,GTA Hub,2024-08-02,2024-08-02,2024-08-06,4,801.0,693.0,1494.0,5
NV102422,GTA Hub,2025-02-15,2025-02-16,2025-02-26,10,1984.0,1438.0,3422.0,6
NV102423,GTA Hub,2025-05-06,2025-05-06,2025-05-21,15,2369.0,1727.0,4096.0,13
NV102424,GTA Hub,2025-10-17,2025-10-17,2025-10-21,4,547.0,461.0,1008.0,4
NV102425,GTA Hub,2026-03-06,2026-03-06,2026-03-10,4,432.0,381.0,813.0,0
NV102426,GTA Hub,2026-08-24,2026-08-25,2026-08-31,6,408.0,350.0,758.0,0
NV102427,Montreal Hub,2024-06-16,2024-06-17,2024-06-22,5,721.0,523.0,1244.0,1
NV102428,GTA Hub,2026-02-02,2026-02-03,2026-02-11,8,1448.0,1007.0,2455.0,13
NV102429,GTA Hub,2026-01-11,2026-01-12,2026-01-19,7,902.0,869.0,1771.0,4
NV102430,Calgary Hub,2026-05-17,2026-05-18,2026-05-23,5,823.0,566.0,1389.0,1
NV102431,GTA Hub,2024-01-12,2024-01-13,2024-01-21,8,684.0,585.0,1269.0,3
NV102432,Calgary Hub,2025-03-21,2025-03-23,2025-03-30,7,1154.0,747.0,1901.0,9
NV102433,Calgary Hub,2025-01-08,2025-01-10,2025-01-12,2,472.0,466.0,938.0,1
NV102434,GTA Hub,2025-12-21,2025-12-22,2025-12-27,5,453.0,392.0,845.0,0
NV102435,Montreal Hub,2025-02-20,2025-02-22,2025-03-02,8,954.0,762.0,1716.0,2
NV102436,Calgary Hub,2025-03-06,2025-03-09,2025-03-16,7,1087.0,925.0,2012.0,5
NV102437,Montreal Hub,2026-01-27,2026-01-28,2026-02-03,6,843.0,616.0,1459.0,1
NV102438,Montreal Hub,2025-06-13,2025-06-17,2025-06-23,6,723.0,650.0,1373.0,3
NV102439,GTA Hub,2025-03-07,2025-03-07,2025-03-19,12,2657.0,1524.0,4181.0,9
NV102440,Calgary Hub,2024-12-18,2024-12-23,2024-12-30,7,1235.0,955.0,2190.0,8
NV102441,GTA Hub,2025-05-03,2025-05-03,2025-05-16,13,2319.0,1828.0,4147.0,9
NV102442,GTA Hub,2026-08-06,2026-08-07,2026-08-19,12,2323.0,1744.0,4067.0,8
NV102443,GTA Hub,2024-01-29,2024-01-30,2024-02-02,3,402.0,383.0,785.0,0
NV102444,Calgary Hub,2026-03-29,2026-04-01,2026-04-05,4,849.0,691.0,1540.0,5
NV102445,GTA Hub,2025-07-14,2025-07-16,2025-07-22,6,1862.0,1366.0,3228.0,4
NV102446,GTA Hub,2026-04-11,2026-04-11,2026-04-25,14,2711.0,2141.0,4852.0,11
NV102447,GTA Hub,2025-08-11,2025-08-13,2025-08-21,8,1049.0,790.0,1839.0,2
NV102448,GTA Hub,2026-07-20,2026-07-20,2026-07-26,6,1569.0,1126.0,2695.0,3
NV102449,Montreal Hub,2025-07-30,2025-07-31,2025-08-07,7,1573.0,1159.0,2732.0,7
NV102450,GTA Hub,2025-01-02,2025-01-03,2025-01-13,10,2171.0,1675.0,3846.0,11
NV102451,Montreal Hub,2024-07-05,2024-07-07,2024-07-13,6,1167.0,957.0,2124.0,7
NV102452,GTA Hub,2026-05-05,2026-05-05,2026-05-15,10,1241.0,1104.0,2345.0,8
NV102453,Calgary Hub,2024-11-02,2024-11-04,2024-11-07,3,478.0,441.0,919.0,5
NV102454,Calgary Hub,2025-02-04,2025-02-05,2025-02-08,3,647.0,593.0,1240.0,3
NV102455,GTA Hub,2025-08-02,2025-08-02,2025-08-07,5,681.0,490.0,1171.0,3
NV102456,Calgary Hub,2025-04-22,2025-04-23,2025-05-03,10,2086.0,1888.0,3974.0,2
NV102457,GTA Hub,2025-12-07,2025-12-07,2025-12-12,5,678.0,496.0,1174.0,5
NV102458,Calgary Hub,2024-05-13,2024-05-15,2024-05-23,8,977.0,693.0,1670.0,4
NV102459,Calgary Hub,2025-08-08,2025-08-14,2025-08-22,8,1584.0,1159.0,2743.0,5
NV102460,GTA Hub,2024-11-20,2024-11-21,2024-11-26,5,1329.0,1079.0,2408.0,5
NV102461,GTA Hub,2026-06-29,2026-07-03,2026-07-07,4,1501.0,900.0,2401.0,4
NV102462,Calgary Hub,2025-09-10,2025-09-13,2025-09-16,3,432.0,356.0,788.0,3
NV102463,Calgary Hub,2026-01-04,2026-01-10,2026-01-15,5,811.0,640.0,1451.0,1
NV102464,Calgary Hub,2026-01-22,2026-01-25,2026-02-05,11,2053.0,1634.0,3687.0,10
NV102465,GTA Hub,2025-02-21,2025-02-22,2025-02-26,4,217.0,191.0,408.0,2
NV102466,Montreal Hub,2026-06-25,2026-06-28,2026-07-02,4,387.0,402.0,789.0,2
NV102467,GTA Hub,2026-04-03,2026-04-05,2026-04-17,12,2477.0,2005.0,4482.0,10
NV102468,GTA Hub,2025-04-08,2025-04-09,2025-04-17,8,1226.0,964.0,2190.0,9
NV102469,GTA Hub,2026-07-06,2026-07-06,2026-07-10,4,373.0,326.0,699.0,0
NV102470,GTA Hub,2024-07-19,2024-07-21,2024-07-24,3,712.0,577.0,1289.0,3
NV102471,Calgary Hub,2025-04-16,2025-04-18,2025-04-22,4,435.0,384.0,819.0,1
NV102472,GTA Hub,2025-07-27,2025-07-27,2025-08-03,7,1293.0,972.0,2265.0,2
NV102473,Montreal Hub,2024-07-04,2024-07-05,2024-07-12,7,1161.0,1098.0,2259.0,5
NV102474,Montreal Hub,2026-07-18,2026-07-19,2026-07-23,4,562.0,457.0,1019.0,2
NV102475,GTA Hub,2025-01-19,2025-01-19,2025-01-26,7,1608.0,1169.0,2777.0,10
NV102476,Calgary Hub,2025-10-22,2025-10-24,2025-11-04,11,1633.0,1363.0,2996.0,5
NV102477,GTA Hub,2026-03-04,2026-03-05,2026-03-11,6,1549.0,1014.0,2563.0,3
NV102478,GTA Hub,2026-08-30,2026-08-31,2026-09-12,12,2838.0,2105.0,4943.0,12
NV102479,GTA Hub,2025-04-18,2025-04-18,2025-04-23,5,335.0,261.0,596.0,2
NV102480,Montreal Hub,2025-01-24,2025-01-26,2025-01-30,4,1117.0,858.0,1975.0,10
NV102481,Calgary Hub,2025-05-08,2025-05-10,2025-05-20,10,1654.0,1123.0,2777.0,4
NV102482,GTA Hub,2024-02-08,2024-02-09,2024-02-12,3,122.0,167.0,289.0,0
NV102483,Montreal Hub,2025-11-21,2025-11-23,2025-11-30,7,1210.0,895.0,2105.0,11
NV102484,GTA Hub,2024-03-30,2024-04-02,2024-04-05,3,426.0,379.0,805.0,1
NV102485,GTA Hub,2026-01-10,2026-01-12,2026-01-19,7,1039.0,860.0,1899.0,1
NV102486,Calgary Hub,2024-11-27,2024-12-02,2024-12-04,2,119.0,169.0,288.0,1
NV102487,Calgary Hub,2024-11-08,2024-11-12,2024-11-16,4,269.0,259.0,528.0,1
NV102488,GTA Hub,2025-02-17,2025-02-17,2025-02-27,10,1799.0,1142.0,2941.0,9
NV102489,Calgary Hub,2026-01-27,2026-01-29,2026-02-02,4,528.0,431.0,959.0,4
NV102490,Montreal Hub,2025-04-08,2025-04-11,2025-04-17,6,1715.0,1549.0,3264.0,3
NV102491,Calgary Hub,2026-07-27,2026-07-31,2026-08-11,11,2751.0,1873.0,4624.0,9
NV102492,GTA Hub,2025-06-12,2025-06-14,2025-06-30,16,2618.0,1725.0,4343.0,9
NV102493,Calgary Hub,2024-04-05,2024-04-09,2024-04-12,3,1218.0,923.0,2141.0,2
NV102494,GTA Hub,2025-08-16,2025-08-16,2025-08-20,4,592.0,480.0,1072.0,3
NV102495,GTA Hub,2026-01-18,2026-01-18,2026-01-26,8,1201.0,1007.0,2208.0,5
NV102496,GTA Hub,2024-10-15,2024-10-16,2024-10-19,3,551.0,478.0,1029.0,0
NV102497,GTA Hub,2024-03-11,2024-03-11,2024-03-20,9,1410.0,1160.0,2570.0,10
NV102498,GTA Hub,2026-05-16,2026-05-18,2026-05-22,4,614.0,554.0,1168.0,2
NV102499,Montreal Hub,2026-06-10,2026-06-10,2026-06-14,4,1230.0,931.0,2161.0,5
NV102500,Calgary Hub,2024-03-27,2024-03-29,2024-04-07,9,964.0,805.0,1769.0,4
NV102501,GTA Hub,2026-08-08,2026-08-09,2026-08-13,4,644.0,501.0,1145.0,4
NV102502,GTA Hub,2025-12-24,2025-12-25,2025-12-30,5,869.0,616.0,1485.0,1
NV102503,GTA Hub,2024-06-26,2024-06-26,2024-06-29,3,540.0,421.0,961.0,4
NV102504,GTA Hub,2024-04-09,2024-04-10,2024-04-14,4,801.0,658.0,1459.0,3
NV102505,GTA Hub,2026-07-14,2026-07-14,2026-07-24,10,2090.0,1568.0,3658.0,3
NV102506,Calgary Hub,2025-11-29,2025-12-01,2025-12-07,6,1161.0,800.0,1961.0,4
NV102507,Montreal Hub,2026-08-06,2026-08-09,2026-08-16,7,715.0,489.0,1204.0,8
NV102508,GTA Hub,2025-01-10,2025-01-10,2025-01-15,5,1253.0,747.0,2000.0,4
NV102509,Calgary Hub,2025-02-02,2025-02-05,2025-02-16,11,2027.0,1392.0,3419.0,6
NV102510,Calgary Hub,2024-11-01,2024-11-01,2024-11-06,5,876.0,708.0,1584.0,8
NV102511,GTA Hub,2025-04-24,2025-04-26,2025-05-04,8,1139.0,923.0,2062.0,10
NV102512,Calgary Hub,2025-11-18,2025-11-22,2025-11-28,6,1322.0,958.0,2280.0,9
NV102513,GTA Hub,2026-07-06,2026-07-07,2026-07-11,4,832.0,714.0,1546.0,3
NV102514,Calgary Hub,2024-07-17,2024-07-19,2024-07-30,11,2391.0,1611.0,4002.0,4
NV102515,Calgary Hub,2025-12-18,2025-12-20,2025-12-26,6,626.0,513.0,1139.0,5
NV102516,Montreal Hub,2024-09-14,2024-09-17,2024-09-19,2,284.0,246.0,530.0,0
NV102517,Montreal Hub,2024-05-25,2024-05-27,2024-06-04,8,972.0,806.0,1778.0,8
NV102518,GTA Hub,2026-02-02,2026-02-02,2026-02-05,3,523.0,445.0,968.0,2
NV102519,GTA Hub,2024-03-17,2024-03-18,2024-03-26,8,1373.0,1067.0,2440.0,3
NV102520,Calgary Hub,2024-09-26,2024-10-03,2024-10-14,11,1941.0,1533.0,3474.0,12
NV102521,Calgary Hub,2024-06-14,2024-06-15,2024-06-22,7,809.0,615.0,1424.0,4
NV102522,GTA Hub,2025-07-16,2025-07-17,2025-07-19,2,365.0,286.0,651.0,3
NV102523,GTA Hub,2024-09-04,2024-09-07,2024-09-11,4,286.0,262.0,548.0,4
NV102524,Montreal Hub,2025-11-11,2025-11-11,2025-11-15,4,230.0,248.0,478.0,3
NV102525,GTA Hub,2025-03-17,2025-03-19,2025-03-21,2,350.0,288.0,638.0,2
NV102526,Montreal Hub,2026-06-10,2026-06-13,2026-06-18,5,834.0,559.0,1393.0,1
NV102527,GTA Hub,2025-12-05,2025-12-08,2025-12-12,4,847.0,604.0,1451.0,5
NV102528,Calgary Hub,2026-08-25,2026-08-28,2026-09-04,7,1511.0,990.0,2501.0,6
NV102529,GTA Hub,2026-06-19,2026-06-20,2026-06-26,6,870.0,694.0,1564.0,1
NV102530,Montreal Hub,2026-06-27,2026-06-28,2026-07-03,5,1041.0,835.0,1876.0,3
NV102531,Calgary Hub,2025-09-25,2025-09-29,2025-10-03,4,1152.0,751.0,1903.0,10
NV102532,GTA Hub,2026-07-17,2026-07-18,2026-07-25,7,1265.0,1044.0,2309.0,5
NV102533,GTA Hub,2024-10-09,2024-10-10,2024-10-13,3,123.0,157.0,280.0,0
NV102534,GTA Hub,2025-05-22,2025-05-24,2025-06-01,8,1012.0,920.0,1932.0,4
NV102535,Calgary Hub,2025-04-02,2025-04-04,2025-04-13,9,1824.0,1435.0,3259.0,12
NV102536,Calgary Hub,2024-05-16,2024-05-17,2024-05-28,11,2064.0,1535.0,3599.0,14
NV102537,Calgary Hub,2025-10-07,2025-10-07,2025-10-13,6,896.0,708.0,1604.0,3
NV102538,GTA Hub,2026-07-01,2026-07-01,2026-07-12,11,2771.0,1998.0,4769.0,9
NV102539,Calgary Hub,2025-10-05,2025-10-05,2025-10-14,9,1932.0,1166.0,3098.0,4
NV102540,GTA Hub,2025-04-24,2025-04-26,2025-04-28,2,130.0,199.0,329.0,1
NV102541,Calgary Hub,2026-01-10,2026-01-13,2026-01-19,6,970.0,687.0,1657.0,2
NV102542,Calgary Hub,2024-09-22,2024-09-23,2024-09-25,2,483.0,468.0,951.0,6
NV102543,Calgary Hub,2026-07-16,2026-07-18,2026-07-20,2,303.0,287.0,590.0,4
NV102544,GTA Hub,2026-04-24,2026-04-25,2026-05-05,10,1362.0,960.0,2322.0,8
NV102545,Calgary Hub,2026-04-22,2026-04-25,2026-05-06,11,1885.0,1548.0,3433.0,8
NV102546,Calgary Hub,2024-01-12,2024-01-15,2024-01-23,8,917.0,772.0,1689.0,4
NV102547,Montreal Hub,2026-05-31,2026-05-31,2026-06-09,9,1144.0,950.0,2094.0,3
NV102548,GTA Hub,2026-03-14,2026-03-15,2026-03-23,8,1452.0,929.0,2381.0,8
NV102549,Calgary Hub,2026-08-27,2026-08-29,2026-09-07,9,1667.0,995.0,2662.0,7
NV102550,Montreal Hub,2024-04-01,2024-04-02,2024-04-04,2,606.0,500.0,1106.0,1
NV102551,Calgary Hub,2024-07-24,2024-07-26,2024-08-04,9,633.0,468.0,1101.0,7
NV102552,Montreal Hub,2024-09-12,2024-09-13,2024-09-17,4,118.0,150.0,268.0,1
NV102553,GTA Hub,2026-03-31,2026-03-31,2026-04-17,17,4645.0,2921.0,7566.0,11
NV102554,GTA Hub,2026-04-27,2026-04-27,2026-04-30,3,680.0,531.0,1211.0,7
NV102555,GTA Hub,2025-05-12,2025-05-14,2025-05-20,6,1111.0,796.0,1907.0,3
NV102556,GTA Hub,2024-03-26,2024-03-28,2024-04-02,5,772.0,562.0,1334.0,5
NV102557,GTA Hub,2026-04-19,2026-04-20,2026-05-06,16,2877.0,2374.0,5251.0,12
NV102558,Montreal Hub,2026-03-31,2026-03-31,2026-04-07,7,1281.0,963.0,2244.0,9
NV102559,Montreal Hub,2024-10-09,2024-10-11,2024-10-16,5,730.0,700.0,1430.0,2
NV102560,GTA Hub,2025-08-03,2025-08-05,2025-08-16,11,2287.0,1730.0,4017.0,10
NV102561,Calgary Hub,2025-12-04,2025-12-05,2025-12-10,5,756.0,532.0,1288.0,10
NV102562,GTA Hub,2024-05-01,2024-05-01,2024-05-03,2,257.0,221.0,478.0,0
NV102563,GTA Hub,2024-03-11,2024-03-13,2024-03-18,5,1053.0,848.0,1901.0,3
NV102564,GTA Hub,2026-02-18,2026-02-19,2026-02-23,4,640.0,491.0,1131.0,9
NV102565,GTA Hub,2025-03-09,2025-03-11,2025-03-19,8,1130.0,926.0,2056.0,6
NV102566,GTA Hub,2026-05-09,2026-05-11,2026-05-15,4,580.0,491.0,1071.0,4
NV102567,Calgary Hub,2026-06-21,2026-06-22,2026-07-04,12,2808.0,2031.0,4839.0,14
NV102568,Calgary Hub,2024-12-15,2024-12-17,2024-12-20,3,619.0,468.0,1087.0,4
NV102569,Calgary Hub,2025-07-15,2025-07-16,2025-07-23,7,998.0,647.0,1645.0,5
NV102570,GTA Hub,2025-02-22,2025-02-23,2025-02-25,2,650.0,521.0,1171.0,3
NV102571,GTA Hub,2024-12-16,2024-12-20,2024-12-24,4,294.0,296.0,590.0,0
NV102572,GTA Hub,2026-05-22,2026-05-23,2026-05-28,5,833.0,493.0,1326.0,2
NV102573,GTA Hub,2024-07-25,2024-07-25,2024-08-03,9,2056.0,1324.0,3380.0,7
NV102574,Calgary Hub,2025-08-01,2025-08-03,2025-08-08,5,605.0,467.0,1072.0,8
NV102575,GTA Hub,2026-07-06,2026-07-08,2026-07-14,6,1188.0,854.0,2042.0,7
NV102576,GTA Hub,2024-05-02,2024-05-03,2024-05-13,10,1233.0,891.0,2124.0,1
NV102577,GTA Hub,2025-09-19,2025-09-20,2025-10-01,11,1315.0,953.0,2268.0,4
NV102578,GTA Hub,2025-03-03,2025-03-03,2025-03-10,7,439.0,349.0,788.0,3
NV102579,GTA Hub,2024-12-24,2024-12-25,2024-12-28,3,356.0,293.0,649.0,1
NV102580,GTA Hub,2026-06-20,2026-06-21,2026-06-28,7,2110.0,1493.0,3603.0,7
NV102581,GTA Hub,2026-05-04,2026-05-04,2026-05-07,3,231.0,207.0,438.0,0
NV102582,GTA Hub,2025-09-01,2025-09-02,2025-09-07,5,533.0,463.0,996.0,7
NV102583,GTA Hub,2026-08-22,2026-08-22,2026-08-30,8,1399.0,1108.0,2507.0,4
NV102584,Calgary Hub,2024-04-28,2024-04-30,2024-05-03,3,196.0,175.0,371.0,0
NV102585,GTA Hub,2024-05-29,2024-05-30,2024-06-03,4,450.0,427.0,877.0,2
NV102586,Montreal Hub,2025-09-28,2025-09-30,2025-10-06,6,596.0,496.0,1092.0,4
NV102587,GTA Hub,2026-02-15,2026-02-16,2026-02-22,6,700.0,677.0,1377.0,3
NV102588,Calgary Hub,2025-02-01,2025-02-03,2025-02-05,2,292.0,261.0,553.0,1
NV102589,GTA Hub,2026-04-22,2026-04-23,2026-05-01,8,966.0,1011.0,1977.0,5
NV102590,Calgary Hub,2025-11-17,2025-11-19,2025-11-23,4,151.0,190.0,341.0,0
NV102591,Montreal Hub,2025-09-25,2025-09-26,2025-09-29,3,484.0,453.0,937.0,3
NV102592,GTA Hub,2026-06-28,2026-06-28,2026-07-02,4,395.0,362.0,757.0,2
NV102593,GTA Hub,2024-09-24,2024-09-24,2024-10-02,8,1569.0,1055.0,2624.0,9
NV102594,GTA Hub,2025-04-14,2025-04-15,2025-04-21,6,690.0,579.0,1269.0,3
NV102595,Montreal Hub,2025-11-04,2025-11-05,2025-11-10,5,360.0,343.0,703.0,0
NV102596,Calgary Hub,2026-08-26,2026-09-01,2026-09-11,10,1940.0,1283.0,3223.0,6
NV102597,Montreal Hub,2025-08-26,2025-08-28,2025-09-03,6,1060.0,749.0,1809.0,3
NV102598,Calgary Hub,2024-02-26,2024-02-28,2024-03-06,7,855.0,636.0,1491.0,5
NV102599,Montreal Hub,2025-04-24,2025-04-24,2025-04-27,3,791.0,476.0,1267.0,6
NV102600,Montreal Hub,2024-08-30,2024-09-01,2024-09-10,9,2041.0,1454.0,3495.0,8
NV102601,GTA Hub,2024-11-17,2024-11-17,2024-11-19,2,484.0,459.0,943.0,1
NV102602,Calgary Hub,2025-09-26,2025-09-29,2025-10-06,7,1254.0,986.0,2240.0,6
NV102603,Calgary Hub,2024-11-03,2024-11-03,2024-11-13,10,1735.0,1335.0,3070.0,11
NV102604,GTA Hub,2026-06-01,2026-06-02,2026-06-11,9,1514.0,1089.0,2603.0,7
NV102605,Calgary Hub,2025-08-01,2025-08-04,2025-08-13,9,1855.0,1485.0,3340.0,7
NV102606,Montreal Hub,2025-11-12,2025-11-13,2025-11-30,17,3014.0,2210.0,5224.0,13
NV102607,Calgary Hub,2026-06-09,2026-06-12,2026-06-19,7,1273.0,959.0,2232.0,5
NV102608,GTA Hub,2026-05-28,2026-05-28,2026-06-02,5,1076.0,839.0,1915.0,2
NV102609,Calgary Hub,2025-03-24,2025-03-26,2025-04-11,16,4246.0,2727.0,6973.0,8
NV102610,GTA Hub,2026-03-06,2026-03-09,2026-03-18,9,1947.0,1367.0,3314.0,12
NV102611,Montreal Hub,2025-05-23,2025-05-23,2025-05-26,3,881.0,692.0,1573.0,2
NV102612,GTA Hub,2025-05-28,2025-05-28,2025-06-01,4,473.0,432.0,905.0,2
NV102613,GTA Hub,2024-06-17,2024-06-17,2024-06-23,6,1149.0,970.0,2119.0,10
NV102614,GTA Hub,2026-05-01,2026-05-04,2026-05-12,8,965.0,779.0,1744.0,0
NV102615,GTA Hub,2024-02-25,2024-02-25,2024-02-28,3,437.0,395.0,832.0,6
NV102616,GTA Hub,2024-06-10,2024-06-12,2024-06-17,5,557.0,542.0,1099.0,2
NV102617,GTA Hub,2026-02-08,2026-02-08,2026-02-17,9,1609.0,1319.0,2928.0,6
NV102618,GTA Hub,2024-12-15,2024-12-15,2024-12-20,5,764.0,725.0,1489.0,5
NV102619,Calgary Hub,2025-03-23,2025-03-25,2025-03-31,6,1308.0,1008.0,2316.0,10
NV102620,Calgary Hub,2025-12-31,2026-01-01,2026-01-06,5,1107.0,886.0,1993.0,4
NV102621,GTA Hub,2026-03-11,2026-03-11,2026-03-16,5,1036.0,767.0,1803.0,2
NV102622,Calgary Hub,2026-01-29,2026-01-31,2026-02-15,15,2881.0,2166.0,5047.0,9
NV102623,GTA Hub,2025-08-13,2025-08-15,2025-08-23,8,1208.0,901.0,2109.0,7
NV102624,GTA Hub,2026-05-05,2026-05-08,2026-05-13,5,1109.0,864.0,1973.0,12
NV102625,Calgary Hub,2025-04-25,2025-04-28,2025-05-03,5,1128.0,814.0,1942.0,3
NV102626,GTA Hub,2026-07-02,2026-07-03,2026-07-08,5,1496.0,1067.0,2563.0,10
NV102627,GTA Hub,2026-05-08,2026-05-09,2026-05-14,5,600.0,582.0,1182.0,2
NV102628,Calgary Hub,2025-09-23,2025-09-26,2025-10-02,6,913.0,756.0,1669.0,6
NV102629,Calgary Hub,2024-10-30,2024-11-05,2024-11-09,4,418.0,371.0,789.0,1
NV102630,Calgary Hub,2026-08-06,2026-08-08,2026-08-22,14,3147.0,2406.0,5553.0,12
NV102631,GTA Hub,2025-09-05,2025-09-06,2025-09-15,9,1574.0,1163.0,2737.0,8
NV102632,GTA Hub,2026-03-03,2026-03-04,2026-03-08,4,279.0,255.0,534.0,1
NV102633,GTA Hub,2026-02-28,2026-03-03,2026-03-10,7,861.0,710.0,1571.0,4
NV102634,Montreal Hub,2025-06-27,2025-06-29,2025-07-02,3,564.0,564.0,1128.0,5
NV102635,Calgary Hub,2026-08-19,2026-08-22,2026-08-30,8,1446.0,1174.0,2620.0,9
NV102636,Montreal Hub,2024-06-30,2024-06-30,2024-07-04,4,321.0,296.0,617.0,0
NV102637,Montreal Hub,2026-07-31,2026-07-31,2026-08-10,10,2152.0,1462.0,3614.0,5
NV102638,Calgary Hub,2026-08-09,2026-08-09,2026-08-21,12,3010.0,2416.0,5426.0,10
NV102639,GTA Hub,2026-01-13,2026-01-14,2026-01-22,8,1332.0,1123.0,2455.0,9
NV102640,Montreal Hub,2026-02-05,2026-02-06,2026-02-12,6,1286.0,1038.0,2324.0,4
NV102641,GTA Hub,2024-03-28,2024-03-30,2024-04-05,6,1032.0,836.0,1868.0,5
NV102642,Montreal Hub,2024-03-05,2024-03-06,2024-03-13,7,821.0,795.0,1616.0,6
NV102643,GTA Hub,2025-03-19,2025-03-19,2025-03-21,2,281.0,252.0,533.0,2
NV102644,GTA Hub,2025-12-12,2025-12-14,2025-12-27,13,2453.0,1948.0,4401.0,7
NV102645,Calgary Hub,2025-10-08,2025-10-09,2025-10-17,8,1182.0,841.0,2023.0,6
NV102646,Montreal Hub,2026-06-12,2026-06-12,2026-06-21,9,1728.0,1136.0,2864.0,7
NV102647,GTA Hub,2026-06-21,2026-06-22,2026-06-27,5,1014.0,790.0,1804.0,3
NV102648,Calgary Hub,2026-03-25,2026-04-01,2026-04-08,7,797.0,643.0,1440.0,0
NV102649,GTA Hub,2024-12-05,2024-12-06,2024-12-10,4,340.0,417.0,757.0,1
NV102650,GTA Hub,2025-01-16,2025-01-17,2025-01-25,8,1799.0,1090.0,2889.0,10
NV102651,Montreal Hub,2025-01-04,2025-01-05,2025-01-10,5,952.0,729.0,1681.0,1
NV102652,Calgary Hub,2026-08-26,2026-08-27,2026-09-01,5,596.0,392.0,988.0,5
NV102653,GTA Hub,2025-08-17,2025-08-17,2025-08-21,4,1033.0,750.0,1783.0,15
NV102654,Montreal Hub,2024-12-24,2024-12-24,2024-12-31,7,1157.0,714.0,1871.0,10
NV102655,Montreal Hub,2025-05-23,2025-05-23,2025-05-28,5,296.0,274.0,570.0,3
NV102656,Calgary Hub,2025-06-17,2025-06-19,2025-06-29,10,2217.0,1718.0,3935.0,5
NV102657,GTA Hub,2025-01-24,2025-01-25,2025-01-31,6,1052.0,764.0,1816.0,5
NV102658,GTA Hub,2025-04-02,2025-04-02,2025-04-13,11,2201.0,1468.0,3669.0,11
NV102659,GTA Hub,2025-07-02,2025-07-02,2025-07-11,9,1703.0,1493.0,3196.0,12
NV102660,Calgary Hub,2024-02-17,2024-02-17,2024-02-27,10,1719.0,1245.0,2964.0,7
NV102661,Montreal Hub,2025-11-06,2025-11-09,2025-11-14,5,928.0,689.0,1617.0,7
NV102662,Montreal Hub,2024-06-09,2024-06-10,2024-06-12,2,119.0,157.0,276.0,1
NV102663,GTA Hub,2026-07-27,2026-07-28,2026-08-03,6,1018.0,809.0,1827.0,5
NV102664,GTA Hub,2026-02-27,2026-02-28,2026-03-09,9,1535.0,1289.0,2824.0,7
NV102665,Montreal Hub,2024-10-21,2024-10-24,2024-10-27,3,573.0,477.0,1050.0,2
NV102666,Calgary Hub,2024-04-06,2024-04-10,2024-04-16,6,707.0,620.0,1327.0,3
NV102667,GTA Hub,2024-03-12,2024-03-12,2024-03-18,6,1322.0,959.0,2281.0,9
NV102668,GTA Hub,2024-07-22,2024-07-22,2024-07-26,4,567.0,412.0,979.0,2
NV102669,Montreal Hub,2025-12-21,2025-12-21,2025-12-23,2,306.0,315.0,621.0,2
NV102670,Montreal Hub,2025-04-20,2025-04-21,2025-05-01,10,1673.0,1195.0,2868.0,14
NV102671,Calgary Hub,2026-08-07,2026-08-10,2026-08-17,7,1096.0,972.0,2068.0,4
NV102672,Calgary Hub,2025-05-05,2025-05-06,2025-05-11,5,966.0,838.0,1804.0,3
NV102673,Montreal Hub,2024-05-27,2024-05-29,2024-06-02,4,995.0,800.0,1795.0,5
NV102674,Montreal Hub,2025-01-31,2025-02-02,2025-02-08,6,135.0,180.0,315.0,0
NV102675,GTA Hub,2026-02-26,2026-02-28,2026-03-08,8,1747.0,1253.0,3000.0,4
NV102676,GTA Hub,2025-12-24,2025-12-27,2026-01-01,5,615.0,588.0,1203.0,1
NV102677,Calgary Hub,2024-04-30,2024-05-06,2024-05-08,2,466.0,462.0,928.0,3
NV102678,GTA Hub,2024-04-28,2024-04-28,2024-04-30,2,281.0,293.0,574.0,3
NV102679,GTA Hub,2024-01-13,2024-01-15,2024-01-22,7,1398.0,863.0,2261.0,4
NV102680,Calgary Hub,2024-07-27,2024-08-01,2024-08-08,7,225.0,303.0,528.0,0
NV102681,GTA Hub,2024-11-13,2024-11-14,2024-11-21,7,1352.0,1064.0,2416.0,5
NV102682,GTA Hub,2025-08-10,2025-08-11,2025-08-15,4,319.0,312.0,631.0,2
NV102683,Calgary Hub,2024-07-27,2024-07-28,2024-07-31,3,461.0,390.0,851.0,2
NV102684,GTA Hub,2025-08-30,2025-08-31,2025-09-07,7,1271.0,942.0,2213.0,5
NV102685,GTA Hub,2026-07-12,2026-07-13,2026-07-16,3,258.0,263.0,521.0,2
NV102686,Montreal Hub,2024-05-29,2024-05-30,2024-06-04,5,566.0,459.0,1025.0,3
NV102687,Calgary Hub,2026-01-30,2026-02-01,2026-02-03,2,608.0,410.0,1018.0,0
NV102688,Calgary Hub,2025-05-11,2025-05-13,2025-05-17,4,904.0,712.0,1616.0,2
NV102689,Calgary Hub,2024-06-06,2024-06-06,2024-06-12,6,499.0,374.0,873.0,1
NV102690,Calgary Hub,2024-05-27,2024-05-27,2024-06-04,8,1782.0,1179.0,2961.0,5
NV102691,Calgary Hub,2025-05-02,2025-05-04,2025-05-08,4,319.0,279.0,598.0,0
NV102692,Montreal Hub,2026-09-02,2026-09-04,2026-09-13,9,1607.0,1077.0,2684.0,6
NV102693,GTA Hub,2026-03-20,2026-03-21,2026-03-28,7,1537.0,1167.0,2704.0,9
NV102694,GTA Hub,2026-02-12,2026-02-12,2026-02-26,14,2810.0,1890.0,4700.0,9
NV102695,GTA Hub,2024-11-09,2024-11-11,2024-11-13,2,116.0,141.0,257.0,1
NV102696,Montreal Hub,2025-10-14,2025-10-16,2025-10-24,8,1531.0,1405.0,2936.0,8
NV102697,Calgary Hub,2024-04-03,2024-04-07,2024-04-15,8,1189.0,1063.0,2252.0,4
NV102698,GTA Hub,2025-12-18,2025-12-20,2025-12-25,5,685.0,486.0,1171.0,3
NV102699,GTA Hub,2025-10-04,2025-10-04,2025-10-09,5,501.0,430.0,931.0,1
NV102700,Calgary Hub,2026-01-01,2026-01-05,2026-01-08,3,490.0,372.0,862.0,3
NV102701,Calgary Hub,2025-10-18,2025-10-22,2025-10-28,6,741.0,584.0,1325.0,2
NV102702,GTA Hub,2025-06-05,2025-06-07,2025-06-11,4,504.0,413.0,917.0,1
NV102703,GTA Hub,2025-06-09,2025-06-09,2025-06-12,3,419.0,430.0,849.0,2
NV102704,Calgary Hub,2024-06-28,2024-07-03,2024-07-09,6,1092.0,714.0,1806.0,4
NV102705,Calgary Hub,2025-06-22,2025-06-25,2025-06-27,2,387.0,310.0,697.0,2
NV102706,GTA Hub,2025-03-07,2025-03-10,2025-03-17,7,736.0,535.0,1271.0,6
NV102707,GTA Hub,2026-04-24,2026-04-29,2026-05-08,9,685.0,462.0,1147.0,3
NV102708,GTA Hub,2025-02-15,2025-02-15,2025-02-23,8,1055.0,936.0,1991.0,11
NV102709,GTA Hub,2026-03-12,2026-03-13,2026-03-18,5,1200.0,840.0,2040.0,6
NV102710,GTA Hub,2025-07-28,2025-07-31,2025-08-04,4,505.0,418.0,923.0,3
NV102711,GTA Hub,2025-10-26,2025-10-26,2025-11-01,6,1500.0,1172.0,2672.0,8
NV102712,GTA Hub,2025-07-20,2025-07-20,2025-07-26,6,860.0,586.0,1446.0,3
NV102713,GTA Hub,2026-08-30,2026-08-30,2026-09-02,3,224.0,219.0,443.0,3
NV102714,Montreal Hub,2026-03-07,2026-03-08,2026-03-12,4,378.0,357.0,735.0,1
NV102715,GTA Hub,2024-07-16,2024-07-16,2024-07-24,8,1140.0,815.0,1955.0,5
NV102716,GTA Hub,2024-12-26,2024-12-26,2025-01-03,8,1383.0,1156.0,2539.0,4
NV102717,Montreal Hub,2024-09-19,2024-09-21,2024-09-28,7,1881.0,1635.0,3516.0,14
NV102718,GTA Hub,2026-03-31,2026-04-01,2026-04-07,6,1120.0,722.0,1842.0,7
NV102719,Calgary Hub,2026-04-01,2026-04-04,2026-04-15,11,2641.0,1954.0,4595.0,16
NV102720,Montreal Hub,2024-07-11,2024-07-14,2024-07-16,2,416.0,369.0,785.0,1
NV102721,GTA Hub,2025-12-13,2025-12-14,2025-12-21,7,462.0,415.0,877.0,0
NV102722,GTA Hub,2024-12-18,2024-12-19,2024-12-27,8,1080.0,911.0,1991.0,10
NV102723,GTA Hub,2026-02-12,2026-02-13,2026-02-20,7,906.0,683.0,1589.0,2
NV102724,GTA Hub,2024-08-23,2024-08-24,2024-08-30,6,542.0,431.0,973.0,3
NV102725,GTA Hub,2026-07-18,2026-07-19,2026-07-27,8,1818.0,1531.0,3349.0,9
NV102726,GTA Hub,2026-03-28,2026-03-28,2026-04-07,10,1831.0,1405.0,3236.0,5
NV102727,GTA Hub,2024-05-29,2024-05-30,2024-06-05,6,1249.0,926.0,2175.0,1
NV102728,Calgary Hub,2024-10-15,2024-10-18,2024-10-20,2,145.0,217.0,362.0,2
NV102729,Montreal Hub,2025-08-01,2025-08-01,2025-08-06,5,894.0,727.0,1621.0,6
NV102730,GTA Hub,2025-07-12,2025-07-13,2025-07-21,8,1337.0,1076.0,2413.0,7
NV102731,GTA Hub,2025-01-02,2025-01-04,2025-01-09,5,406.0,346.0,752.0,6
NV102732,Calgary Hub,2025-11-19,2025-11-22,2025-12-02,10,1489.0,1067.0,2556.0,6
NV102733,GTA Hub,2024-07-28,2024-07-29,2024-07-31,2,649.0,516.0,1165.0,5
NV102734,Calgary Hub,2026-05-21,2026-05-22,2026-06-04,13,2194.0,1755.0,3949.0,12
NV102735,GTA Hub,2026-08-29,2026-08-30,2026-09-07,8,1616.0,1167.0,2783.0,8
NV102736,GTA Hub,2024-06-02,2024-06-03,2024-06-09,6,1192.0,847.0,2039.0,6
NV102737,GTA Hub,2026-03-26,2026-03-26,2026-04-01,6,910.0,824.0,1734.0,5
NV102738,GTA Hub,2024-04-20,2024-04-20,2024-04-24,4,904.0,785.0,1689.0,6
NV102739,GTA Hub,2026-05-25,2026-05-25,2026-05-30,5,1156.0,963.0,2119.0,8
NV102740,GTA Hub,2026-06-18,2026-06-19,2026-07-03,14,2920.0,2530.0,5450.0,12
NV102741,GTA Hub,2025-01-05,2025-01-06,2025-01-10,4,669.0,556.0,1225.0,9
NV102742,Montreal Hub,2026-07-06,2026-07-06,2026-07-13,7,702.0,666.0,1368.0,4
NV102743,Calgary Hub,2025-06-23,2025-06-25,2025-06-27,2,388.0,420.0,808.0,2
NV102744,Calgary Hub,2025-01-17,2025-01-19,2025-01-25,6,1500.0,1088.0,2588.0,5
NV102745,Calgary Hub,2024-04-22,2024-04-23,2024-04-26,3,452.0,346.0,798.0,2
NV102746,GTA Hub,2024-03-04,2024-03-05,2024-03-07,2,689.0,620.0,1309.0,1
NV102747,GTA Hub,2026-07-05,2026-07-07,2026-07-09,2,372.0,343.0,715.0,1
NV102748,GTA Hub,2025-10-22,2025-10-22,2025-10-29,7,958.0,832.0,1790.0,3
NV102749,GTA Hub,2026-07-08,2026-07-08,2026-07-15,7,1716.0,1142.0,2858.0,9
NV102750,GTA Hub,2025-02-14,2025-02-14,2025-02-21,7,1330.0,942.0,2272.0,5
NV102751,GTA Hub,2026-05-19,2026-05-20,2026-05-27,7,1196.0,998.0,2194.0,4
NV102752,GTA Hub,2024-05-22,2024-05-22,2024-05-26,4,400.0,379.0,779.0,4
NV102753,GTA Hub,2025-05-30,2025-05-30,2025-06-12,13,2591.0,1929.0,4520.0,9
NV102754,GTA Hub,2024-01-17,2024-01-17,2024-01-19,2,126.0,174.0,300.0,0
NV102755,Calgary Hub,2025-04-25,2025-04-26,2025-04-30,4,751.0,563.0,1314.0,4
NV102756,GTA Hub,2025-12-21,2025-12-24,2025-12-29,5,831.0,587.0,1418.0,1
NV102757,Calgary Hub,2026-07-08,2026-07-14,2026-07-18,4,286.0,264.0,550.0,1
NV102758,GTA Hub,2025-03-28,2025-03-29,2025-04-04,6,564.0,551.0,1115.0,2
NV102759,GTA Hub,2024-04-10,2024-04-10,2024-04-18,8,1816.0,1118.0,2934.0,6
NV102760,GTA Hub,2025-05-16,2025-05-18,2025-05-26,8,1709.0,1317.0,3026.0,4
NV102761,Calgary Hub,2025-06-05,2025-06-08,2025-06-22,14,2629.0,1813.0,4442.0,9
NV102762,Calgary Hub,2025-03-25,2025-03-26,2025-03-31,5,335.0,322.0,657.0,3
NV102763,GTA Hub,2026-06-14,2026-06-15,2026-06-25,10,1601.0,1425.0,3026.0,11
NV102764,GTA Hub,2026-06-24,2026-06-24,2026-06-27,3,513.0,411.0,924.0,1
NV102765,GTA Hub,2026-05-09,2026-05-10,2026-05-15,5,1063.0,756.0,1819.0,3
NV102766,GTA Hub,2025-09-28,2025-09-29,2025-10-07,8,1009.0,889.0,1898.0,8
NV102767,GTA Hub,2024-04-03,2024-04-03,2024-04-08,5,381.0,340.0,721.0,2
NV102768,Calgary Hub,2026-04-10,2026-04-13,2026-04-23,10,2012.0,1637.0,3649.0,12
NV102769,Calgary Hub,2026-07-22,2026-07-23,2026-07-29,6,544.0,474.0,1018.0,7
NV102770,GTA Hub,2025-08-31,2025-09-01,2025-09-05,4,937.0,690.0,1627.0,2
NV102771,GTA Hub,2026-03-12,2026-03-12,2026-03-22,10,2465.0,1692.0,4157.0,3
NV102772,Calgary Hub,2024-06-21,2024-06-22,2024-06-28,6,359.0,364.0,723.0,1
NV102773,GTA Hub,2026-05-17,2026-05-19,2026-05-24,5,1043.0,759.0,1802.0,10
NV102774,GTA Hub,2026-04-01,2026-04-02,2026-04-09,7,891.0,718.0,1609.0,4
NV102775,Calgary Hub,2024-10-12,2024-10-12,2024-10-14,2,108.0,133.0,241.0,0
NV102776,Montreal Hub,2024-10-05,2024-10-05,2024-10-10,5,662.0,543.0,1205.0,7
NV102777,GTA Hub,2026-01-07,2026-01-08,2026-01-15,7,1584.0,1218.0,2802.0,2
NV102778,GTA Hub,2025-07-11,2025-07-11,2025-07-16,5,1016.0,755.0,1771.0,8
NV102779,Calgary Hub,2026-03-04,2026-03-06,2026-03-13,7,793.0,585.0,1378.0,1
NV102780,Calgary Hub,2025-09-23,2025-09-24,2025-10-03,9,1171.0,1055.0,2226.0,8
NV102781,Calgary Hub,2026-05-10,2026-05-10,2026-05-23,13,2879.0,1951.0,4830.0,7
NV102782,Calgary Hub,2026-05-18,2026-05-20,2026-05-24,4,829.0,579.0,1408.0,3
NV102783,Montreal Hub,2024-09-04,2024-09-04,2024-09-08,4,395.0,307.0,702.0,2
NV102784,GTA Hub,2026-02-25,2026-02-25,2026-03-05,8,1559.0,948.0,2507.0,13
NV102785,GTA Hub,2025-02-13,2025-02-13,2025-02-17,4,756.0,606.0,1362.0,1
NV102786,Calgary Hub,2026-01-28,2026-01-31,2026-02-02,2,252.0,238.0,490.0,0
NV102787,Calgary Hub,2024-12-29,2024-12-31,2025-01-10,10,1355.0,1166.0,2521.0,10
NV102788,Calgary Hub,2025-08-13,2025-08-17,2025-08-24,7,941.0,657.0,1598.0,1
NV102789,Calgary Hub,2026-08-31,2026-09-04,2026-09-12,8,1282.0,960.0,2242.0,9
NV102790,Montreal Hub,2026-04-03,2026-04-04,2026-04-09,5,749.0,566.0,1315.0,2
NV102791,GTA Hub,2026-04-14,2026-04-14,2026-04-19,5,546.0,521.0,1067.0,4
NV102792,GTA Hub,2024-04-26,2024-04-30,2024-05-08,8,1178.0,874.0,2052.0,6
NV102793,Calgary Hub,2025-07-24,2025-07-27,2025-08-07,11,2613.0,1815.0,4428.0,9
NV102794,Montreal Hub,2025-05-17,2025-05-21,2025-05-24,3,336.0,278.0,614.0,0
NV102795,GTA Hub,2026-05-04,2026-05-08,2026-05-20,12,3062.0,2201.0,5263.0,15
NV102796,GTA Hub,2026-05-06,2026-05-06,2026-05-14,8,1361.0,1095.0,2456.0,6
NV102797,GTA Hub,2024-01-31,2024-01-31,2024-02-05,5,1400.0,1083.0,2483.0,9
NV102798,Montreal Hub,2025-04-26,2025-04-26,2025-05-03,7,1114.0,876.0,1990.0,4
NV102799,GTA Hub,2025-10-17,2025-10-17,2025-10-26,9,1674.0,1224.0,2898.0,8
NV102800,GTA Hub,2025-11-20,2025-11-21,2025-11-28,7,518.0,393.0,911.0,5
NV102801,Calgary Hub,2025-03-26,2025-03-29,2025-04-04,6,1113.0,892.0,2005.0,4
NV102802,Montreal Hub,2024-06-22,2024-06-23,2024-07-01,8,649.0,574.0,1223.0,4
NV102803,GTA Hub,2026-01-07,2026-01-07,2026-01-15,8,986.0,797.0,1783.0,8
NV102804,Calgary Hub,2026-06-13,2026-06-13,2026-06-19,6,812.0,689.0,1501.0,9
NV102805,GTA Hub,2025-05-22,2025-05-22,2025-05-26,4,808.0,663.0,1471.0,7
NV102806,GTA Hub,2025-03-28,2025-04-01,2025-04-04,3,997.0,872.0,1869.0,8
NV102807,GTA Hub,2024-03-29,2024-04-01,2024-04-10,9,1646.0,1166.0,2812.0,12
NV102808,Montreal Hub,2025-05-25,2025-05-27,2025-06-02,6,839.0,556.0,1395.0,3
NV102809,Montreal Hub,2024-01-19,2024-01-20,2024-01-31,11,1872.0,1422.0,3294.0,14
NV102810,GTA Hub,2026-06-26,2026-06-26,2026-07-04,8,1768.0,1212.0,2980.0,5
NV102811,GTA Hub,2026-07-13,2026-07-13,2026-07-16,3,597.0,443.0,1040.0,3
NV102812,Calgary Hub,2024-07-16,2024-07-17,2024-07-21,4,719.0,550.0,1269.0,2
NV102813,GTA Hub,2026-05-07,2026-05-09,2026-05-14,5,431.0,431.0,862.0,1
NV102814,GTA Hub,2024-06-21,2024-06-22,2024-07-01,9,2164.0,1819.0,3983.0,7
NV102815,GTA Hub,2025-02-17,2025-02-17,2025-02-23,6,965.0,810.0,1775.0,4
NV102816,Calgary Hub,2025-09-19,2025-09-23,2025-10-03,10,2197.0,1807.0,4004.0,2
NV102817,Montreal Hub,2025-09-19,2025-09-21,2025-09-23,2,236.0,243.0,479.0,5
NV102818,Montreal Hub,2024-12-08,2024-12-09,2024-12-12,3,116.0,170.0,286.0,3
NV102819,Montreal Hub,2025-12-27,2025-12-28,2026-01-06,9,1679.0,1136.0,2815.0,6
NV102820,Calgary Hub,2025-12-31,2026-01-01,2026-01-10,9,2116.0,1416.0,3532.0,7
NV102821,Calgary Hub,2025-06-17,2025-06-19,2025-06-21,2,434.0,399.0,833.0,6
NV102822,Calgary Hub,2024-03-30,2024-04-02,2024-04-10,8,1556.0,1156.0,2712.0,2
NV102823,GTA Hub,2026-04-04,2026-04-05,2026-04-12,7,1352.0,1354.0,2706.0,7
NV102824,GTA Hub,2026-04-11,2026-04-13,2026-04-19,6,761.0,599.0,1360.0,5
NV102825,GTA Hub,2025-12-31,2026-01-01,2026-01-06,5,577.0,486.0,1063.0,1
NV102826,GTA Hub,2025-03-29,2025-03-30,2025-04-04,5,1222.0,831.0,2053.0,3
NV102827,GTA Hub,2026-02-28,2026-03-01,2026-03-12,11,1902.0,1522.0,3424.0,3
NV102828,Montreal Hub,2025-03-02,2025-03-04,2025-03-12,8,1530.0,1099.0,2629.0,7
NV102829,Calgary Hub,2025-05-06,2025-05-07,2025-05-11,4,307.0,283.0,590.0,1
NV102830,Calgary Hub,2025-06-09,2025-06-11,2025-06-13,2,228.0,290.0,518.0,3
NV102831,GTA Hub,2026-05-04,2026-05-04,2026-05-10,6,705.0,550.0,1255.0,5
NV102832,GTA Hub,2024-04-20,2024-04-23,2024-04-26,3,410.0,331.0,741.0,6
NV102833,GTA Hub,2024-09-22,2024-09-24,2024-09-26,2,355.0,254.0,609.0,1
NV102834,GTA Hub,2025-09-03,2025-09-04,2025-09-10,6,769.0,606.0,1375.0,1
NV102835,Montreal Hub,2024-07-06,2024-07-06,2024-07-13,7,947.0,676.0,1623.0,2
NV102836,GTA Hub,2024-04-12,2024-04-13,2024-04-18,5,1214.0,916.0,2130.0,6
NV102837,GTA Hub,2024-07-28,2024-07-29,2024-08-04,6,1053.0,844.0,1897.0,8
NV102838,Montreal Hub,2026-07-07,2026-07-11,2026-07-18,7,1233.0,1006.0,2239.0,12
NV102839,Calgary Hub,2024-04-12,2024-04-20,2024-04-30,10,1419.0,1007.0,2426.0,7
NV102840,Calgary Hub,2026-01-17,2026-01-22,2026-01-28,6,1207.0,797.0,2004.0,5
NV102841,GTA Hub,2026-06-05,2026-06-07,2026-06-09,2,710.0,529.0,1239.0,3
NV102842,GTA Hub,2024-08-28,2024-08-28,2024-08-31,3,745.0,583.0,1328.0,1
NV102843,GTA Hub,2025-07-13,2025-07-15,2025-07-21,6,878.0,737.0,1615.0,7
NV102844,GTA Hub,2025-05-08,2025-05-09,2025-05-14,5,643.0,559.0,1202.0,1
NV102845,GTA Hub,2025-02-05,2025-02-06,2025-02-09,3,296.0,269.0,565.0,0
NV102846,GTA Hub,2025-08-06,2025-08-08,2025-08-15,7,912.0,669.0,1581.0,3
NV102847,GTA Hub,2024-12-04,2024-12-05,2024-12-11,6,645.0,490.0,1135.0,4
NV102848,Calgary Hub,2026-06-28,2026-07-02,2026-07-09,7,1084.0,720.0,1804.0,6
NV102849,GTA Hub,2025-01-01,2025-01-03,2025-01-07,4,556.0,504.0,1060.0,5
NV102850,GTA Hub,2026-07-31,2026-08-01,2026-08-05,4,610.0,497.0,1107.0,0
NV102851,GTA Hub,2026-08-27,2026-08-31,2026-09-08,8,1072.0,805.0,1877.0,8
NV102852,GTA Hub,2025-07-01,2025-07-01,2025-07-04,3,278.0,273.0,551.0,3
NV102853,Montreal Hub,2025-02-16,2025-02-17,2025-02-21,4,489.0,429.0,918.0,6
NV102854,GTA Hub,2025-12-03,2025-12-03,2025-12-06,3,322.0,361.0,683.0,2
NV102855,GTA Hub,2024-02-08,2024-02-09,2024-02-12,3,673.0,528.0,1201.0,2
NV102856,Calgary Hub,2026-06-15,2026-06-16,2026-06-24,8,1040.0,779.0,1819.0,7
NV102857,GTA Hub,2026-08-01,2026-08-02,2026-08-07,5,1127.0,897.0,2024.0,4
NV102858,Montreal Hub,2026-01-10,2026-01-13,2026-01-17,4,720.0,503.0,1223.0,3
NV102859,GTA Hub,2025-10-03,2025-10-04,2025-10-13,9,1389.0,1015.0,2404.0,8
NV102860,Calgary Hub,2025-06-15,2025-06-20,2025-06-25,5,1171.0,862.0,2033.0,4
NV102861,GTA Hub,2026-02-18,2026-02-20,2026-03-02,10,1317.0,874.0,2191.0,5
NV102862,Calgary Hub,2026-05-12,2026-05-13,2026-05-23,10,1287.0,995.0,2282.0,7
NV102863,GTA Hub,2024-09-25,2024-09-27,2024-10-04,7,1156.0,992.0,2148.0,7
NV102864,GTA Hub,2025-10-04,2025-10-06,2025-10-13,7,1186.0,893.0,2079.0,2
NV102865,GTA Hub,2024-06-30,2024-07-02,2024-07-10,8,1954.0,1324.0,3278.0,15
NV102866,Montreal Hub,2026-05-23,2026-05-25,2026-06-03,9,968.0,838.0,1806.0,7
NV102867,Calgary Hub,2026-08-25,2026-08-27,2026-09-05,9,1802.0,1329.0,3131.0,6
NV102868,Calgary Hub,2025-12-12,2025-12-18,2025-12-20,2,169.0,195.0,364.0,4
NV102869,GTA Hub,2026-06-24,2026-06-25,2026-06-29,4,593.0,496.0,1089.0,3
NV102870,GTA Hub,2025-08-01,2025-08-01,2025-08-09,8,990.0,676.0,1666.0,8
NV102871,Calgary Hub,2026-06-11,2026-06-11,2026-06-22,11,1840.0,1557.0,3397.0,9
NV102872,GTA Hub,2025-04-03,2025-04-04,2025-04-09,5,718.0,611.0,1329.0,7
NV102873,GTA Hub,2025-04-17,2025-04-18,2025-04-20,2,564.0,445.0,1009.0,3
NV102874,Calgary Hub,2025-11-29,2025-11-30,2025-12-02,2,401.0,312.0,713.0,0
NV102875,GTA Hub,2026-02-08,2026-02-11,2026-02-17,6,1126.0,875.0,2001.0,3
NV102876,Calgary Hub,2026-06-22,2026-06-23,2026-06-28,5,1022.0,836.0,1858.0,3
NV102877,GTA Hub,2024-08-09,2024-08-09,2024-08-14,5,704.0,621.0,1325.0,3
NV102878,Calgary Hub,2026-05-24,2026-05-28,2026-06-07,10,1674.0,1239.0,2913.0,3
NV102879,GTA Hub,2024-07-08,2024-07-08,2024-07-14,6,903.0,718.0,1621.0,1
NV102880,Calgary Hub,2026-06-29,2026-07-01,2026-07-07,6,447.0,403.0,850.0,4
NV102881,GTA Hub,2024-06-21,2024-06-21,2024-07-03,12,2333.0,1948.0,4281.0,10
NV102882,GTA Hub,2024-05-29,2024-05-29,2024-06-02,4,300.0,284.0,584.0,2
NV102883,GTA Hub,2026-04-11,2026-04-11,2026-04-19,8,1637.0,1233.0,2870.0,8
NV102884,Montreal Hub,2026-03-05,2026-03-06,2026-03-10,4,665.0,545.0,1210.0,1
NV102885,GTA Hub,2026-08-04,2026-08-05,2026-08-12,7,1206.0,889.0,2095.0,5
NV102886,GTA Hub,2024-05-09,2024-05-12,2024-05-26,14,2556.0,1741.0,4297.0,6
NV102887,GTA Hub,2025-02-26,2025-02-27,2025-03-02,3,331.0,327.0,658.0,5
NV102888,Montreal Hub,2025-04-02,2025-04-04,2025-04-14,10,1448.0,1065.0,2513.0,5
NV102889,Calgary Hub,2024-03-12,2024-03-15,2024-03-23,8,1344.0,1234.0,2578.0,11
NV102890,Montreal Hub,2025-08-09,2025-08-10,2025-08-16,6,1161.0,840.0,2001.0,0
NV102891,Montreal Hub,2026-01-20,2026-01-23,2026-02-04,12,2551.0,1626.0,4177.0,6
NV102892,Calgary Hub,2026-05-21,2026-05-23,2026-05-30,7,1847.0,1588.0,3435.0,11
NV102893,GTA Hub,2025-10-12,2025-10-13,2025-10-17,4,904.0,688.0,1592.0,3
NV102894,Calgary Hub,2026-04-09,2026-04-13,2026-04-18,5,820.0,530.0,1350.0,6
NV102895,Calgary Hub,2025-08-16,2025-08-21,2025-08-26,5,558.0,531.0,1089.0,1
NV102896,Calgary Hub,2024-04-24,2024-04-27,2024-05-02,5,159.0,230.0,389.0,1
NV102897,Calgary Hub,2024-12-22,2024-12-25,2024-12-30,5,550.0,508.0,1058.0,0
NV102898,GTA Hub,2024-05-07,2024-05-10,2024-05-16,6,500.0,376.0,876.0,4
NV102899,GTA Hub,2024-10-20,2024-10-21,2024-10-26,5,866.0,691.0,1557.0,4
NV102900,Calgary Hub,2024-05-17,2024-05-18,2024-05-20,2,234.0,212.0,446.0,0
NV102901,Calgary Hub,2026-05-02,2026-05-05,2026-05-15,10,1739.0,1256.0,2995.0,4
NV102902,GTA Hub,2026-02-07,2026-02-07,2026-02-11,4,470.0,369.0,839.0,0
NV102903,Calgary Hub,2024-07-22,2024-07-28,2024-07-31,3,320.0,288.0,608.0,2
NV102904,GTA Hub,2024-08-27,2024-08-28,2024-09-01,4,1025.0,698.0,1723.0,2
NV102905,GTA Hub,2026-05-31,2026-06-02,2026-06-13,11,2824.0,1769.0,4593.0,3
NV102906,Calgary Hub,2026-07-01,2026-07-05,2026-07-15,10,1839.0,1352.0,3191.0,10
NV102907,Calgary Hub,2025-12-29,2025-12-31,2026-01-06,6,1263.0,876.0,2139.0,3
NV102908,Calgary Hub,2026-03-12,2026-03-15,2026-03-20,5,745.0,577.0,1322.0,2
NV102909,GTA Hub,2026-07-03,2026-07-03,2026-07-07,4,847.0,676.0,1523.0,7
NV102910,Calgary Hub,2025-10-05,2025-10-09,2025-10-14,5,364.0,364.0,728.0,2
NV102911,GTA Hub,2024-01-04,2024-01-06,2024-01-16,10,1220.0,928.0,2148.0,3
NV102912,GTA Hub,2025-05-18,2025-05-19,2025-05-23,4,420.0,324.0,744.0,1
NV102913,GTA Hub,2025-09-03,2025-09-03,2025-09-11,8,1866.0,1421.0,3287.0,6
NV102914,Calgary Hub,2026-05-17,2026-05-19,2026-05-25,6,1244.0,946.0,2190.0,10
NV102915,Calgary Hub,2025-07-31,2025-08-02,2025-08-12,10,1973.0,1319.0,3292.0,9
NV102916,Montreal Hub,2026-05-10,2026-05-13,2026-05-24,11,1962.0,1492.0,3454.0,10
NV102917,GTA Hub,2026-08-23,2026-08-23,2026-08-28,5,863.0,773.0,1636.0,2
NV102918,Calgary Hub,2024-07-28,2024-08-01,2024-08-08,7,706.0,497.0,1203.0,2
NV102919,GTA Hub,2025-01-10,2025-01-11,2025-01-13,2,186.0,272.0,458.0,1
NV102920,Calgary Hub,2025-03-17,2025-03-21,2025-03-24,3,871.0,699.0,1570.0,4
NV102921,Montreal Hub,2026-02-23,2026-02-25,2026-03-01,4,1112.0,841.0,1953.0,5
NV102922,Montreal Hub,2026-05-03,2026-05-04,2026-05-14,10,2436.0,1945.0,4381.0,4
NV102923,GTA Hub,2026-01-16,2026-01-18,2026-01-27,9,1209.0,989.0,2198.0,9
NV102924,GTA Hub,2024-01-10,2024-01-11,2024-01-14,3,80.0,115.0,195.0,2
NV102925,GTA Hub,2024-03-31,2024-04-02,2024-04-06,4,256.0,257.0,513.0,3
NV102926,GTA Hub,2026-04-04,2026-04-04,2026-04-09,5,1085.0,865.0,1950.0,2
NV102927,Calgary Hub,2025-11-25,2025-11-27,2025-12-05,8,1221.0,960.0,2181.0,4
NV102928,GTA Hub,2026-04-06,2026-04-06,2026-04-11,5,1223.0,1051.0,2274.0,3
NV102929,Montreal Hub,2025-03-19,2025-03-21,2025-03-28,7,1288.0,826.0,2114.0,6
NV102930,GTA Hub,2025-09-03,2025-09-05,2025-09-10,5,813.0,637.0,1450.0,1
NV102931,GTA Hub,2025-12-12,2025-12-14,2025-12-21,7,1161.0,1067.0,2228.0,5
NV102932,Calgary Hub,2024-10-08,2024-10-10,2024-10-16,6,692.0,569.0,1261.0,8
NV102933,GTA Hub,2026-06-01,2026-06-02,2026-06-09,7,1316.0,1032.0,2348.0,10
NV102934,GTA Hub,2025-01-01,2025-01-03,2025-01-08,5,542.0,444.0,986.0,4
NV102935,GTA Hub,2025-08-15,2025-08-16,2025-08-23,7,1140.0,873.0,2013.0,3
NV102936,GTA Hub,2026-05-15,2026-05-17,2026-05-22,5,639.0,498.0,1137.0,1
NV102937,GTA Hub,2024-12-07,2024-12-08,2024-12-14,6,920.0,757.0,1677.0,2
NV102938,Calgary Hub,2024-08-31,2024-09-05,2024-09-09,4,332.0,306.0,638.0,0
NV102939,Calgary Hub,2025-05-05,2025-05-07,2025-05-12,5,473.0,436.0,909.0,2
NV102940,GTA Hub,2024-05-15,2024-05-17,2024-05-23,6,757.0,509.0,1266.0,4
NV102941,GTA Hub,2025-10-09,2025-10-09,2025-10-13,4,298.0,258.0,556.0,5
NV102942,Calgary Hub,2024-03-25,2024-03-31,2024-04-12,12,1626.0,1214.0,2840.0,7
NV102943,GTA Hub,2025-12-17,2025-12-17,2025-12-22,5,736.0,637.0,1373.0,4
NV102944,GTA Hub,2025-12-15,2025-12-17,2025-12-21,4,920.0,855.0,1775.0,3
NV102945,Montreal Hub,2024-02-07,2024-02-07,2024-02-14,7,419.0,384.0,803.0,4
NV102946,GTA Hub,2026-06-01,2026-06-02,2026-06-10,8,1212.0,846.0,2058.0,8
NV102947,GTA Hub,2025-05-29,2025-05-30,2025-06-11,12,2891.0,1938.0,4829.0,8
NV102948,GTA Hub,2024-12-28,2024-12-30,2025-01-01,2,664.0,471.0,1135.0,3
NV102949,GTA Hub,2026-02-12,2026-02-12,2026-02-17,5,754.0,499.0,1253.0,5
NV102950,Montreal Hub,2025-03-20,2025-03-21,2025-03-28,7,865.0,706.0,1571.0,5
NV102951,GTA Hub,2024-10-28,2024-10-30,2024-11-07,8,1713.0,1526.0,3239.0,10
NV102952,Calgary Hub,2024-08-28,2024-08-29,2024-09-04,6,1676.0,1229.0,2905.0,11
NV102953,GTA Hub,2024-03-30,2024-03-30,2024-04-02,3,296.0,333.0,629.0,3
NV102954,GTA Hub,2025-12-15,2025-12-17,2025-12-26,9,1044.0,795.0,1839.0,1
NV102955,GTA Hub,2026-02-16,2026-02-16,2026-02-20,4,1073.0,915.0,1988.0,3
NV102956,Calgary Hub,2025-10-23,2025-10-23,2025-10-30,7,933.0,896.0,1829.0,3
NV102957,Calgary Hub,2026-05-11,2026-05-12,2026-05-15,3,914.0,637.0,1551.0,5
NV102958,GTA Hub,2026-06-16,2026-06-16,2026-06-20,4,514.0,451.0,965.0,6
NV102959,GTA Hub,2026-06-08,2026-06-08,2026-06-16,8,1278.0,785.0,2063.0,7
NV102960,Calgary Hub,2026-08-18,2026-08-22,2026-08-30,8,1672.0,1182.0,2854.0,12
NV102961,Calgary Hub,2025-05-22,2025-05-24,2025-06-06,13,2550.0,1911.0,4461.0,16
NV102962,Montreal Hub,2026-05-11,2026-05-12,2026-05-17,5,1158.0,929.0,2087.0,2
NV102963,GTA Hub,2025-12-24,2025-12-24,2025-12-30,6,782.0,667.0,1449.0,4
NV102964,GTA Hub,2024-10-03,2024-10-03,2024-10-10,7,652.0,660.0,1312.0,6
NV102965,GTA Hub,2024-04-25,2024-04-25,2024-05-06,11,1890.0,1551.0,3441.0,7
NV102966,Montreal Hub,2024-11-28,2024-11-30,2024-12-06,6,855.0,611.0,1466.0,2
NV102967,GTA Hub,2025-08-22,2025-08-23,2025-08-28,5,1022.0,805.0,1827.0,4
NV102968,GTA Hub,2025-12-27,2025-12-29,2025-12-31,2,264.0,304.0,568.0,2
NV102969,GTA Hub,2026-04-04,2026-04-04,2026-04-10,6,934.0,704.0,1638.0,2
NV102970,GTA Hub,2026-08-11,2026-08-11,2026-08-19,8,1279.0,1015.0,2294.0,13
NV102971,GTA Hub,2026-04-28,2026-04-29,2026-05-04,5,990.0,723.0,1713.0,1
NV102972,Calgary Hub,2024-02-28,2024-03-02,2024-03-07,5,831.0,667.0,1498.0,6
NV102973,GTA Hub,2026-06-27,2026-06-28,2026-07-03,5,779.0,626.0,1405.0,1
NV102974,GTA Hub,2024-02-18,2024-02-19,2024-02-28,9,1248.0,972.0,2220.0,5
NV102975,Montreal Hub,2024-06-26,2024-06-26,2024-06-29,3,695.0,567.0,1262.0,4
NV102976,GTA Hub,2025-03-03,2025-03-03,2025-03-13,10,2524.0,1439.0,3963.0,5
NV102977,Calgary Hub,2025-05-19,2025-05-21,2025-06-08,18,3100.0,2340.0,5440.0,8
NV102978,GTA Hub,2025-05-11,2025-05-11,2025-05-16,5,891.0,718.0,1609.0,8
NV102979,GTA Hub,2025-02-26,2025-02-26,2025-03-01,3,1037.0,713.0,1750.0,3
NV102980,GTA Hub,2026-05-18,2026-05-19,2026-05-25,6,1117.0,789.0,1906.0,4
NV102981,Calgary Hub,2025-06-25,2025-06-29,2025-07-02,3,275.0,300.0,575.0,2
NV102982,GTA Hub,2024-05-02,2024-05-04,2024-05-16,12,1940.0,1523.0,3463.0,11
NV102983,GTA Hub,2025-07-02,2025-07-02,2025-07-11,9,2149.0,1547.0,3696.0,11
NV102984,Montreal Hub,2026-05-13,2026-05-14,2026-05-25,11,1900.0,1563.0,3463.0,11
NV102985,Calgary Hub,2024-07-28,2024-08-02,2024-08-07,5,615.0,432.0,1047.0,1
NV102986,GTA Hub,2024-04-12,2024-04-15,2024-04-22,7,1125.0,833.0,1958.0,6
NV102987,GTA Hub,2025-03-03,2025-03-04,2025-03-11,7,1416.0,1061.0,2477.0,8
NV102988,Montreal Hub,2026-08-14,2026-08-18,2026-08-22,4,578.0,391.0,969.0,5
NV102989,GTA Hub,2026-06-02,2026-06-03,2026-06-11,8,2003.0,1448.0,3451.0,7
NV102990,Calgary Hub,2026-02-13,2026-02-14,2026-02-19,5,947.0,726.0,1673.0,8
NV102991,GTA Hub,2026-03-12,2026-03-13,2026-03-26,13,3013.0,2085.0,5098.0,8
NV102992,GTA Hub,2025-08-18,2025-08-18,2025-08-26,8,1092.0,927.0,2019.0,5
NV102993,GTA Hub,2025-07-09,2025-07-12,2025-07-16,4,536.0,492.0,1028.0,6
NV102994,Montreal Hub,2025-08-12,2025-08-13,2025-08-18,5,636.0,490.0,1126.0,5
NV102995,Montreal Hub,2026-06-25,2026-06-29,2026-07-05,6,1932.0,1387.0,3319.0,11
NV102996,GTA Hub,2026-08-16,2026-08-19,2026-08-26,7,1802.0,1388.0,3190.0,6
NV102997,Calgary Hub,2024-07-27,2024-07-30,2024-08-05,6,1118.0,875.0,1993.0,3
NV102998,GTA Hub,2024-12-24,2024-12-24,2024-12-29,5,974.0,736.0,1710.0,4
NV102999,GTA Hub,2025-02-01,2025-02-01,2025-02-11,10,1418.0,1124.0,2542.0,1
NV103000,GTA Hub,2025-12-13,2025-12-16,2025-12-20,4,494.0,415.0,909.0,1
NV103001,Calgary Hub,2025-10-01,2025-10-01,2025-10-08,7,698.0,537.0,1235.0,6
NV103002,GTA Hub,2024-09-08,2024-09-09,2024-09-15,6,1197.0,960.0,2157.0,6
NV103003,Montreal Hub,2024-11-21,2024-11-21,2024-11-27,6,1280.0,839.0,2119.0,7
NV103004,GTA Hub,2026-01-03,2026-01-03,2026-01-10,7,1717.0,1344.0,3061.0,9
NV103005,Montreal Hub,2025-02-24,2025-02-24,2025-02-28,4,533.0,479.0,1012.0,2
NV103006,Calgary Hub,2026-05-08,2026-05-11,2026-05-16,5,697.0,504.0,1201.0,2
NV103007,GTA Hub,2026-03-25,2026-03-25,2026-04-10,16,3648.0,2199.0,5847.0,14
NV103008,GTA Hub,2025-06-16,2025-06-17,2025-06-22,5,456.0,474.0,930.0,5
NV103009,GTA Hub,2024-02-17,2024-02-18,2024-02-21,3,718.0,587.0,1305.0,3
NV103010,Calgary Hub,2025-07-07,2025-07-08,2025-07-10,2,376.0,386.0,762.0,0
NV103011,Montreal Hub,2025-05-23,2025-05-24,2025-05-31,7,924.0,756.0,1680.0,2
NV103012,Montreal Hub,2025-09-26,2025-09-27,2025-10-02,5,123.0,177.0,300.0,0
NV103013,GTA Hub,2025-08-23,2025-08-23,2025-08-31,8,1138.0,992.0,2130.0,8
NV103014,GTA Hub,2024-09-20,2024-09-20,2024-09-26,6,248.0,268.0,516.0,3
NV103015,GTA Hub,2024-05-30,2024-06-01,2024-06-06,5,833.0,591.0,1424.0,2
NV103016,Montreal Hub,2024-09-17,2024-09-18,2024-09-23,5,765.0,480.0,1245.0,1
NV103017,Calgary Hub,2026-05-02,2026-05-06,2026-05-10,4,662.0,548.0,1210.0,4
NV103018,GTA Hub,2025-12-07,2025-12-10,2025-12-12,2,644.0,552.0,1196.0,1
NV103019,GTA Hub,2025-08-09,2025-08-11,2025-08-15,4,356.0,323.0,679.0,0
NV103020,Montreal Hub,2025-10-10,2025-10-13,2025-10-15,2,397.0,384.0,781.0,5
NV103021,GTA Hub,2024-08-02,2024-08-03,2024-08-10,7,1299.0,950.0,2249.0,3
NV103022,GTA Hub,2026-01-04,2026-01-07,2026-01-15,8,1510.0,992.0,2502.0,9
NV103023,Calgary Hub,2025-05-15,2025-05-17,2025-05-22,5,502.0,390.0,892.0,2
NV103024,Montreal Hub,2024-05-10,2024-05-11,2024-05-21,10,1832.0,1662.0,3494.0,11
NV103025,Calgary Hub,2025-09-15,2025-09-18,2025-09-28,10,831.0,685.0,1516.0,3
NV103026,Calgary Hub,2024-07-04,2024-07-09,2024-07-11,2,187.0,210.0,397.0,1
NV103027,GTA Hub,2024-01-31,2024-02-01,2024-02-06,5,642.0,519.0,1161.0,1
NV103028,GTA Hub,2025-04-11,2025-04-12,2025-04-19,7,1084.0,884.0,1968.0,4
NV103029,GTA Hub,2025-05-19,2025-05-20,2025-05-24,4,453.0,406.0,859.0,3
NV103030,GTA Hub,2024-08-23,2024-08-24,2024-08-30,6,587.0,464.0,1051.0,6
NV103031,Montreal Hub,2026-06-21,2026-06-21,2026-06-27,6,872.0,829.0,1701.0,1
NV103032,GTA Hub,2025-12-05,2025-12-07,2025-12-16,9,1466.0,1125.0,2591.0,10
NV103033,Calgary Hub,2024-10-23,2024-10-25,2024-11-03,9,2088.0,1348.0,3436.0,6
NV103034,Montreal Hub,2026-03-11,2026-03-12,2026-03-19,7,1093.0,952.0,2045.0,4
NV103035,Montreal Hub,2025-08-05,2025-08-08,2025-08-13,5,908.0,751.0,1659.0,4
NV103036,GTA Hub,2026-08-25,2026-08-27,2026-09-11,15,3721.0,2722.0,6443.0,10
NV103037,GTA Hub,2024-07-10,2024-07-11,2024-07-13,2,518.0,480.0,998.0,10
NV103038,Montreal Hub,2026-01-03,2026-01-04,2026-01-07,3,402.0,343.0,745.0,1
NV103039,Calgary Hub,2025-12-23,2025-12-27,2025-12-30,3,423.0,360.0,783.0,1
NV103040,GTA Hub,2026-02-17,2026-02-18,2026-03-07,17,2789.0,1889.0,4678.0,13
NV103041,Montreal Hub,2024-02-12,2024-02-13,2024-02-17,4,612.0,584.0,1196.0,1
NV103042,GTA Hub,2026-07-14,2026-07-15,2026-07-22,7,709.0,488.0,1197.0,1
NV103043,Montreal Hub,2025-05-27,2025-05-28,2025-06-05,8,1530.0,1159.0,2689.0,4
NV103044,GTA Hub,2025-06-28,2025-06-28,2025-06-30,2,401.0,362.0,763.0,0
NV103045,GTA Hub,2024-10-26,2024-10-27,2024-11-03,7,1303.0,1075.0,2378.0,8
NV103046,GTA Hub,2026-07-19,2026-07-19,2026-07-27,8,1762.0,1451.0,3213.0,7
NV103047,GTA Hub,2025-09-30,2025-10-02,2025-10-09,7,1220.0,963.0,2183.0,7
NV103048,Calgary Hub,2024-11-11,2024-11-13,2024-11-15,2,349.0,375.0,724.0,2
NV103049,Calgary Hub,2024-08-01,2024-08-05,2024-08-12,7,732.0,586.0,1318.0,3
NV103050,GTA Hub,2026-05-15,2026-05-17,2026-05-26,9,1382.0,985.0,2367.0,6
NV103051,Calgary Hub,2026-07-10,2026-07-14,2026-07-29,15,3199.0,2241.0,5440.0,7
NV103052,Montreal Hub,2024-10-28,2024-10-31,2024-11-03,3,473.0,490.0,963.0,0
NV103053,Calgary Hub,2026-07-09,2026-07-14,2026-07-24,10,2410.0,1723.0,4133.0,9
NV103054,GTA Hub,2026-02-27,2026-02-28,2026-03-04,4,824.0,774.0,1598.0,5
NV103055,GTA Hub,2024-07-30,2024-07-30,2024-08-05,6,1343.0,944.0,2287.0,2
NV103056,Montreal Hub,2025-07-19,2025-07-21,2025-07-28,7,1197.0,917.0,2114.0,6
NV103057,GTA Hub,2025-03-08,2025-03-10,2025-03-17,7,1075.0,842.0,1917.0,1
NV103058,GTA Hub,2025-07-20,2025-07-21,2025-07-26,5,574.0,464.0,1038.0,4
NV103059,GTA Hub,2025-08-29,2025-08-30,2025-09-05,6,1149.0,775.0,1924.0,5
NV103060,GTA Hub,2026-06-04,2026-06-04,2026-06-10,6,529.0,531.0,1060.0,1
NV103061,GTA Hub,2024-04-04,2024-04-05,2024-04-13,8,1061.0,818.0,1879.0,4
NV103062,Calgary Hub,2025-07-08,2025-07-10,2025-07-15,5,460.0,418.0,878.0,4
NV103063,Calgary Hub,2026-07-29,2026-07-29,2026-08-04,6,723.0,561.0,1284.0,2
NV103064,GTA Hub,2026-05-08,2026-05-08,2026-05-15,7,1155.0,984.0,2139.0,1
NV103065,GTA Hub,2026-07-15,2026-07-15,2026-07-18,3,584.0,484.0,1068.0,3
NV103066,GTA Hub,2025-05-20,2025-05-22,2025-05-28,6,1241.0,1030.0,2271.0,2
NV103067,GTA Hub,2025-08-20,2025-08-20,2025-08-22,2,97.0,141.0,238.0,0
NV103068,Montreal Hub,2025-10-06,2025-10-07,2025-10-16,9,1750.0,1264.0,3014.0,10
NV103069,GTA Hub,2026-02-10,2026-02-10,2026-02-20,10,1722.0,1415.0,3137.0,7
NV103070,Calgary Hub,2026-07-22,2026-07-25,2026-08-07,13,2730.0,2147.0,4877.0,8
NV103071,GTA Hub,2024-08-03,2024-08-04,2024-08-07,3,345.0,284.0,629.0,1
NV103072,Montreal Hub,2024-06-25,2024-06-26,2024-07-02,6,950.0,822.0,1772.0,4
NV103073,GTA Hub,2026-05-21,2026-05-22,2026-05-24,2,269.0,359.0,628.0,2
NV103074,Montreal Hub,2024-03-01,2024-03-02,2024-03-06,4,605.0,462.0,1067.0,6
NV103075,GTA Hub,2025-03-26,2025-03-28,2025-03-31,3,896.0,730.0,1626.0,7
NV103076,Montreal Hub,2025-02-19,2025-02-19,2025-02-23,4,522.0,390.0,912.0,1
NV103077,GTA Hub,2024-05-11,2024-05-11,2024-05-16,5,443.0,345.0,788.0,4
NV103078,Calgary Hub,2026-06-12,2026-06-16,2026-06-26,10,2200.0,1931.0,4131.0,11
NV103079,GTA Hub,2025-06-12,2025-06-13,2025-06-19,6,1015.0,686.0,1701.0,8
NV103080,GTA Hub,2024-07-10,2024-07-10,2024-07-14,4,156.0,227.0,383.0,1
NV103081,Montreal Hub,2025-05-12,2025-05-13,2025-05-28,15,2712.0,2105.0,4817.0,5
NV103082,GTA Hub,2026-06-14,2026-06-14,2026-06-23,9,1334.0,953.0,2287.0,8
NV103083,Calgary Hub,2026-05-24,2026-05-25,2026-06-03,9,1929.0,1392.0,3321.0,10
NV103084,GTA Hub,2024-05-15,2024-05-16,2024-05-24,8,1341.0,867.0,2208.0,9
NV103085,Montreal Hub,2025-08-13,2025-08-17,2025-08-27,10,1440.0,933.0,2373.0,6
NV103086,GTA Hub,2025-09-12,2025-09-13,2025-09-24,11,2936.0,2446.0,5382.0,8
NV103087,Calgary Hub,2025-11-23,2025-11-23,2025-11-27,4,430.0,377.0,807.0,2
NV103088,GTA Hub,2024-05-24,2024-05-25,2024-05-28,3,752.0,688.0,1440.0,3
NV103089,Calgary Hub,2025-02-17,2025-02-21,2025-03-03,10,1856.0,1571.0,3427.0,9
NV103090,GTA Hub,2025-06-01,2025-06-01,2025-06-03,2,567.0,411.0,978.0,4
NV103091,Montreal Hub,2025-12-21,2025-12-21,2025-12-23,2,470.0,332.0,802.0,0
NV103092,GTA Hub,2024-10-04,2024-10-10,2024-10-16,6,1008.0,730.0,1738.0,12
NV103093,Calgary Hub,2025-06-23,2025-06-27,2025-06-30,3,589.0,529.0,1118.0,1
NV103094,GTA Hub,2026-01-28,2026-01-28,2026-02-09,12,2235.0,1635.0,3870.0,14
NV103095,Calgary Hub,2025-05-10,2025-05-14,2025-05-19,5,1214.0,877.0,2091.0,6
NV103096,GTA Hub,2024-05-14,2024-05-14,2024-05-19,5,776.0,600.0,1376.0,3
NV103097,Montreal Hub,2026-02-08,2026-02-10,2026-02-15,5,864.0,667.0,1531.0,1
NV103098,Calgary Hub,2025-06-06,2025-06-07,2025-06-13,6,701.0,502.0,1203.0,2
NV103099,Calgary Hub,2025-07-31,2025-08-01,2025-08-05,4,1166.0,980.0,2146.0,8
NV103100,GTA Hub,2025-12-17,2025-12-18,2025-12-20,2,174.0,174.0,348.0,1
NV103101,Calgary Hub,2026-05-30,2026-06-01,2026-06-07,6,787.0,641.0,1428.0,3
NV103102,Calgary Hub,2024-01-06,2024-01-09,2024-01-11,2,447.0,430.0,877.0,1
NV103103,Calgary Hub,2024-09-06,2024-09-11,2024-09-13,2,276.0,241.0,517.0,0
NV103104,Montreal Hub,2024-09-26,2024-09-28,2024-10-01,3,661.0,614.0,1275.0,2
NV103105,GTA Hub,2025-05-05,2025-05-06,2025-05-11,5,760.0,564.0,1324.0,1
NV103106,GTA Hub,2026-08-04,2026-08-04,2026-08-14,10,1956.0,1359.0,3315.0,6
NV103107,Calgary Hub,2026-02-11,2026-02-11,2026-02-16,5,766.0,588.0,1354.0,4
NV103108,Calgary Hub,2025-06-22,2025-06-24,2025-06-28,4,448.0,472.0,920.0,1
NV103109,Calgary Hub,2026-08-09,2026-08-09,2026-08-17,8,2132.0,1792.0,3924.0,8
NV103110,GTA Hub,2026-01-11,2026-01-12,2026-01-19,7,860.0,750.0,1610.0,2
NV103111,Calgary Hub,2024-11-01,2024-11-03,2024-11-08,5,1024.0,746.0,1770.0,5
NV103112,Montreal Hub,2025-01-13,2025-01-16,2025-01-24,8,1003.0,768.0,1771.0,6
NV103113,GTA Hub,2024-04-30,2024-05-01,2024-05-05,4,624.0,561.0,1185.0,6
NV103114,GTA Hub,2026-01-31,2026-01-31,2026-02-06,6,721.0,601.0,1322.0,5
NV103115,Calgary Hub,2026-06-03,2026-06-05,2026-06-08,3,434.0,392.0,826.0,4
NV103116,Montreal Hub,2025-10-01,2025-10-04,2025-10-08,4,301.0,279.0,580.0,0
NV103117,GTA Hub,2025-05-07,2025-05-10,2025-05-19,9,1371.0,1089.0,2460.0,4
NV103118,GTA Hub,2024-06-18,2024-06-18,2024-06-20,2,619.0,438.0,1057.0,5
NV103119,GTA Hub,2025-03-23,2025-03-25,2025-04-05,11,2027.0,1627.0,3654.0,11
NV103120,GTA Hub,2026-06-25,2026-06-26,2026-07-04,8,1620.0,1302.0,2922.0,6
NV103121,GTA Hub,2026-06-25,2026-06-27,2026-07-05,8,1271.0,1152.0,2423.0,1
NV103122,Montreal Hub,2025-11-25,2025-11-26,2025-11-28,2,160.0,229.0,389.0,1
NV103123,GTA Hub,2025-08-07,2025-08-07,2025-08-17,10,1515.0,1147.0,2662.0,11
NV103124,GTA Hub,2026-02-22,2026-02-24,2026-03-04,8,1773.0,1329.0,3102.0,14
NV103125,GTA Hub,2025-12-06,2025-12-06,2025-12-16,10,1740.0,1350.0,3090.0,11
NV103126,GTA Hub,2025-06-30,2025-07-01,2025-07-07,6,1493.0,1034.0,2527.0,5
NV103127,GTA Hub,2024-12-18,2024-12-18,2025-01-02,15,3015.0,2174.0,5189.0,14
NV103128,Montreal Hub,2024-06-29,2024-06-29,2024-07-07,8,1037.0,819.0,1856.0,7
NV103129,GTA Hub,2024-01-25,2024-01-27,2024-01-31,4,71.0,95.0,166.0,0
NV103130,Calgary Hub,2025-03-31,2025-04-01,2025-04-16,15,2544.0,1845.0,4389.0,5
NV103131,GTA Hub,2025-09-24,2025-09-24,2025-10-05,11,2602.0,1649.0,4251.0,6
NV103132,GTA Hub,2025-07-02,2025-07-04,2025-07-10,6,1145.0,1071.0,2216.0,6
NV103133,Calgary Hub,2024-05-17,2024-05-21,2024-05-24,3,138.0,179.0,317.0,1
NV103134,Calgary Hub,2025-09-05,2025-09-07,2025-09-13,6,952.0,657.0,1609.0,5
NV103135,GTA Hub,2024-04-03,2024-04-04,2024-04-06,2,126.0,148.0,274.0,1
NV103136,Calgary Hub,2024-11-21,2024-11-25,2024-11-28,3,436.0,396.0,832.0,0
NV103137,GTA Hub,2024-12-31,2025-01-01,2025-01-05,4,642.0,475.0,1117.0,6
NV103138,Montreal Hub,2024-06-07,2024-06-10,2024-06-12,2,347.0,293.0,640.0,1
NV103139,GTA Hub,2025-07-23,2025-07-23,2025-07-27,4,867.0,611.0,1478.0,6
NV103140,Calgary Hub,2026-06-13,2026-06-14,2026-06-23,9,1437.0,991.0,2428.0,5
NV103141,GTA Hub,2026-02-17,2026-02-19,2026-02-27,8,1801.0,1151.0,2952.0,10
NV103142,Montreal Hub,2026-05-23,2026-05-26,2026-06-11,16,3699.0,2657.0,6356.0,11
NV103143,Calgary Hub,2026-03-03,2026-03-05,2026-03-21,16,3706.0,2708.0,6414.0,10
NV103144,GTA Hub,2024-12-30,2024-12-31,2025-01-09,9,1219.0,923.0,2142.0,5
NV103145,GTA Hub,2024-05-15,2024-05-17,2024-05-26,9,1347.0,950.0,2297.0,0
NV103146,Montreal Hub,2025-10-13,2025-10-13,2025-10-20,7,1199.0,907.0,2106.0,8
NV103147,GTA Hub,2026-06-29,2026-06-30,2026-07-07,7,899.0,702.0,1601.0,4
NV103148,GTA Hub,2026-06-21,2026-06-21,2026-06-29,8,1523.0,1014.0,2537.0,7
NV103149,Calgary Hub,2026-08-04,2026-08-06,2026-08-09,3,281.0,252.0,533.0,1
NV103150,GTA Hub,2026-02-13,2026-02-13,2026-02-23,10,1910.0,1524.0,3434.0,12
NV103151,GTA Hub,2026-07-19,2026-07-22,2026-08-03,12,2641.0,2386.0,5027.0,13
NV103152,Calgary Hub,2025-11-11,2025-11-14,2025-11-22,8,1164.0,759.0,1923.0,5
NV103153,Calgary Hub,2024-01-24,2024-01-26,2024-01-30,4,88.0,147.0,235.0,2
NV103154,GTA Hub,2026-02-15,2026-02-16,2026-02-25,9,2051.0,1578.0,3629.0,10
NV103155,Montreal Hub,2024-01-31,2024-02-01,2024-02-06,5,775.0,749.0,1524.0,6
NV103156,Montreal Hub,2024-08-09,2024-08-10,2024-08-18,8,1724.0,1229.0,2953.0,9
NV103157,GTA Hub,2026-05-30,2026-05-31,2026-06-02,2,349.0,320.0,669.0,2
NV103158,Montreal Hub,2026-08-15,2026-08-17,2026-08-22,5,773.0,580.0,1353.0,0
NV103159,Montreal Hub,2025-02-24,2025-02-24,2025-03-02,6,1009.0,650.0,1659.0,4
NV103160,Calgary Hub,2025-08-04,2025-08-07,2025-08-14,7,879.0,687.0,1566.0,7
NV103161,GTA Hub,2026-02-25,2026-02-25,2026-03-01,4,812.0,607.0,1419.0,1
NV103162,GTA Hub,2026-04-29,2026-04-29,2026-05-02,3,426.0,363.0,789.0,2
NV103163,Calgary Hub,2026-03-22,2026-03-24,2026-04-01,8,1146.0,854.0,2000.0,1
NV103164,GTA Hub,2025-12-21,2025-12-21,2025-12-26,5,854.0,717.0,1571.0,5
NV103165,GTA Hub,2025-06-05,2025-06-06,2025-06-08,2,197.0,204.0,401.0,2
NV103166,Calgary Hub,2025-09-16,2025-09-18,2025-09-20,2,187.0,239.0,426.0,0
NV103167,Calgary Hub,2024-10-14,2024-10-15,2024-10-25,10,2083.0,1570.0,3653.0,8
NV103168,Calgary Hub,2026-05-22,2026-05-24,2026-05-27,3,359.0,301.0,660.0,2
NV103169,GTA Hub,2026-04-05,2026-04-06,2026-04-11,5,1203.0,925.0,2128.0,5
NV103170,GTA Hub,2026-01-22,2026-01-22,2026-01-25,3,676.0,627.0,1303.0,4
NV103171,GTA Hub,2025-10-08,2025-10-10,2025-10-16,6,711.0,534.0,1245.0,2
NV103172,GTA Hub,2024-03-26,2024-03-26,2024-04-02,7,158.0,237.0,395.0,1
NV103173,GTA Hub,2024-04-10,2024-04-14,2024-04-16,2,431.0,313.0,744.0,1
NV103174,GTA Hub,2026-05-09,2026-05-12,2026-05-16,4,571.0,458.0,1029.0,1
NV103175,Calgary Hub,2026-07-16,2026-07-18,2026-07-24,6,744.0,620.0,1364.0,5
NV103176,Calgary Hub,2024-06-14,2024-06-17,2024-06-29,12,2297.0,1733.0,4030.0,11
NV103177,GTA Hub,2024-05-13,2024-05-15,2024-05-21,6,754.0,641.0,1395.0,5
NV103178,GTA Hub,2026-06-17,2026-06-17,2026-06-21,4,630.0,470.0,1100.0,0
NV103179,Montreal Hub,2026-08-07,2026-08-10,2026-08-21,11,2476.0,2270.0,4746.0,9
NV103180,GTA Hub,2024-09-19,2024-09-21,2024-09-27,6,1190.0,1132.0,2322.0,3
NV103181,Calgary Hub,2026-04-18,2026-04-25,2026-05-01,6,972.0,766.0,1738.0,3
NV103182,Calgary Hub,2026-08-21,2026-08-22,2026-08-27,5,727.0,693.0,1420.0,4
NV103183,GTA Hub,2025-10-11,2025-10-12,2025-10-15,3,582.0,471.0,1053.0,5
NV103184,GTA Hub,2026-01-06,2026-01-06,2026-01-10,4,560.0,431.0,991.0,4
NV103185,Montreal Hub,2025-02-21,2025-02-24,2025-02-26,2,95.0,123.0,218.0,0
NV103186,GTA Hub,2025-08-11,2025-08-13,2025-08-19,6,611.0,479.0,1090.0,1
NV103187,GTA Hub,2026-05-21,2026-05-22,2026-05-29,7,1192.0,944.0,2136.0,7
NV103188,Calgary Hub,2025-06-22,2025-06-29,2025-07-07,8,1665.0,1150.0,2815.0,7
NV103189,GTA Hub,2026-02-02,2026-02-02,2026-02-09,7,1051.0,788.0,1839.0,6
NV103190,GTA Hub,2026-06-05,2026-06-05,2026-06-12,7,2106.0,1513.0,3619.0,6
NV103191,GTA Hub,2024-02-05,2024-02-07,2024-02-14,7,455.0,358.0,813.0,2
NV103192,GTA Hub,2024-08-31,2024-09-01,2024-09-09,8,1524.0,1193.0,2717.0,2
NV103193,Calgary Hub,2024-01-21,2024-01-21,2024-01-27,6,938.0,748.0,1686.0,3
NV103194,GTA Hub,2024-07-18,2024-07-18,2024-07-20,2,149.0,181.0,330.0,0
NV103195,Calgary Hub,2025-10-23,2025-10-23,2025-10-26,3,673.0,602.0,1275.0,3
NV103196,GTA Hub,2024-12-31,2025-01-02,2025-01-06,4,784.0,584.0,1368.0,1
NV103197,Montreal Hub,2024-01-13,2024-01-13,2024-01-16,3,602.0,436.0,1038.0,7
NV103198,Montreal Hub,2025-03-17,2025-03-18,2025-03-27,9,1665.0,1401.0,3066.0,4
NV103199,GTA Hub,2025-12-29,2025-12-30,2026-01-03,4,464.0,385.0,849.0,2
NV103200,Calgary Hub,2026-06-11,2026-06-13,2026-06-17,4,588.0,432.0,1020.0,0
NV103201,GTA Hub,2024-07-29,2024-08-02,2024-08-08,6,109.0,151.0,260.0,1
NV103202,Montreal Hub,2025-09-18,2025-09-20,2025-09-24,4,269.0,194.0,463.0,3
NV103203,GTA Hub,2025-11-01,2025-11-01,2025-11-08,7,813.0,624.0,1437.0,7
NV103204,GTA Hub,2025-06-19,2025-06-20,2025-06-26,6,1443.0,978.0,2421.0,12
NV103205,GTA Hub,2026-04-22,2026-04-22,2026-05-07,15,3075.0,1930.0,5005.0,8
NV103206,GTA Hub,2024-05-07,2024-05-07,2024-05-13,6,660.0,559.0,1219.0,1
NV103207,GTA Hub,2024-02-26,2024-02-26,2024-03-07,10,1559.0,1159.0,2718.0,7
NV103208,Montreal Hub,2025-07-14,2025-07-15,2025-07-20,5,538.0,459.0,997.0,3
NV103209,GTA Hub,2024-11-07,2024-11-07,2024-11-11,4,764.0,661.0,1425.0,4
NV103210,GTA Hub,2026-04-24,2026-04-24,2026-05-02,8,1815.0,1194.0,3009.0,7
NV103211,GTA Hub,2025-10-19,2025-10-20,2025-10-22,2,381.0,338.0,719.0,1
NV103212,Calgary Hub,2025-10-30,2025-11-04,2025-11-07,3,483.0,399.0,882.0,2
NV103213,Calgary Hub,2026-08-11,2026-08-13,2026-08-17,4,1002.0,931.0,1933.0,7
NV103214,Calgary Hub,2024-12-26,2024-12-28,2025-01-04,7,781.0,707.0,1488.0,5
NV103215,GTA Hub,2024-06-14,2024-06-14,2024-06-27,13,2197.0,1589.0,3786.0,8
NV103216,GTA Hub,2026-07-03,2026-07-04,2026-07-13,9,1573.0,1228.0,2801.0,5
NV103217,GTA Hub,2025-10-31,2025-11-02,2025-11-04,2,113.0,153.0,266.0,2
NV103218,Montreal Hub,2024-05-27,2024-05-29,2024-05-31,2,203.0,202.0,405.0,3
NV103219,Calgary Hub,2026-03-30,2026-04-03,2026-04-11,8,1777.0,1057.0,2834.0,5
NV103220,GTA Hub,2026-04-24,2026-04-24,2026-04-27,3,316.0,249.0,565.0,0
NV103221,GTA Hub,2026-06-29,2026-07-02,2026-07-08,6,1197.0,906.0,2103.0,2
NV103222,GTA Hub,2026-05-22,2026-05-22,2026-05-29,7,1275.0,1019.0,2294.0,1
NV103223,GTA Hub,2026-06-02,2026-06-04,2026-06-12,8,1498.0,1036.0,2534.0,5
NV103224,GTA Hub,2026-01-21,2026-01-23,2026-01-27,4,700.0,692.0,1392.0,5
NV103225,Calgary Hub,2024-12-06,2024-12-08,2024-12-10,2,133.0,161.0,294.0,1
NV103226,Calgary Hub,2024-08-21,2024-08-26,2024-09-07,12,2299.0,1725.0,4024.0,13
NV103227,Calgary Hub,2026-06-06,2026-06-09,2026-06-13,4,827.0,629.0,1456.0,3
NV103228,GTA Hub,2025-06-17,2025-06-19,2025-06-21,2,192.0,197.0,389.0,3
NV103229,Calgary Hub,2025-10-08,2025-10-11,2025-10-14,3,376.0,331.0,707.0,3
NV103230,GTA Hub,2026-04-08,2026-04-09,2026-04-18,9,1755.0,1239.0,2994.0,10
NV103231,GTA Hub,2024-06-21,2024-06-21,2024-06-25,4,597.0,493.0,1090.0,4
NV103232,GTA Hub,2026-07-10,2026-07-11,2026-07-19,8,1691.0,1298.0,2989.0,10
NV103233,Calgary Hub,2026-05-09,2026-05-10,2026-05-16,6,1114.0,897.0,2011.0,2
NV103234,GTA Hub,2026-05-05,2026-05-06,2026-05-17,11,1636.0,1389.0,3025.0,14
NV103235,GTA Hub,2025-04-16,2025-04-17,2025-04-26,9,1842.0,1311.0,3153.0,5
NV103236,GTA Hub,2025-02-16,2025-02-19,2025-02-24,5,447.0,439.0,886.0,0
NV103237,GTA Hub,2025-05-05,2025-05-06,2025-05-14,8,1730.0,1435.0,3165.0,9
NV103238,GTA Hub,2025-04-04,2025-04-05,2025-04-16,11,2252.0,1783.0,4035.0,5
NV103239,Calgary Hub,2025-05-29,2025-05-29,2025-06-04,6,659.0,518.0,1177.0,4
NV103240,GTA Hub,2025-05-03,2025-05-04,2025-05-07,3,550.0,393.0,943.0,7
NV103241,Calgary Hub,2026-05-04,2026-05-07,2026-05-10,3,184.0,172.0,356.0,1
NV103242,Calgary Hub,2024-01-09,2024-01-09,2024-01-15,6,1146.0,981.0,2127.0,6
NV103243,Calgary Hub,2026-03-14,2026-03-16,2026-03-21,5,1368.0,1025.0,2393.0,3
NV103244,GTA Hub,2025-03-26,2025-03-26,2025-03-31,5,1106.0,986.0,2092.0,5
NV103245,Calgary Hub,2026-09-03,2026-09-05,2026-09-14,9,2305.0,1676.0,3981.0,8
NV103246,GTA Hub,2026-03-16,2026-03-17,2026-04-08,22,4632.0,3285.0,7917.0,13
NV103247,GTA Hub,2025-01-19,2025-01-20,2025-01-25,5,461.0,353.0,814.0,2
NV103248,GTA Hub,2026-04-27,2026-04-27,2026-04-30,3,929.0,654.0,1583.0,7
NV103249,GTA Hub,2025-04-27,2025-04-28,2025-05-11,13,1473.0,1157.0,2630.0,5
NV103250,Calgary Hub,2024-03-10,2024-03-12,2024-03-15,3,137.0,152.0,289.0,3
NV103251,GTA Hub,2025-04-18,2025-04-20,2025-04-25,5,827.0,702.0,1529.0,3
NV103252,Calgary Hub,2024-12-13,2024-12-17,2024-12-25,8,1816.0,1315.0,3131.0,10
NV103253,Calgary Hub,2025-08-16,2025-08-20,2025-08-27,7,399.0,375.0,774.0,3
NV103254,Calgary Hub,2025-04-09,2025-04-11,2025-04-15,4,203.0,188.0,391.0,2
NV103255,Montreal Hub,2026-06-17,2026-06-18,2026-06-29,11,2668.0,1999.0,4667.0,7
NV103256,GTA Hub,2025-07-18,2025-07-18,2025-07-24,6,996.0,786.0,1782.0,3
NV103257,Calgary Hub,2025-04-21,2025-04-24,2025-04-28,4,423.0,392.0,815.0,1
NV103258,GTA Hub,2026-04-26,2026-04-27,2026-05-03,6,1293.0,1129.0,2422.0,7
NV103259,GTA Hub,2026-02-11,2026-02-11,2026-02-19,8,1400.0,1124.0,2524.0,5
NV103260,GTA Hub,2025-02-28,2025-02-28,2025-03-06,6,709.0,689.0,1398.0,3
NV103261,Montreal Hub,2025-01-29,2025-01-31,2025-02-11,11,2162.0,1654.0,3816.0,7
NV103262,Montreal Hub,2026-04-05,2026-04-05,2026-04-13,8,836.0,655.0,1491.0,1
NV103263,GTA Hub,2025-12-26,2025-12-26,2026-01-05,10,1513.0,1277.0,2790.0,4
NV103264,GTA Hub,2026-08-26,2026-08-28,2026-09-05,8,993.0,696.0,1689.0,2
NV103265,Calgary Hub,2025-03-11,2025-03-12,2025-03-17,5,649.0,544.0,1193.0,3
NV103266,GTA Hub,2025-10-05,2025-10-06,2025-10-10,4,679.0,551.0,1230.0,3
NV103267,Calgary Hub,2024-04-06,2024-04-08,2024-04-15,7,1395.0,962.0,2357.0,10
NV103268,GTA Hub,2025-06-06,2025-06-06,2025-06-15,9,793.0,577.0,1370.0,2
NV103269,Calgary Hub,2026-05-27,2026-05-30,2026-06-06,7,1249.0,897.0,2146.0,4
NV103270,Montreal Hub,2026-02-01,2026-02-01,2026-02-12,11,2913.0,2181.0,5094.0,8
NV103271,GTA Hub,2025-05-21,2025-05-23,2025-06-01,9,1831.0,1360.0,3191.0,5
NV103272,GTA Hub,2025-10-02,2025-10-02,2025-10-07,5,609.0,469.0,1078.0,7
NV103273,Montreal Hub,2026-01-09,2026-01-11,2026-01-17,6,918.0,680.0,1598.0,5
NV103274,GTA Hub,2026-01-22,2026-01-24,2026-01-30,6,378.0,359.0,737.0,0
NV103275,GTA Hub,2025-01-04,2025-01-05,2025-01-09,4,515.0,472.0,987.0,1
NV103276,Calgary Hub,2024-07-24,2024-07-29,2024-08-04,6,437.0,312.0,749.0,3
NV103277,GTA Hub,2024-03-08,2024-03-08,2024-03-10,2,118.0,182.0,300.0,0
NV103278,GTA Hub,2024-12-07,2024-12-08,2024-12-20,12,2440.0,2009.0,4449.0,13
NV103279,GTA Hub,2025-03-29,2025-03-30,2025-04-09,10,1756.0,1143.0,2899.0,4
NV103280,Calgary Hub,2025-06-08,2025-06-11,2025-06-17,6,767.0,642.0,1409.0,9
NV103281,Calgary Hub,2024-08-03,2024-08-05,2024-08-14,9,1115.0,901.0,2016.0,15
NV103282,Calgary Hub,2026-08-03,2026-08-06,2026-08-15,9,1571.0,1242.0,2813.0,2
NV103283,Calgary Hub,2026-02-02,2026-02-03,2026-02-13,10,1457.0,1147.0,2604.0,3
NV103284,GTA Hub,2025-06-23,2025-06-23,2025-06-30,7,1162.0,907.0,2069.0,4
NV103285,Montreal Hub,2025-01-25,2025-01-26,2025-01-28,2,453.0,387.0,840.0,4
NV103286,GTA Hub,2026-03-27,2026-03-29,2026-04-09,11,2367.0,1859.0,4226.0,9
NV103287,GTA Hub,2025-08-14,2025-08-15,2025-08-21,6,1171.0,829.0,2000.0,6
NV103288,GTA Hub,2025-05-11,2025-05-12,2025-05-24,12,2804.0,2100.0,4904.0,8
NV103289,Calgary Hub,2026-06-06,2026-06-08,2026-06-10,2,338.0,297.0,635.0,1
NV103290,Calgary Hub,2024-05-20,2024-05-22,2024-05-29,7,662.0,635.0,1297.0,8
NV103291,GTA Hub,2025-06-24,2025-06-24,2025-07-01,7,704.0,613.0,1317.0,1
NV103292,Calgary Hub,2024-11-22,2024-11-22,2024-11-25,3,1125.0,872.0,1997.0,7
NV103293,GTA Hub,2025-04-05,2025-04-06,2025-04-12,6,394.0,399.0,793.0,2
NV103294,GTA Hub,2026-07-03,2026-07-04,2026-07-13,9,2074.0,1501.0,3575.0,11
NV103295,GTA Hub,2024-08-08,2024-08-08,2024-08-16,8,1661.0,1290.0,2951.0,8
NV103296,GTA Hub,2025-08-30,2025-08-30,2025-09-05,6,697.0,507.0,1204.0,2
NV103297,GTA Hub,2025-09-18,2025-09-18,2025-09-21,3,774.0,627.0,1401.0,4
NV103298,Montreal Hub,2024-10-24,2024-10-27,2024-10-30,3,192.0,184.0,376.0,1
NV103299,GTA Hub,2024-07-06,2024-07-07,2024-07-12,5,587.0,473.0,1060.0,2
NV103300,GTA Hub,2024-08-12,2024-08-12,2024-08-18,6,1356.0,945.0,2301.0,6
NV103301,Calgary Hub,2025-03-24,2025-03-25,2025-04-02,8,1450.0,1000.0,2450.0,6
NV103302,Calgary Hub,2024-06-03,2024-06-07,2024-06-11,4,664.0,505.0,1169.0,5
NV103303,GTA Hub,2026-06-09,2026-06-09,2026-06-19,10,1624.0,1229.0,2853.0,4
NV103304,GTA Hub,2025-03-31,2025-03-31,2025-04-05,5,658.0,597.0,1255.0,2
NV103305,Calgary Hub,2026-08-10,2026-08-13,2026-08-16,3,492.0,408.0,900.0,1
NV103306,Calgary Hub,2026-08-27,2026-08-29,2026-09-08,10,2356.0,1607.0,3963.0,13
NV103307,Calgary Hub,2026-04-13,2026-04-15,2026-04-23,8,981.0,759.0,1740.0,4
NV103308,GTA Hub,2024-01-25,2024-01-26,2024-01-30,4,522.0,420.0,942.0,3
NV103309,Calgary Hub,2024-06-05,2024-06-06,2024-06-12,6,223.0,217.0,440.0,0
NV103310,GTA Hub,2025-07-13,2025-07-15,2025-07-22,7,1487.0,980.0,2467.0,4
NV103311,Calgary Hub,2024-10-30,2024-11-02,2024-11-15,13,2645.0,1755.0,4400.0,7
NV103312,GTA Hub,2025-10-10,2025-10-10,2025-10-12,2,194.0,199.0,393.0,3
NV103313,Montreal Hub,2024-12-16,2024-12-20,2024-12-24,4,313.0,287.0,600.0,0
NV103314,GTA Hub,2025-09-28,2025-09-29,2025-10-07,8,1413.0,1104.0,2517.0,3
NV103315,GTA Hub,2024-07-26,2024-07-27,2024-08-02,6,1464.0,1064.0,2528.0,13
NV103316,GTA Hub,2026-07-26,2026-07-28,2026-08-02,5,714.0,631.0,1345.0,10
NV103317,Calgary Hub,2026-01-11,2026-01-13,2026-01-18,5,1019.0,715.0,1734.0,6
NV103318,Calgary Hub,2025-07-29,2025-08-03,2025-08-05,2,542.0,426.0,968.0,3
NV103319,Calgary Hub,2025-09-10,2025-09-13,2025-09-18,5,953.0,776.0,1729.0,4
NV103320,Calgary Hub,2026-08-25,2026-08-27,2026-09-03,7,772.0,497.0,1269.0,2
NV103321,GTA Hub,2026-05-15,2026-05-16,2026-05-23,7,912.0,729.0,1641.0,8
NV103322,GTA Hub,2024-10-23,2024-10-24,2024-10-29,5,191.0,182.0,373.0,1
NV103323,GTA Hub,2026-03-24,2026-03-25,2026-03-28,3,794.0,663.0,1457.0,1
NV103324,GTA Hub,2026-02-21,2026-02-22,2026-02-28,6,1069.0,994.0,2063.0,9
NV103325,GTA Hub,2026-06-10,2026-06-11,2026-06-19,8,2137.0,1422.0,3559.0,5
NV103326,GTA Hub,2025-07-17,2025-07-17,2025-07-24,7,1222.0,993.0,2215.0,3
NV103327,Calgary Hub,2024-01-29,2024-02-02,2024-02-08,6,638.0,459.0,1097.0,3
NV103328,GTA Hub,2025-03-21,2025-03-21,2025-03-28,7,1315.0,974.0,2289.0,5
NV103329,Montreal Hub,2025-02-08,2025-02-13,2025-02-17,4,632.0,497.0,1129.0,2
NV103330,Calgary Hub,2024-09-10,2024-09-13,2024-09-18,5,276.0,217.0,493.0,1
NV103331,GTA Hub,2026-04-27,2026-04-27,2026-05-03,6,740.0,478.0,1218.0,1
NV103332,Calgary Hub,2024-03-12,2024-03-14,2024-03-19,5,674.0,640.0,1314.0,2
NV103333,Calgary Hub,2026-02-19,2026-02-19,2026-02-22,3,345.0,279.0,624.0,2
NV103334,Montreal Hub,2024-12-13,2024-12-13,2024-12-21,8,1136.0,760.0,1896.0,8
NV103335,GTA Hub,2026-01-03,2026-01-04,2026-01-07,3,667.0,520.0,1187.0,2
NV103336,Calgary Hub,2024-02-10,2024-02-12,2024-02-21,9,1862.0,1385.0,3247.0,13
NV103337,GTA Hub,2025-07-03,2025-07-05,2025-07-10,5,769.0,718.0,1487.0,4
NV103338,Calgary Hub,2025-12-11,2025-12-16,2025-12-21,5,1309.0,907.0,2216.0,2
NV103339,GTA Hub,2025-02-13,2025-02-13,2025-02-19,6,1064.0,772.0,1836.0,4
NV103340,Calgary Hub,2026-07-13,2026-07-13,2026-07-27,14,2283.0,1877.0,4160.0,15
NV103341,Montreal Hub,2026-02-20,2026-02-21,2026-02-28,7,762.0,639.0,1401.0,9
NV103342,GTA Hub,2025-08-19,2025-08-20,2025-08-22,2,795.0,691.0,1486.0,5
NV103343,Calgary Hub,2024-05-24,2024-05-28,2024-06-05,8,1323.0,924.0,2247.0,4
NV103344,Calgary Hub,2024-11-12,2024-11-14,2024-11-18,4,423.0,411.0,834.0,2
NV103345,Montreal Hub,2026-08-26,2026-08-26,2026-09-03,8,2125.0,1501.0,3626.0,10
NV103346,GTA Hub,2026-02-16,2026-02-17,2026-02-21,4,1053.0,761.0,1814.0,7
NV103347,Calgary Hub,2026-08-09,2026-08-11,2026-08-23,12,2081.0,1701.0,3782.0,3
NV103348,Montreal Hub,2026-03-22,2026-03-25,2026-04-01,7,1355.0,988.0,2343.0,9
NV103349,GTA Hub,2024-10-21,2024-10-22,2024-10-26,4,206.0,253.0,459.0,3
NV103350,Calgary Hub,2024-05-03,2024-05-03,2024-05-07,4,634.0,525.0,1159.0,8
NV103351,GTA Hub,2025-08-29,2025-08-29,2025-09-02,4,983.0,772.0,1755.0,3
NV103352,GTA Hub,2026-04-02,2026-04-04,2026-04-06,2,244.0,248.0,492.0,2
NV103353,GTA Hub,2025-05-16,2025-05-18,2025-05-25,7,440.0,373.0,813.0,2
NV103354,Calgary Hub,2026-07-01,2026-07-03,2026-07-05,2,521.0,385.0,906.0,5
NV103355,GTA Hub,2026-06-15,2026-06-17,2026-06-19,2,215.0,210.0,425.0,1
NV103356,Calgary Hub,2025-11-05,2025-11-06,2025-11-17,11,2896.0,1948.0,4844.0,6
NV103357,Montreal Hub,2025-10-12,2025-10-14,2025-10-18,4,324.0,303.0,627.0,3
NV103358,GTA Hub,2026-08-31,2026-09-01,2026-09-18,17,3568.0,2519.0,6087.0,7
NV103359,Calgary Hub,2025-07-06,2025-07-09,2025-07-18,9,1729.0,1052.0,2781.0,9
NV103360,GTA Hub,2024-10-09,2024-10-10,2024-10-16,6,1147.0,1116.0,2263.0,10
NV103361,GTA Hub,2025-12-30,2026-01-02,2026-01-06,4,680.0,572.0,1252.0,5
NV103362,GTA Hub,2026-02-03,2026-02-05,2026-02-12,7,1338.0,937.0,2275.0,10
NV103363,GTA Hub,2025-07-10,2025-07-13,2025-07-19,6,975.0,826.0,1801.0,8
NV103364,GTA Hub,2024-05-04,2024-05-05,2024-05-14,9,1865.0,1537.0,3402.0,12
NV103365,Calgary Hub,2026-01-29,2026-02-02,2026-02-09,7,1078.0,910.0,1988.0,5
NV103366,Montreal Hub,2026-06-26,2026-06-27,2026-07-05,8,891.0,692.0,1583.0,6
NV103367,Montreal Hub,2026-08-15,2026-08-15,2026-08-19,4,440.0,359.0,799.0,5
NV103368,GTA Hub,2025-09-14,2025-09-14,2025-09-17,3,921.0,824.0,1745.0,3
NV103369,GTA Hub,2024-02-08,2024-02-10,2024-02-19,9,1621.0,1183.0,2804.0,6
NV103370,GTA Hub,2025-07-23,2025-07-24,2025-07-26,2,626.0,412.0,1038.0,8
NV103371,GTA Hub,2026-03-31,2026-03-31,2026-04-03,3,627.0,534.0,1161.0,4
NV103372,Calgary Hub,2026-05-27,2026-05-30,2026-06-03,4,372.0,328.0,700.0,2
NV103373,GTA Hub,2025-09-30,2025-09-30,2025-10-04,4,434.0,364.0,798.0,2
NV103374,GTA Hub,2026-06-08,2026-06-10,2026-06-16,6,898.0,672.0,1570.0,4
NV103375,GTA Hub,2026-07-22,2026-07-22,2026-07-26,4,687.0,554.0,1241.0,8
NV103376,GTA Hub,2026-06-15,2026-06-16,2026-06-19,3,703.0,597.0,1300.0,6
NV103377,Calgary Hub,2025-06-20,2025-06-22,2025-06-29,7,1040.0,889.0,1929.0,8
NV103378,GTA Hub,2026-06-26,2026-06-26,2026-07-01,5,1281.0,979.0,2260.0,3
NV103379,GTA Hub,2026-08-20,2026-08-20,2026-09-01,12,2182.0,1790.0,3972.0,7
NV103380,GTA Hub,2024-07-28,2024-08-01,2024-08-04,3,550.0,485.0,1035.0,2
NV103381,GTA Hub,2025-01-05,2025-01-05,2025-01-21,16,3371.0,2614.0,5985.0,10
NV103382,GTA Hub,2026-05-14,2026-05-16,2026-05-26,10,1753.0,1292.0,3045.0,2
NV103383,GTA Hub,2026-04-17,2026-04-17,2026-04-27,10,1833.0,1450.0,3283.0,8
NV103384,GTA Hub,2025-11-19,2025-11-20,2025-12-04,14,2634.0,2246.0,4880.0,6
NV103385,Montreal Hub,2025-02-28,2025-03-02,2025-03-08,6,1360.0,941.0,2301.0,2
NV103386,GTA Hub,2026-01-10,2026-01-12,2026-01-19,7,1656.0,1152.0,2808.0,2
NV103387,GTA Hub,2025-01-24,2025-01-26,2025-01-31,5,344.0,311.0,655.0,1
NV103388,Calgary Hub,2025-02-22,2025-02-26,2025-03-01,3,174.0,235.0,409.0,1
NV103389,GTA Hub,2025-09-12,2025-09-15,2025-09-21,6,619.0,553.0,1172.0,1
NV103390,Calgary Hub,2026-01-26,2026-01-26,2026-01-29,3,723.0,465.0,1188.0,3
NV103391,GTA Hub,2025-09-15,2025-09-18,2025-09-21,3,372.0,336.0,708.0,1
NV103392,Montreal Hub,2025-04-10,2025-04-12,2025-04-16,4,519.0,374.0,893.0,3
NV103393,GTA Hub,2025-09-21,2025-09-21,2025-10-07,16,3359.0,2621.0,5980.0,14
NV103394,GTA Hub,2025-08-29,2025-08-31,2025-09-09,9,1300.0,1016.0,2316.0,11
NV103395,Calgary Hub,2025-07-16,2025-07-19,2025-07-26,7,776.0,706.0,1482.0,3
NV103396,Calgary Hub,2026-03-02,2026-03-04,2026-03-13,9,2044.0,1696.0,3740.0,6
NV103397,GTA Hub,2024-06-11,2024-06-11,2024-06-16,5,968.0,736.0,1704.0,3
NV103398,GTA Hub,2026-03-14,2026-03-16,2026-03-19,3,354.0,319.0,673.0,3
NV103399,GTA Hub,2026-06-04,2026-06-05,2026-06-14,9,1290.0,1057.0,2347.0,8
NV103400,GTA Hub,2025-05-11,2025-05-13,2025-05-19,6,1276.0,971.0,2247.0,8
NV103401,GTA Hub,2026-06-12,2026-06-12,2026-06-15,3,1227.0,984.0,2211.0,8
NV103402,Montreal Hub,2025-10-06,2025-10-08,2025-10-15,7,1423.0,1088.0,2511.0,7
NV103403,Montreal Hub,2025-11-06,2025-11-10,2025-11-23,13,1922.0,1431.0,3353.0,3
NV103404,Calgary Hub,2026-03-16,2026-03-20,2026-03-27,7,1340.0,1086.0,2426.0,7
NV103405,Calgary Hub,2025-08-18,2025-08-20,2025-08-26,6,778.0,638.0,1416.0,4
NV103406,Montreal Hub,2024-09-20,2024-09-20,2024-09-25,5,734.0,598.0,1332.0,3
NV103407,Calgary Hub,2025-10-24,2025-10-28,2025-11-01,4,853.0,704.0,1557.0,2
NV103408,GTA Hub,2024-11-24,2024-11-25,2024-11-27,2,80.0,128.0,208.0,1
NV103409,Montreal Hub,2025-05-21,2025-05-22,2025-05-24,2,294.0,349.0,643.0,1
NV103410,Calgary Hub,2025-08-05,2025-08-08,2025-08-12,4,661.0,500.0,1161.0,1
NV103411,Calgary Hub,2026-08-28,2026-08-29,2026-09-04,6,1069.0,760.0,1829.0,5
NV103412,GTA Hub,2025-06-08,2025-06-09,2025-06-12,3,485.0,412.0,897.0,4
NV103413,GTA Hub,2026-03-12,2026-03-15,2026-03-22,7,1269.0,878.0,2147.0,1
NV103414,Calgary Hub,2025-10-15,2025-10-21,2025-10-27,6,1876.0,1385.0,3261.0,7
NV103415,Calgary Hub,2026-04-07,2026-04-10,2026-04-15,5,464.0,377.0,841.0,2
NV103416,Montreal Hub,2025-05-11,2025-05-12,2025-05-18,6,487.0,465.0,952.0,2
NV103417,Calgary Hub,2025-02-05,2025-02-06,2025-02-14,8,849.0,610.0,1459.0,6
NV103418,GTA Hub,2026-05-18,2026-05-18,2026-05-24,6,1093.0,736.0,1829.0,2
NV103419,GTA Hub,2025-08-30,2025-09-01,2025-09-08,7,555.0,468.0,1023.0,1
NV103420,Montreal Hub,2024-06-10,2024-06-12,2024-06-17,5,915.0,704.0,1619.0,4
NV103421,GTA Hub,2025-02-07,2025-02-07,2025-02-15,8,1204.0,1030.0,2234.0,9
NV103422,GTA Hub,2024-02-21,2024-02-22,2024-03-02,9,1137.0,930.0,2067.0,7
NV103423,GTA Hub,2026-04-26,2026-04-27,2026-05-01,4,728.0,640.0,1368.0,2
NV103424,Calgary Hub,2026-07-26,2026-07-29,2026-08-02,4,387.0,298.0,685.0,1
NV103425,Calgary Hub,2024-10-18,2024-10-23,2024-10-28,5,343.0,318.0,661.0,0
NV103426,Montreal Hub,2025-03-02,2025-03-04,2025-03-12,8,1336.0,962.0,2298.0,8
NV103427,Calgary Hub,2024-03-05,2024-03-09,2024-03-20,11,2447.0,1922.0,4369.0,7
NV103428,GTA Hub,2025-05-01,2025-05-03,2025-05-11,8,1652.0,1224.0,2876.0,5
NV103429,GTA Hub,2026-08-07,2026-08-07,2026-08-12,5,1077.0,891.0,1968.0,6
NV103430,GTA Hub,2025-02-08,2025-02-08,2025-02-11,3,192.0,218.0,410.0,4
NV103431,Calgary Hub,2025-12-01,2025-12-04,2025-12-08,4,357.0,309.0,666.0,2
NV103432,Montreal Hub,2025-01-18,2025-01-20,2025-01-27,7,1347.0,935.0,2282.0,2
NV103433,Calgary Hub,2026-02-25,2026-02-26,2026-03-06,8,1041.0,853.0,1894.0,9
NV103434,Calgary Hub,2026-05-21,2026-05-26,2026-05-28,2,245.0,210.0,455.0,2
NV103435,GTA Hub,2026-03-07,2026-03-10,2026-03-12,2,327.0,336.0,663.0,1
NV103436,Calgary Hub,2025-05-06,2025-05-10,2025-05-17,7,1255.0,819.0,2074.0,6
NV103437,Calgary Hub,2026-03-25,2026-03-27,2026-03-29,2,366.0,354.0,720.0,2
NV103438,Calgary Hub,2025-07-14,2025-07-14,2025-07-19,5,779.0,858.0,1637.0,4
NV103439,GTA Hub,2026-06-03,2026-06-04,2026-06-20,16,3502.0,2890.0,6392.0,13
NV103440,Calgary Hub,2025-03-30,2025-04-01,2025-04-11,10,1938.0,1503.0,3441.0,6
NV103441,Calgary Hub,2026-05-15,2026-05-22,2026-05-27,5,771.0,674.0,1445.0,3
NV103442,GTA Hub,2026-01-16,2026-01-18,2026-01-23,5,946.0,826.0,1772.0,6
NV103443,GTA Hub,2024-05-19,2024-05-20,2024-05-22,2,364.0,340.0,704.0,2
NV103444,GTA Hub,2024-10-23,2024-10-24,2024-10-27,3,131.0,186.0,317.0,2
NV103445,GTA Hub,2025-12-17,2025-12-19,2026-01-05,17,3401.0,2390.0,5791.0,11
NV103446,Calgary Hub,2025-05-11,2025-05-15,2025-05-27,12,2068.0,1419.0,3487.0,4
NV103447,Calgary Hub,2026-04-14,2026-04-17,2026-05-01,14,2398.0,1859.0,4257.0,9
NV103448,GTA Hub,2024-10-16,2024-10-18,2024-10-25,7,1071.0,862.0,1933.0,3
NV103449,Calgary Hub,2026-04-12,2026-04-14,2026-04-20,6,1109.0,871.0,1980.0,7
NV103450,Calgary Hub,2024-11-19,2024-11-19,2024-11-27,8,1892.0,1452.0,3344.0,4
NV103451,GTA Hub,2025-05-08,2025-05-08,2025-05-12,4,714.0,546.0,1260.0,7
NV103452,GTA Hub,2025-11-18,2025-11-19,2025-11-22,3,345.0,296.0,641.0,2
NV103453,Calgary Hub,2026-01-29,2026-02-01,2026-02-06,5,789.0,651.0,1440.0,2
NV103454,GTA Hub,2026-07-31,2026-08-02,2026-08-08,6,982.0,786.0,1768.0,0
NV103455,Calgary Hub,2026-04-29,2026-05-01,2026-05-06,5,1303.0,979.0,2282.0,8
NV103456,GTA Hub,2025-04-06,2025-04-09,2025-04-17,8,1684.0,1243.0,2927.0,4
NV103457,Calgary Hub,2026-05-10,2026-05-12,2026-05-21,9,1318.0,1171.0,2489.0,4
NV103458,GTA Hub,2024-07-21,2024-07-22,2024-07-29,7,1178.0,841.0,2019.0,6
NV103459,Calgary Hub,2026-07-09,2026-07-12,2026-07-17,5,762.0,715.0,1477.0,5
NV103460,GTA Hub,2025-03-28,2025-03-28,2025-04-07,10,1901.0,1490.0,3391.0,8
NV103461,Calgary Hub,2025-08-10,2025-08-13,2025-08-16,3,732.0,606.0,1338.0,3
NV103462,GTA Hub,2026-07-18,2026-07-18,2026-07-30,12,1836.0,1570.0,3406.0,9
NV103463,Calgary Hub,2025-12-01,2025-12-03,2025-12-09,6,717.0,566.0,1283.0,4
NV103464,GTA Hub,2026-04-16,2026-04-17,2026-04-24,7,602.0,432.0,1034.0,5
NV103465,Calgary Hub,2026-01-08,2026-01-12,2026-01-24,12,2833.0,2154.0,4987.0,7
NV103466,Calgary Hub,2024-08-02,2024-08-02,2024-08-15,13,2514.0,1917.0,4431.0,8
NV103467,GTA Hub,2025-05-05,2025-05-05,2025-05-17,12,2581.0,1781.0,4362.0,6
NV103468,Calgary Hub,2025-04-18,2025-04-20,2025-04-26,6,1536.0,1012.0,2548.0,4
NV103469,Calgary Hub,2024-04-27,2024-04-29,2024-05-02,3,278.0,320.0,598.0,2
NV103470,Calgary Hub,2026-04-20,2026-04-23,2026-05-09,16,2945.0,2182.0,5127.0,10
NV103471,Calgary Hub,2025-05-18,2025-05-20,2025-05-26,6,864.0,671.0,1535.0,5
NV103472,Calgary Hub,2026-07-11,2026-07-13,2026-07-17,4,497.0,398.0,895.0,3
NV103473,GTA Hub,2026-03-23,2026-03-23,2026-03-31,8,1278.0,889.0,2167.0,5
NV103474,GTA Hub,2025-05-04,2025-05-05,2025-05-08,3,875.0,685.0,1560.0,2
NV103475,Calgary Hub,2024-02-26,2024-02-27,2024-03-09,11,1605.0,1281.0,2886.0,11
NV103476,Calgary Hub,2026-07-15,2026-07-18,2026-07-25,7,1233.0,778.0,2011.0,6
NV103477,Montreal Hub,2024-04-11,2024-04-13,2024-04-21,8,1101.0,779.0,1880.0,11
NV103478,Calgary Hub,2025-05-21,2025-05-25,2025-06-01,7,1603.0,1354.0,2957.0,6
NV103479,Calgary Hub,2024-10-19,2024-10-23,2024-10-27,4,469.0,446.0,915.0,6
NV103480,GTA Hub,2026-08-24,2026-08-27,2026-09-08,12,2956.0,1823.0,4779.0,11
NV103481,Calgary Hub,2026-06-18,2026-06-20,2026-06-30,10,2671.0,1808.0,4479.0,7
NV103482,GTA Hub,2024-12-28,2024-12-31,2025-01-02,2,514.0,518.0,1032.0,0
NV103483,GTA Hub,2024-09-07,2024-09-07,2024-09-14,7,1061.0,872.0,1933.0,7
NV103484,GTA Hub,2024-04-12,2024-04-12,2024-04-16,4,208.0,238.0,446.0,1
NV103485,GTA Hub,2024-02-09,2024-02-09,2024-02-14,5,110.0,133.0,243.0,1
NV103486,GTA Hub,2024-07-07,2024-07-07,2024-07-17,10,1219.0,1061.0,2280.0,5
NV103487,GTA Hub,2025-06-21,2025-06-22,2025-07-04,12,2282.0,1779.0,4061.0,13
NV103488,GTA Hub,2025-06-08,2025-06-08,2025-06-15,7,1172.0,971.0,2143.0,4
NV103489,GTA Hub,2026-01-30,2026-01-31,2026-02-04,4,305.0,311.0,616.0,2
NV103490,Calgary Hub,2024-05-11,2024-05-15,2024-05-21,6,944.0,833.0,1777.0,7
NV103491,GTA Hub,2024-06-19,2024-06-21,2024-06-30,9,1293.0,862.0,2155.0,5
NV103492,Montreal Hub,2025-09-21,2025-09-23,2025-10-11,18,3329.0,2924.0,6253.0,10
NV103493,GTA Hub,2024-04-30,2024-05-04,2024-05-06,2,103.0,132.0,235.0,1
NV103494,GTA Hub,2025-03-06,2025-03-06,2025-03-10,4,167.0,206.0,373.0,0
NV103495,GTA Hub,2026-07-21,2026-07-22,2026-07-26,4,579.0,464.0,1043.0,3
NV103496,Calgary Hub,2024-09-15,2024-09-17,2024-09-24,7,773.0,604.0,1377.0,3
NV103497,Calgary Hub,2025-05-19,2025-05-21,2025-06-01,11,1424.0,1064.0,2488.0,4
NV103498,GTA Hub,2025-07-31,2025-07-31,2025-08-09,9,2020.0,1433.0,3453.0,9
NV103499,GTA Hub,2025-12-06,2025-12-10,2025-12-13,3,788.0,569.0,1357.0,10
NV103500,GTA Hub,2026-04-24,2026-04-25,2026-04-27,2,656.0,571.0,1227.0,4
NV103501,GTA Hub,2025-03-02,2025-03-02,2025-03-05,3,1259.0,818.0,2077.0,7
NV103502,GTA Hub,2025-09-18,2025-09-19,2025-09-24,5,1024.0,824.0,1848.0,5
NV103503,GTA Hub,2024-05-19,2024-05-20,2024-06-06,17,3147.0,2510.0,5657.0,11
NV103504,Calgary Hub,2025-03-01,2025-03-05,2025-03-14,9,1446.0,971.0,2417.0,5
NV103505,Montreal Hub,2025-04-19,2025-04-20,2025-04-26,6,1231.0,969.0,2200.0,13
NV103506,GTA Hub,2025-04-13,2025-04-14,2025-04-20,6,829.0,602.0,1431.0,2
NV103507,Montreal Hub,2025-12-24,2025-12-26,2026-01-10,15,2091.0,1769.0,3860.0,6
NV103508,GTA Hub,2026-04-28,2026-04-28,2026-05-07,9,2375.0,1525.0,3900.0,6
NV103509,Montreal Hub,2025-12-09,2025-12-11,2025-12-19,8,732.0,510.0,1242.0,2
NV103510,Calgary Hub,2026-02-19,2026-02-22,2026-02-28,6,1250.0,881.0,2131.0,7
NV103511,Calgary Hub,2024-04-02,2024-04-04,2024-04-17,13,1561.0,1212.0,2773.0,9
NV103512,GTA Hub,2025-12-11,2025-12-12,2025-12-20,8,1488.0,1078.0,2566.0,12
NV103513,Montreal Hub,2024-06-11,2024-06-13,2024-06-18,5,256.0,307.0,563.0,0
NV103514,Calgary Hub,2026-04-19,2026-04-24,2026-05-10,16,3012.0,2431.0,5443.0,12
NV103515,Calgary Hub,2024-10-29,2024-11-05,2024-11-26,21,4422.0,3276.0,7698.0,10
NV103516,GTA Hub,2024-08-31,2024-08-31,2024-09-08,8,1723.0,1168.0,2891.0,4
NV103517,GTA Hub,2025-09-26,2025-09-26,2025-10-07,11,2610.0,2046.0,4656.0,5
NV103518,GTA Hub,2025-06-20,2025-06-21,2025-06-29,8,1217.0,930.0,2147.0,4
NV103519,GTA Hub,2024-10-15,2024-10-15,2024-10-25,10,1738.0,1268.0,3006.0,5
NV103520,Montreal Hub,2024-02-29,2024-03-02,2024-03-05,3,373.0,359.0,732.0,0
NV103521,GTA Hub,2024-02-29,2024-03-01,2024-03-03,2,224.0,204.0,428.0,1
NV103522,GTA Hub,2025-06-19,2025-06-20,2025-06-27,7,1296.0,1010.0,2306.0,2
NV103523,Calgary Hub,2025-03-07,2025-03-11,2025-03-13,2,182.0,178.0,360.0,1
NV103524,GTA Hub,2024-03-20,2024-03-20,2024-03-23,3,190.0,245.0,435.0,0
NV103525,Calgary Hub,2026-06-25,2026-06-28,2026-07-04,6,958.0,800.0,1758.0,4
NV103526,Montreal Hub,2024-06-04,2024-06-05,2024-06-10,5,1198.0,1041.0,2239.0,6
NV103527,GTA Hub,2025-01-17,2025-01-19,2025-01-30,11,1954.0,1422.0,3376.0,6
NV103528,GTA Hub,2026-05-08,2026-05-08,2026-05-14,6,793.0,540.0,1333.0,2
NV103529,Calgary Hub,2026-02-11,2026-02-12,2026-02-16,4,205.0,222.0,427.0,1
NV103530,Calgary Hub,2025-11-30,2025-12-01,2025-12-05,4,844.0,610.0,1454.0,6
NV103531,GTA Hub,2026-04-01,2026-04-03,2026-04-18,15,2496.0,1876.0,4372.0,10
NV103532,GTA Hub,2025-10-06,2025-10-07,2025-10-14,7,1088.0,929.0,2017.0,10
NV103533,Montreal Hub,2025-05-28,2025-05-29,2025-06-05,7,797.0,694.0,1491.0,2
NV103534,Calgary Hub,2026-08-21,2026-08-25,2026-09-02,8,1790.0,1667.0,3457.0,5
NV103535,Montreal Hub,2024-04-29,2024-04-30,2024-05-08,8,1535.0,1223.0,2758.0,5
NV103536,GTA Hub,2024-07-03,2024-07-03,2024-07-11,8,2016.0,1458.0,3474.0,7
NV103537,Calgary Hub,2026-07-19,2026-07-22,2026-07-24,2,556.0,402.0,958.0,1
NV103538,GTA Hub,2025-05-04,2025-05-05,2025-05-12,7,528.0,426.0,954.0,0
NV103539,GTA Hub,2025-12-13,2025-12-13,2025-12-17,4,325.0,310.0,635.0,0
NV103540,GTA Hub,2025-01-31,2025-02-01,2025-02-05,4,594.0,479.0,1073.0,2
NV103541,GTA Hub,2025-05-27,2025-05-27,2025-05-31,4,492.0,449.0,941.0,2
NV103542,GTA Hub,2025-08-03,2025-08-05,2025-08-12,7,804.0,672.0,1476.0,5
NV103543,Calgary Hub,2026-08-12,2026-08-14,2026-08-20,6,974.0,784.0,1758.0,6
NV103544,Calgary Hub,2026-02-23,2026-02-25,2026-03-04,7,1199.0,1024.0,2223.0,9
NV103545,Montreal Hub,2026-04-02,2026-04-03,2026-04-08,5,549.0,446.0,995.0,1
NV103546,GTA Hub,2026-07-09,2026-07-09,2026-07-16,7,693.0,589.0,1282.0,2
NV103547,GTA Hub,2024-07-28,2024-07-29,2024-08-04,6,520.0,493.0,1013.0,1
NV103548,Montreal Hub,2024-04-27,2024-04-29,2024-05-03,4,158.0,200.0,358.0,0
NV103549,Montreal Hub,2025-11-18,2025-11-20,2025-11-22,2,304.0,344.0,648.0,2
NV103550,Montreal Hub,2026-08-24,2026-08-25,2026-08-30,5,1226.0,1007.0,2233.0,7
NV103551,Calgary Hub,2024-01-19,2024-01-23,2024-01-27,4,695.0,530.0,1225.0,3
NV103552,GTA Hub,2026-06-26,2026-06-28,2026-07-08,10,1009.0,735.0,1744.0,4
NV103553,GTA Hub,2024-12-13,2024-12-13,2024-12-26,13,1985.0,1582.0,3567.0,10
NV103554,Montreal Hub,2025-02-19,2025-02-19,2025-02-28,9,1259.0,909.0,2168.0,8
NV103555,Calgary Hub,2025-08-17,2025-08-19,2025-08-28,9,1623.0,1108.0,2731.0,11
NV103556,GTA Hub,2025-03-25,2025-03-25,2025-04-04,10,2306.0,1761.0,4067.0,7
NV103557,Montreal Hub,2025-05-26,2025-05-28,2025-06-01,4,558.0,558.0,1116.0,7
NV103558,Montreal Hub,2024-10-14,2024-10-16,2024-10-20,4,460.0,405.0,865.0,1
NV103559,GTA Hub,2025-11-08,2025-11-09,2025-11-20,11,1414.0,906.0,2320.0,7
NV103560,GTA Hub,2025-05-23,2025-05-27,2025-06-01,5,496.0,383.0,879.0,7
NV103561,GTA Hub,2026-06-05,2026-06-07,2026-06-16,9,1965.0,1440.0,3405.0,12
NV103562,Calgary Hub,2026-06-04,2026-06-07,2026-06-13,6,1165.0,891.0,2056.0,1
NV103563,GTA Hub,2025-03-04,2025-03-04,2025-03-14,10,2424.0,1680.0,4104.0,6
NV103564,GTA Hub,2025-12-04,2025-12-06,2025-12-11,5,581.0,482.0,1063.0,3
NV103565,GTA Hub,2026-04-01,2026-04-02,2026-04-16,14,2375.0,1796.0,4171.0,9
NV103566,Calgary Hub,2025-05-06,2025-05-07,2025-05-11,4,517.0,429.0,946.0,3
NV103567,GTA Hub,2026-06-21,2026-06-23,2026-06-27,4,519.0,483.0,1002.0,1
NV103568,Montreal Hub,2026-02-04,2026-02-05,2026-02-17,12,1651.0,1226.0,2877.0,9
NV103569,GTA Hub,2026-06-18,2026-06-18,2026-06-29,11,1937.0,1460.0,3397.0,2
NV103570,Calgary Hub,2024-01-12,2024-01-14,2024-01-16,2,80.0,106.0,186.0,0
NV103571,GTA Hub,2024-03-28,2024-03-30,2024-04-01,2,99.0,128.0,227.0,1
NV103572,Calgary Hub,2025-10-13,2025-10-14,2025-10-16,2,319.0,255.0,574.0,1
NV103573,Montreal Hub,2025-01-02,2025-01-03,2025-01-08,5,1055.0,761.0,1816.0,1
NV103574,Montreal Hub,2026-07-29,2026-07-31,2026-08-11,11,2684.0,1884.0,4568.0,10
NV103575,GTA Hub,2025-02-12,2025-02-14,2025-02-18,4,672.0,646.0,1318.0,2
NV103576,GTA Hub,2024-04-13,2024-04-13,2024-04-20,7,1091.0,668.0,1759.0,3
NV103577,GTA Hub,2024-02-11,2024-02-11,2024-02-17,6,807.0,600.0,1407.0,4
NV103578,GTA Hub,2026-02-22,2026-02-23,2026-03-03,8,1375.0,1179.0,2554.0,6
NV103579,GTA Hub,2025-08-22,2025-08-23,2025-08-27,4,708.0,639.0,1347.0,5
NV103580,Calgary Hub,2024-08-11,2024-08-14,2024-08-17,3,466.0,335.0,801.0,7
NV103581,GTA Hub,2024-06-11,2024-06-13,2024-06-19,6,820.0,662.0,1482.0,3
NV103582,GTA Hub,2025-05-08,2025-05-08,2025-05-15,7,960.0,801.0,1761.0,2
NV103583,Montreal Hub,2026-06-26,2026-06-26,2026-07-06,10,1741.0,1111.0,2852.0,9
NV103584,Calgary Hub,2025-11-24,2025-11-27,2025-12-02,5,809.0,651.0,1460.0,4
NV103585,Calgary Hub,2025-09-12,2025-09-14,2025-09-22,8,1362.0,1067.0,2429.0,9
NV103586,Calgary Hub,2025-01-18,2025-01-19,2025-01-26,7,919.0,779.0,1698.0,1
NV103587,GTA Hub,2026-07-01,2026-07-04,2026-07-09,5,1008.0,710.0,1718.0,3
NV103588,Montreal Hub,2026-05-04,2026-05-04,2026-05-12,8,895.0,655.0,1550.0,6
NV103589,Calgary Hub,2024-11-06,2024-11-09,2024-11-14,5,233.0,253.0,486.0,0
NV103590,Calgary Hub,2026-04-13,2026-04-15,2026-04-21,6,1220.0,810.0,2030.0,2
NV103591,GTA Hub,2024-11-25,2024-11-25,2024-11-29,4,1033.0,784.0,1817.0,5
NV103592,Montreal Hub,2026-01-27,2026-01-28,2026-02-10,13,3288.0,2062.0,5350.0,10
NV103593,GTA Hub,2024-06-30,2024-06-30,2024-07-06,6,1112.0,930.0,2042.0,2
NV103594,GTA Hub,2025-09-30,2025-09-30,2025-10-05,5,493.0,436.0,929.0,5
NV103595,Montreal Hub,2026-03-25,2026-03-27,2026-04-02,6,1150.0,889.0,2039.0,5
NV103596,Montreal Hub,2024-02-13,2024-02-16,2024-02-19,3,652.0,561.0,1213.0,3
NV103597,GTA Hub,2026-03-08,2026-03-09,2026-03-12,3,994.0,722.0,1716.0,3
NV103598,GTA Hub,2025-05-31,2025-05-31,2025-06-05,5,1468.0,1095.0,2563.0,6
NV103599,GTA Hub,2026-06-10,2026-06-11,2026-06-27,16,3896.0,2485.0,6381.0,13
NV103600,GTA Hub,2026-02-22,2026-02-22,2026-03-07,13,2589.0,1963.0,4552.0,8
NV103601,GTA Hub,2025-05-26,2025-05-27,2025-06-03,7,1363.0,966.0,2329.0,3
NV103602,GTA Hub,2026-03-04,2026-03-06,2026-03-26,20,4789.0,3356.0,8145.0,12
NV103603,GTA Hub,2026-08-24,2026-08-24,2026-08-30,6,1388.0,1095.0,2483.0,7
NV103604,GTA Hub,2026-05-01,2026-05-01,2026-05-07,6,1509.0,984.0,2493.0,3
NV103605,GTA Hub,2025-12-13,2025-12-15,2025-12-23,8,1894.0,1312.0,3206.0,9
NV103606,Montreal Hub,2026-05-15,2026-05-18,2026-05-28,10,1553.0,1124.0,2677.0,2
NV103607,GTA Hub,2025-09-12,2025-09-13,2025-09-17,4,1045.0,713.0,1758.0,7
NV103608,GTA Hub,2026-05-22,2026-05-22,2026-05-28,6,1464.0,1058.0,2522.0,3
NV103609,Calgary Hub,2025-07-08,2025-07-10,2025-07-13,3,597.0,498.0,1095.0,4
NV103610,Calgary Hub,2026-02-08,2026-02-10,2026-02-22,12,2607.0,1810.0,4417.0,11
NV103611,Calgary Hub,2024-01-31,2024-02-01,2024-02-08,7,1584.0,1374.0,2958.0,8
NV103612,GTA Hub,2025-10-15,2025-10-15,2025-10-20,5,577.0,428.0,1005.0,1
NV103613,Montreal Hub,2025-11-24,2025-11-27,2025-12-03,6,447.0,458.0,905.0,9
NV103614,Montreal Hub,2025-02-03,2025-02-05,2025-02-17,12,1938.0,1639.0,3577.0,9
NV103615,GTA Hub,2025-07-02,2025-07-03,2025-07-08,5,1055.0,883.0,1938.0,8
NV103616,GTA Hub,2024-11-16,2024-11-17,2024-11-21,4,657.0,470.0,1127.0,9
NV103617,Montreal Hub,2024-09-09,2024-09-13,2024-09-25,12,2078.0,1465.0,3543.0,1
NV103618,GTA Hub,2026-01-16,2026-01-17,2026-01-23,6,1331.0,819.0,2150.0,2
NV103619,GTA Hub,2026-08-09,2026-08-12,2026-08-15,3,406.0,331.0,737.0,1
NV103620,GTA Hub,2026-04-23,2026-04-24,2026-04-28,4,779.0,568.0,1347.0,2
NV103621,GTA Hub,2025-06-28,2025-06-30,2025-07-08,8,1437.0,1130.0,2567.0,5
NV103622,Montreal Hub,2026-08-17,2026-08-18,2026-08-25,7,1378.0,1098.0,2476.0,8
NV103623,Montreal Hub,2026-08-26,2026-08-28,2026-09-01,4,738.0,707.0,1445.0,4
NV103624,GTA Hub,2025-11-15,2025-11-16,2025-11-22,6,847.0,666.0,1513.0,8
NV103625,Calgary Hub,2026-03-01,2026-03-06,2026-03-15,9,1560.0,1285.0,2845.0,4
NV103626,GTA Hub,2024-09-06,2024-09-09,2024-09-12,3,271.0,187.0,458.0,0
NV103627,Montreal Hub,2025-09-20,2025-09-20,2025-10-02,12,1931.0,1239.0,3170.0,5
NV103628,Calgary Hub,2024-09-27,2024-09-29,2024-10-08,9,2366.0,1468.0,3834.0,6
NV103629,GTA Hub,2025-11-07,2025-11-07,2025-11-09,2,442.0,381.0,823.0,2
NV103630,Montreal Hub,2024-09-14,2024-09-18,2024-09-23,5,1261.0,836.0,2097.0,11
NV103631,Calgary Hub,2025-08-18,2025-08-23,2025-08-27,4,749.0,535.0,1284.0,1
NV103632,GTA Hub,2025-11-19,2025-11-20,2025-11-26,6,870.0,855.0,1725.0,7
NV103633,GTA Hub,2024-04-03,2024-04-04,2024-04-09,5,250.0,266.0,516.0,4
NV103634,Calgary Hub,2025-04-11,2025-04-17,2025-04-21,4,514.0,444.0,958.0,2
NV103635,Calgary Hub,2024-06-24,2024-06-27,2024-07-02,5,1545.0,1215.0,2760.0,10
NV103636,Calgary Hub,2025-06-28,2025-06-30,2025-07-17,17,3272.0,2265.0,5537.0,5
NV103637,Montreal Hub,2025-05-26,2025-05-26,2025-06-02,7,1089.0,1061.0,2150.0,7
NV103638,GTA Hub,2025-01-12,2025-01-13,2025-01-20,7,718.0,523.0,1241.0,5
NV103639,GTA Hub,2025-12-20,2025-12-20,2025-12-27,7,910.0,674.0,1584.0,4
NV103640,GTA Hub,2026-08-28,2026-08-28,2026-09-02,5,932.0,639.0,1571.0,3
NV103641,GTA Hub,2024-12-31,2025-01-01,2025-01-07,6,924.0,842.0,1766.0,3
NV103642,GTA Hub,2025-03-13,2025-03-14,2025-03-20,6,566.0,460.0,1026.0,1
NV103643,GTA Hub,2026-08-12,2026-08-13,2026-08-21,8,1440.0,1076.0,2516.0,6
NV103644,Calgary Hub,2024-10-26,2024-10-30,2024-11-09,10,2207.0,1632.0,3839.0,11
NV103645,Montreal Hub,2025-06-19,2025-06-19,2025-06-23,4,378.0,315.0,693.0,4
NV103646,GTA Hub,2025-06-20,2025-06-22,2025-06-28,6,783.0,628.0,1411.0,4
NV103647,GTA Hub,2025-07-03,2025-07-03,2025-07-14,11,1929.0,1403.0,3332.0,9
NV103648,GTA Hub,2025-07-28,2025-07-30,2025-08-03,4,631.0,429.0,1060.0,1
NV103649,GTA Hub,2025-07-22,2025-07-25,2025-08-02,8,1375.0,1311.0,2686.0,5
NV103650,Calgary Hub,2024-08-13,2024-08-15,2024-08-28,13,2580.0,2074.0,4654.0,7
NV103651,Calgary Hub,2026-05-26,2026-05-29,2026-06-05,7,1070.0,745.0,1815.0,1
NV103652,GTA Hub,2024-04-07,2024-04-08,2024-04-18,10,2181.0,1601.0,3782.0,12
NV103653,GTA Hub,2025-10-04,2025-10-06,2025-10-08,2,305.0,287.0,592.0,0
NV103654,GTA Hub,2026-01-09,2026-01-12,2026-01-20,8,2236.0,1477.0,3713.0,10
NV103655,GTA Hub,2024-03-26,2024-03-28,2024-04-02,5,745.0,620.0,1365.0,4
NV103656,GTA Hub,2024-08-11,2024-08-13,2024-08-25,12,3021.0,2026.0,5047.0,10
NV103657,GTA Hub,2026-02-02,2026-02-04,2026-02-15,11,1728.0,1256.0,2984.0,7
NV103658,GTA Hub,2025-03-25,2025-03-25,2025-04-05,11,1961.0,1696.0,3657.0,8
NV103659,GTA Hub,2026-06-04,2026-06-04,2026-06-16,12,1795.0,1269.0,3064.0,10
NV103660,GTA Hub,2024-04-16,2024-04-17,2024-04-22,5,232.0,266.0,498.0,4
NV103661,Montreal Hub,2025-09-14,2025-09-17,2025-09-28,11,2154.0,1678.0,3832.0,4
NV103662,Calgary Hub,2026-08-19,2026-08-25,2026-08-29,4,651.0,508.0,1159.0,4
NV103663,GTA Hub,2025-05-16,2025-05-18,2025-05-28,10,1067.0,862.0,1929.0,1
NV103664,GTA Hub,2024-06-11,2024-06-12,2024-06-18,6,942.0,753.0,1695.0,9
NV103665,GTA Hub,2026-05-01,2026-05-02,2026-05-12,10,2304.0,1716.0,4020.0,7
NV103666,Calgary Hub,2024-06-03,2024-06-03,2024-06-05,2,199.0,239.0,438.0,1
NV103667,GTA Hub,2024-02-14,2024-02-14,2024-02-18,4,125.0,180.0,305.0,0
NV103668,GTA Hub,2025-01-14,2025-01-14,2025-01-22,8,1984.0,1776.0,3760.0,9
NV103669,GTA Hub,2026-05-11,2026-05-12,2026-05-18,6,1077.0,792.0,1869.0,11
NV103670,GTA Hub,2026-08-19,2026-08-19,2026-08-27,8,2267.0,1518.0,3785.0,2
NV103671,GTA Hub,2026-06-24,2026-06-24,2026-07-01,7,1862.0,1461.0,3323.0,4
NV103672,GTA Hub,2025-03-25,2025-03-26,2025-04-04,9,1789.0,1278.0,3067.0,3
NV103673,GTA Hub,2025-08-08,2025-08-09,2025-08-19,10,1960.0,1575.0,3535.0,7
NV103674,GTA Hub,2025-01-07,2025-01-08,2025-01-19,11,1812.0,1309.0,3121.0,5
NV103675,Montreal Hub,2024-06-22,2024-06-23,2024-06-30,7,1483.0,994.0,2477.0,4
NV103676,GTA Hub,2024-08-08,2024-08-12,2024-08-17,5,1047.0,928.0,1975.0,5
NV103677,Calgary Hub,2026-03-23,2026-03-29,2026-04-10,12,2636.0,1769.0,4405.0,11
NV103678,Calgary Hub,2026-02-21,2026-02-24,2026-03-01,5,995.0,801.0,1796.0,7
NV103679,GTA Hub,2025-09-14,2025-09-15,2025-09-23,8,1662.0,1358.0,3020.0,9
NV103680,GTA Hub,2025-09-04,2025-09-05,2025-09-07,2,528.0,390.0,918.0,2
NV103681,GTA Hub,2025-08-21,2025-08-22,2025-09-03,12,2229.0,1742.0,3971.0,10
NV103682,GTA Hub,2026-02-21,2026-02-23,2026-02-28,5,1120.0,786.0,1906.0,2
NV103683,GTA Hub,2026-07-17,2026-07-18,2026-07-23,5,1021.0,843.0,1864.0,10
NV103684,GTA Hub,2025-06-27,2025-06-30,2025-07-03,3,602.0,520.0,1122.0,2
NV103685,GTA Hub,2026-07-16,2026-07-17,2026-07-25,8,1117.0,788.0,1905.0,8
NV103686,Montreal Hub,2026-07-03,2026-07-07,2026-07-13,6,489.0,455.0,944.0,0
NV103687,Calgary Hub,2025-06-09,2025-06-11,2025-06-17,6,753.0,607.0,1360.0,3
NV103688,Calgary Hub,2025-05-03,2025-05-03,2025-05-11,8,1389.0,1247.0,2636.0,4
NV103689,Calgary Hub,2024-12-05,2024-12-05,2024-12-10,5,645.0,460.0,1105.0,1
NV103690,GTA Hub,2024-04-24,2024-04-25,2024-05-03,8,839.0,626.0,1465.0,4
NV103691,Calgary Hub,2026-08-15,2026-08-17,2026-08-22,5,1298.0,908.0,2206.0,6
NV103692,GTA Hub,2025-05-01,2025-05-01,2025-05-10,9,1213.0,875.0,2088.0,7
NV103693,GTA Hub,2026-05-12,2026-05-13,2026-05-24,11,2636.0,1991.0,4627.0,7
NV103694,GTA Hub,2026-03-26,2026-03-26,2026-04-05,10,2470.0,1681.0,4151.0,4
NV103695,GTA Hub,2026-04-04,2026-04-06,2026-04-09,3,527.0,424.0,951.0,2
NV103696,Montreal Hub,2025-04-10,2025-04-12,2025-04-20,8,1144.0,699.0,1843.0,3
NV103697,GTA Hub,2025-04-18,2025-04-20,2025-04-25,5,438.0,340.0,778.0,3
NV103698,GTA Hub,2026-03-08,2026-03-08,2026-03-17,9,1942.0,1644.0,3586.0,8
NV103699,Calgary Hub,2026-04-24,2026-04-29,2026-05-05,6,1010.0,747.0,1757.0,7
NV103700,GTA Hub,2025-04-12,2025-04-14,2025-04-17,3,935.0,764.0,1699.0,3
NV103701,GTA Hub,2026-03-20,2026-03-22,2026-03-26,4,724.0,492.0,1216.0,4
NV103702,GTA Hub,2025-06-05,2025-06-06,2025-06-08,2,763.0,604.0,1367.0,8
NV103703,Calgary Hub,2026-08-18,2026-08-23,2026-08-29,6,721.0,533.0,1254.0,0
NV103704,GTA Hub,2026-07-23,2026-07-23,2026-08-01,9,1742.0,1196.0,2938.0,8
NV103705,Montreal Hub,2025-04-06,2025-04-06,2025-04-13,7,557.0,628.0,1185.0,5
NV103706,GTA Hub,2024-10-11,2024-10-11,2024-10-15,4,751.0,608.0,1359.0,5
NV103707,Calgary Hub,2026-01-29,2026-01-31,2026-02-03,3,917.0,587.0,1504.0,1
NV103708,Calgary Hub,2025-11-27,2025-12-03,2025-12-09,6,1075.0,829.0,1904.0,2
NV103709,GTA Hub,2024-08-21,2024-08-23,2024-08-25,2,111.0,148.0,259.0,1
NV103710,Calgary Hub,2024-02-02,2024-02-05,2024-02-11,6,703.0,539.0,1242.0,6
NV103711,GTA Hub,2025-04-22,2025-04-22,2025-04-29,7,1027.0,815.0,1842.0,5
NV103712,GTA Hub,2025-10-22,2025-10-23,2025-11-04,12,1978.0,1408.0,3386.0,7
NV103713,GTA Hub,2026-05-26,2026-05-26,2026-06-07,12,1733.0,1462.0,3195.0,14
NV103714,GTA Hub,2025-05-20,2025-05-20,2025-06-01,12,2553.0,1772.0,4325.0,9
NV103715,GTA Hub,2025-02-04,2025-02-05,2025-02-16,11,2544.0,1762.0,4306.0,17
NV103716,GTA Hub,2024-05-24,2024-05-25,2024-05-27,2,489.0,354.0,843.0,2
NV103717,GTA Hub,2025-04-27,2025-05-02,2025-05-08,6,1337.0,1037.0,2374.0,4
NV103718,Calgary Hub,2026-05-26,2026-06-01,2026-06-15,14,2858.0,1992.0,4850.0,5
NV103719,GTA Hub,2026-06-18,2026-06-20,2026-06-25,5,868.0,734.0,1602.0,3
NV103720,Calgary Hub,2025-08-23,2025-08-25,2025-08-31,6,1733.0,1213.0,2946.0,10
NV103721,Calgary Hub,2025-04-15,2025-04-19,2025-04-24,5,416.0,364.0,780.0,0
NV103722,GTA Hub,2026-07-23,2026-07-23,2026-07-31,8,1035.0,766.0,1801.0,6
NV103723,Calgary Hub,2024-04-10,2024-04-15,2024-04-22,7,1041.0,723.0,1764.0,2
NV103724,GTA Hub,2025-11-03,2025-11-05,2025-11-14,9,2225.0,1731.0,3956.0,12
NV103725,Calgary Hub,2024-08-03,2024-08-04,2024-08-06,2,185.0,201.0,386.0,0
NV103726,GTA Hub,2025-08-16,2025-08-17,2025-08-23,6,669.0,600.0,1269.0,4
NV103727,GTA Hub,2026-05-12,2026-05-14,2026-05-18,4,735.0,544.0,1279.0,6
NV103728,GTA Hub,2026-02-22,2026-02-22,2026-03-10,16,3295.0,2327.0,5622.0,9
NV103729,GTA Hub,2025-10-25,2025-10-26,2025-11-01,6,1318.0,909.0,2227.0,13
NV103730,Calgary Hub,2026-02-07,2026-02-08,2026-02-15,7,931.0,784.0,1715.0,4
NV103731,GTA Hub,2025-10-21,2025-10-21,2025-10-23,2,113.0,201.0,314.0,1
NV103732,GTA Hub,2025-10-29,2025-10-31,2025-11-10,10,1978.0,1596.0,3574.0,7
NV103733,GTA Hub,2026-07-02,2026-07-03,2026-07-08,5,490.0,426.0,916.0,4
NV103734,Montreal Hub,2026-02-13,2026-02-15,2026-02-20,5,829.0,570.0,1399.0,4
NV103735,Calgary Hub,2024-02-08,2024-02-10,2024-02-12,2,125.0,160.0,285.0,1
NV103736,GTA Hub,2024-12-26,2024-12-27,2024-12-31,4,486.0,434.0,920.0,6
NV103737,GTA Hub,2026-05-08,2026-05-08,2026-05-10,2,307.0,246.0,553.0,2
NV103738,GTA Hub,2026-07-08,2026-07-09,2026-07-14,5,1281.0,919.0,2200.0,10
NV103739,Montreal Hub,2025-08-19,2025-08-21,2025-08-23,2,213.0,255.0,468.0,1
NV103740,GTA Hub,2025-04-15,2025-04-16,2025-04-21,5,835.0,503.0,1338.0,4
NV103741,Calgary Hub,2026-01-20,2026-01-22,2026-01-25,3,346.0,277.0,623.0,2
NV103742,GTA Hub,2024-03-09,2024-03-09,2024-03-15,6,888.0,739.0,1627.0,2
NV103743,GTA Hub,2024-02-08,2024-02-11,2024-02-13,2,325.0,303.0,628.0,1
NV103744,GTA Hub,2024-01-03,2024-01-05,2024-01-09,4,913.0,634.0,1547.0,4
NV103745,GTA Hub,2026-08-16,2026-08-16,2026-08-24,8,1577.0,1138.0,2715.0,8
NV103746,GTA Hub,2026-01-13,2026-01-15,2026-01-23,8,1487.0,1006.0,2493.0,6
NV103747,GTA Hub,2024-02-12,2024-02-12,2024-02-17,5,801.0,608.0,1409.0,1
NV103748,GTA Hub,2025-08-07,2025-08-08,2025-08-22,14,2945.0,2034.0,4979.0,18
NV103749,Calgary Hub,2026-08-05,2026-08-11,2026-08-15,4,766.0,618.0,1384.0,4
NV103750,GTA Hub,2024-02-19,2024-02-20,2024-02-22,2,194.0,218.0,412.0,1
NV103751,Calgary Hub,2026-06-10,2026-06-13,2026-06-29,16,2752.0,2070.0,4822.0,9
NV103752,Montreal Hub,2025-07-02,2025-07-05,2025-07-17,12,2144.0,1922.0,4066.0,9
NV103753,Montreal Hub,2026-03-29,2026-03-30,2026-04-13,14,3071.0,2189.0,5260.0,3
NV103754,GTA Hub,2025-12-21,2025-12-22,2025-12-24,2,644.0,431.0,1075.0,3
NV103755,GTA Hub,2025-03-26,2025-03-26,2025-04-02,7,1969.0,1200.0,3169.0,8
NV103756,GTA Hub,2025-03-10,2025-03-10,2025-03-18,8,1362.0,904.0,2266.0,4
NV103757,Calgary Hub,2024-09-23,2024-09-23,2024-09-30,7,692.0,528.0,1220.0,6
NV103758,GTA Hub,2024-04-16,2024-04-17,2024-04-27,10,1264.0,996.0,2260.0,6
NV103759,GTA Hub,2025-09-17,2025-09-21,2025-09-25,4,107.0,141.0,248.0,2
NV103760,GTA Hub,2024-03-12,2024-03-14,2024-03-19,5,979.0,633.0,1612.0,2
NV103761,Montreal Hub,2025-03-26,2025-03-26,2025-03-30,4,527.0,441.0,968.0,0
NV103762,Montreal Hub,2024-07-23,2024-07-24,2024-08-01,8,1079.0,908.0,1987.0,1
NV103763,GTA Hub,2026-08-20,2026-08-21,2026-08-26,5,504.0,459.0,963.0,1
NV103764,Calgary Hub,2025-11-09,2025-11-10,2025-11-21,11,1728.0,1283.0,3011.0,20
NV103765,GTA Hub,2024-09-23,2024-09-24,2024-10-14,20,4528.0,2808.0,7336.0,11
NV103766,GTA Hub,2024-01-18,2024-01-20,2024-01-25,5,319.0,301.0,620.0,3
NV103767,Montreal Hub,2025-03-26,2025-03-28,2025-04-09,12,1974.0,1465.0,3439.0,3
NV103768,GTA Hub,2025-07-03,2025-07-04,2025-07-13,9,1678.0,1207.0,2885.0,9
NV103769,GTA Hub,2025-08-19,2025-08-19,2025-08-26,7,1654.0,1132.0,2786.0,4
NV103770,GTA Hub,2025-06-01,2025-06-02,2025-06-07,5,809.0,654.0,1463.0,5
NV103771,Montreal Hub,2025-10-30,2025-11-01,2025-11-11,10,1377.0,1017.0,2394.0,6
NV103772,Calgary Hub,2026-03-20,2026-03-22,2026-03-25,3,784.0,586.0,1370.0,4
NV103773,GTA Hub,2025-05-07,2025-05-08,2025-05-11,3,376.0,340.0,716.0,1
NV103774,GTA Hub,2024-09-23,2024-09-27,2024-10-06,9,908.0,726.0,1634.0,0
NV103775,Calgary Hub,2025-12-20,2025-12-25,2025-12-31,6,785.0,593.0,1378.0,3
NV103776,GTA Hub,2025-11-17,2025-11-20,2025-11-25,5,829.0,748.0,1577.0,1
NV103777,GTA Hub,2025-06-01,2025-06-01,2025-06-05,4,575.0,481.0,1056.0,1
NV103778,Calgary Hub,2025-04-16,2025-04-21,2025-04-27,6,704.0,551.0,1255.0,3
NV103779,GTA Hub,2025-02-16,2025-02-16,2025-02-27,11,2354.0,2038.0,4392.0,6
NV103780,Montreal Hub,2026-01-03,2026-01-04,2026-01-07,3,253.0,258.0,511.0,1
NV103781,GTA Hub,2025-02-08,2025-02-08,2025-02-11,3,137.0,181.0,318.0,2
NV103782,GTA Hub,2026-04-26,2026-04-27,2026-05-04,7,1166.0,952.0,2118.0,2
NV103783,GTA Hub,2026-08-16,2026-08-16,2026-08-21,5,720.0,502.0,1222.0,6
NV103784,GTA Hub,2024-05-25,2024-05-27,2024-05-31,4,569.0,496.0,1065.0,5
NV103785,Montreal Hub,2024-01-27,2024-01-28,2024-01-30,2,357.0,359.0,716.0,1
NV103786,Calgary Hub,2026-04-29,2026-05-03,2026-05-13,10,1857.0,1476.0,3333.0,8
NV103787,Calgary Hub,2026-05-29,2026-06-01,2026-06-12,11,1647.0,1137.0,2784.0,5
NV103788,Calgary Hub,2025-08-23,2025-08-23,2025-09-05,13,2167.0,1623.0,3790.0,3
NV103789,Calgary Hub,2024-06-05,2024-06-07,2024-06-11,4,83.0,107.0,190.0,0
NV103790,GTA Hub,2025-09-07,2025-09-07,2025-09-13,6,1217.0,917.0,2134.0,3
NV103791,GTA Hub,2025-02-28,2025-03-01,2025-03-07,6,1737.0,1100.0,2837.0,7
NV103792,GTA Hub,2025-01-30,2025-01-31,2025-02-03,3,657.0,533.0,1190.0,7
NV103793,Montreal Hub,2024-11-01,2024-11-02,2024-11-08,6,535.0,398.0,933.0,6
NV103794,GTA Hub,2024-03-08,2024-03-08,2024-03-12,4,181.0,187.0,368.0,1
NV103795,GTA Hub,2024-09-18,2024-09-19,2024-09-24,5,877.0,698.0,1575.0,4
NV103796,GTA Hub,2025-04-06,2025-04-08,2025-04-14,6,503.0,393.0,896.0,8
NV103797,GTA Hub,2024-03-16,2024-03-16,2024-03-22,6,566.0,524.0,1090.0,4
NV103798,GTA Hub,2024-09-01,2024-09-03,2024-09-11,8,1277.0,1001.0,2278.0,6
NV103799,GTA Hub,2024-09-24,2024-09-26,2024-10-02,6,1134.0,901.0,2035.0,6
NV103800,Montreal Hub,2024-07-11,2024-07-13,2024-07-16,3,145.0,198.0,343.0,1
NV103801,GTA Hub,2025-05-06,2025-05-06,2025-05-13,7,1080.0,832.0,1912.0,1
NV103802,Calgary Hub,2026-03-08,2026-03-10,2026-03-15,5,743.0,735.0,1478.0,5
NV103803,Calgary Hub,2026-06-05,2026-06-07,2026-06-16,9,1959.0,1311.0,3270.0,8
NV103804,Calgary Hub,2025-07-20,2025-07-22,2025-07-28,6,826.0,742.0,1568.0,4
NV103805,Calgary Hub,2026-04-10,2026-04-12,2026-04-21,9,2088.0,1288.0,3376.0,8
NV103806,Calgary Hub,2025-04-29,2025-05-01,2025-05-06,5,875.0,870.0,1745.0,2
NV103807,GTA Hub,2026-01-15,2026-01-17,2026-01-19,2,472.0,439.0,911.0,3
NV103808,Montreal Hub,2024-11-29,2024-11-29,2024-12-04,5,723.0,606.0,1329.0,2
NV103809,GTA Hub,2025-07-23,2025-07-24,2025-08-06,13,3006.0,2203.0,5209.0,11
NV103810,GTA Hub,2025-11-23,2025-11-26,2025-12-05,9,1366.0,1004.0,2370.0,3
NV103811,GTA Hub,2024-10-21,2024-10-22,2024-10-26,4,773.0,674.0,1447.0,0
NV103812,Montreal Hub,2025-05-12,2025-05-13,2025-05-19,6,1184.0,886.0,2070.0,2
NV103813,Calgary Hub,2025-02-25,2025-02-27,2025-03-12,13,2868.0,1952.0,4820.0,10
NV103814,Calgary Hub,2024-10-01,2024-10-04,2024-10-06,2,509.0,413.0,922.0,2
NV103815,GTA Hub,2026-06-13,2026-06-13,2026-06-20,7,1291.0,1045.0,2336.0,7
NV103816,GTA Hub,2025-02-04,2025-02-04,2025-02-11,7,855.0,602.0,1457.0,4
NV103817,GTA Hub,2024-04-25,2024-04-27,2024-05-08,11,2309.0,1748.0,4057.0,6
NV103818,Calgary Hub,2025-12-24,2025-12-30,2026-01-08,9,1059.0,671.0,1730.0,4
NV103819,GTA Hub,2024-10-26,2024-10-26,2024-11-06,11,1826.0,1239.0,3065.0,4
NV103820,Montreal Hub,2024-11-25,2024-11-26,2024-12-02,6,390.0,336.0,726.0,2
NV103821,GTA Hub,2026-06-25,2026-06-26,2026-07-05,9,1711.0,1311.0,3022.0,5
NV103822,Calgary Hub,2025-07-06,2025-07-09,2025-07-14,5,1143.0,659.0,1802.0,4
NV103823,GTA Hub,2024-06-24,2024-06-24,2024-06-26,2,132.0,183.0,315.0,2
NV103824,GTA Hub,2025-08-31,2025-08-31,2025-09-07,7,635.0,610.0,1245.0,1
NV103825,GTA Hub,2026-08-17,2026-08-17,2026-08-22,5,649.0,576.0,1225.0,0
NV103826,GTA Hub,2026-07-17,2026-07-18,2026-07-26,8,1236.0,871.0,2107.0,4
NV103827,Calgary Hub,2025-02-12,2025-02-19,2025-02-28,9,1901.0,1383.0,3284.0,13
NV103828,Calgary Hub,2025-10-28,2025-10-29,2025-11-07,9,1415.0,1135.0,2550.0,1
NV103829,GTA Hub,2025-04-22,2025-04-22,2025-05-01,9,1134.0,991.0,2125.0,2
NV103830,Montreal Hub,2026-05-06,2026-05-09,2026-05-15,6,1009.0,742.0,1751.0,2
NV103831,Calgary Hub,2026-01-30,2026-01-30,2026-02-05,6,1221.0,875.0,2096.0,4
NV103832,Calgary Hub,2025-01-01,2025-01-04,2025-01-09,5,491.0,423.0,914.0,1
NV103833,GTA Hub,2024-09-12,2024-09-12,2024-09-18,6,966.0,756.0,1722.0,3
NV103834,Montreal Hub,2026-08-13,2026-08-13,2026-08-18,5,795.0,680.0,1475.0,8
NV103835,Montreal Hub,2025-04-26,2025-04-27,2025-05-01,4,897.0,738.0,1635.0,6
NV103836,GTA Hub,2025-12-24,2025-12-25,2026-01-04,10,2752.0,2036.0,4788.0,9
NV103837,GTA Hub,2026-07-08,2026-07-09,2026-07-18,9,1639.0,1287.0,2926.0,9
NV103838,Montreal Hub,2025-02-12,2025-02-13,2025-02-16,3,373.0,329.0,702.0,2
NV103839,Montreal Hub,2025-12-24,2025-12-26,2026-01-01,6,917.0,790.0,1707.0,4
NV103840,Montreal Hub,2025-04-23,2025-04-27,2025-05-04,7,920.0,742.0,1662.0,4
NV103841,GTA Hub,2026-01-19,2026-01-21,2026-01-25,4,415.0,372.0,787.0,1
NV103842,Calgary Hub,2025-06-11,2025-06-12,2025-06-17,5,582.0,481.0,1063.0,5
NV103843,GTA Hub,2025-03-19,2025-03-20,2025-03-28,8,826.0,679.0,1505.0,3
NV103844,GTA Hub,2026-07-17,2026-07-17,2026-07-24,7,1232.0,921.0,2153.0,10
NV103845,Calgary Hub,2025-07-10,2025-07-11,2025-07-17,6,572.0,507.0,1079.0,3
NV103846,GTA Hub,2026-02-18,2026-02-18,2026-02-22,4,461.0,380.0,841.0,2
NV103847,GTA Hub,2025-03-26,2025-03-26,2025-03-31,5,768.0,538.0,1306.0,3
NV103848,Calgary Hub,2025-04-18,2025-04-20,2025-04-25,5,887.0,701.0,1588.0,2
NV103849,Calgary Hub,2026-08-11,2026-08-15,2026-08-19,4,561.0,466.0,1027.0,1
NV103850,GTA Hub,2026-02-23,2026-02-24,2026-03-05,9,2896.0,2425.0,5321.0,14
NV103851,GTA Hub,2026-04-01,2026-04-02,2026-04-08,6,790.0,526.0,1316.0,0
NV103852,GTA Hub,2025-12-08,2025-12-09,2025-12-15,6,749.0,533.0,1282.0,4
NV103853,Montreal Hub,2026-03-27,2026-03-31,2026-04-05,5,768.0,564.0,1332.0,4
NV103854,Calgary Hub,2025-12-07,2025-12-07,2025-12-12,5,483.0,445.0,928.0,6
NV103855,Calgary Hub,2026-04-25,2026-04-28,2026-05-01,3,1158.0,939.0,2097.0,4
NV103856,GTA Hub,2025-08-20,2025-08-20,2025-08-24,4,891.0,752.0,1643.0,10
NV103857,Calgary Hub,2026-03-16,2026-03-18,2026-03-26,8,1097.0,853.0,1950.0,4
NV103858,GTA Hub,2025-09-15,2025-09-16,2025-09-21,5,130.0,190.0,320.0,1
NV103859,Calgary Hub,2026-03-15,2026-03-18,2026-03-28,10,1490.0,1144.0,2634.0,5
NV103860,Calgary Hub,2025-09-25,2025-09-28,2025-10-03,5,1133.0,810.0,1943.0,7
NV103861,GTA Hub,2025-01-21,2025-01-21,2025-01-28,7,1238.0,979.0,2217.0,4
NV103862,GTA Hub,2026-07-04,2026-07-05,2026-07-12,7,558.0,407.0,965.0,1
NV103863,Montreal Hub,2024-06-30,2024-07-04,2024-07-08,4,378.0,310.0,688.0,4
NV103864,GTA Hub,2025-10-22,2025-10-24,2025-11-02,9,1472.0,1079.0,2551.0,8
NV103865,Calgary Hub,2025-03-22,2025-03-26,2025-03-31,5,383.0,345.0,728.0,6
NV103866,GTA Hub,2024-11-28,2024-11-28,2024-12-09,11,1984.0,1464.0,3448.0,7
NV103867,Montreal Hub,2026-07-20,2026-07-23,2026-07-29,6,780.0,556.0,1336.0,2
NV103868,GTA Hub,2026-07-18,2026-07-20,2026-07-28,8,1463.0,1048.0,2511.0,6
NV103869,GTA Hub,2026-08-25,2026-08-25,2026-08-28,3,480.0,449.0,929.0,7
NV103870,GTA Hub,2025-08-21,2025-08-22,2025-08-31,9,1926.0,1391.0,3317.0,1
NV103871,GTA Hub,2025-10-29,2025-10-30,2025-11-12,13,2166.0,1867.0,4033.0,12
NV103872,Montreal Hub,2025-05-07,2025-05-09,2025-05-13,4,492.0,449.0,941.0,2
NV103873,GTA Hub,2025-07-12,2025-07-12,2025-07-21,9,1703.0,1233.0,2936.0,8
NV103874,GTA Hub,2025-05-25,2025-05-27,2025-05-31,4,527.0,477.0,1004.0,5
NV103875,Calgary Hub,2025-12-11,2025-12-15,2025-12-23,8,1695.0,1298.0,2993.0,7
NV103876,GTA Hub,2025-08-06,2025-08-06,2025-08-09,3,277.0,273.0,550.0,6
NV103877,GTA Hub,2024-06-26,2024-06-27,2024-06-30,3,221.0,211.0,432.0,0
NV103878,Calgary Hub,2024-08-09,2024-08-10,2024-08-12,2,622.0,498.0,1120.0,4
NV103879,Montreal Hub,2024-04-26,2024-04-28,2024-05-07,9,1637.0,1207.0,2844.0,12
NV103880,GTA Hub,2025-08-04,2025-08-06,2025-08-12,6,1189.0,1006.0,2195.0,10
NV103881,GTA Hub,2024-11-05,2024-11-06,2024-11-10,4,330.0,333.0,663.0,4
NV103882,GTA Hub,2025-07-18,2025-07-21,2025-08-02,12,2687.0,1989.0,4676.0,8
NV103883,GTA Hub,2025-02-19,2025-02-20,2025-02-24,4,162.0,155.0,317.0,1
NV103884,Calgary Hub,2026-04-29,2026-05-03,2026-05-05,2,378.0,327.0,705.0,1
NV103885,GTA Hub,2026-06-04,2026-06-04,2026-06-18,14,2682.0,2110.0,4792.0,8
NV103886,GTA Hub,2024-04-07,2024-04-08,2024-04-14,6,659.0,471.0,1130.0,4
NV103887,GTA Hub,2026-06-21,2026-06-25,2026-06-27,2,411.0,372.0,783.0,2
NV103888,Montreal Hub,2025-03-22,2025-03-25,2025-04-02,8,1642.0,1281.0,2923.0,11
NV103889,GTA Hub,2025-07-19,2025-07-22,2025-07-30,8,1014.0,898.0,1912.0,6
NV103890,Calgary Hub,2024-06-04,2024-06-05,2024-06-10,5,427.0,342.0,769.0,1
NV103891,Calgary Hub,2024-04-05,2024-04-08,2024-04-11,3,342.0,317.0,659.0,2
NV103892,Calgary Hub,2026-05-19,2026-05-22,2026-05-28,6,1266.0,834.0,2100.0,3
NV103893,Montreal Hub,2025-05-13,2025-05-14,2025-05-20,6,734.0,608.0,1342.0,4
NV103894,GTA Hub,2024-07-29,2024-07-30,2024-08-11,12,2464.0,2027.0,4491.0,11
NV103895,GTA Hub,2026-04-21,2026-04-22,2026-04-24,2,193.0,208.0,401.0,2
NV103896,GTA Hub,2025-10-20,2025-10-20,2025-10-30,10,1698.0,1197.0,2895.0,14
NV103897,Montreal Hub,2026-04-15,2026-04-16,2026-04-22,6,606.0,479.0,1085.0,2
NV103898,GTA Hub,2025-07-11,2025-07-11,2025-07-22,11,1747.0,1361.0,3108.0,8
NV103899,Montreal Hub,2025-05-17,2025-05-21,2025-05-26,5,672.0,529.0,1201.0,0
NV103900,Calgary Hub,2026-04-25,2026-04-28,2026-04-30,2,266.0,242.0,508.0,4
NV103901,GTA Hub,2025-09-22,2025-09-23,2025-09-25,2,851.0,644.0,1495.0,4
NV103902,GTA Hub,2025-10-10,2025-10-10,2025-10-12,2,193.0,200.0,393.0,2
NV103903,Calgary Hub,2025-02-07,2025-02-11,2025-02-17,6,1039.0,837.0,1876.0,4
NV103904,GTA Hub,2025-07-26,2025-07-26,2025-08-02,7,1107.0,782.0,1889.0,4
NV103905,GTA Hub,2025-05-20,2025-05-22,2025-05-28,6,1114.0,695.0,1809.0,3
NV103906,GTA Hub,2025-04-14,2025-04-16,2025-04-18,2,177.0,217.0,394.0,0
NV103907,GTA Hub,2026-08-12,2026-08-12,2026-08-18,6,1041.0,731.0,1772.0,1
NV103908,GTA Hub,2026-03-18,2026-03-20,2026-03-24,4,1271.0,838.0,2109.0,9
NV103909,GTA Hub,2025-02-16,2025-02-17,2025-02-21,4,530.0,372.0,902.0,3
NV103910,GTA Hub,2026-07-08,2026-07-08,2026-07-15,7,803.0,688.0,1491.0,8
NV103911,GTA Hub,2026-04-21,2026-04-22,2026-04-29,7,798.0,587.0,1385.0,6
NV103912,Calgary Hub,2024-05-01,2024-05-05,2024-05-11,6,1274.0,1004.0,2278.0,11
NV103913,GTA Hub,2026-08-05,2026-08-05,2026-08-09,4,720.0,521.0,1241.0,1
NV103914,Montreal Hub,2026-03-18,2026-03-20,2026-04-02,13,2871.0,2189.0,5060.0,7
NV103915,Montreal Hub,2026-06-15,2026-06-17,2026-06-25,8,1257.0,956.0,2213.0,9
NV103916,GTA Hub,2026-09-01,2026-09-04,2026-09-16,12,2857.0,2034.0,4891.0,8
NV103917,Calgary Hub,2025-06-28,2025-06-28,2025-07-04,6,986.0,689.0,1675.0,2
NV103918,GTA Hub,2026-05-20,2026-05-24,2026-06-04,11,2011.0,1611.0,3622.0,4
NV103919,GTA Hub,2025-04-22,2025-04-24,2025-05-03,9,941.0,776.0,1717.0,2
NV103920,Montreal Hub,2025-11-29,2025-11-30,2025-12-03,3,348.0,295.0,643.0,1
NV103921,Calgary Hub,2026-09-03,2026-09-04,2026-09-11,7,1585.0,1301.0,2886.0,3
NV103922,Montreal Hub,2026-07-24,2026-07-26,2026-08-01,6,1683.0,1121.0,2804.0,6
NV103923,GTA Hub,2025-04-15,2025-04-17,2025-04-21,4,1177.0,899.0,2076.0,5
NV103924,GTA Hub,2025-02-22,2025-02-22,2025-03-06,12,2244.0,1322.0,3566.0,5
NV103925,GTA Hub,2026-06-30,2026-07-01,2026-07-12,11,2070.0,1728.0,3798.0,10
NV103926,GTA Hub,2026-07-06,2026-07-06,2026-07-16,10,1877.0,1212.0,3089.0,4
NV103927,GTA Hub,2025-01-26,2025-01-26,2025-02-08,13,2777.0,1979.0,4756.0,15
NV103928,Calgary Hub,2024-06-02,2024-06-05,2024-06-11,6,756.0,493.0,1249.0,0
NV103929,GTA Hub,2024-12-01,2024-12-02,2024-12-08,6,1153.0,806.0,1959.0,4
NV103930,GTA Hub,2025-06-29,2025-06-29,2025-07-03,4,678.0,454.0,1132.0,2
NV103931,Calgary Hub,2024-05-02,2024-05-07,2024-05-10,3,555.0,435.0,990.0,3
NV103932,Calgary Hub,2026-04-20,2026-04-24,2026-04-30,6,1016.0,933.0,1949.0,4
NV103933,GTA Hub,2026-04-02,2026-04-02,2026-04-06,4,515.0,379.0,894.0,0
NV103934,Montreal Hub,2025-05-17,2025-05-19,2025-05-21,2,206.0,232.0,438.0,1
NV103935,Calgary Hub,2025-08-21,2025-08-24,2025-08-30,6,798.0,716.0,1514.0,9
NV103936,GTA Hub,2026-01-04,2026-01-04,2026-01-07,3,385.0,367.0,752.0,2
NV103937,GTA Hub,2024-02-29,2024-03-02,2024-03-04,2,463.0,444.0,907.0,2
NV103938,Calgary Hub,2025-01-10,2025-01-14,2025-01-26,12,3147.0,2063.0,5210.0,7
NV103939,Calgary Hub,2025-06-21,2025-06-21,2025-06-28,7,1342.0,989.0,2331.0,5
NV103940,Calgary Hub,2024-02-08,2024-02-10,2024-02-18,8,1578.0,1324.0,2902.0,3
NV103941,Calgary Hub,2024-05-01,2024-05-03,2024-05-09,6,1439.0,1009.0,2448.0,5
NV103942,GTA Hub,2026-07-18,2026-07-18,2026-08-01,14,2343.0,1792.0,4135.0,14
NV103943,GTA Hub,2026-08-27,2026-08-30,2026-09-05,6,1674.0,1184.0,2858.0,7
NV103944,GTA Hub,2026-02-01,2026-02-01,2026-02-13,12,2035.0,1677.0,3712.0,13
NV103945,GTA Hub,2026-04-13,2026-04-14,2026-04-21,7,1041.0,926.0,1967.0,0
NV103946,Calgary Hub,2024-10-14,2024-10-19,2024-10-23,4,1413.0,869.0,2282.0,4
NV103947,GTA Hub,2026-04-29,2026-05-01,2026-05-14,13,2549.0,1808.0,4357.0,11
NV103948,GTA Hub,2024-05-18,2024-05-19,2024-05-27,8,1531.0,1215.0,2746.0,7
NV103949,GTA Hub,2025-10-23,2025-10-24,2025-10-31,7,1411.0,1133.0,2544.0,5
NV103950,GTA Hub,2025-03-29,2025-03-29,2025-04-06,8,1718.0,1191.0,2909.0,5
NV103951,Calgary Hub,2026-07-02,2026-07-06,2026-07-12,6,502.0,422.0,924.0,4
NV103952,Calgary Hub,2026-06-01,2026-06-08,2026-06-12,4,458.0,424.0,882.0,1
NV103953,GTA Hub,2025-07-20,2025-07-21,2025-08-01,11,2219.0,1621.0,3840.0,10
NV103954,GTA Hub,2025-06-27,2025-06-27,2025-07-06,9,1048.0,1047.0,2095.0,5
NV103955,Montreal Hub,2025-10-16,2025-10-17,2025-10-21,4,731.0,593.0,1324.0,3
NV103956,Montreal Hub,2025-11-26,2025-11-28,2025-12-07,9,1339.0,1110.0,2449.0,3
NV103957,Montreal Hub,2024-08-28,2024-08-30,2024-09-04,5,557.0,494.0,1051.0,3
NV103958,GTA Hub,2024-06-10,2024-06-11,2024-06-15,4,370.0,375.0,745.0,5
NV103959,GTA Hub,2025-12-05,2025-12-06,2025-12-13,7,920.0,788.0,1708.0,4
NV103960,GTA Hub,2025-02-23,2025-02-25,2025-02-27,2,201.0,205.0,406.0,2
NV103961,GTA Hub,2025-11-09,2025-11-10,2025-11-20,10,1961.0,1317.0,3278.0,5
NV103962,GTA Hub,2025-09-02,2025-09-02,2025-09-06,4,111.0,154.0,265.0,2
NV103963,GTA Hub,2024-08-22,2024-08-22,2024-08-26,4,398.0,354.0,752.0,0
NV103964,Calgary Hub,2025-07-07,2025-07-08,2025-07-10,2,265.0,352.0,617.0,0
NV103965,Calgary Hub,2026-06-13,2026-06-15,2026-06-25,10,1792.0,1195.0,2987.0,6
NV103966,GTA Hub,2024-03-27,2024-03-28,2024-03-31,3,473.0,441.0,914.0,1
NV103967,GTA Hub,2026-04-13,2026-04-13,2026-04-18,5,798.0,594.0,1392.0,4
NV103968,Calgary Hub,2025-02-01,2025-02-03,2025-02-05,2,229.0,210.0,439.0,4
NV103969,Calgary Hub,2026-04-14,2026-04-20,2026-04-26,6,1243.0,1062.0,2305.0,10
NV103970,GTA Hub,2025-04-30,2025-05-04,2025-05-08,4,957.0,726.0,1683.0,5
NV103971,GTA Hub,2025-09-27,2025-09-28,2025-10-01,3,580.0,585.0,1165.0,5
NV103972,GTA Hub,2025-01-27,2025-01-29,2025-01-31,2,315.0,289.0,604.0,1
NV103973,GTA Hub,2026-06-30,2026-07-01,2026-07-07,6,1410.0,1219.0,2629.0,9
NV103974,Montreal Hub,2024-06-09,2024-06-09,2024-06-14,5,845.0,702.0,1547.0,8
NV103975,GTA Hub,2025-06-26,2025-06-28,2025-07-08,10,1323.0,883.0,2206.0,5
NV103976,Calgary Hub,2025-09-06,2025-09-12,2025-09-19,7,946.0,638.0,1584.0,4
NV103977,Montreal Hub,2025-01-19,2025-01-21,2025-01-26,5,867.0,657.0,1524.0,3
NV103978,Montreal Hub,2025-05-05,2025-05-07,2025-05-12,5,1061.0,836.0,1897.0,4
NV103979,GTA Hub,2026-08-03,2026-08-03,2026-08-08,5,720.0,599.0,1319.0,5
NV103980,GTA Hub,2025-08-12,2025-08-13,2025-08-19,6,663.0,558.0,1221.0,3
NV103981,GTA Hub,2026-05-10,2026-05-11,2026-05-16,5,603.0,513.0,1116.0,2
NV103982,Calgary Hub,2026-06-30,2026-07-03,2026-07-11,8,1221.0,1000.0,2221.0,7
NV103983,Calgary Hub,2025-07-20,2025-07-22,2025-07-28,6,904.0,671.0,1575.0,5
NV103984,Calgary Hub,2026-05-13,2026-05-16,2026-05-18,2,343.0,323.0,666.0,0
NV103985,GTA Hub,2024-03-20,2024-03-20,2024-03-24,4,618.0,426.0,1044.0,1
NV103986,GTA Hub,2026-08-02,2026-08-03,2026-08-19,16,3498.0,2283.0,5781.0,13
NV103987,Montreal Hub,2025-06-20,2025-06-24,2025-06-30,6,1043.0,766.0,1809.0,1
NV103988,GTA Hub,2024-10-07,2024-10-08,2024-10-11,3,418.0,361.0,779.0,2
NV103989,GTA Hub,2024-05-23,2024-05-24,2024-05-28,4,1103.0,746.0,1849.0,2
NV103990,GTA Hub,2025-04-29,2025-05-04,2025-05-09,5,675.0,520.0,1195.0,0
NV103991,Calgary Hub,2025-08-27,2025-08-29,2025-09-05,7,1196.0,883.0,2079.0,7
NV103992,GTA Hub,2026-05-24,2026-05-24,2026-05-26,2,225.0,231.0,456.0,1
NV103993,Montreal Hub,2025-12-23,2025-12-23,2025-12-25,2,571.0,558.0,1129.0,5
NV103994,Calgary Hub,2025-01-10,2025-01-13,2025-01-21,8,1166.0,1006.0,2172.0,10
NV103995,GTA Hub,2026-08-10,2026-08-11,2026-08-23,12,2114.0,1416.0,3530.0,2
NV103996,Calgary Hub,2025-07-07,2025-07-10,2025-07-20,10,820.0,656.0,1476.0,6
NV103997,GTA Hub,2026-05-19,2026-05-21,2026-05-31,10,1752.0,1255.0,3007.0,14
NV103998,Calgary Hub,2026-06-12,2026-06-16,2026-06-20,4,1454.0,1130.0,2584.0,7
NV103999,GTA Hub,2024-01-19,2024-01-19,2024-01-26,7,1849.0,1402.0,3251.0,4
NV104000,GTA Hub,2024-08-20,2024-08-22,2024-08-25,3,265.0,274.0,539.0,1
NV104001,GTA Hub,2025-10-03,2025-10-04,2025-10-06,2,698.0,608.0,1306.0,6
NV104002,Montreal Hub,2025-05-23,2025-05-23,2025-05-30,7,773.0,644.0,1417.0,2
NV104003,Montreal Hub,2024-04-25,2024-04-27,2024-04-30,3,206.0,280.0,486.0,2
NV104004,Calgary Hub,2025-04-06,2025-04-08,2025-04-11,3,530.0,430.0,960.0,6
NV104005,Calgary Hub,2025-05-12,2025-05-12,2025-05-16,4,588.0,521.0,1109.0,4
NV104006,Calgary Hub,2026-04-01,2026-04-02,2026-04-13,11,2483.0,1953.0,4436.0,10
NV104007,GTA Hub,2024-04-13,2024-04-13,2024-04-20,7,1553.0,1154.0,2707.0,3
NV104008,GTA Hub,2026-05-30,2026-05-31,2026-06-03,3,331.0,333.0,664.0,0
NV104009,GTA Hub,2026-08-12,2026-08-13,2026-08-22,9,1617.0,1284.0,2901.0,7
NV104010,Calgary Hub,2026-04-12,2026-04-13,2026-04-21,8,1127.0,954.0,2081.0,7
NV104011,Calgary Hub,2024-07-19,2024-07-23,2024-07-29,6,551.0,438.0,989.0,1
NV104012,Montreal Hub,2026-05-20,2026-05-22,2026-05-24,2,371.0,305.0,676.0,8
NV104013,GTA Hub,2026-07-28,2026-07-29,2026-08-06,8,1482.0,1262.0,2744.0,11
NV104014,GTA Hub,2024-02-01,2024-02-04,2024-02-08,4,513.0,435.0,948.0,2
NV104015,GTA Hub,2024-12-29,2025-01-01,2025-01-03,2,356.0,332.0,688.0,1
NV104016,GTA Hub,2024-04-27,2024-04-29,2024-05-01,2,238.0,211.0,449.0,1
NV104017,GTA Hub,2026-06-01,2026-06-01,2026-06-09,8,1173.0,788.0,1961.0,13
NV104018,Calgary Hub,2026-07-02,2026-07-06,2026-07-10,4,222.0,186.0,408.0,0
NV104019,GTA Hub,2025-05-25,2025-05-25,2025-05-28,3,268.0,279.0,547.0,1
NV104020,GTA Hub,2024-06-16,2024-06-16,2024-06-22,6,1052.0,653.0,1705.0,1
NV104021,GTA Hub,2026-07-05,2026-07-06,2026-07-11,5,1304.0,955.0,2259.0,5
NV104022,Calgary Hub,2026-08-31,2026-09-03,2026-09-10,7,1222.0,864.0,2086.0,5
NV104023,Montreal Hub,2026-05-25,2026-05-25,2026-05-31,6,1355.0,1105.0,2460.0,6
NV104024,GTA Hub,2025-10-19,2025-10-21,2025-11-03,13,2183.0,1513.0,3696.0,5
NV104025,Montreal Hub,2026-07-05,2026-07-08,2026-07-17,9,2544.0,1885.0,4429.0,8
NV104026,GTA Hub,2026-07-04,2026-07-04,2026-07-15,11,1809.0,1279.0,3088.0,3
NV104027,GTA Hub,2026-03-21,2026-03-22,2026-03-28,6,1262.0,936.0,2198.0,6
NV104028,GTA Hub,2026-03-26,2026-03-27,2026-04-05,9,1656.0,1267.0,2923.0,5
NV104029,Calgary Hub,2024-01-03,2024-01-08,2024-01-14,6,387.0,338.0,725.0,2
NV104030,Calgary Hub,2026-06-09,2026-06-12,2026-06-27,15,3713.0,3009.0,6722.0,11
NV104031,GTA Hub,2024-04-26,2024-04-27,2024-05-06,9,1621.0,1309.0,2930.0,12
NV104032,GTA Hub,2025-10-22,2025-10-23,2025-10-28,5,608.0,475.0,1083.0,6
NV104033,GTA Hub,2024-04-25,2024-04-25,2024-05-02,7,1140.0,887.0,2027.0,0
NV104034,GTA Hub,2026-03-08,2026-03-10,2026-03-18,8,1845.0,1565.0,3410.0,5
NV104035,Calgary Hub,2025-01-06,2025-01-08,2025-01-12,4,1019.0,719.0,1738.0,4
NV104036,GTA Hub,2025-12-14,2025-12-16,2025-12-21,5,822.0,684.0,1506.0,6
NV104037,Montreal Hub,2025-05-19,2025-05-20,2025-05-27,7,1383.0,1128.0,2511.0,4
NV104038,GTA Hub,2025-09-20,2025-09-22,2025-10-03,11,1654.0,1393.0,3047.0,3
NV104039,Calgary Hub,2025-07-29,2025-07-31,2025-08-05,5,924.0,774.0,1698.0,7
NV104040,GTA Hub,2026-02-26,2026-02-26,2026-03-03,5,999.0,905.0,1904.0,1
NV104041,GTA Hub,2026-02-04,2026-02-04,2026-02-09,5,718.0,554.0,1272.0,5
NV104042,GTA Hub,2026-07-23,2026-07-24,2026-07-31,7,957.0,755.0,1712.0,5
NV104043,GTA Hub,2026-04-10,2026-04-11,2026-04-14,3,353.0,312.0,665.0,2
NV104044,Montreal Hub,2025-03-31,2025-04-01,2025-04-07,6,578.0,478.0,1056.0,3
NV104045,Calgary Hub,2024-06-10,2024-06-15,2024-06-28,13,2050.0,1339.0,3389.0,17
NV104046,GTA Hub,2026-04-27,2026-04-28,2026-05-03,5,407.0,364.0,771.0,2
NV104047,GTA Hub,2025-07-13,2025-07-14,2025-07-17,3,349.0,313.0,662.0,1
NV104048,Calgary Hub,2026-04-05,2026-04-05,2026-04-08,3,724.0,618.0,1342.0,3
NV104049,GTA Hub,2024-09-29,2024-09-29,2024-10-02,3,615.0,545.0,1160.0,2
NV104050,Calgary Hub,2025-04-30,2025-05-01,2025-05-09,8,1908.0,1340.0,3248.0,3
NV104051,GTA Hub,2025-07-16,2025-07-16,2025-07-21,5,643.0,495.0,1138.0,0
NV104052,Calgary Hub,2025-10-11,2025-10-13,2025-10-17,4,1435.0,1034.0,2469.0,7
NV104053,Calgary Hub,2025-05-26,2025-05-28,2025-06-04,7,1526.0,1160.0,2686.0,3
NV104054,GTA Hub,2026-03-06,2026-03-06,2026-03-12,6,972.0,866.0,1838.0,12
NV104055,Montreal Hub,2024-11-05,2024-11-05,2024-11-09,4,174.0,184.0,358.0,2
NV104056,GTA Hub,2026-06-17,2026-06-19,2026-06-26,7,902.0,731.0,1633.0,7
NV104057,GTA Hub,2025-10-23,2025-10-24,2025-11-05,12,2621.0,1643.0,4264.0,10
NV104058,Calgary Hub,2025-02-24,2025-02-28,2025-03-04,4,473.0,489.0,962.0,6
NV104059,GTA Hub,2026-01-31,2026-02-03,2026-02-12,9,2111.0,1535.0,3646.0,3
NV104060,GTA Hub,2026-06-05,2026-06-08,2026-06-19,11,1760.0,1389.0,3149.0,11
NV104061,Calgary Hub,2024-12-22,2024-12-24,2025-01-01,8,1232.0,780.0,2012.0,4
NV104062,GTA Hub,2024-06-14,2024-06-15,2024-06-22,7,1495.0,1144.0,2639.0,11
NV104063,Calgary Hub,2026-03-14,2026-03-17,2026-03-23,6,826.0,636.0,1462.0,2
NV104064,Montreal Hub,2025-11-12,2025-11-13,2025-11-19,6,632.0,512.0,1144.0,1
NV104065,Calgary Hub,2025-03-12,2025-03-12,2025-03-16,4,1027.0,825.0,1852.0,4
NV104066,GTA Hub,2025-04-01,2025-04-04,2025-04-08,4,311.0,198.0,509.0,3
NV104067,GTA Hub,2025-12-17,2025-12-19,2025-12-21,2,677.0,529.0,1206.0,3
NV104068,Calgary Hub,2024-12-06,2024-12-08,2024-12-15,7,1124.0,840.0,1964.0,3
NV104069,GTA Hub,2024-11-23,2024-11-23,2024-12-01,8,1007.0,776.0,1783.0,1
NV104070,Calgary Hub,2025-07-02,2025-07-04,2025-07-06,2,111.0,161.0,272.0,1
NV104071,GTA Hub,2025-07-07,2025-07-07,2025-07-11,4,684.0,598.0,1282.0,5
NV104072,GTA Hub,2024-11-28,2024-11-28,2024-12-11,13,2741.0,1932.0,4673.0,17
NV104073,GTA Hub,2026-06-25,2026-06-25,2026-07-05,10,1834.0,1474.0,3308.0,7
NV104074,Calgary Hub,2025-04-20,2025-04-21,2025-04-26,5,774.0,684.0,1458.0,7
NV104075,GTA Hub,2026-06-30,2026-06-30,2026-07-06,6,723.0,574.0,1297.0,2
NV104076,Calgary Hub,2026-03-25,2026-03-31,2026-04-06,6,1259.0,837.0,2096.0,7
NV104077,Calgary Hub,2026-03-12,2026-03-14,2026-03-21,7,856.0,714.0,1570.0,4
NV104078,Montreal Hub,2026-05-10,2026-05-12,2026-05-16,4,928.0,682.0,1610.0,1
NV104079,Montreal Hub,2024-09-03,2024-09-07,2024-09-17,10,1925.0,1327.0,3252.0,7
NV104080,Calgary Hub,2024-02-15,2024-02-17,2024-02-22,5,960.0,677.0,1637.0,5
NV104081,Calgary Hub,2024-09-16,2024-09-17,2024-09-23,6,899.0,745.0,1644.0,7
NV104082,GTA Hub,2026-06-24,2026-06-24,2026-06-27,3,918.0,627.0,1545.0,3
NV104083,GTA Hub,2025-04-05,2025-04-06,2025-04-13,7,362.0,386.0,748.0,1
NV104084,Montreal Hub,2026-05-11,2026-05-13,2026-05-21,8,913.0,748.0,1661.0,5
NV104085,Montreal Hub,2025-07-19,2025-07-21,2025-07-30,9,1476.0,1248.0,2724.0,7
NV104086,Calgary Hub,2026-07-27,2026-07-31,2026-08-06,6,1221.0,1004.0,2225.0,6
NV104087,GTA Hub,2025-08-18,2025-08-18,2025-08-20,2,349.0,354.0,703.0,8
NV104088,Calgary Hub,2024-02-14,2024-02-15,2024-02-19,4,551.0,417.0,968.0,1
NV104089,Calgary Hub,2024-03-27,2024-04-02,2024-04-09,7,1021.0,736.0,1757.0,5
NV104090,Calgary Hub,2024-06-21,2024-06-22,2024-06-25,3,497.0,456.0,953.0,5
NV104091,Calgary Hub,2025-12-05,2025-12-06,2025-12-13,7,1292.0,1079.0,2371.0,3
NV104092,GTA Hub,2025-11-10,2025-11-10,2025-11-17,7,1539.0,1056.0,2595.0,6
NV104093,Calgary Hub,2026-05-05,2026-05-08,2026-05-19,11,2463.0,1829.0,4292.0,10
NV104094,GTA Hub,2025-02-01,2025-02-01,2025-02-03,2,335.0,333.0,668.0,1
NV104095,GTA Hub,2026-03-23,2026-03-25,2026-04-04,10,1619.0,1161.0,2780.0,6
NV104096,Montreal Hub,2026-06-14,2026-06-16,2026-06-25,9,1473.0,1094.0,2567.0,7
NV104097,GTA Hub,2024-09-26,2024-09-26,2024-09-30,4,966.0,792.0,1758.0,2
NV104098,Calgary Hub,2026-06-09,2026-06-11,2026-06-17,6,931.0,793.0,1724.0,5
NV104099,GTA Hub,2026-06-02,2026-06-04,2026-06-10,6,255.0,247.0,502.0,0
NV104100,Calgary Hub,2025-05-23,2025-05-24,2025-05-30,6,942.0,701.0,1643.0,7
NV104101,Calgary Hub,2026-03-25,2026-03-25,2026-03-30,5,654.0,548.0,1202.0,3
NV104102,GTA Hub,2026-07-19,2026-07-19,2026-07-24,5,907.0,657.0,1564.0,2
NV104103,GTA Hub,2026-08-24,2026-08-26,2026-08-31,5,1050.0,804.0,1854.0,3
NV104104,Calgary Hub,2025-09-01,2025-09-03,2025-09-11,8,1451.0,1050.0,2501.0,6
NV104105,Montreal Hub,2025-05-10,2025-05-13,2025-05-22,9,2265.0,1498.0,3763.0,8
NV104106,GTA Hub,2026-03-29,2026-03-29,2026-04-03,5,940.0,805.0,1745.0,4
NV104107,Calgary Hub,2026-05-09,2026-05-10,2026-05-14,4,417.0,384.0,801.0,1
NV104108,Calgary Hub,2026-04-12,2026-04-14,2026-04-18,4,330.0,304.0,634.0,3
NV104109,GTA Hub,2025-09-18,2025-09-18,2025-09-22,4,355.0,365.0,720.0,1
NV104110,GTA Hub,2026-01-22,2026-01-22,2026-01-27,5,955.0,816.0,1771.0,6
NV104111,Calgary Hub,2026-07-29,2026-07-31,2026-08-09,9,1508.0,1072.0,2580.0,6
NV104112,Calgary Hub,2024-12-07,2024-12-09,2024-12-14,5,570.0,500.0,1070.0,2
NV104113,Montreal Hub,2024-04-06,2024-04-07,2024-04-10,3,737.0,709.0,1446.0,5
NV104114,GTA Hub,2025-09-17,2025-09-17,2025-09-21,4,1125.0,825.0,1950.0,7
NV104115,GTA Hub,2025-12-02,2025-12-02,2025-12-14,12,1324.0,1088.0,2412.0,3
NV104116,Montreal Hub,2025-06-10,2025-06-12,2025-06-19,7,1224.0,1095.0,2319.0,13
NV104117,GTA Hub,2024-12-15,2024-12-17,2024-12-26,9,814.0,639.0,1453.0,3
NV104118,Montreal Hub,2024-05-25,2024-05-25,2024-05-31,6,975.0,667.0,1642.0,7
NV104119,Calgary Hub,2025-03-30,2025-04-01,2025-04-06,5,879.0,669.0,1548.0,7
NV104120,Calgary Hub,2026-05-14,2026-05-16,2026-05-25,9,1668.0,1081.0,2749.0,7
NV104121,Montreal Hub,2024-09-06,2024-09-07,2024-09-09,2,728.0,541.0,1269.0,4
NV104122,GTA Hub,2025-02-01,2025-02-01,2025-02-12,11,1475.0,1225.0,2700.0,6
NV104123,GTA Hub,2025-03-04,2025-03-05,2025-03-08,3,304.0,297.0,601.0,1
NV104124,Calgary Hub,2024-01-09,2024-01-11,2024-01-14,3,240.0,297.0,537.0,3
NV104125,GTA Hub,2025-03-27,2025-03-28,2025-04-07,10,2136.0,1544.0,3680.0,4
NV104126,Calgary Hub,2026-07-24,2026-07-24,2026-08-03,10,1563.0,1225.0,2788.0,7
NV104127,GTA Hub,2024-03-19,2024-03-21,2024-03-30,9,1701.0,1165.0,2866.0,0
NV104128,Calgary Hub,2026-07-08,2026-07-10,2026-07-15,5,537.0,420.0,957.0,0
NV104129,Calgary Hub,2025-09-02,2025-09-05,2025-09-14,9,1704.0,1226.0,2930.0,5
NV104130,Montreal Hub,2024-12-27,2024-12-29,2025-01-07,9,1710.0,1291.0,3001.0,5
NV104131,GTA Hub,2025-08-05,2025-08-05,2025-08-10,5,333.0,356.0,689.0,0
NV104132,Calgary Hub,2025-08-07,2025-08-10,2025-08-16,6,753.0,601.0,1354.0,3
NV104133,GTA Hub,2026-02-02,2026-02-04,2026-02-08,4,720.0,580.0,1300.0,0
NV104134,GTA Hub,2025-10-16,2025-10-16,2025-10-23,7,1070.0,925.0,1995.0,6
NV104135,Montreal Hub,2025-05-22,2025-05-24,2025-05-31,7,1080.0,907.0,1987.0,3
NV104136,GTA Hub,2026-04-29,2026-05-01,2026-05-05,4,892.0,709.0,1601.0,5
NV104137,Calgary Hub,2026-03-02,2026-03-05,2026-03-10,5,854.0,795.0,1649.0,11
NV104138,GTA Hub,2026-06-21,2026-06-22,2026-06-24,2,556.0,473.0,1029.0,0
NV104139,GTA Hub,2025-10-27,2025-10-28,2025-11-01,4,639.0,553.0,1192.0,1
NV104140,GTA Hub,2026-08-23,2026-08-25,2026-08-31,6,959.0,656.0,1615.0,7
NV104141,GTA Hub,2025-08-16,2025-08-17,2025-08-24,7,1360.0,938.0,2298.0,2
NV104142,Calgary Hub,2025-05-07,2025-05-07,2025-05-19,12,2114.0,1782.0,3896.0,7
NV104143,Montreal Hub,2024-01-27,2024-01-27,2024-02-01,5,519.0,427.0,946.0,3
NV104144,GTA Hub,2025-08-26,2025-08-26,2025-09-07,12,2408.0,1607.0,4015.0,4
NV104145,Montreal Hub,2024-03-06,2024-03-07,2024-03-09,2,80.0,121.0,201.0,2
NV104146,GTA Hub,2025-07-21,2025-07-22,2025-07-25,3,186.0,162.0,348.0,2
NV104147,GTA Hub,2026-05-12,2026-05-12,2026-05-20,8,813.0,770.0,1583.0,8
NV104148,GTA Hub,2025-05-24,2025-05-25,2025-05-29,4,1472.0,1385.0,2857.0,6
NV104149,GTA Hub,2025-09-11,2025-09-11,2025-09-17,6,1793.0,1170.0,2963.0,7
NV104150,GTA Hub,2025-12-25,2025-12-26,2025-12-31,5,688.0,555.0,1243.0,6
NV104151,GTA Hub,2024-06-10,2024-06-10,2024-06-18,8,2202.0,1719.0,3921.0,8
NV104152,Calgary Hub,2024-02-20,2024-02-23,2024-03-05,11,1725.0,1427.0,3152.0,8
NV104153,Calgary Hub,2024-12-22,2024-12-24,2025-01-04,11,1810.0,1434.0,3244.0,9
NV104154,GTA Hub,2024-06-01,2024-06-01,2024-06-03,2,474.0,450.0,924.0,1
NV104155,GTA Hub,2024-06-06,2024-06-06,2024-06-10,4,353.0,359.0,712.0,1
NV104156,Montreal Hub,2025-11-12,2025-11-14,2025-11-16,2,355.0,280.0,635.0,1
NV104157,Calgary Hub,2026-08-27,2026-09-02,2026-09-09,7,1922.0,1224.0,3146.0,9
NV104158,Calgary Hub,2025-04-05,2025-04-08,2025-04-11,3,191.0,200.0,391.0,3
NV104159,GTA Hub,2026-06-08,2026-06-08,2026-06-16,8,1586.0,1220.0,2806.0,8
NV104160,GTA Hub,2024-01-19,2024-01-19,2024-01-26,7,709.0,522.0,1231.0,2
NV104161,GTA Hub,2024-03-17,2024-03-17,2024-03-24,7,2017.0,1240.0,3257.0,6
NV104162,Montreal Hub,2025-08-29,2025-08-31,2025-09-10,10,1875.0,1553.0,3428.0,11
NV104163,Calgary Hub,2024-08-14,2024-08-16,2024-08-22,6,685.0,520.0,1205.0,2
NV104164,GTA Hub,2025-10-08,2025-10-08,2025-10-16,8,1449.0,1129.0,2578.0,3
NV104165,Calgary Hub,2025-02-25,2025-02-28,2025-03-04,4,488.0,440.0,928.0,1
NV104166,GTA Hub,2025-11-07,2025-11-08,2025-11-19,11,1428.0,1116.0,2544.0,3
NV104167,Calgary Hub,2024-04-27,2024-04-27,2024-05-03,6,1170.0,860.0,2030.0,7
NV104168,GTA Hub,2024-04-19,2024-04-20,2024-04-25,5,532.0,449.0,981.0,1
NV104169,GTA Hub,2024-03-14,2024-03-14,2024-03-19,5,329.0,339.0,668.0,2
NV104170,GTA Hub,2026-04-10,2026-04-11,2026-04-21,10,2676.0,2019.0,4695.0,9
NV104171,GTA Hub,2025-08-09,2025-08-12,2025-08-16,4,1125.0,731.0,1856.0,2
NV104172,Montreal Hub,2026-03-30,2026-03-31,2026-04-12,12,1974.0,1624.0,3598.0,6
NV104173,Montreal Hub,2026-08-02,2026-08-05,2026-08-11,6,792.0,598.0,1390.0,2
NV104174,Montreal Hub,2026-04-13,2026-04-13,2026-04-27,14,2583.0,1857.0,4440.0,6
NV104175,GTA Hub,2025-09-22,2025-09-23,2025-09-28,5,400.0,410.0,810.0,1
NV104176,GTA Hub,2025-05-04,2025-05-05,2025-05-09,4,332.0,304.0,636.0,1
NV104177,Calgary Hub,2026-05-18,2026-05-21,2026-05-30,9,1802.0,1401.0,3203.0,5
NV104178,Montreal Hub,2026-03-15,2026-03-15,2026-03-23,8,1532.0,1060.0,2592.0,6
NV104179,Calgary Hub,2026-07-12,2026-07-14,2026-07-19,5,619.0,460.0,1079.0,1
NV104180,GTA Hub,2024-09-07,2024-09-08,2024-09-16,8,1323.0,1152.0,2475.0,6
NV104181,Calgary Hub,2026-06-04,2026-06-06,2026-06-15,9,1535.0,1167.0,2702.0,8
NV104182,Montreal Hub,2026-07-04,2026-07-08,2026-07-14,6,1112.0,805.0,1917.0,3
NV104183,GTA Hub,2026-01-19,2026-01-24,2026-01-31,7,1219.0,949.0,2168.0,5
NV104184,GTA Hub,2024-05-15,2024-05-15,2024-05-19,4,546.0,520.0,1066.0,1
NV104185,GTA Hub,2026-03-17,2026-03-18,2026-03-23,5,944.0,655.0,1599.0,12
NV104186,GTA Hub,2025-03-02,2025-03-03,2025-03-08,5,802.0,670.0,1472.0,2
NV104187,GTA Hub,2025-05-30,2025-05-30,2025-06-08,9,1532.0,1291.0,2823.0,9
NV104188,Calgary Hub,2026-05-06,2026-05-08,2026-05-18,10,1898.0,1530.0,3428.0,6
NV104189,GTA Hub,2024-08-15,2024-08-16,2024-08-22,6,1041.0,827.0,1868.0,2
NV104190,GTA Hub,2025-07-15,2025-07-16,2025-07-21,5,829.0,627.0,1456.0,3
NV104191,GTA Hub,2026-08-06,2026-08-08,2026-08-13,5,1086.0,807.0,1893.0,4
NV104192,GTA Hub,2026-04-03,2026-04-04,2026-04-20,16,3665.0,2683.0,6348.0,10
NV104193,GTA Hub,2024-12-13,2024-12-13,2024-12-17,4,490.0,358.0,848.0,1
NV104194,GTA Hub,2025-11-14,2025-11-15,2025-11-19,4,723.0,575.0,1298.0,6
NV104195,GTA Hub,2024-05-29,2024-05-30,2024-06-01,2,537.0,433.0,970.0,6
NV104196,GTA Hub,2024-02-02,2024-02-04,2024-02-06,2,406.0,344.0,750.0,2
NV104197,Montreal Hub,2024-04-13,2024-04-13,2024-04-16,3,307.0,316.0,623.0,2
NV104198,GTA Hub,2025-05-09,2025-05-10,2025-05-23,13,2666.0,1697.0,4363.0,5
NV104199,Calgary Hub,2024-12-06,2024-12-08,2024-12-11,3,275.0,276.0,551.0,0
NV104200,Montreal Hub,2025-11-09,2025-11-10,2025-11-14,4,444.0,362.0,806.0,0
NV104201,GTA Hub,2026-06-05,2026-06-07,2026-06-16,9,1527.0,1214.0,2741.0,2
NV104202,GTA Hub,2025-12-30,2025-12-30,2026-01-01,2,789.0,655.0,1444.0,3
NV104203,GTA Hub,2025-08-17,2025-08-18,2025-08-30,12,2334.0,1979.0,4313.0,5
NV104204,GTA Hub,2026-08-19,2026-08-21,2026-08-31,10,1330.0,989.0,2319.0,7
NV104205,GTA Hub,2024-06-22,2024-06-24,2024-06-29,5,971.0,755.0,1726.0,9
NV104206,GTA Hub,2025-11-06,2025-11-06,2025-11-13,7,1285.0,1014.0,2299.0,7
NV104207,Calgary Hub,2026-01-21,2026-01-22,2026-01-25,3,268.0,231.0,499.0,1
NV104208,GTA Hub,2026-08-12,2026-08-14,2026-08-24,10,1728.0,1432.0,3160.0,11
NV104209,Calgary Hub,2026-03-26,2026-03-28,2026-04-10,13,2907.0,2006.0,4913.0,14
NV104210,GTA Hub,2025-07-15,2025-07-15,2025-07-19,4,655.0,452.0,1107.0,3
NV104211,Montreal Hub,2025-02-16,2025-02-16,2025-02-18,2,326.0,296.0,622.0,4
NV104212,GTA Hub,2026-01-11,2026-01-12,2026-01-20,8,1533.0,1098.0,2631.0,8
NV104213,GTA Hub,2025-03-14,2025-03-16,2025-03-20,4,694.0,543.0,1237.0,5
NV104214,Montreal Hub,2026-01-27,2026-01-28,2026-02-04,7,1192.0,819.0,2011.0,2
NV104215,GTA Hub,2025-03-15,2025-03-15,2025-03-18,3,656.0,545.0,1201.0,7
NV104216,GTA Hub,2025-06-18,2025-06-19,2025-06-30,11,2686.0,1948.0,4634.0,5
NV104217,GTA Hub,2026-05-22,2026-05-22,2026-05-26,4,845.0,631.0,1476.0,3
NV104218,GTA Hub,2025-05-21,2025-05-24,2025-06-05,12,2263.0,1699.0,3962.0,8
NV104219,GTA Hub,2024-07-29,2024-07-29,2024-07-31,2,187.0,177.0,364.0,0
NV104220,GTA Hub,2025-06-19,2025-06-23,2025-06-29,6,538.0,452.0,990.0,4
NV104221,GTA Hub,2025-11-13,2025-11-13,2025-11-15,2,178.0,169.0,347.0,0
NV104222,Calgary Hub,2024-09-07,2024-09-09,2024-09-16,7,905.0,777.0,1682.0,3
NV104223,GTA Hub,2025-03-24,2025-03-25,2025-03-30,5,608.0,429.0,1037.0,4
NV104224,GTA Hub,2025-07-02,2025-07-03,2025-07-10,7,1204.0,871.0,2075.0,2
NV104225,Calgary Hub,2024-04-15,2024-04-18,2024-04-22,4,621.0,514.0,1135.0,5
NV104226,GTA Hub,2026-04-13,2026-04-14,2026-04-25,11,2332.0,1561.0,3893.0,8
NV104227,GTA Hub,2024-06-24,2024-06-25,2024-07-02,7,855.0,742.0,1597.0,0
NV104228,GTA Hub,2025-03-18,2025-03-19,2025-03-26,7,895.0,724.0,1619.0,2
NV104229,Calgary Hub,2026-05-25,2026-05-27,2026-06-01,5,866.0,684.0,1550.0,4
NV104230,Calgary Hub,2024-07-11,2024-07-12,2024-07-17,5,145.0,175.0,320.0,1
NV104231,GTA Hub,2025-05-30,2025-05-30,2025-06-01,2,369.0,284.0,653.0,3
NV104232,GTA Hub,2024-01-24,2024-01-25,2024-01-29,4,440.0,378.0,818.0,0
NV104233,GTA Hub,2026-06-20,2026-06-20,2026-06-25,5,405.0,329.0,734.0,2
NV104234,Calgary Hub,2026-06-29,2026-07-03,2026-07-12,9,1604.0,1097.0,2701.0,11
NV104235,Montreal Hub,2026-03-14,2026-03-15,2026-03-20,5,832.0,790.0,1622.0,5
NV104236,GTA Hub,2024-07-16,2024-07-17,2024-07-19,2,116.0,150.0,266.0,0
NV104237,GTA Hub,2026-04-28,2026-04-29,2026-05-03,4,401.0,418.0,819.0,4
NV104238,Calgary Hub,2025-01-03,2025-01-05,2025-01-12,7,788.0,614.0,1402.0,3
NV104239,GTA Hub,2026-08-30,2026-08-31,2026-09-06,6,929.0,608.0,1537.0,4
NV104240,GTA Hub,2025-07-19,2025-07-20,2025-07-27,7,1562.0,1010.0,2572.0,6
NV104241,GTA Hub,2025-04-01,2025-04-01,2025-04-06,5,856.0,610.0,1466.0,4
NV104242,Calgary Hub,2026-07-28,2026-08-01,2026-08-06,5,255.0,253.0,508.0,1
NV104243,Montreal Hub,2026-05-12,2026-05-14,2026-05-19,5,799.0,672.0,1471.0,2
NV104244,GTA Hub,2024-07-01,2024-07-02,2024-07-04,2,78.0,127.0,205.0,1
NV104245,GTA Hub,2024-01-20,2024-01-21,2024-01-26,5,674.0,586.0,1260.0,5
NV104246,GTA Hub,2025-09-18,2025-09-20,2025-09-28,8,1103.0,807.0,1910.0,4
NV104247,GTA Hub,2025-07-06,2025-07-09,2025-07-11,2,632.0,558.0,1190.0,11
NV104248,Calgary Hub,2024-01-24,2024-01-26,2024-01-30,4,221.0,208.0,429.0,3
NV104249,GTA Hub,2024-01-24,2024-01-24,2024-01-30,6,1247.0,1101.0,2348.0,9
NV104250,Calgary Hub,2024-11-10,2024-11-15,2024-11-25,10,1666.0,1041.0,2707.0,7
NV104251,Calgary Hub,2026-05-07,2026-05-07,2026-05-12,5,1104.0,799.0,1903.0,6
NV104252,GTA Hub,2025-09-18,2025-09-19,2025-09-25,6,1188.0,935.0,2123.0,2
NV104253,GTA Hub,2024-09-23,2024-09-24,2024-09-30,6,1255.0,916.0,2171.0,3
NV104254,Calgary Hub,2025-10-09,2025-10-10,2025-10-21,11,1751.0,1252.0,3003.0,7
NV104255,GTA Hub,2026-02-17,2026-02-18,2026-02-22,4,297.0,302.0,599.0,0
NV104256,GTA Hub,2026-03-17,2026-03-17,2026-03-24,7,1349.0,1034.0,2383.0,5
NV104257,GTA Hub,2024-02-17,2024-02-18,2024-02-21,3,417.0,361.0,778.0,2
NV104258,GTA Hub,2024-07-16,2024-07-16,2024-07-23,7,703.0,580.0,1283.0,1
NV104259,Calgary Hub,2025-07-27,2025-07-31,2025-08-04,4,775.0,716.0,1491.0,2
NV104260,GTA Hub,2025-06-22,2025-06-23,2025-06-25,2,140.0,231.0,371.0,1
NV104261,GTA Hub,2026-04-28,2026-04-28,2026-05-08,10,2392.0,1542.0,3934.0,11
NV104262,Calgary Hub,2026-08-30,2026-09-05,2026-09-13,8,1665.0,1124.0,2789.0,6
NV104263,GTA Hub,2024-07-22,2024-07-24,2024-07-31,7,1228.0,831.0,2059.0,1
NV104264,Calgary Hub,2026-01-09,2026-01-13,2026-01-17,4,279.0,283.0,562.0,2
NV104265,GTA Hub,2025-01-07,2025-01-09,2025-01-14,5,789.0,633.0,1422.0,5
NV104266,GTA Hub,2026-06-21,2026-06-23,2026-07-09,16,2764.0,2267.0,5031.0,14
NV104267,GTA Hub,2025-12-07,2025-12-09,2025-12-11,2,167.0,230.0,397.0,1
NV104268,GTA Hub,2024-10-15,2024-10-17,2024-10-22,5,600.0,486.0,1086.0,4
NV104269,Calgary Hub,2025-03-27,2025-03-29,2025-04-02,4,816.0,685.0,1501.0,2
NV104270,GTA Hub,2026-03-26,2026-03-30,2026-04-11,12,2393.0,1684.0,4077.0,7
NV104271,Montreal Hub,2025-09-28,2025-09-29,2025-10-01,2,346.0,291.0,637.0,1
NV104272,GTA Hub,2026-06-09,2026-06-11,2026-06-15,4,674.0,668.0,1342.0,0
NV104273,Calgary Hub,2025-04-25,2025-04-26,2025-05-01,5,585.0,423.0,1008.0,2
NV104274,GTA Hub,2024-03-24,2024-03-25,2024-03-28,3,133.0,153.0,286.0,0
NV104275,Calgary Hub,2026-04-15,2026-04-18,2026-04-24,6,699.0,532.0,1231.0,5
NV104276,GTA Hub,2026-04-30,2026-05-01,2026-05-17,16,3636.0,2571.0,6207.0,12
NV104277,Calgary Hub,2026-03-08,2026-03-09,2026-03-17,8,1048.0,827.0,1875.0,9
NV104278,GTA Hub,2026-02-27,2026-02-28,2026-03-02,2,399.0,379.0,778.0,2
NV104279,GTA Hub,2025-03-09,2025-03-11,2025-03-22,11,1897.0,1612.0,3509.0,11
NV104280,GTA Hub,2024-01-24,2024-01-24,2024-02-05,12,2262.0,2042.0,4304.0,9
NV104281,Calgary Hub,2024-09-06,2024-09-11,2024-09-17,6,1077.0,932.0,2009.0,12
NV104282,GTA Hub,2024-09-26,2024-09-28,2024-10-02,4,562.0,494.0,1056.0,5
NV104283,GTA Hub,2025-12-02,2025-12-03,2025-12-12,9,2159.0,1567.0,3726.0,7
NV104284,Calgary Hub,2024-09-09,2024-09-10,2024-09-17,7,1150.0,774.0,1924.0,2
NV104285,GTA Hub,2026-04-07,2026-04-09,2026-04-22,13,2066.0,1380.0,3446.0,9
NV104286,Montreal Hub,2024-10-15,2024-10-15,2024-10-17,2,511.0,411.0,922.0,4
NV104287,GTA Hub,2025-04-23,2025-04-23,2025-04-30,7,1342.0,986.0,2328.0,10
NV104288,GTA Hub,2026-01-01,2026-01-01,2026-01-03,2,286.0,263.0,549.0,1
NV104289,GTA Hub,2026-07-10,2026-07-12,2026-07-25,13,3241.0,2231.0,5472.0,21
NV104290,GTA Hub,2026-03-16,2026-03-17,2026-03-27,10,1562.0,1435.0,2997.0,7
NV104291,Calgary Hub,2025-04-18,2025-04-19,2025-04-25,6,708.0,618.0,1326.0,2
NV104292,Montreal Hub,2024-06-08,2024-06-09,2024-06-22,13,1684.0,1187.0,2871.0,16
NV104293,GTA Hub,2025-11-02,2025-11-02,2025-11-09,7,1021.0,756.0,1777.0,3
NV104294,GTA Hub,2025-10-06,2025-10-07,2025-10-13,6,888.0,592.0,1480.0,1
NV104295,GTA Hub,2025-12-10,2025-12-10,2025-12-13,3,752.0,633.0,1385.0,5
NV104296,GTA Hub,2025-06-14,2025-06-15,2025-06-27,12,2073.0,1464.0,3537.0,5
NV104297,Montreal Hub,2025-06-04,2025-06-04,2025-06-10,6,934.0,759.0,1693.0,5
NV104298,GTA Hub,2024-10-12,2024-10-12,2024-10-29,17,3329.0,2401.0,5730.0,11
NV104299,GTA Hub,2026-06-09,2026-06-10,2026-06-23,13,2937.0,2015.0,4952.0,10
NV104300,GTA Hub,2026-05-13,2026-05-13,2026-05-20,7,1535.0,1175.0,2710.0,3
NV104301,GTA Hub,2024-04-30,2024-04-30,2024-05-04,4,1147.0,816.0,1963.0,6
NV104302,Montreal Hub,2025-09-29,2025-09-30,2025-10-07,7,940.0,674.0,1614.0,2
NV104303,GTA Hub,2026-04-24,2026-04-25,2026-05-01,6,633.0,608.0,1241.0,4
NV104304,GTA Hub,2026-01-22,2026-01-23,2026-02-03,11,2177.0,1436.0,3613.0,7
NV104305,Calgary Hub,2025-11-19,2025-11-21,2025-11-26,5,702.0,580.0,1282.0,0
NV104306,GTA Hub,2026-05-09,2026-05-09,2026-05-20,11,2066.0,1483.0,3549.0,10
NV104307,Calgary Hub,2025-12-21,2025-12-23,2025-12-28,5,155.0,173.0,328.0,2
NV104308,Calgary Hub,2025-04-27,2025-04-28,2025-05-06,8,1391.0,928.0,2319.0,10
NV104309,Montreal Hub,2025-06-27,2025-06-27,2025-07-01,4,1351.0,1247.0,2598.0,6
NV104310,GTA Hub,2025-02-26,2025-02-27,2025-03-02,3,524.0,424.0,948.0,0
NV104311,Calgary Hub,2026-03-29,2026-04-01,2026-04-15,14,2285.0,1801.0,4086.0,14
NV104312,Montreal Hub,2025-03-31,2025-04-03,2025-04-10,7,801.0,671.0,1472.0,4
NV104313,Calgary Hub,2024-06-01,2024-06-01,2024-06-05,4,681.0,480.0,1161.0,3
NV104314,GTA Hub,2025-01-14,2025-01-16,2025-01-22,6,747.0,615.0,1362.0,4
NV104315,GTA Hub,2025-03-13,2025-03-15,2025-03-21,6,1037.0,878.0,1915.0,4
NV104316,GTA Hub,2024-05-26,2024-05-26,2024-05-31,5,1230.0,992.0,2222.0,13
NV104317,GTA Hub,2025-11-09,2025-11-10,2025-11-15,5,724.0,527.0,1251.0,0
NV104318,GTA Hub,2025-10-23,2025-10-24,2025-11-03,10,2101.0,1586.0,3687.0,13
NV104319,GTA Hub,2024-04-26,2024-04-26,2024-04-30,4,655.0,567.0,1222.0,2
NV104320,GTA Hub,2024-06-14,2024-06-14,2024-06-19,5,1112.0,926.0,2038.0,4
NV104321,GTA Hub,2026-05-06,2026-05-07,2026-05-15,8,1331.0,1027.0,2358.0,9
NV104322,GTA Hub,2025-07-20,2025-07-20,2025-07-26,6,691.0,573.0,1264.0,7
NV104323,GTA Hub,2024-06-26,2024-06-27,2024-07-02,5,672.0,587.0,1259.0,7
NV104324,Calgary Hub,2025-05-21,2025-05-22,2025-05-26,4,882.0,676.0,1558.0,7
NV104325,GTA Hub,2026-05-23,2026-05-24,2026-05-31,7,785.0,577.0,1362.0,2
NV104326,GTA Hub,2024-01-14,2024-01-15,2024-01-20,5,272.0,240.0,512.0,3
NV104327,GTA Hub,2024-07-24,2024-07-26,2024-07-28,2,442.0,336.0,778.0,5
NV104328,GTA Hub,2026-03-04,2026-03-04,2026-03-12,8,1925.0,1205.0,3130.0,4
NV104329,Montreal Hub,2025-05-14,2025-05-14,2025-05-25,11,1985.0,1649.0,3634.0,14
NV104330,GTA Hub,2026-05-28,2026-05-29,2026-06-16,18,4071.0,2849.0,6920.0,9
NV104331,Calgary Hub,2024-09-07,2024-09-11,2024-09-20,9,1990.0,1561.0,3551.0,7
NV104332,GTA Hub,2026-04-22,2026-04-24,2026-04-29,5,599.0,442.0,1041.0,6
NV104333,GTA Hub,2024-11-20,2024-11-22,2024-11-27,5,784.0,598.0,1382.0,1
NV104334,GTA Hub,2026-01-30,2026-01-31,2026-02-10,10,1775.0,1644.0,3419.0,3
NV104335,Calgary Hub,2026-02-16,2026-02-17,2026-02-22,5,920.0,688.0,1608.0,3
NV104336,Calgary Hub,2025-11-19,2025-11-24,2025-12-02,8,1077.0,798.0,1875.0,1
NV104337,Montreal Hub,2025-06-25,2025-06-27,2025-07-07,10,1746.0,1182.0,2928.0,11
NV104338,GTA Hub,2024-08-08,2024-08-11,2024-08-14,3,374.0,336.0,710.0,5
NV104339,Montreal Hub,2026-04-21,2026-04-22,2026-04-28,6,1131.0,882.0,2013.0,8
NV104340,GTA Hub,2024-07-08,2024-07-09,2024-07-15,6,608.0,475.0,1083.0,1
NV104341,GTA Hub,2026-01-31,2026-01-31,2026-02-05,5,926.0,915.0,1841.0,3
NV104342,GTA Hub,2026-06-20,2026-06-21,2026-07-03,12,2348.0,1895.0,4243.0,15
NV104343,Montreal Hub,2026-05-10,2026-05-11,2026-05-17,6,1445.0,1067.0,2512.0,8
NV104344,Calgary Hub,2025-07-24,2025-07-26,2025-08-09,14,2526.0,2071.0,4597.0,7
NV104345,GTA Hub,2026-07-23,2026-07-24,2026-07-28,4,1285.0,854.0,2139.0,2
NV104346,GTA Hub,2025-05-15,2025-05-16,2025-05-22,6,1143.0,901.0,2044.0,2
NV104347,GTA Hub,2025-12-29,2025-12-29,2026-01-01,3,584.0,434.0,1018.0,1
NV104348,Calgary Hub,2025-03-12,2025-03-13,2025-03-18,5,771.0,564.0,1335.0,6
NV104349,Calgary Hub,2025-11-24,2025-11-25,2025-12-03,8,1555.0,1192.0,2747.0,8
NV104350,Calgary Hub,2026-07-23,2026-07-24,2026-08-01,8,1629.0,1399.0,3028.0,10
NV104351,GTA Hub,2026-03-12,2026-03-13,2026-03-19,6,1482.0,1237.0,2719.0,10
NV104352,Calgary Hub,2025-11-09,2025-11-14,2025-11-22,8,969.0,643.0,1612.0,5
NV104353,GTA Hub,2025-03-29,2025-03-30,2025-04-08,9,1481.0,1093.0,2574.0,5
NV104354,GTA Hub,2024-12-18,2024-12-21,2024-12-25,4,495.0,433.0,928.0,4
NV104355,GTA Hub,2026-07-09,2026-07-09,2026-07-20,11,2150.0,1764.0,3914.0,6
NV104356,GTA Hub,2024-11-29,2024-11-29,2024-12-03,4,539.0,420.0,959.0,2
NV104357,GTA Hub,2025-06-10,2025-06-11,2025-06-13,2,663.0,488.0,1151.0,4
NV104358,GTA Hub,2024-05-03,2024-05-05,2024-05-20,15,3052.0,2033.0,5085.0,10
NV104359,Montreal Hub,2024-10-27,2024-10-28,2024-10-30,2,133.0,174.0,307.0,0
NV104360,GTA Hub,2025-05-17,2025-05-19,2025-05-27,8,1822.0,1313.0,3135.0,6
NV104361,GTA Hub,2025-10-10,2025-10-12,2025-10-19,7,802.0,716.0,1518.0,5
NV104362,GTA Hub,2025-07-24,2025-07-25,2025-07-28,3,915.0,665.0,1580.0,4
NV104363,Calgary Hub,2026-05-01,2026-05-03,2026-05-10,7,1062.0,779.0,1841.0,9
NV104364,GTA Hub,2025-01-07,2025-01-09,2025-01-14,5,593.0,439.0,1032.0,2
NV104365,Calgary Hub,2026-07-27,2026-07-28,2026-08-06,9,1951.0,1311.0,3262.0,12
NV104366,Calgary Hub,2026-01-13,2026-01-17,2026-01-24,7,1152.0,774.0,1926.0,4
NV104367,GTA Hub,2024-05-04,2024-05-05,2024-05-11,6,98.0,123.0,221.0,1
NV104368,Calgary Hub,2025-08-13,2025-08-16,2025-08-28,12,1904.0,1444.0,3348.0,8
NV104369,Calgary Hub,2025-04-15,2025-04-18,2025-04-22,4,585.0,502.0,1087.0,4
NV104370,Calgary Hub,2025-11-18,2025-11-20,2025-11-23,3,569.0,440.0,1009.0,2
NV104371,Calgary Hub,2025-10-12,2025-10-17,2025-10-25,8,1572.0,1086.0,2658.0,9
NV104372,GTA Hub,2026-06-03,2026-06-03,2026-06-16,13,2250.0,1738.0,3988.0,12
NV104373,Montreal Hub,2024-11-23,2024-11-24,2024-11-26,2,231.0,220.0,451.0,1
NV104374,Montreal Hub,2025-09-12,2025-09-14,2025-09-19,5,378.0,298.0,676.0,1
NV104375,GTA Hub,2025-06-14,2025-06-16,2025-06-23,7,974.0,762.0,1736.0,3
NV104376,GTA Hub,2025-06-13,2025-06-13,2025-06-23,10,2216.0,1479.0,3695.0,9
NV104377,Calgary Hub,2024-09-05,2024-09-08,2024-09-10,2,510.0,389.0,899.0,2
NV104378,GTA Hub,2026-02-11,2026-02-11,2026-02-17,6,802.0,682.0,1484.0,1
NV104379,Montreal Hub,2024-04-14,2024-04-17,2024-04-21,4,1041.0,687.0,1728.0,2
NV104380,Calgary Hub,2026-05-20,2026-05-24,2026-06-06,13,2785.0,1862.0,4647.0,12
NV104381,GTA Hub,2026-07-14,2026-07-16,2026-07-19,3,1000.0,797.0,1797.0,5
NV104382,Calgary Hub,2025-11-14,2025-11-17,2025-11-22,5,344.0,286.0,630.0,2
NV104383,GTA Hub,2025-02-14,2025-02-15,2025-02-22,7,1324.0,869.0,2193.0,1
NV104384,Montreal Hub,2026-03-26,2026-03-26,2026-04-01,6,1329.0,1036.0,2365.0,3
NV104385,GTA Hub,2026-01-13,2026-01-14,2026-01-20,6,712.0,541.0,1253.0,1
NV104386,Montreal Hub,2024-05-18,2024-05-20,2024-05-27,7,1176.0,754.0,1930.0,2
NV104387,GTA Hub,2025-07-23,2025-07-25,2025-07-31,6,878.0,710.0,1588.0,5
NV104388,Montreal Hub,2025-10-13,2025-10-16,2025-10-19,3,634.0,582.0,1216.0,2
NV104389,Calgary Hub,2026-01-26,2026-01-28,2026-02-06,9,1617.0,1406.0,3023.0,8
NV104390,GTA Hub,2024-12-02,2024-12-02,2024-12-11,9,1506.0,1185.0,2691.0,3
NV104391,GTA Hub,2024-10-05,2024-10-06,2024-10-12,6,684.0,511.0,1195.0,0
NV104392,Calgary Hub,2025-04-29,2025-05-04,2025-05-06,2,365.0,325.0,690.0,4
NV104393,GTA Hub,2024-12-24,2024-12-24,2024-12-27,3,152.0,198.0,350.0,1
NV104394,GTA Hub,2026-06-26,2026-06-26,2026-07-04,8,1158.0,894.0,2052.0,8
NV104395,GTA Hub,2024-07-14,2024-07-15,2024-07-17,2,353.0,309.0,662.0,3
NV104396,Montreal Hub,2025-01-03,2025-01-04,2025-01-10,6,857.0,634.0,1491.0,3
NV104397,GTA Hub,2024-02-04,2024-02-04,2024-02-11,7,1869.0,1164.0,3033.0,6
NV104398,GTA Hub,2026-06-09,2026-06-09,2026-06-21,12,2975.0,2353.0,5328.0,8
NV104399,Calgary Hub,2025-09-13,2025-09-16,2025-09-23,7,1110.0,822.0,1932.0,1
NV104400,GTA Hub,2024-05-01,2024-05-01,2024-05-05,4,222.0,207.0,429.0,1
NV104401,GTA Hub,2025-05-14,2025-05-15,2025-05-28,13,3136.0,2161.0,5297.0,6
NV104402,GTA Hub,2025-01-06,2025-01-06,2025-01-08,2,368.0,331.0,699.0,1
NV104403,Calgary Hub,2025-03-13,2025-03-15,2025-03-19,4,617.0,541.0,1158.0,3
NV104404,Calgary Hub,2025-01-17,2025-01-18,2025-01-22,4,718.0,620.0,1338.0,1
NV104405,GTA Hub,2025-04-23,2025-04-24,2025-04-30,6,1072.0,740.0,1812.0,2
NV104406,Calgary Hub,2024-09-14,2024-09-15,2024-09-26,11,1858.0,1221.0,3079.0,1
NV104407,GTA Hub,2026-04-04,2026-04-05,2026-04-10,5,722.0,557.0,1279.0,1
NV104408,GTA Hub,2025-09-07,2025-09-09,2025-09-15,6,590.0,462.0,1052.0,2
NV104409,GTA Hub,2026-08-30,2026-08-31,2026-09-07,7,448.0,503.0,951.0,5
NV104410,GTA Hub,2024-07-21,2024-07-22,2024-07-26,4,415.0,418.0,833.0,0
NV104411,Montreal Hub,2024-01-31,2024-02-01,2024-02-06,5,827.0,535.0,1362.0,6
NV104412,Calgary Hub,2026-02-08,2026-02-10,2026-02-17,7,1142.0,919.0,2061.0,6
NV104413,GTA Hub,2024-01-24,2024-01-26,2024-02-05,10,1924.0,1426.0,3350.0,6
NV104414,GTA Hub,2025-03-05,2025-03-06,2025-03-12,6,1187.0,940.0,2127.0,7
NV104415,Montreal Hub,2024-11-18,2024-11-20,2024-11-27,7,815.0,697.0,1512.0,3
NV104416,Calgary Hub,2025-03-30,2025-04-02,2025-04-10,8,1684.0,1173.0,2857.0,3
NV104417,GTA Hub,2026-05-31,2026-06-03,2026-06-08,5,437.0,414.0,851.0,5
NV104418,GTA Hub,2025-04-15,2025-04-15,2025-04-22,7,1134.0,792.0,1926.0,3
NV104419,GTA Hub,2024-09-17,2024-09-18,2024-09-23,5,383.0,298.0,681.0,2
NV104420,GTA Hub,2025-01-22,2025-01-22,2025-01-26,4,952.0,768.0,1720.0,3
NV104421,Calgary Hub,2024-09-22,2024-09-23,2024-09-29,6,893.0,819.0,1712.0,1
NV104422,GTA Hub,2024-03-04,2024-03-05,2024-03-10,5,879.0,695.0,1574.0,8
NV104423,GTA Hub,2025-01-13,2025-01-13,2025-01-22,9,1578.0,1344.0,2922.0,3
NV104424,GTA Hub,2024-05-19,2024-05-20,2024-05-22,2,604.0,446.0,1050.0,1
NV104425,GTA Hub,2026-04-23,2026-04-24,2026-04-29,5,569.0,530.0,1099.0,8
NV104426,GTA Hub,2026-02-25,2026-02-27,2026-03-06,7,1775.0,1258.0,3033.0,11
NV104427,GTA Hub,2025-07-13,2025-07-13,2025-07-20,7,1221.0,867.0,2088.0,7
NV104428,GTA Hub,2025-07-23,2025-07-24,2025-07-30,6,908.0,840.0,1748.0,4
NV104429,GTA Hub,2025-03-03,2025-03-04,2025-03-08,4,792.0,553.0,1345.0,5
NV104430,Montreal Hub,2025-06-26,2025-06-26,2025-07-04,8,1130.0,824.0,1954.0,3
NV104431,GTA Hub,2026-07-20,2026-07-20,2026-07-22,2,488.0,360.0,848.0,3
NV104432,Calgary Hub,2024-05-14,2024-05-17,2024-05-20,3,375.0,369.0,744.0,1
NV104433,Calgary Hub,2025-01-16,2025-01-17,2025-01-29,12,2096.0,1474.0,3570.0,4
NV104434,Montreal Hub,2024-06-16,2024-06-20,2024-06-28,8,993.0,732.0,1725.0,11
NV104435,Calgary Hub,2024-07-22,2024-07-24,2024-07-27,3,81.0,129.0,210.0,0
NV104436,GTA Hub,2024-03-09,2024-03-12,2024-03-17,5,763.0,587.0,1350.0,4
NV104437,GTA Hub,2024-09-11,2024-09-12,2024-09-19,7,876.0,882.0,1758.0,3
NV104438,GTA Hub,2026-07-28,2026-07-28,2026-08-08,11,1995.0,1788.0,3783.0,12
NV104439,Calgary Hub,2025-09-21,2025-09-25,2025-10-02,7,1197.0,828.0,2025.0,5
NV104440,Montreal Hub,2025-11-08,2025-11-10,2025-11-14,4,986.0,753.0,1739.0,3
NV104441,GTA Hub,2025-05-07,2025-05-09,2025-05-16,7,1092.0,908.0,2000.0,1
NV104442,GTA Hub,2026-05-17,2026-05-19,2026-05-28,9,953.0,851.0,1804.0,3
NV104443,GTA Hub,2026-08-04,2026-08-04,2026-08-13,9,1873.0,1340.0,3213.0,5
NV104444,Calgary Hub,2026-08-08,2026-08-09,2026-08-16,7,959.0,832.0,1791.0,6
NV104445,Calgary Hub,2024-11-04,2024-11-07,2024-11-13,6,779.0,767.0,1546.0,4
NV104446,GTA Hub,2026-06-29,2026-07-01,2026-07-07,6,1026.0,928.0,1954.0,3
NV104447,GTA Hub,2024-06-10,2024-06-11,2024-06-16,5,237.0,244.0,481.0,1
NV104448,GTA Hub,2025-09-24,2025-09-25,2025-09-28,3,551.0,399.0,950.0,1
NV104449,GTA Hub,2026-08-24,2026-08-26,2026-08-31,5,362.0,406.0,768.0,2
NV104450,GTA Hub,2024-10-09,2024-10-10,2024-10-15,5,509.0,366.0,875.0,0
NV104451,GTA Hub,2024-02-15,2024-02-16,2024-02-25,9,1131.0,916.0,2047.0,3
NV104452,GTA Hub,2024-05-14,2024-05-14,2024-05-19,5,426.0,371.0,797.0,2
NV104453,GTA Hub,2025-10-22,2025-10-23,2025-10-30,7,1198.0,974.0,2172.0,6
NV104454,Calgary Hub,2026-05-29,2026-05-29,2026-06-03,5,783.0,584.0,1367.0,4
NV104455,Calgary Hub,2026-07-02,2026-07-09,2026-07-17,8,1374.0,1158.0,2532.0,11
NV104456,GTA Hub,2024-07-25,2024-07-27,2024-08-01,5,401.0,392.0,793.0,3
NV104457,GTA Hub,2025-11-01,2025-11-02,2025-11-06,4,281.0,279.0,560.0,5
NV104458,GTA Hub,2026-06-04,2026-06-05,2026-06-10,5,438.0,428.0,866.0,1
NV104459,GTA Hub,2025-04-14,2025-04-14,2025-04-20,6,1248.0,886.0,2134.0,6
NV104460,Montreal Hub,2025-06-24,2025-06-26,2025-07-07,11,2176.0,1708.0,3884.0,7
NV104461,Calgary Hub,2025-04-22,2025-04-25,2025-04-29,4,671.0,588.0,1259.0,1
NV104462,GTA Hub,2024-03-14,2024-03-16,2024-03-20,4,517.0,480.0,997.0,2
NV104463,Calgary Hub,2024-09-22,2024-09-29,2024-10-06,7,783.0,705.0,1488.0,4
NV104464,GTA Hub,2025-08-18,2025-08-18,2025-08-23,5,762.0,653.0,1415.0,3
NV104465,GTA Hub,2026-07-05,2026-07-05,2026-07-10,5,864.0,654.0,1518.0,2
NV104466,GTA Hub,2024-10-25,2024-10-25,2024-11-03,9,1708.0,1198.0,2906.0,6
NV104467,Calgary Hub,2025-08-07,2025-08-09,2025-08-12,3,178.0,168.0,346.0,0
NV104468,Calgary Hub,2026-02-22,2026-02-28,2026-03-10,10,2201.0,1830.0,4031.0,11
NV104469,Calgary Hub,2024-11-24,2024-11-26,2024-12-04,8,1513.0,1069.0,2582.0,6
NV104470,Calgary Hub,2026-01-17,2026-01-19,2026-01-23,4,761.0,584.0,1345.0,8
NV104471,Calgary Hub,2025-02-21,2025-02-21,2025-02-25,4,513.0,419.0,932.0,8
NV104472,Calgary Hub,2026-03-05,2026-03-09,2026-03-15,6,1190.0,1023.0,2213.0,5
NV104473,GTA Hub,2024-06-24,2024-06-26,2024-06-28,2,200.0,214.0,414.0,3
NV104474,GTA Hub,2026-01-31,2026-01-31,2026-02-03,3,895.0,673.0,1568.0,5
NV104475,GTA Hub,2024-08-17,2024-08-18,2024-08-24,6,736.0,670.0,1406.0,2
NV104476,Montreal Hub,2026-05-29,2026-05-30,2026-06-03,4,1138.0,815.0,1953.0,2
NV104477,Montreal Hub,2026-02-17,2026-02-18,2026-02-26,8,2327.0,1445.0,3772.0,3
NV104478,Montreal Hub,2026-02-28,2026-03-04,2026-03-08,4,720.0,475.0,1195.0,2
NV104479,GTA Hub,2024-12-27,2024-12-30,2025-01-03,4,635.0,521.0,1156.0,3
NV104480,GTA Hub,2026-08-24,2026-08-24,2026-08-31,7,994.0,697.0,1691.0,8
NV104481,GTA Hub,2024-02-19,2024-02-20,2024-02-23,3,910.0,742.0,1652.0,2
NV104482,Calgary Hub,2024-02-22,2024-02-23,2024-02-29,6,1449.0,1031.0,2480.0,7
NV104483,Calgary Hub,2025-05-22,2025-05-24,2025-05-27,3,502.0,444.0,946.0,0
NV104484,GTA Hub,2024-08-07,2024-08-07,2024-08-13,6,465.0,448.0,913.0,7
NV104485,Calgary Hub,2024-05-21,2024-05-27,2024-06-11,15,3367.0,2516.0,5883.0,2
NV104486,GTA Hub,2024-06-22,2024-06-22,2024-06-26,4,952.0,746.0,1698.0,9
NV104487,GTA Hub,2024-12-06,2024-12-09,2024-12-16,7,1193.0,981.0,2174.0,2
NV104488,GTA Hub,2024-05-15,2024-05-15,2024-05-17,2,519.0,340.0,859.0,2
NV104489,Calgary Hub,2026-03-14,2026-03-18,2026-03-25,7,645.0,548.0,1193.0,5
NV104490,GTA Hub,2026-01-25,2026-01-25,2026-02-02,8,874.0,638.0,1512.0,2
NV104491,GTA Hub,2026-03-15,2026-03-18,2026-03-31,13,2772.0,2031.0,4803.0,13
NV104492,Calgary Hub,2025-03-04,2025-03-06,2025-03-16,10,1686.0,1104.0,2790.0,7
NV104493,Calgary Hub,2026-05-10,2026-05-14,2026-05-19,5,1002.0,777.0,1779.0,4
NV104494,GTA Hub,2026-08-17,2026-08-19,2026-08-25,6,1169.0,839.0,2008.0,3
NV104495,Calgary Hub,2024-07-26,2024-07-27,2024-07-29,2,402.0,342.0,744.0,3
NV104496,GTA Hub,2025-07-06,2025-07-06,2025-07-10,4,448.0,352.0,800.0,4
NV104497,Calgary Hub,2026-05-25,2026-05-30,2026-06-06,7,2156.0,1392.0,3548.0,8
NV104498,GTA Hub,2025-08-07,2025-08-08,2025-08-19,11,2769.0,1958.0,4727.0,7
NV104499,GTA Hub,2025-07-10,2025-07-10,2025-07-14,4,612.0,488.0,1100.0,9
NV104500,GTA Hub,2024-03-31,2024-04-02,2024-04-09,7,1147.0,742.0,1889.0,5
NV104501,Calgary Hub,2026-08-10,2026-08-11,2026-08-14,3,606.0,517.0,1123.0,2
NV104502,GTA Hub,2026-04-26,2026-04-27,2026-05-03,6,839.0,625.0,1464.0,5
NV104503,GTA Hub,2026-05-23,2026-05-24,2026-05-30,6,828.0,591.0,1419.0,2
NV104504,GTA Hub,2026-03-25,2026-03-25,2026-04-04,10,2086.0,1620.0,3706.0,4
NV104505,GTA Hub,2025-04-17,2025-04-18,2025-04-21,3,316.0,233.0,549.0,2
NV104506,Calgary Hub,2024-04-25,2024-04-27,2024-04-30,3,122.0,166.0,288.0,0
NV104507,Calgary Hub,2026-02-22,2026-02-24,2026-03-02,6,895.0,671.0,1566.0,4
NV104508,Calgary Hub,2026-06-30,2026-07-02,2026-07-09,7,657.0,541.0,1198.0,5
NV104509,GTA Hub,2024-03-17,2024-03-18,2024-03-22,4,386.0,322.0,708.0,1
NV104510,GTA Hub,2024-11-17,2024-11-17,2024-11-21,4,675.0,461.0,1136.0,2
NV104511,GTA Hub,2025-09-29,2025-09-30,2025-10-05,5,439.0,403.0,842.0,1
NV104512,Montreal Hub,2026-06-01,2026-06-02,2026-06-11,9,1812.0,1297.0,3109.0,6
NV104513,GTA Hub,2026-07-14,2026-07-15,2026-07-22,7,739.0,620.0,1359.0,3
NV104514,GTA Hub,2026-08-08,2026-08-10,2026-08-15,5,694.0,626.0,1320.0,6
NV104515,GTA Hub,2025-09-11,2025-09-12,2025-09-24,12,1674.0,1208.0,2882.0,7
NV104516,Montreal Hub,2024-05-16,2024-05-19,2024-05-23,4,925.0,718.0,1643.0,4
NV104517,Montreal Hub,2025-07-03,2025-07-03,2025-07-07,4,986.0,784.0,1770.0,1
NV104518,GTA Hub,2024-05-21,2024-05-22,2024-05-24,2,142.0,198.0,340.0,0
NV104519,Calgary Hub,2026-06-13,2026-06-14,2026-06-18,4,710.0,633.0,1343.0,3
NV104520,Montreal Hub,2024-01-09,2024-01-11,2024-01-19,8,781.0,700.0,1481.0,6
NV104521,Calgary Hub,2024-11-30,2024-12-02,2024-12-09,7,698.0,641.0,1339.0,4
NV104522,GTA Hub,2026-08-09,2026-08-10,2026-08-19,9,1722.0,1094.0,2816.0,4
NV104523,Montreal Hub,2025-06-18,2025-06-21,2025-06-27,6,1235.0,885.0,2120.0,5
NV104524,GTA Hub,2026-01-07,2026-01-09,2026-01-15,6,759.0,582.0,1341.0,3
NV104525,Calgary Hub,2024-07-03,2024-07-07,2024-07-11,4,950.0,640.0,1590.0,5
NV104526,GTA Hub,2025-12-03,2025-12-03,2025-12-09,6,468.0,533.0,1001.0,1
NV104527,Montreal Hub,2025-08-05,2025-08-06,2025-08-13,7,788.0,683.0,1471.0,2
NV104528,Calgary Hub,2026-06-16,2026-06-17,2026-06-23,6,1029.0,838.0,1867.0,4
NV104529,GTA Hub,2024-08-18,2024-08-19,2024-08-21,2,608.0,530.0,1138.0,0
NV104530,Montreal Hub,2025-10-29,2025-10-30,2025-11-06,7,1159.0,927.0,2086.0,8
NV104531,Calgary Hub,2026-06-01,2026-06-02,2026-06-09,7,975.0,879.0,1854.0,5
NV104532,GTA Hub,2025-02-03,2025-02-03,2025-02-06,3,315.0,310.0,625.0,1
NV104533,GTA Hub,2024-01-29,2024-01-30,2024-02-02,3,340.0,327.0,667.0,1
NV104534,Calgary Hub,2025-08-16,2025-08-16,2025-08-21,5,801.0,596.0,1397.0,4
NV104535,GTA Hub,2024-09-25,2024-09-25,2024-09-30,5,975.0,794.0,1769.0,7
NV104536,GTA Hub,2025-12-21,2025-12-23,2025-12-27,4,501.0,419.0,920.0,8
NV104537,GTA Hub,2025-05-09,2025-05-11,2025-05-13,2,164.0,178.0,342.0,0
NV104538,GTA Hub,2026-07-19,2026-07-20,2026-07-23,3,857.0,630.0,1487.0,7
NV104539,GTA Hub,2024-09-17,2024-09-17,2024-09-24,7,1086.0,761.0,1847.0,3
NV104540,Calgary Hub,2025-02-15,2025-02-18,2025-02-23,5,342.0,329.0,671.0,1
NV104541,GTA Hub,2025-07-26,2025-07-27,2025-08-02,6,576.0,528.0,1104.0,6
NV104542,GTA Hub,2026-08-22,2026-08-22,2026-08-28,6,830.0,805.0,1635.0,4
NV104543,Calgary Hub,2025-01-29,2025-01-31,2025-02-06,6,199.0,184.0,383.0,0
NV104544,GTA Hub,2025-05-31,2025-06-03,2025-06-11,8,1616.0,1179.0,2795.0,4
NV104545,GTA Hub,2026-06-18,2026-06-23,2026-06-27,4,714.0,482.0,1196.0,7
NV104546,Calgary Hub,2026-01-18,2026-01-22,2026-01-28,6,707.0,628.0,1335.0,6
NV104547,GTA Hub,2025-12-28,2025-12-29,2026-01-01,3,477.0,432.0,909.0,1
NV104548,GTA Hub,2024-04-27,2024-04-28,2024-04-30,2,440.0,423.0,863.0,2
NV104549,GTA Hub,2026-03-11,2026-03-14,2026-03-20,6,548.0,454.0,1002.0,2
NV104550,GTA Hub,2025-11-01,2025-11-02,2025-11-09,7,1670.0,1390.0,3060.0,13
NV104551,GTA Hub,2024-11-28,2024-11-28,2024-12-11,13,2017.0,1247.0,3264.0,5
NV104552,GTA Hub,2025-01-19,2025-01-19,2025-01-24,5,575.0,415.0,990.0,3
NV104553,GTA Hub,2025-02-20,2025-02-21,2025-03-01,8,2145.0,1834.0,3979.0,11
NV104554,Calgary Hub,2025-01-29,2025-02-01,2025-02-05,4,314.0,248.0,562.0,0
NV104555,GTA Hub,2024-08-03,2024-08-05,2024-08-11,6,1303.0,943.0,2246.0,10
NV104556,GTA Hub,2025-06-03,2025-06-05,2025-06-12,7,1378.0,1137.0,2515.0,13
NV104557,Calgary Hub,2025-09-13,2025-09-15,2025-09-19,4,526.0,511.0,1037.0,2
NV104558,GTA Hub,2026-01-20,2026-01-20,2026-01-27,7,1243.0,952.0,2195.0,1
NV104559,GTA Hub,2025-04-16,2025-04-16,2025-04-21,5,1203.0,881.0,2084.0,11
NV104560,GTA Hub,2025-03-16,2025-03-16,2025-03-20,4,305.0,329.0,634.0,3
NV104561,Montreal Hub,2026-08-08,2026-08-09,2026-08-14,5,661.0,550.0,1211.0,2
NV104562,GTA Hub,2026-06-03,2026-06-04,2026-06-06,2,337.0,301.0,638.0,0
NV104563,GTA Hub,2026-06-14,2026-06-14,2026-06-19,5,914.0,714.0,1628.0,2
NV104564,Montreal Hub,2024-10-08,2024-10-09,2024-10-16,7,1144.0,972.0,2116.0,6
NV104565,GTA Hub,2025-03-30,2025-03-30,2025-04-05,6,1081.0,948.0,2029.0,6
NV104566,GTA Hub,2025-04-23,2025-04-24,2025-04-29,5,996.0,730.0,1726.0,5
NV104567,GTA Hub,2025-04-26,2025-04-27,2025-05-05,8,1854.0,1427.0,3281.0,3
NV104568,Calgary Hub,2024-05-16,2024-05-17,2024-05-24,7,1345.0,976.0,2321.0,4
NV104569,GTA Hub,2025-07-17,2025-07-17,2025-07-20,3,400.0,410.0,810.0,0
NV104570,GTA Hub,2025-10-16,2025-10-16,2025-10-31,15,3231.0,2346.0,5577.0,4
NV104571,GTA Hub,2025-09-03,2025-09-05,2025-09-11,6,859.0,541.0,1400.0,5
NV104572,Calgary Hub,2025-09-12,2025-09-14,2025-09-20,6,946.0,726.0,1672.0,5
NV104573,Calgary Hub,2024-05-14,2024-05-19,2024-05-27,8,1813.0,1089.0,2902.0,2
NV104574,Calgary Hub,2026-01-06,2026-01-10,2026-01-13,3,697.0,540.0,1237.0,6
NV104575,GTA Hub,2024-12-12,2024-12-16,2024-12-18,2,142.0,199.0,341.0,2
NV104576,Calgary Hub,2026-06-15,2026-06-17,2026-06-27,10,1443.0,1184.0,2627.0,8
NV104577,Calgary Hub,2025-03-17,2025-03-22,2025-03-29,7,1551.0,1184.0,2735.0,9
NV104578,Montreal Hub,2025-10-01,2025-10-01,2025-10-09,8,1781.0,1313.0,3094.0,6
NV104579,GTA Hub,2025-03-19,2025-03-20,2025-03-22,2,681.0,517.0,1198.0,5
NV104580,GTA Hub,2026-03-02,2026-03-02,2026-03-08,6,993.0,817.0,1810.0,11
NV104581,GTA Hub,2024-12-20,2024-12-22,2025-01-01,10,1754.0,1113.0,2867.0,6
NV104582,GTA Hub,2026-06-23,2026-06-23,2026-06-28,5,1146.0,980.0,2126.0,7
NV104583,Calgary Hub,2024-08-14,2024-08-16,2024-08-21,5,821.0,584.0,1405.0,2
NV104584,Calgary Hub,2026-01-01,2026-01-03,2026-01-06,3,182.0,168.0,350.0,2
NV104585,GTA Hub,2026-06-14,2026-06-15,2026-06-23,8,1616.0,1327.0,2943.0,9
NV104586,GTA Hub,2025-10-30,2025-10-30,2025-11-04,5,1152.0,874.0,2026.0,4
NV104587,GTA Hub,2026-08-30,2026-08-31,2026-09-15,15,3464.0,2651.0,6115.0,14
NV104588,GTA Hub,2026-06-11,2026-06-11,2026-06-22,11,1870.0,1427.0,3297.0,3
NV104589,GTA Hub,2026-07-09,2026-07-11,2026-07-16,5,497.0,371.0,868.0,6
NV104590,Calgary Hub,2026-02-13,2026-02-18,2026-03-06,16,3475.0,2394.0,5869.0,12
NV104591,Calgary Hub,2025-02-20,2025-02-21,2025-02-23,2,128.0,158.0,286.0,0
NV104592,Calgary Hub,2024-06-15,2024-06-17,2024-06-22,5,745.0,579.0,1324.0,1
NV104593,GTA Hub,2025-08-19,2025-08-19,2025-08-24,5,1240.0,905.0,2145.0,2
NV104594,GTA Hub,2025-11-12,2025-11-14,2025-11-18,4,1430.0,1039.0,2469.0,7
NV104595,Calgary Hub,2024-06-20,2024-06-23,2024-06-28,5,698.0,547.0,1245.0,5
NV104596,Calgary Hub,2026-07-03,2026-07-05,2026-07-09,4,1084.0,791.0,1875.0,10
NV104597,GTA Hub,2026-03-17,2026-03-17,2026-03-24,7,1077.0,897.0,1974.0,7
NV104598,Calgary Hub,2025-05-18,2025-05-18,2025-05-22,4,144.0,224.0,368.0,0
NV104599,GTA Hub,2024-12-23,2024-12-25,2024-12-27,2,239.0,222.0,461.0,2
NV104600,GTA Hub,2025-12-22,2025-12-22,2025-12-26,4,294.0,302.0,596.0,0
NV104601,Calgary Hub,2026-01-08,2026-01-14,2026-01-21,7,1191.0,826.0,2017.0,5
NV104602,GTA Hub,2026-06-20,2026-06-21,2026-06-26,5,541.0,437.0,978.0,1
NV104603,Montreal Hub,2024-08-26,2024-08-27,2024-09-06,10,2000.0,1394.0,3394.0,9
NV104604,Calgary Hub,2026-06-07,2026-06-08,2026-06-16,8,1209.0,930.0,2139.0,5
NV104605,GTA Hub,2026-07-07,2026-07-09,2026-07-17,8,2379.0,1678.0,4057.0,9
NV104606,GTA Hub,2026-04-03,2026-04-05,2026-04-09,4,595.0,393.0,988.0,3
NV104607,GTA Hub,2025-05-21,2025-05-22,2025-05-27,5,725.0,516.0,1241.0,3
NV104608,Calgary Hub,2026-03-28,2026-03-31,2026-04-11,11,1926.0,1642.0,3568.0,7
NV104609,GTA Hub,2025-09-12,2025-09-12,2025-09-20,8,842.0,686.0,1528.0,3
NV104610,GTA Hub,2026-05-04,2026-05-07,2026-05-15,8,1340.0,1231.0,2571.0,7
NV104611,GTA Hub,2025-07-17,2025-07-18,2025-07-26,8,1207.0,933.0,2140.0,6
NV104612,Montreal Hub,2024-11-03,2024-11-04,2024-11-07,3,758.0,609.0,1367.0,0
NV104613,GTA Hub,2026-08-21,2026-08-21,2026-08-25,4,911.0,689.0,1600.0,5
NV104614,GTA Hub,2024-04-11,2024-04-11,2024-04-19,8,1687.0,1217.0,2904.0,12
NV104615,GTA Hub,2024-05-06,2024-05-06,2024-05-11,5,289.0,272.0,561.0,1
NV104616,GTA Hub,2026-06-24,2026-06-24,2026-07-01,7,1787.0,1570.0,3357.0,5
NV104617,Calgary Hub,2025-07-16,2025-07-17,2025-07-20,3,539.0,400.0,939.0,0
NV104618,GTA Hub,2026-07-25,2026-07-28,2026-08-01,4,606.0,489.0,1095.0,5
NV104619,GTA Hub,2024-07-10,2024-07-10,2024-07-12,2,450.0,348.0,798.0,1
NV104620,GTA Hub,2025-06-16,2025-06-16,2025-07-01,15,3398.0,2462.0,5860.0,6
NV104621,GTA Hub,2025-03-23,2025-03-26,2025-03-29,3,1037.0,845.0,1882.0,3
NV104622,Calgary Hub,2024-08-22,2024-08-24,2024-08-31,7,1213.0,933.0,2146.0,4
NV104623,GTA Hub,2026-08-27,2026-08-28,2026-09-03,6,729.0,628.0,1357.0,5
NV104624,Calgary Hub,2024-07-17,2024-07-20,2024-07-25,5,978.0,627.0,1605.0,9
NV104625,Montreal Hub,2025-07-19,2025-07-19,2025-07-25,6,611.0,491.0,1102.0,1
NV104626,GTA Hub,2026-02-17,2026-02-17,2026-02-21,4,294.0,241.0,535.0,1
NV104627,GTA Hub,2024-05-13,2024-05-17,2024-05-24,7,758.0,532.0,1290.0,3
NV104628,GTA Hub,2026-08-31,2026-09-01,2026-09-14,13,3830.0,2533.0,6363.0,12
NV104629,GTA Hub,2025-04-11,2025-04-11,2025-04-16,5,456.0,402.0,858.0,2
NV104630,GTA Hub,2025-12-22,2025-12-22,2025-12-31,9,1793.0,1232.0,3025.0,5
NV104631,GTA Hub,2026-01-03,2026-01-04,2026-01-13,9,1450.0,1090.0,2540.0,4
NV104632,Calgary Hub,2024-05-13,2024-05-13,2024-05-22,9,2025.0,1473.0,3498.0,5
NV104633,GTA Hub,2025-07-14,2025-07-15,2025-07-25,10,1988.0,1613.0,3601.0,4
NV104634,Montreal Hub,2026-03-18,2026-03-18,2026-03-24,6,352.0,277.0,629.0,0
NV104635,Calgary Hub,2026-04-29,2026-05-04,2026-05-09,5,946.0,770.0,1716.0,14
NV104636,Montreal Hub,2024-07-29,2024-07-29,2024-08-03,5,589.0,471.0,1060.0,4
NV104637,Calgary Hub,2026-03-31,2026-04-01,2026-04-13,12,1918.0,1634.0,3552.0,11
NV104638,Calgary Hub,2025-02-18,2025-02-19,2025-02-21,2,319.0,246.0,565.0,3
NV104639,GTA Hub,2026-08-24,2026-08-26,2026-09-01,6,1550.0,1284.0,2834.0,6
NV104640,Calgary Hub,2026-06-30,2026-07-02,2026-07-04,2,840.0,642.0,1482.0,5
NV104641,GTA Hub,2024-07-11,2024-07-12,2024-07-14,2,536.0,439.0,975.0,5
NV104642,Calgary Hub,2026-04-07,2026-04-09,2026-04-17,8,1438.0,915.0,2353.0,7
NV104643,GTA Hub,2025-09-27,2025-09-29,2025-10-08,9,1659.0,1146.0,2805.0,8
NV104644,Calgary Hub,2026-03-21,2026-03-22,2026-03-26,4,498.0,383.0,881.0,0
NV104645,GTA Hub,2026-06-04,2026-06-04,2026-06-12,8,1660.0,1358.0,3018.0,6
NV104646,GTA Hub,2024-07-22,2024-07-26,2024-08-04,9,2111.0,1558.0,3669.0,8
NV104647,GTA Hub,2024-11-18,2024-11-19,2024-11-23,4,327.0,319.0,646.0,7
NV104648,GTA Hub,2025-07-23,2025-07-27,2025-08-05,9,2355.0,1469.0,3824.0,7
NV104649,GTA Hub,2025-08-12,2025-08-13,2025-08-23,10,1381.0,968.0,2349.0,7
NV104650,Calgary Hub,2026-07-01,2026-07-05,2026-07-14,9,1714.0,1051.0,2765.0,5
NV104651,Calgary Hub,2026-08-02,2026-08-05,2026-08-13,8,1867.0,1267.0,3134.0,4
NV104652,GTA Hub,2026-06-11,2026-06-12,2026-06-20,8,1254.0,989.0,2243.0,10
NV104653,Montreal Hub,2025-04-12,2025-04-13,2025-04-19,6,849.0,607.0,1456.0,6
NV104654,Calgary Hub,2024-12-16,2024-12-20,2024-12-26,6,977.0,754.0,1731.0,4
NV104655,GTA Hub,2025-08-15,2025-08-16,2025-08-27,11,1909.0,1238.0,3147.0,8
NV104656,Montreal Hub,2025-03-28,2025-03-28,2025-03-30,2,72.0,107.0,179.0,0
NV104657,GTA Hub,2026-08-25,2026-08-29,2026-09-01,3,182.0,191.0,373.0,1
NV104658,GTA Hub,2026-05-17,2026-05-18,2026-05-27,9,2127.0,1716.0,3843.0,7
NV104659,GTA Hub,2024-05-15,2024-05-17,2024-05-20,3,366.0,291.0,657.0,2
NV104660,Calgary Hub,2026-03-17,2026-03-22,2026-03-25,3,222.0,215.0,437.0,1
NV104661,Montreal Hub,2026-04-18,2026-04-22,2026-04-29,7,853.0,733.0,1586.0,2
NV104662,Calgary Hub,2026-02-09,2026-02-15,2026-02-23,8,1117.0,895.0,2012.0,5
NV104663,Calgary Hub,2025-05-15,2025-05-15,2025-05-17,2,142.0,181.0,323.0,3
NV104664,Calgary Hub,2026-07-28,2026-07-29,2026-08-03,5,869.0,690.0,1559.0,5
NV104665,Montreal Hub,2024-01-07,2024-01-11,2024-01-14,3,108.0,165.0,273.0,1
NV104666,GTA Hub,2025-06-02,2025-06-04,2025-06-10,6,533.0,444.0,977.0,4
NV104667,GTA Hub,2026-03-08,2026-03-10,2026-03-18,8,1077.0,856.0,1933.0,4
NV104668,GTA Hub,2024-05-03,2024-05-05,2024-05-15,10,1878.0,1521.0,3399.0,2
NV104669,Calgary Hub,2026-06-20,2026-06-22,2026-06-25,3,770.0,649.0,1419.0,1
NV104670,GTA Hub,2025-12-28,2025-12-29,2026-01-03,5,765.0,694.0,1459.0,9
NV104671,GTA Hub,2024-10-06,2024-10-07,2024-10-14,7,1279.0,1005.0,2284.0,6
NV104672,GTA Hub,2025-01-12,2025-01-12,2025-01-14,2,601.0,536.0,1137.0,4
NV104673,Calgary Hub,2026-03-24,2026-03-26,2026-03-30,4,694.0,498.0,1192.0,1
NV104674,GTA Hub,2026-06-09,2026-06-10,2026-06-17,7,1309.0,1016.0,2325.0,8
NV104675,GTA Hub,2026-08-13,2026-08-15,2026-08-21,6,673.0,579.0,1252.0,6
NV104676,Montreal Hub,2025-09-29,2025-10-01,2025-10-08,7,1076.0,790.0,1866.0,4
NV104677,Calgary Hub,2025-03-11,2025-03-17,2025-03-19,2,114.0,136.0,250.0,1
NV104678,GTA Hub,2026-05-25,2026-05-25,2026-05-31,6,892.0,545.0,1437.0,6
NV104679,GTA Hub,2024-06-20,2024-06-20,2024-06-26,6,437.0,350.0,787.0,3
NV104680,GTA Hub,2025-08-19,2025-08-21,2025-08-26,5,860.0,644.0,1504.0,6
NV104681,GTA Hub,2025-05-03,2025-05-03,2025-05-12,9,1712.0,1255.0,2967.0,15
NV104682,Calgary Hub,2026-05-08,2026-05-08,2026-05-12,4,1247.0,1022.0,2269.0,6
NV104683,Montreal Hub,2024-11-17,2024-11-17,2024-11-20,3,652.0,557.0,1209.0,3
NV104684,Calgary Hub,2025-01-19,2025-01-21,2025-01-29,8,1680.0,1291.0,2971.0,5
NV104685,Calgary Hub,2025-11-02,2025-11-04,2025-11-09,5,651.0,584.0,1235.0,4
NV104686,Montreal Hub,2026-01-08,2026-01-09,2026-01-15,6,1418.0,1007.0,2425.0,5
NV104687,GTA Hub,2026-07-14,2026-07-14,2026-07-16,2,291.0,291.0,582.0,2
NV104688,GTA Hub,2025-07-22,2025-07-23,2025-07-31,8,1716.0,1250.0,2966.0,8
NV104689,GTA Hub,2025-06-27,2025-06-27,2025-07-06,9,2792.0,1974.0,4766.0,8
NV104690,GTA Hub,2026-05-06,2026-05-06,2026-05-15,9,1946.0,1580.0,3526.0,10
NV104691,GTA Hub,2024-04-22,2024-04-22,2024-04-26,4,911.0,666.0,1577.0,5
NV104692,Calgary Hub,2026-07-27,2026-07-30,2026-08-05,6,1125.0,778.0,1903.0,7
NV104693,GTA Hub,2026-05-23,2026-05-24,2026-06-02,9,1377.0,1134.0,2511.0,3
NV104694,GTA Hub,2024-12-09,2024-12-09,2024-12-15,6,995.0,883.0,1878.0,8
NV104695,Calgary Hub,2025-07-19,2025-07-20,2025-07-24,4,694.0,535.0,1229.0,9
NV104696,GTA Hub,2025-04-23,2025-04-24,2025-04-29,5,1201.0,856.0,2057.0,8
NV104697,GTA Hub,2026-05-29,2026-05-31,2026-06-05,5,1132.0,927.0,2059.0,1
NV104698,Montreal Hub,2025-02-04,2025-02-05,2025-02-08,3,610.0,501.0,1111.0,5
NV104699,GTA Hub,2025-03-06,2025-03-06,2025-03-15,9,1751.0,1386.0,3137.0,4
NV104700,GTA Hub,2025-05-17,2025-05-18,2025-05-23,5,1527.0,1023.0,2550.0,4
NV104701,GTA Hub,2026-01-06,2026-01-09,2026-01-13,4,1070.0,722.0,1792.0,4
NV104702,GTA Hub,2024-07-21,2024-07-21,2024-07-23,2,404.0,303.0,707.0,3
NV104703,Calgary Hub,2024-05-04,2024-05-09,2024-05-13,4,353.0,392.0,745.0,3
NV104704,Montreal Hub,2025-10-19,2025-10-20,2025-10-27,7,801.0,631.0,1432.0,0
NV104705,GTA Hub,2025-02-12,2025-02-13,2025-02-17,4,1116.0,805.0,1921.0,6
NV104706,Montreal Hub,2026-03-18,2026-03-20,2026-03-23,3,841.0,651.0,1492.0,7
NV104707,GTA Hub,2025-06-11,2025-06-13,2025-06-22,9,1048.0,763.0,1811.0,5
NV104708,GTA Hub,2024-11-10,2024-11-12,2024-11-15,3,604.0,414.0,1018.0,2
NV104709,Calgary Hub,2025-04-27,2025-04-28,2025-05-07,9,1180.0,761.0,1941.0,2
NV104710,Calgary Hub,2024-11-29,2024-12-04,2024-12-11,7,1371.0,1063.0,2434.0,6
NV104711,GTA Hub,2025-10-26,2025-10-27,2025-11-07,11,1697.0,1171.0,2868.0,2
NV104712,GTA Hub,2026-04-09,2026-04-11,2026-04-18,7,977.0,698.0,1675.0,9
NV104713,GTA Hub,2025-07-18,2025-07-18,2025-07-24,6,1036.0,867.0,1903.0,4
NV104714,GTA Hub,2026-04-24,2026-04-24,2026-04-26,2,300.0,274.0,574.0,1
NV104715,GTA Hub,2026-03-01,2026-03-04,2026-03-19,15,4011.0,2389.0,6400.0,7
NV104716,GTA Hub,2024-02-27,2024-02-28,2024-03-14,15,3005.0,2308.0,5313.0,9
NV104717,Calgary Hub,2024-01-14,2024-01-16,2024-01-19,3,412.0,370.0,782.0,2
NV104718,Calgary Hub,2026-07-18,2026-07-23,2026-07-30,7,736.0,590.0,1326.0,2
NV104719,Montreal Hub,2024-08-21,2024-08-24,2024-08-29,5,1124.0,859.0,1983.0,10
NV104720,GTA Hub,2026-05-11,2026-05-12,2026-05-17,5,979.0,688.0,1667.0,3
NV104721,Calgary Hub,2026-04-11,2026-04-12,2026-04-24,12,2208.0,1544.0,3752.0,9
NV104722,GTA Hub,2026-03-07,2026-03-07,2026-03-16,9,1789.0,1345.0,3134.0,10
NV104723,GTA Hub,2026-06-12,2026-06-13,2026-06-22,9,1314.0,1172.0,2486.0,12
NV104724,GTA Hub,2025-09-23,2025-09-24,2025-09-30,6,589.0,570.0,1159.0,3
NV104725,Montreal Hub,2024-07-22,2024-07-23,2024-07-28,5,378.0,398.0,776.0,5
NV104726,Montreal Hub,2024-05-01,2024-05-03,2024-05-12,9,1945.0,1263.0,3208.0,3
NV104727,Montreal Hub,2026-02-22,2026-02-23,2026-03-08,13,3065.0,2520.0,5585.0,12
NV104728,GTA Hub,2026-05-22,2026-05-26,2026-06-02,7,1971.0,1403.0,3374.0,8
NV104729,Montreal Hub,2026-07-03,2026-07-05,2026-07-11,6,983.0,707.0,1690.0,8
NV104730,Calgary Hub,2025-06-26,2025-06-29,2025-07-03,4,66.0,85.0,151.0,1
NV104731,Calgary Hub,2024-11-03,2024-11-04,2024-11-12,8,1475.0,1159.0,2634.0,6
NV104732,Calgary Hub,2026-05-20,2026-05-22,2026-05-27,5,777.0,657.0,1434.0,8
NV104733,GTA Hub,2024-01-10,2024-01-10,2024-01-18,8,961.0,787.0,1748.0,6
NV104734,GTA Hub,2026-03-06,2026-03-08,2026-03-18,10,2196.0,1628.0,3824.0,10
NV104735,GTA Hub,2025-09-05,2025-09-05,2025-09-09,4,784.0,653.0,1437.0,1
NV104736,GTA Hub,2026-05-03,2026-05-04,2026-05-17,13,2469.0,1667.0,4136.0,16
NV104737,Calgary Hub,2026-01-27,2026-01-31,2026-02-08,8,1945.0,1421.0,3366.0,5
NV104738,Calgary Hub,2026-07-26,2026-07-28,2026-08-04,7,880.0,632.0,1512.0,6
NV104739,Calgary Hub,2024-11-01,2024-11-03,2024-11-05,2,348.0,272.0,620.0,2
NV104740,Montreal Hub,2025-10-14,2025-10-15,2025-10-20,5,1058.0,716.0,1774.0,9
NV104741,Montreal Hub,2024-06-30,2024-07-02,2024-07-10,8,1299.0,897.0,2196.0,9
NV104742,GTA Hub,2025-07-22,2025-07-23,2025-08-01,9,2327.0,1737.0,4064.0,8
NV104743,GTA Hub,2026-01-31,2026-02-02,2026-02-07,5,1094.0,931.0,2025.0,4
NV104744,Calgary Hub,2025-12-30,2026-01-01,2026-01-13,12,1473.0,1080.0,2553.0,1
NV104745,GTA Hub,2026-02-21,2026-02-21,2026-02-27,6,1091.0,934.0,2025.0,6
NV104746,Calgary Hub,2025-04-19,2025-04-20,2025-04-28,8,1156.0,863.0,2019.0,3
NV104747,Calgary Hub,2025-09-25,2025-09-28,2025-10-02,4,371.0,331.0,702.0,0
NV104748,GTA Hub,2026-08-17,2026-08-18,2026-08-26,8,1359.0,948.0,2307.0,3
NV104749,Montreal Hub,2025-07-29,2025-07-30,2025-08-02,3,543.0,379.0,922.0,0
NV104750,Montreal Hub,2024-10-26,2024-10-28,2024-11-07,10,1924.0,1477.0,3401.0,5
NV104751,Calgary Hub,2025-03-15,2025-03-18,2025-03-31,13,2902.0,2046.0,4948.0,10
NV104752,GTA Hub,2024-06-17,2024-06-18,2024-06-25,7,1007.0,895.0,1902.0,2
NV104753,GTA Hub,2024-08-07,2024-08-08,2024-08-15,7,1254.0,894.0,2148.0,8
NV104754,Calgary Hub,2025-03-12,2025-03-13,2025-03-18,5,735.0,525.0,1260.0,9
NV104755,Calgary Hub,2025-09-22,2025-09-23,2025-09-26,3,542.0,437.0,979.0,6
NV104756,GTA Hub,2025-09-17,2025-09-18,2025-09-22,4,182.0,253.0,435.0,1
NV104757,Calgary Hub,2026-04-19,2026-04-22,2026-04-27,5,846.0,640.0,1486.0,9
NV104758,Montreal Hub,2025-02-06,2025-02-09,2025-02-14,5,1386.0,936.0,2322.0,3
NV104759,Montreal Hub,2024-05-14,2024-05-16,2024-05-18,2,223.0,241.0,464.0,4
NV104760,GTA Hub,2025-04-29,2025-04-30,2025-05-06,6,777.0,654.0,1431.0,6
NV104761,GTA Hub,2025-06-28,2025-06-28,2025-07-07,9,1575.0,1210.0,2785.0,6
NV104762,GTA Hub,2024-10-14,2024-10-17,2024-10-22,5,861.0,685.0,1546.0,1
NV104763,GTA Hub,2025-03-29,2025-03-29,2025-04-05,7,920.0,773.0,1693.0,8
NV104764,Calgary Hub,2026-08-15,2026-08-17,2026-08-22,5,980.0,855.0,1835.0,1
NV104765,GTA Hub,2025-12-22,2025-12-25,2025-12-31,6,716.0,615.0,1331.0,3
NV104766,GTA Hub,2026-07-11,2026-07-12,2026-07-20,8,1552.0,960.0,2512.0,4
NV104767,GTA Hub,2025-08-02,2025-08-05,2025-08-10,5,1175.0,992.0,2167.0,4
NV104768,Calgary Hub,2025-04-09,2025-04-09,2025-04-22,13,2468.0,1878.0,4346.0,11
NV104769,Calgary Hub,2026-05-15,2026-05-20,2026-05-26,6,1349.0,1037.0,2386.0,8
NV104770,Calgary Hub,2026-04-30,2026-05-02,2026-05-07,5,721.0,607.0,1328.0,2
NV104771,Montreal Hub,2024-07-08,2024-07-10,2024-07-13,3,111.0,150.0,261.0,1
NV104772,Calgary Hub,2026-02-16,2026-02-19,2026-02-27,8,1495.0,1138.0,2633.0,14
NV104773,GTA Hub,2026-01-18,2026-01-18,2026-01-28,10,1358.0,1016.0,2374.0,0
NV104774,GTA Hub,2024-09-02,2024-09-02,2024-09-06,4,943.0,700.0,1643.0,2
NV104775,Calgary Hub,2025-08-11,2025-08-15,2025-08-21,6,928.0,719.0,1647.0,6
NV104776,GTA Hub,2025-05-12,2025-05-12,2025-05-19,7,1080.0,901.0,1981.0,9
NV104777,Calgary Hub,2026-04-06,2026-04-07,2026-04-20,13,2808.0,2132.0,4940.0,13
NV104778,GTA Hub,2024-08-18,2024-08-18,2024-08-21,3,96.0,126.0,222.0,0
NV104779,GTA Hub,2024-01-27,2024-01-28,2024-02-11,14,2924.0,1813.0,4737.0,7
NV104780,GTA Hub,2025-02-19,2025-02-19,2025-02-27,8,837.0,682.0,1519.0,4
NV104781,GTA Hub,2024-09-20,2024-09-21,2024-10-03,12,2080.0,1771.0,3851.0,12
NV104782,GTA Hub,2025-12-30,2025-12-30,2026-01-12,13,2641.0,1763.0,4404.0,7
NV104783,GTA Hub,2025-11-05,2025-11-07,2025-11-15,8,952.0,750.0,1702.0,5
NV104784,Calgary Hub,2025-08-28,2025-08-30,2025-09-06,7,1206.0,906.0,2112.0,7
NV104785,Montreal Hub,2025-07-28,2025-07-30,2025-08-03,4,486.0,455.0,941.0,1
NV104786,Calgary Hub,2024-09-02,2024-09-06,2024-09-10,4,399.0,399.0,798.0,1
NV104787,GTA Hub,2026-08-17,2026-08-19,2026-08-29,10,2231.0,1509.0,3740.0,7
NV104788,GTA Hub,2026-02-25,2026-02-27,2026-03-03,4,929.0,664.0,1593.0,6
NV104789,GTA Hub,2025-06-12,2025-06-12,2025-06-15,3,660.0,596.0,1256.0,2
NV104790,Calgary Hub,2025-07-18,2025-07-20,2025-07-27,7,1147.0,1001.0,2148.0,4
NV104791,GTA Hub,2025-12-11,2025-12-12,2025-12-19,7,707.0,571.0,1278.0,2
NV104792,Calgary Hub,2025-05-12,2025-05-12,2025-05-18,6,879.0,686.0,1565.0,4
NV104793,Calgary Hub,2026-05-19,2026-05-21,2026-05-27,6,778.0,597.0,1375.0,2
NV104794,Calgary Hub,2026-01-28,2026-01-30,2026-02-05,6,1324.0,923.0,2247.0,4
NV104795,Calgary Hub,2025-11-06,2025-11-08,2025-11-13,5,482.0,379.0,861.0,4
NV104796,GTA Hub,2024-03-31,2024-04-01,2024-04-07,6,898.0,639.0,1537.0,7
NV104797,GTA Hub,2025-10-19,2025-10-19,2025-10-22,3,431.0,413.0,844.0,3
NV104798,Calgary Hub,2025-03-22,2025-03-25,2025-04-01,7,501.0,326.0,827.0,2
NV104799,GTA Hub,2024-04-27,2024-04-30,2024-05-07,7,599.0,543.0,1142.0,6
NV104800,GTA Hub,2025-05-21,2025-05-22,2025-05-28,6,684.0,611.0,1295.0,1
NV104801,Montreal Hub,2025-04-11,2025-04-11,2025-04-15,4,549.0,454.0,1003.0,0
NV104802,Calgary Hub,2024-01-03,2024-01-03,2024-01-05,2,180.0,247.0,427.0,1
NV104803,GTA Hub,2026-08-20,2026-08-23,2026-08-31,8,1965.0,1336.0,3301.0,6
NV104804,GTA Hub,2026-07-21,2026-07-23,2026-08-03,11,2331.0,1691.0,4022.0,11
NV104805,Montreal Hub,2026-05-06,2026-05-07,2026-05-15,8,1622.0,1066.0,2688.0,5
NV104806,GTA Hub,2025-10-22,2025-10-22,2025-10-28,6,812.0,595.0,1407.0,2
NV104807,Calgary Hub,2026-05-08,2026-05-10,2026-05-20,10,2121.0,1495.0,3616.0,4
NV104808,Montreal Hub,2025-04-25,2025-04-28,2025-05-06,8,1261.0,946.0,2207.0,3
NV104809,GTA Hub,2024-02-12,2024-02-14,2024-02-17,3,313.0,318.0,631.0,2
NV104810,Calgary Hub,2026-05-23,2026-05-24,2026-06-03,10,1487.0,972.0,2459.0,7
NV104811,GTA Hub,2025-06-07,2025-06-07,2025-06-14,7,631.0,461.0,1092.0,2
NV104812,GTA Hub,2025-11-02,2025-11-03,2025-11-11,8,1904.0,1596.0,3500.0,15
NV104813,Calgary Hub,2026-08-13,2026-08-13,2026-08-16,3,734.0,664.0,1398.0,5
NV104814,GTA Hub,2024-10-03,2024-10-03,2024-10-05,2,342.0,320.0,662.0,0
NV104815,GTA Hub,2025-06-23,2025-06-24,2025-07-04,10,1737.0,1343.0,3080.0,13
NV104816,GTA Hub,2025-07-25,2025-07-25,2025-08-01,7,175.0,229.0,404.0,1
NV104817,Montreal Hub,2025-04-24,2025-04-26,2025-05-03,7,1222.0,907.0,2129.0,2
NV104818,GTA Hub,2025-03-13,2025-03-14,2025-04-06,23,4569.0,2728.0,7297.0,7
NV104819,Calgary Hub,2025-06-26,2025-06-27,2025-07-02,5,904.0,819.0,1723.0,2
NV104820,Montreal Hub,2026-07-30,2026-08-01,2026-08-04,3,700.0,612.0,1312.0,2
NV104821,GTA Hub,2026-05-27,2026-05-27,2026-05-30,3,260.0,258.0,518.0,0
NV104822,GTA Hub,2025-07-14,2025-07-14,2025-07-23,9,2019.0,1408.0,3427.0,8
NV104823,GTA Hub,2026-01-15,2026-01-17,2026-01-24,7,651.0,519.0,1170.0,8
NV104824,Calgary Hub,2024-06-13,2024-06-19,2024-06-29,10,1564.0,1296.0,2860.0,8
NV104825,GTA Hub,2026-05-21,2026-05-21,2026-05-28,7,915.0,683.0,1598.0,3
NV104826,GTA Hub,2026-04-01,2026-04-02,2026-04-10,8,1440.0,1135.0,2575.0,10
NV104827,GTA Hub,2025-05-03,2025-05-04,2025-05-11,7,967.0,784.0,1751.0,8
NV104828,Montreal Hub,2024-12-22,2024-12-23,2024-12-26,3,747.0,676.0,1423.0,3
NV104829,GTA Hub,2024-11-26,2024-11-29,2024-12-07,8,2167.0,1734.0,3901.0,8
NV104830,GTA Hub,2024-11-17,2024-11-18,2024-11-26,8,1358.0,982.0,2340.0,6
NV104831,GTA Hub,2026-08-11,2026-08-11,2026-08-15,4,296.0,309.0,605.0,0
NV104832,GTA Hub,2025-10-19,2025-10-20,2025-10-31,11,1780.0,1355.0,3135.0,7
NV104833,Calgary Hub,2025-12-03,2025-12-07,2025-12-11,4,750.0,692.0,1442.0,1
NV104834,GTA Hub,2026-01-18,2026-01-20,2026-02-01,12,2204.0,1708.0,3912.0,13
NV104835,GTA Hub,2025-10-06,2025-10-06,2025-10-11,5,679.0,508.0,1187.0,7
NV104836,GTA Hub,2026-05-26,2026-05-26,2026-06-01,6,604.0,477.0,1081.0,2
NV104837,GTA Hub,2024-12-25,2024-12-25,2024-12-29,4,728.0,627.0,1355.0,6
NV104838,GTA Hub,2024-11-13,2024-11-15,2024-11-26,11,1501.0,1055.0,2556.0,7
NV104839,GTA Hub,2024-06-23,2024-06-24,2024-07-02,8,1590.0,1242.0,2832.0,5
NV104840,Calgary Hub,2025-12-10,2025-12-14,2025-12-21,7,951.0,883.0,1834.0,12
NV104841,GTA Hub,2025-06-05,2025-06-08,2025-06-11,3,356.0,332.0,688.0,2
NV104842,GTA Hub,2025-11-23,2025-11-23,2025-11-29,6,606.0,505.0,1111.0,4
NV104843,GTA Hub,2024-12-27,2024-12-27,2025-01-02,6,1581.0,1181.0,2762.0,10
NV104844,Calgary Hub,2025-10-02,2025-10-04,2025-10-10,6,1390.0,910.0,2300.0,8
NV104845,GTA Hub,2024-03-01,2024-03-02,2024-03-09,7,1218.0,803.0,2021.0,7
NV104846,GTA Hub,2024-12-01,2024-12-04,2024-12-07,3,743.0,569.0,1312.0,1
NV104847,GTA Hub,2025-03-31,2025-03-31,2025-04-05,5,506.0,409.0,915.0,4
NV104848,Montreal Hub,2025-08-06,2025-08-07,2025-08-17,10,1637.0,1271.0,2908.0,7
NV104849,Calgary Hub,2024-11-10,2024-11-11,2024-11-19,8,1157.0,1061.0,2218.0,11
NV104850,GTA Hub,2026-05-04,2026-05-08,2026-05-14,6,1356.0,1124.0,2480.0,7
NV104851,GTA Hub,2025-10-20,2025-10-20,2025-10-28,8,1099.0,760.0,1859.0,8
NV104852,Calgary Hub,2026-01-31,2026-02-04,2026-02-09,5,575.0,412.0,987.0,3
NV104853,Calgary Hub,2024-03-31,2024-04-03,2024-04-06,3,1038.0,759.0,1797.0,6
NV104854,Montreal Hub,2026-03-30,2026-03-30,2026-04-08,9,1116.0,837.0,1953.0,5
NV104855,GTA Hub,2025-04-04,2025-04-06,2025-04-12,6,865.0,644.0,1509.0,7
NV104856,Montreal Hub,2026-03-15,2026-03-21,2026-03-23,2,255.0,226.0,481.0,3
NV104857,GTA Hub,2024-07-03,2024-07-03,2024-07-05,2,126.0,156.0,282.0,1
NV104858,Calgary Hub,2025-02-24,2025-02-25,2025-03-02,5,792.0,657.0,1449.0,3
NV104859,GTA Hub,2025-01-11,2025-01-11,2025-01-13,2,245.0,221.0,466.0,2
NV104860,Calgary Hub,2025-05-05,2025-05-07,2025-05-16,9,1665.0,1286.0,2951.0,6
NV104861,GTA Hub,2024-10-17,2024-10-18,2024-10-24,6,1207.0,934.0,2141.0,1
NV104862,Calgary Hub,2024-08-18,2024-08-20,2024-08-24,4,211.0,198.0,409.0,1
NV104863,Calgary Hub,2025-03-27,2025-03-28,2025-04-08,11,2619.0,1694.0,4313.0,7
NV104864,Montreal Hub,2026-07-04,2026-07-06,2026-07-12,6,1185.0,923.0,2108.0,11
NV104865,Calgary Hub,2026-03-13,2026-03-15,2026-03-20,5,893.0,762.0,1655.0,2
NV104866,GTA Hub,2026-06-14,2026-06-16,2026-06-22,6,1404.0,863.0,2267.0,4
NV104867,Montreal Hub,2026-08-09,2026-08-10,2026-08-15,5,466.0,431.0,897.0,3
NV104868,GTA Hub,2026-02-08,2026-02-10,2026-02-15,5,563.0,407.0,970.0,5
NV104869,Montreal Hub,2026-01-24,2026-01-27,2026-02-02,6,1538.0,1275.0,2813.0,8
NV104870,GTA Hub,2024-12-13,2024-12-13,2024-12-16,3,122.0,148.0,270.0,1
NV104871,GTA Hub,2025-08-28,2025-08-28,2025-09-04,7,882.0,760.0,1642.0,6
NV104872,Calgary Hub,2025-03-20,2025-03-20,2025-03-26,6,1004.0,847.0,1851.0,4
NV104873,GTA Hub,2026-03-23,2026-03-23,2026-03-27,4,319.0,279.0,598.0,0
NV104874,Calgary Hub,2026-02-28,2026-02-28,2026-03-04,4,524.0,484.0,1008.0,3
NV104875,GTA Hub,2024-03-04,2024-03-05,2024-03-08,3,376.0,324.0,700.0,0
NV104876,GTA Hub,2025-10-09,2025-10-10,2025-10-17,7,1082.0,837.0,1919.0,4
NV104877,GTA Hub,2024-08-25,2024-08-27,2024-08-30,3,148.0,201.0,349.0,1
NV104878,GTA Hub,2024-02-18,2024-02-18,2024-02-21,3,117.0,146.0,263.0,1
NV104879,GTA Hub,2025-08-05,2025-08-08,2025-08-11,3,905.0,839.0,1744.0,3
NV104880,GTA Hub,2025-06-10,2025-06-10,2025-06-20,10,1466.0,1060.0,2526.0,9
NV104881,Montreal Hub,2026-02-22,2026-02-23,2026-02-28,5,430.0,304.0,734.0,1
NV104882,Montreal Hub,2025-11-20,2025-11-20,2025-11-25,5,989.0,793.0,1782.0,6
NV104883,GTA Hub,2024-02-25,2024-02-25,2024-03-01,5,1083.0,757.0,1840.0,3
NV104884,Montreal Hub,2024-06-09,2024-06-12,2024-06-17,5,276.0,247.0,523.0,1
NV104885,Calgary Hub,2025-03-04,2025-03-06,2025-03-11,5,1042.0,808.0,1850.0,5
NV104886,Calgary Hub,2025-07-17,2025-07-19,2025-07-22,3,450.0,403.0,853.0,0
NV104887,Calgary Hub,2026-08-05,2026-08-08,2026-08-14,6,418.0,406.0,824.0,0
NV104888,GTA Hub,2024-04-04,2024-04-05,2024-04-13,8,1511.0,1360.0,2871.0,10
NV104889,Montreal Hub,2024-01-31,2024-02-01,2024-02-04,3,680.0,581.0,1261.0,1
NV104890,Montreal Hub,2026-03-21,2026-03-22,2026-03-25,3,719.0,616.0,1335.0,2
NV104891,Montreal Hub,2026-08-07,2026-08-08,2026-08-13,5,919.0,689.0,1608.0,6
NV104892,GTA Hub,2024-07-21,2024-07-22,2024-07-29,7,1147.0,952.0,2099.0,5
NV104893,GTA Hub,2024-11-29,2024-11-29,2024-12-01,2,136.0,202.0,338.0,0
NV104894,GTA Hub,2024-10-01,2024-10-01,2024-10-08,7,1175.0,822.0,1997.0,3
NV104895,GTA Hub,2025-05-20,2025-05-21,2025-05-26,5,1067.0,727.0,1794.0,7
NV104896,GTA Hub,2024-11-13,2024-11-15,2024-11-23,8,976.0,770.0,1746.0,6
NV104897,GTA Hub,2026-06-29,2026-07-01,2026-07-06,5,1261.0,934.0,2195.0,1
NV104898,GTA Hub,2025-03-12,2025-03-13,2025-03-21,8,1471.0,1202.0,2673.0,3
NV104899,Calgary Hub,2026-03-12,2026-03-15,2026-03-17,2,796.0,680.0,1476.0,8
NV104900,GTA Hub,2026-03-27,2026-03-29,2026-04-05,7,1380.0,968.0,2348.0,9
NV104901,GTA Hub,2026-07-12,2026-07-13,2026-07-23,10,2246.0,1700.0,3946.0,9
NV104902,GTA Hub,2024-09-07,2024-09-11,2024-09-17,6,1245.0,982.0,2227.0,2
NV104903,Montreal Hub,2024-09-18,2024-09-19,2024-09-27,8,1228.0,965.0,2193.0,7
NV104904,GTA Hub,2024-10-28,2024-10-30,2024-11-02,3,367.0,338.0,705.0,1
NV104905,GTA Hub,2025-05-14,2025-05-15,2025-05-17,2,340.0,288.0,628.0,2
NV104906,GTA Hub,2026-01-15,2026-01-16,2026-01-19,3,330.0,269.0,599.0,1
NV104907,GTA Hub,2026-05-28,2026-05-29,2026-06-05,7,566.0,532.0,1098.0,5
NV104908,Calgary Hub,2025-04-03,2025-04-04,2025-04-16,12,2487.0,1553.0,4040.0,9
NV104909,Montreal Hub,2025-12-13,2025-12-14,2025-12-23,9,1596.0,1231.0,2827.0,8
NV104910,Montreal Hub,2024-04-29,2024-04-29,2024-05-05,6,543.0,486.0,1029.0,2
NV104911,GTA Hub,2024-05-09,2024-05-11,2024-05-16,5,920.0,723.0,1643.0,2
NV104912,GTA Hub,2025-11-05,2025-11-06,2025-11-10,4,376.0,368.0,744.0,0
NV104913,Calgary Hub,2025-05-22,2025-05-25,2025-05-27,2,511.0,426.0,937.0,2
NV104914,GTA Hub,2025-11-14,2025-11-14,2025-11-16,2,335.0,284.0,619.0,0
NV104915,GTA Hub,2025-10-08,2025-10-08,2025-10-14,6,946.0,737.0,1683.0,2
NV104916,Calgary Hub,2026-03-29,2026-04-02,2026-04-10,8,1495.0,1303.0,2798.0,10
NV104917,GTA Hub,2026-05-12,2026-05-12,2026-05-19,7,779.0,565.0,1344.0,5
NV104918,GTA Hub,2025-05-10,2025-05-11,2025-05-18,7,1556.0,1194.0,2750.0,6
NV104919,GTA Hub,2025-10-24,2025-10-24,2025-10-27,3,604.0,580.0,1184.0,3
NV104920,GTA Hub,2026-07-01,2026-07-01,2026-07-05,4,379.0,302.0,681.0,1
NV104921,GTA Hub,2025-04-06,2025-04-06,2025-04-12,6,494.0,412.0,906.0,0
NV104922,Calgary Hub,2024-11-18,2024-11-19,2024-11-23,4,808.0,663.0,1471.0,1
NV104923,Montreal Hub,2024-05-22,2024-05-23,2024-05-28,5,973.0,697.0,1670.0,2
NV104924,GTA Hub,2025-06-05,2025-06-05,2025-06-10,5,884.0,754.0,1638.0,4
NV104925,GTA Hub,2026-07-31,2026-08-03,2026-08-20,17,3000.0,2027.0,5027.0,10
NV104926,GTA Hub,2026-03-05,2026-03-05,2026-03-07,2,680.0,613.0,1293.0,1
NV104927,Calgary Hub,2024-05-15,2024-05-20,2024-05-26,6,1152.0,952.0,2104.0,7
NV104928,Calgary Hub,2025-09-13,2025-09-17,2025-09-22,5,961.0,685.0,1646.0,4
NV104929,GTA Hub,2025-06-06,2025-06-07,2025-06-15,8,1646.0,1398.0,3044.0,7
NV104930,GTA Hub,2026-05-25,2026-05-26,2026-05-31,5,535.0,463.0,998.0,5
NV104931,GTA Hub,2026-08-25,2026-08-25,2026-09-01,7,955.0,696.0,1651.0,5
NV104932,Calgary Hub,2024-03-11,2024-03-11,2024-03-16,5,779.0,742.0,1521.0,6
NV104933,Calgary Hub,2024-08-14,2024-08-16,2024-08-22,6,1254.0,1013.0,2267.0,5
NV104934,GTA Hub,2026-04-21,2026-04-22,2026-04-29,7,1364.0,947.0,2311.0,5
NV104935,GTA Hub,2025-03-13,2025-03-14,2025-03-18,4,719.0,630.0,1349.0,5
NV104936,GTA Hub,2025-05-27,2025-05-28,2025-06-01,4,535.0,507.0,1042.0,0
NV104937,GTA Hub,2026-01-31,2026-01-31,2026-02-08,8,776.0,665.0,1441.0,4
NV104938,GTA Hub,2026-08-05,2026-08-06,2026-08-11,5,915.0,799.0,1714.0,5
NV104939,GTA Hub,2026-07-18,2026-07-18,2026-07-24,6,1159.0,1020.0,2179.0,9
NV104940,GTA Hub,2024-05-08,2024-05-08,2024-05-17,9,1296.0,910.0,2206.0,5
NV104941,Montreal Hub,2024-05-18,2024-05-21,2024-05-26,5,1133.0,907.0,2040.0,4
NV104942,GTA Hub,2026-03-16,2026-03-17,2026-03-29,12,2556.0,2332.0,4888.0,10
NV104943,Montreal Hub,2026-03-22,2026-03-22,2026-04-02,11,2314.0,1480.0,3794.0,11
NV104944,Calgary Hub,2026-04-19,2026-04-23,2026-05-05,12,2317.0,1670.0,3987.0,4
NV104945,GTA Hub,2026-07-27,2026-07-27,2026-08-03,7,2159.0,1478.0,3637.0,6
NV104946,GTA Hub,2026-07-29,2026-07-29,2026-08-11,13,2445.0,1831.0,4276.0,8
NV104947,Calgary Hub,2024-09-16,2024-09-20,2024-10-04,14,3289.0,2296.0,5585.0,8
NV104948,Calgary Hub,2026-05-24,2026-05-26,2026-05-28,2,923.0,741.0,1664.0,14
NV104949,GTA Hub,2026-02-04,2026-02-07,2026-02-11,4,816.0,540.0,1356.0,0
NV104950,GTA Hub,2026-07-08,2026-07-09,2026-07-15,6,730.0,576.0,1306.0,3
NV104951,GTA Hub,2025-06-03,2025-06-05,2025-06-08,3,567.0,425.0,992.0,6
NV104952,Calgary Hub,2024-05-27,2024-05-31,2024-06-03,3,144.0,212.0,356.0,1
NV104953,GTA Hub,2026-04-03,2026-04-03,2026-04-10,7,1202.0,732.0,1934.0,3
NV104954,GTA Hub,2024-04-06,2024-04-08,2024-04-19,11,1742.0,1217.0,2959.0,6
NV104955,Montreal Hub,2026-03-17,2026-03-18,2026-03-23,5,595.0,533.0,1128.0,5
NV104956,GTA Hub,2025-02-08,2025-02-08,2025-02-12,4,756.0,579.0,1335.0,3
NV104957,Calgary Hub,2026-02-02,2026-02-04,2026-02-11,7,880.0,885.0,1765.0,4
NV104958,Calgary Hub,2026-07-20,2026-07-22,2026-07-29,7,927.0,693.0,1620.0,6
NV104959,GTA Hub,2024-12-07,2024-12-08,2024-12-20,12,2577.0,2071.0,4648.0,9
NV104960,Calgary Hub,2026-06-20,2026-06-25,2026-07-01,6,1071.0,872.0,1943.0,5
NV104961,GTA Hub,2026-02-08,2026-02-08,2026-02-11,3,520.0,484.0,1004.0,0
NV104962,GTA Hub,2024-02-28,2024-02-29,2024-03-03,3,255.0,238.0,493.0,4
NV104963,GTA Hub,2024-09-25,2024-09-25,2024-09-30,5,452.0,367.0,819.0,4
NV104964,GTA Hub,2025-05-01,2025-05-02,2025-05-17,15,2873.0,2264.0,5137.0,8
NV104965,Calgary Hub,2024-05-10,2024-05-13,2024-05-16,3,917.0,696.0,1613.0,6
NV104966,GTA Hub,2026-04-02,2026-04-05,2026-04-12,7,1070.0,886.0,1956.0,8
NV104967,Calgary Hub,2026-03-05,2026-03-10,2026-03-13,3,471.0,367.0,838.0,3
NV104968,GTA Hub,2024-06-19,2024-06-19,2024-06-24,5,527.0,433.0,960.0,3
NV104969,GTA Hub,2025-03-10,2025-03-12,2025-03-18,6,877.0,671.0,1548.0,3
NV104970,Calgary Hub,2026-08-06,2026-08-07,2026-08-10,3,332.0,405.0,737.0,2
NV104971,GTA Hub,2026-03-11,2026-03-11,2026-03-19,8,963.0,714.0,1677.0,2
NV104972,Calgary Hub,2026-04-17,2026-04-19,2026-04-29,10,1978.0,1326.0,3304.0,5
NV104973,Montreal Hub,2026-06-20,2026-06-20,2026-06-27,7,1232.0,970.0,2202.0,10
NV104974,GTA Hub,2026-03-30,2026-03-30,2026-04-10,11,1636.0,1434.0,3070.0,10
NV104975,Calgary Hub,2025-04-12,2025-04-14,2025-05-06,22,4403.0,3370.0,7773.0,9
NV104976,GTA Hub,2024-07-31,2024-07-31,2024-08-02,2,542.0,433.0,975.0,2
NV104977,Montreal Hub,2026-06-12,2026-06-13,2026-06-23,10,2148.0,1978.0,4126.0,10
NV104978,GTA Hub,2025-08-28,2025-08-29,2025-09-02,4,426.0,328.0,754.0,1
NV104979,GTA Hub,2025-09-27,2025-09-28,2025-10-06,8,1279.0,1173.0,2452.0,10
NV104980,Calgary Hub,2026-07-05,2026-07-08,2026-07-11,3,308.0,254.0,562.0,0
NV104981,GTA Hub,2024-02-18,2024-02-19,2024-02-25,6,602.0,419.0,1021.0,2
NV104982,GTA Hub,2025-11-08,2025-11-09,2025-11-15,6,1434.0,969.0,2403.0,5
NV104983,Montreal Hub,2025-04-02,2025-04-07,2025-04-09,2,277.0,243.0,520.0,4
NV104984,Calgary Hub,2026-07-29,2026-07-31,2026-08-03,3,736.0,563.0,1299.0,7
NV104985,Montreal Hub,2025-05-21,2025-05-25,2025-06-02,8,1246.0,890.0,2136.0,6
NV104986,Calgary Hub,2026-02-26,2026-03-01,2026-03-06,5,1259.0,857.0,2116.0,9
NV104987,GTA Hub,2026-06-10,2026-06-10,2026-06-15,5,913.0,745.0,1658.0,3
NV104988,GTA Hub,2024-08-14,2024-08-15,2024-08-20,5,914.0,719.0,1633.0,2
NV104989,GTA Hub,2024-07-27,2024-07-27,2024-08-01,5,514.0,446.0,960.0,1
NV104990,GTA Hub,2026-05-16,2026-05-18,2026-05-28,10,2078.0,1489.0,3567.0,7
NV104991,Calgary Hub,2025-03-07,2025-03-09,2025-03-12,3,622.0,511.0,1133.0,4
NV104992,GTA Hub,2024-09-17,2024-09-17,2024-09-23,6,684.0,608.0,1292.0,1
NV104993,Montreal Hub,2025-06-30,2025-07-01,2025-07-05,4,260.0,249.0,509.0,0
NV104994,Calgary Hub,2024-04-21,2024-04-23,2024-05-03,10,1172.0,853.0,2025.0,4
NV104995,GTA Hub,2025-09-16,2025-09-16,2025-09-22,6,1491.0,1020.0,2511.0,3
NV104996,Calgary Hub,2025-06-13,2025-06-14,2025-06-20,6,1166.0,783.0,1949.0,3
NV104997,Montreal Hub,2024-11-20,2024-11-20,2024-11-24,4,115.0,166.0,281.0,1
NV104998,GTA Hub,2025-01-09,2025-01-09,2025-01-12,3,948.0,686.0,1634.0,4
NV104999,GTA Hub,2025-03-01,2025-03-03,2025-03-06,3,737.0,594.0,1331.0,1
NV105000,Calgary Hub,2026-01-18,2026-01-18,2026-01-28,10,2489.0,1788.0,4277.0,4
