sale_id,vehicle_id,customer_id,sale_date,delivery_province,sale_price,tax_rate,financed,lender,apr_pct,term_months,down_payment,amount_financed,finance_reserve,warranty_purchased,warranty_price,warranty_cost,gap_purchased,gap_price,gap_cost,delivery_km,delivery_days,delivery_cost,delivery_fee_charged,returned_within_10_days,return_date,return_reason,return_cost
NS300001,NV100001,NC200001,2024-05-05,BC,28095,0.12,True,Lender D (Subprime),16.57,72.0,900.0,33466.0,227.0,True,2900.0,1508.0,False,0.0,0.0,3608,7,2030.0,1395,True,2024-05-14,Mechanical issue,4093.0
NS300002,NV100002,NC200002,2026-06-28,ON,21295,0.13,True,Lender D (Subprime),18.1,72.0,500.0,23563.0,326.0,False,0.0,0.0,False,0.0,0.0,134,2,186.0,0,False,,,0.0
NS300003,NV100003,NC200003,2026-04-27,ON,11595,0.13,True,Lender C (Near-Prime),12.48,60.0,200.0,15452.0,204.0,True,1350.0,702.0,True,1200.0,480.0,3182,7,1758.0,1395,False,,,0.0
NS300004,NV100004,NC200004,2025-04-17,ON,15995,0.13,True,Lender C (Near-Prime),12.05,72.0,2200.0,17224.0,205.0,False,0.0,0.0,True,1350.0,540.0,148,2,195.0,0,False,,,0.0
NS300005,NV100005,NC200005,2025-06-13,NS,11295,0.14,True,Lender A (Prime),9.04,72.0,300.0,12576.0,77.0,False,0.0,0.0,False,0.0,0.0,2174,6,1089.0,795,False,,,0.0
NS300006,NV100006,NC200006,2025-11-18,SK,40995,0.11,True,Lender A (Prime),8.54,60.0,4900.0,43554.0,466.0,True,2950.0,1534.0,False,0.0,0.0,2891,6,1514.0,1395,False,,,0.0
NS300007,NV100007,NC200007,2026-04-18,ON,21095,0.13,True,Lender A (Prime),7.41,84.0,3400.0,22587.0,202.0,True,2150.0,1118.0,False,0.0,0.0,148,3,199.0,0,False,,,0.0
NS300008,NV100009,NC200008,2026-04-22,NL,12695,0.15,True,Lender B (Prime),8.51,60.0,200.0,14399.0,91.0,False,0.0,0.0,False,0.0,0.0,3326,8,2189.0,1395,False,,,0.0
NS300009,NV100011,NC200009,2025-07-08,AB,36895,0.05,False,,,,,,0.0,False,0.0,0.0,False,0.0,0.0,240,3,238.0,0,False,,,0.0
NS300010,NV100012,NC200010,2026-07-06,QC,23595,0.14975,False,,,,,,0.0,False,0.0,0.0,False,0.0,0.0,636,4,442.0,395,False,,,0.0
NS300011,NV100013,NC200011,2025-04-16,ON,31195,0.13,True,Lender C (Near-Prime),14.51,72.0,900.0,37050.0,225.0,True,2700.0,1404.0,False,0.0,0.0,168,2,200.0,0,False,,,0.0
NS300012,NV100015,NC200012,2026-06-01,AB,12295,0.05,True,Lender C (Near-Prime),14.79,84.0,1700.0,12910.0,68.0,True,1700.0,884.0,False,0.0,0.0,293,3,268.0,0,False,,,0.0
NS300013,NV100016,NC200013,2026-02-03,ON,12895,0.13,False,,,,,,0.0,False,0.0,0.0,False,0.0,0.0,136,2,197.0,0,False,,,0.0
NS300014,NV100019,NC200014,2024-09-06,ON,17495,0.13,True,Lender C (Near-Prime),12.83,60.0,1700.0,20819.0,245.0,True,2750.0,1430.0,False,0.0,0.0,149,3,195.0,0,False,,,0.0
NS300015,NV100020,NC200015,2024-09-18,QC,20595,0.14975,True,Lender A (Prime),8.15,72.0,3900.0,19779.0,139.0,False,0.0,0.0,False,0.0,0.0,180,2,221.0,0,True,2024-09-24,Vehicle condition not as expected,1255.0
NS300016,NV100021,NC200016,2026-06-23,BC,10595,0.12,True,Lender C (Near-Prime),10.94,48.0,1500.0,10366.0,58.0,False,0.0,0.0,False,0.0,0.0,758,5,515.0,395,False,,,0.0
NS300017,NV100022,NC200017,2026-05-15,BC,12995,0.12,True,Lender B (Prime),6.81,72.0,1500.0,13054.0,79.0,False,0.0,0.0,False,0.0,0.0,667,5,526.0,395,False,,,0.0
NS300018,NV100023,NC200018,2025-09-21,ON,9195,0.13,True,Lender B (Prime),8.7,72.0,0.0,10390.0,52.0,False,0.0,0.0,False,0.0,0.0,132,3,188.0,0,False,,,0.0
NS300019,NV100026,NC200019,2024-12-24,QC,15295,0.14975,True,Lender A (Prime),7.51,48.0,400.0,19985.0,286.0,True,2800.0,1456.0,False,0.0,0.0,693,4,464.0,395,False,,,0.0
NS300020,NV100027,NC200020,2026-02-09,AB,11995,0.05,True,Lender B (Prime),8.41,72.0,100.0,14045.0,279.0,True,1550.0,806.0,False,0.0,0.0,3431,7,1884.0,1395,False,,,0.0
NS300021,NV100028,NC200021,2026-05-22,NS,12195,0.14,False,,,,,,0.0,False,0.0,0.0,False,0.0,0.0,1808,5,1063.0,795,False,,,0.0
NS300022,NV100029,NC200022,2025-02-22,NS,22395,0.14,True,Lender B (Prime),8.03,72.0,1100.0,24430.0,311.0,False,0.0,0.0,False,0.0,0.0,1198,3,741.0,795,True,2025-03-01,Changed mind,3083.0
NS300023,NV100030,NC200023,2025-01-24,ON,23195,0.13,True,Lender A (Prime),8.82,60.0,1200.0,28660.0,513.0,True,2850.0,1482.0,True,800.0,320.0,154,2,207.0,0,False,,,0.0
NS300024,NV100031,NC200024,2026-02-07,AB,28095,0.05,True,Lender C (Near-Prime),14.35,72.0,4600.0,28250.0,485.0,True,3350.0,1742.0,False,0.0,0.0,275,3,265.0,0,False,,,0.0
NS300025,NV100032,NC200025,2025-02-18,ON,28195,0.13,True,Lender C (Near-Prime),13.16,60.0,2700.0,32010.0,557.0,True,2850.0,1482.0,False,0.0,0.0,3249,6,1762.0,1395,False,,,0.0
NS300026,NV100033,NC200026,2026-09-22,AB,28695,0.05,True,Lender C (Near-Prime),15.52,72.0,2600.0,27530.0,304.0,False,0.0,0.0,False,0.0,0.0,2907,8,1389.0,1395,False,,,0.0
NS300027,NV100034,NC200027,2024-11-05,ON,18195,0.13,False,,,,,,0.0,True,1350.0,702.0,False,0.0,0.0,151,3,187.0,0,False,,,0.0
NS300028,NV100037,NC200028,2025-08-27,ON,18495,0.13,False,,,,,,0.0,False,0.0,0.0,True,750.0,300.0,161,2,212.0,0,False,,,0.0
NS300029,NV100038,NC200029,2024-03-30,ON,30895,0.13,True,Lender A (Prime),9.15,72.0,2300.0,35211.0,468.0,True,2600.0,1352.0,False,0.0,0.0,529,2,385.0,395,False,,,0.0
NS300030,NV100039,NC200030,2026-03-03,ON,19395,0.13,True,Lender C (Near-Prime),11.63,60.0,1800.0,20866.0,391.0,False,0.0,0.0,True,750.0,300.0,129,2,194.0,0,False,,,0.0
NS300031,NV100040,NC200031,2026-08-04,BC,25295,0.12,True,Lender B (Prime),9.1,60.0,500.0,31180.0,234.0,True,3350.0,1742.0,False,0.0,0.0,643,2,481.0,395,False,,,0.0
NS300032,NV100041,NC200032,2026-06-13,MB,21695,0.12,True,Lender C (Near-Prime),13.78,60.0,600.0,23698.0,437.0,False,0.0,0.0,False,0.0,0.0,1251,5,754.0,795,False,,,0.0
NS300033,NV100042,NC200033,2026-01-09,ON,44795,0.13,True,Lender D (Subprime),17.85,48.0,400.0,50218.0,949.0,False,0.0,0.0,False,0.0,0.0,167,2,229.0,0,True,2026-01-19,Changed mind,1621.0
NS300034,NV100044,NC200034,2024-12-26,ON,21695,0.13,True,Lender C (Near-Prime),13.93,84.0,600.0,23915.0,460.0,False,0.0,0.0,False,0.0,0.0,3408,7,1807.0,1395,False,,,0.0
NS300035,NV100045,NC200035,2025-04-21,MB,30195,0.12,True,Lender C (Near-Prime),12.61,84.0,2000.0,33218.0,513.0,False,0.0,0.0,True,1400.0,560.0,1244,3,831.0,795,True,2025-04-23,Financing fell through,2491.0
NS300036,NV100046,NC200036,2025-04-01,MB,16995,0.12,True,Lender B (Prime),10.49,72.0,3200.0,17184.0,95.0,True,1350.0,702.0,False,0.0,0.0,2315,7,1429.0,795,False,,,0.0
NS300037,NV100047,NC200037,2025-05-21,ON,11895,0.13,True,Lender D (Subprime),18.0,84.0,700.0,14091.0,82.0,False,0.0,0.0,True,1350.0,540.0,2786,6,1586.0,1395,False,,,0.0
NS300038,NV100048,NC200038,2026-02-14,ON,17795,0.13,True,Lender C (Near-Prime),13.48,60.0,500.0,19608.0,153.0,False,0.0,0.0,False,0.0,0.0,145,4,194.0,0,False,,,0.0
NS300039,NV100049,NC200039,2025-03-23,ON,24095,0.13,True,Lender A (Prime),7.0,72.0,4300.0,25977.0,176.0,True,3050.0,1586.0,False,0.0,0.0,3646,7,1975.0,1395,False,,,0.0
NS300040,NV100050,NC200040,2026-07-28,ON,16895,0.13,True,Lender C (Near-Prime),12.19,84.0,1300.0,19541.0,314.0,True,1750.0,910.0,False,0.0,0.0,165,4,213.0,0,False,,,0.0
NS300041,NV100051,NC200041,2024-11-11,BC,32295,0.12,False,,,,,,0.0,False,0.0,0.0,False,0.0,0.0,690,4,493.0,395,False,,,0.0
NS300042,NV100052,NC200042,2025-08-23,QC,10895,0.14975,False,,,,,,0.0,True,3250.0,1690.0,False,0.0,0.0,216,3,229.0,0,False,,,0.0
NS300043,NV100053,NC200043,2026-07-19,NS,24895,0.14,True,Lender D (Subprime),17.49,72.0,1800.0,26580.0,209.0,False,0.0,0.0,False,0.0,0.0,959,5,649.0,395,False,,,0.0
NS300044,NV100054,NC200044,2024-08-26,ON,11295,0.13,False,,,,,,0.0,False,0.0,0.0,False,0.0,0.0,143,4,185.0,0,False,,,0.0
NS300045,NV100055,NC200045,2026-09-03,AB,13995,0.05,True,Lender D (Subprime),18.97,60.0,1200.0,13495.0,87.0,False,0.0,0.0,False,0.0,0.0,3008,7,1894.0,1395,False,,,0.0
NS300046,NV100056,NC200046,2025-06-25,ON,31595,0.13,True,Lender D (Subprime),21.95,60.0,5600.0,30102.0,172.0,False,0.0,0.0,False,0.0,0.0,145,2,202.0,0,False,,,0.0
NS300047,NV100057,NC200047,2025-10-27,ON,10295,0.13,True,Lender B (Prime),9.83,72.0,100.0,11533.0,164.0,False,0.0,0.0,False,0.0,0.0,146,3,200.0,0,False,,,0.0
NS300048,NV100058,NC200048,2026-05-25,AB,22495,0.05,True,Lender C (Near-Prime),13.24,84.0,900.0,22720.0,193.0,False,0.0,0.0,False,0.0,0.0,315,2,287.0,395,False,,,0.0
NS300049,NV100059,NC200049,2025-06-13,ON,19895,0.13,False,,,,,,0.0,True,3300.0,1716.0,False,0.0,0.0,181,3,225.0,0,False,,,0.0
NS300050,NV100060,NC200050,2025-09-03,ON,26895,0.13,True,Lender B (Prime),7.37,60.0,5000.0,27641.0,451.0,True,2250.0,1170.0,False,0.0,0.0,201,4,229.0,0,False,,,0.0
NS300051,NV100061,NC200051,2026-05-20,ON,14495,0.13,False,,,,,,0.0,False,0.0,0.0,False,0.0,0.0,2819,6,2038.0,1395,False,,,0.0
NS300052,NV100062,NC200052,2026-03-13,ON,22095,0.13,True,Lender B (Prime),8.1,60.0,3400.0,22767.0,220.0,False,0.0,0.0,True,1200.0,480.0,2876,7,1912.0,1395,False,,,0.0
NS300053,NV100064,NC200053,2024-11-10,ON,15895,0.13,True,Lender A (Prime),7.45,72.0,3000.0,14961.0,143.0,False,0.0,0.0,False,0.0,0.0,161,2,210.0,0,False,,,0.0
NS300054,NV100065,NC200054,2025-08-03,QC,17795,0.14975,True,Lender D (Subprime),22.34,72.0,800.0,22760.0,419.0,True,3100.0,1612.0,False,0.0,0.0,3122,8,1816.0,1395,False,,,0.0
NS300055,NV100066,NC200055,2025-05-08,ON,21595,0.13,False,,,,,,0.0,False,0.0,0.0,False,0.0,0.0,146,3,192.0,0,False,,,0.0
NS300056,NV100067,NC200056,2025-11-01,ON,25295,0.13,False,,,,,,0.0,False,0.0,0.0,False,0.0,0.0,156,2,204.0,0,False,,,0.0
NS300057,NV100068,NC200057,2025-07-24,BC,19595,0.12,True,Lender B (Prime),6.64,60.0,2100.0,19846.0,105.0,False,0.0,0.0,False,0.0,0.0,4383,8,2330.0,1395,False,,,0.0
NS300058,NV100069,NC200058,2026-01-18,ON,16595,0.13,False,,,,,,0.0,True,1750.0,910.0,False,0.0,0.0,589,2,408.0,395,False,,,0.0
NS300059,NV100070,NC200059,2024-03-03,ON,35695,0.13,False,,,,,,0.0,False,0.0,0.0,False,0.0,0.0,135,4,194.0,0,False,,,0.0
NS300060,NV100071,NC200060,2026-03-23,ON,15895,0.13,True,Lender C (Near-Prime),13.25,84.0,100.0,17861.0,297.0,False,0.0,0.0,False,0.0,0.0,127,4,192.0,0,False,,,0.0
NS300061,NV100072,NC200061,2025-06-19,BC,22995,0.12,True,Lender A (Prime),8.66,60.0,4400.0,22654.0,362.0,False,0.0,0.0,True,1300.0,520.0,4536,9,2105.0,1395,False,,,0.0
NS300062,NV100073,NC200062,2026-09-18,AB,17995,0.05,False,,,,,,0.0,True,2200.0,1144.0,False,0.0,0.0,284,2,274.0,0,True,2026-09-20,Changed mind,1111.0
NS300063,NV100075,NC200063,2026-03-12,QC,10895,0.14975,True,Lender C (Near-Prime),11.82,60.0,600.0,11927.0,203.0,False,0.0,0.0,False,0.0,0.0,580,4,387.0,395,False,,,0.0
NS300064,NV100079,NC200064,2025-12-29,ON,13095,0.13,True,Lender B (Prime),9.06,72.0,1000.0,17147.0,96.0,True,3350.0,1742.0,False,0.0,0.0,3195,6,1746.0,1395,False,,,0.0
NS300065,NV100080,NC200065,2025-12-01,ON,25495,0.13,True,Lender B (Prime),8.33,60.0,3400.0,25409.0,321.0,False,0.0,0.0,False,0.0,0.0,3477,9,1974.0,1395,False,,,0.0
NS300066,NV100081,NC200066,2026-09-29,ON,24295,0.13,True,Lender D (Subprime),18.44,72.0,3100.0,27603.0,431.0,True,3250.0,1690.0,False,0.0,0.0,3776,9,2520.0,1395,False,,,0.0
NS300067,NV100082,NC200067,2024-05-18,MB,40395,0.12,True,Lender B (Prime),8.1,84.0,7400.0,37842.0,683.0,False,0.0,0.0,False,0.0,0.0,1446,6,854.0,795,False,,,0.0
NS300068,NV100083,NC200068,2026-05-16,AB,15295,0.05,False,,,,,,0.0,True,2600.0,1352.0,False,0.0,0.0,3176,8,1845.0,1395,False,,,0.0
NS300069,NV100084,NC200069,2025-09-20,QC,26895,0.14975,True,Lender C (Near-Prime),12.6,72.0,1900.0,29773.0,520.0,False,0.0,0.0,True,750.0,300.0,496,2,384.0,395,False,,,0.0
NS300070,NV100085,NC200070,2026-08-31,ON,13395,0.13,True,Lender A (Prime),8.08,84.0,1800.0,13336.0,236.0,False,0.0,0.0,False,0.0,0.0,4196,9,2496.0,1395,False,,,0.0
NS300071,NV100087,NC200071,2026-03-17,BC,13995,0.12,True,Lender C (Near-Prime),12.65,72.0,600.0,17774.0,283.0,True,2700.0,1404.0,False,0.0,0.0,713,5,502.0,395,False,,,0.0
NS300072,NV100090,NC200072,2026-08-01,NS,12795,0.14,True,Lender B (Prime),7.03,72.0,1500.0,14536.0,267.0,True,1450.0,754.0,False,0.0,0.0,1749,4,1005.0,795,False,,,0.0
NS300073,NV100091,NC200073,2024-09-17,MB,33995,0.12,True,Lender A (Prime),6.93,72.0,4100.0,33974.0,550.0,False,0.0,0.0,False,0.0,0.0,1300,5,999.0,795,False,,,0.0
NS300074,NV100092,NC200074,2025-08-30,BC,21295,0.12,True,Lender C (Near-Prime),13.07,84.0,2500.0,21350.0,118.0,False,0.0,0.0,False,0.0,0.0,669,5,474.0,395,False,,,0.0
NS300075,NV100093,NC200075,2026-07-12,NL,19495,0.15,False,,,,,,0.0,True,2850.0,1482.0,False,0.0,0.0,5604,10,3265.0,1395,False,,,0.0
NS300076,NV100094,NC200076,2024-02-18,ON,40195,0.13,False,,,,,,0.0,False,0.0,0.0,False,0.0,0.0,189,4,205.0,0,False,,,0.0
NS300077,NV100095,NC200077,2026-09-15,NS,19695,0.14,True,Lender A (Prime),9.25,60.0,2400.0,21802.0,289.0,True,1750.0,910.0,False,0.0,0.0,1686,6,964.0,795,False,,,0.0
NS300078,NV100096,NC200078,2026-09-06,ON,15295,0.13,True,Lender B (Prime),7.76,60.0,2700.0,17883.0,260.0,True,3300.0,1716.0,False,0.0,0.0,149,2,202.0,0,False,,,0.0
NS300079,NV100097,NC200079,2024-06-23,ON,30895,0.13,True,Lender A (Prime),8.29,84.0,3300.0,31611.0,189.0,False,0.0,0.0,False,0.0,0.0,3271,8,1878.0,1395,False,,,0.0
NS300080,NV100098,NC200080,2025-08-09,ON,16795,0.13,False,,,,,,0.0,False,0.0,0.0,False,0.0,0.0,139,4,188.0,0,False,,,0.0
NS300081,NV100100,NC200081,2025-10-16,ON,18995,0.13,False,,,,,,0.0,False,0.0,0.0,False,0.0,0.0,2889,6,1768.0,1395,False,,,0.0
NS300082,NV100101,NC200082,2025-05-17,ON,11795,0.13,True,Lender D (Subprime),18.37,84.0,1100.0,12228.0,104.0,False,0.0,0.0,False,0.0,0.0,135,2,201.0,0,False,,,0.0
NS300083,NV100102,NC200083,2025-10-20,ON,14095,0.13,True,Lender A (Prime),9.2,84.0,200.0,15727.0,252.0,False,0.0,0.0,False,0.0,0.0,616,3,440.0,395,False,,,0.0
NS300084,NV100103,NC200084,2025-07-08,ON,12395,0.13,True,Lender A (Prime),8.89,60.0,1200.0,15606.0,87.0,True,2800.0,1456.0,False,0.0,0.0,644,2,434.0,395,False,,,0.0
NS300085,NV100104,NC200085,2024-11-14,ON,13295,0.13,True,Lender C (Near-Prime),15.14,60.0,800.0,14223.0,158.0,False,0.0,0.0,False,0.0,0.0,148,3,193.0,0,False,,,0.0
NS300086,NV100106,NC200086,2026-06-07,ON,29695,0.13,True,Lender B (Prime),9.92,72.0,5600.0,29355.0,565.0,True,1400.0,728.0,False,0.0,0.0,575,4,392.0,395,False,,,0.0
NS300087,NV100107,NC200087,2025-05-08,AB,26795,0.05,True,Lender C (Near-Prime),11.73,60.0,2000.0,26135.0,312.0,False,0.0,0.0,False,0.0,0.0,276,2,292.0,0,False,,,0.0
NS300088,NV100108,NC200088,2024-05-26,MB,30495,0.12,True,Lender D (Subprime),22.18,60.0,2900.0,31254.0,350.0,False,0.0,0.0,False,0.0,0.0,2074,6,1026.0,795,False,,,0.0
NS300089,NV100109,NC200089,2025-09-05,ON,18995,0.13,True,Lender B (Prime),7.46,72.0,2100.0,19364.0,225.0,False,0.0,0.0,False,0.0,0.0,172,3,198.0,0,False,,,0.0
NS300090,NV100110,NC200090,2025-06-18,ON,23995,0.13,True,Lender A (Prime),8.17,60.0,1600.0,28514.0,453.0,True,3000.0,1560.0,False,0.0,0.0,135,4,189.0,0,False,,,0.0
NS300091,NV100112,NC200091,2026-09-28,ON,9095,0.13,True,Lender C (Near-Prime),12.31,72.0,800.0,9477.0,66.0,False,0.0,0.0,False,0.0,0.0,535,2,398.0,395,False,,,0.0
NS300092,NV100113,NC200092,2025-10-01,AB,22295,0.05,True,Lender D (Subprime),19.57,72.0,3900.0,19510.0,282.0,False,0.0,0.0,False,0.0,0.0,3276,7,1785.0,1395,False,,,0.0
NS300093,NV100115,NC200093,2024-05-26,ON,30995,0.13,True,Lender A (Prime),8.09,72.0,1900.0,35324.0,623.0,True,2200.0,1144.0,False,0.0,0.0,162,3,198.0,0,False,,,0.0
NS300094,NV100117,NC200094,2026-05-12,SK,17995,0.11,False,,,,,,0.0,False,0.0,0.0,False,0.0,0.0,2524,7,1625.0,1395,False,,,0.0
NS300095,NV100118,NC200095,2025-05-25,AB,32595,0.05,True,Lender A (Prime),8.48,60.0,4100.0,30125.0,503.0,False,0.0,0.0,False,0.0,0.0,3230,7,1660.0,1395,False,,,0.0
NS300096,NV100120,NC200096,2024-10-08,AB,7795,0.05,True,Lender A (Prime),8.87,72.0,700.0,7485.0,69.0,False,0.0,0.0,False,0.0,0.0,3398,7,1827.0,1395,False,,,0.0
NS300097,NV100121,NC200097,2024-02-20,ON,20395,0.13,True,Lender B (Prime),7.65,72.0,3900.0,19146.0,211.0,False,0.0,0.0,False,0.0,0.0,158,3,212.0,0,False,,,0.0
NS300098,NV100122,NC200098,2025-01-27,NS,25495,0.14,True,Lender C (Near-Prime),11.12,60.0,4200.0,24864.0,466.0,False,0.0,0.0,False,0.0,0.0,1061,5,570.0,795,False,,,0.0
NS300099,NV100123,NC200099,2026-05-30,BC,9495,0.12,True,Lender C (Near-Prime),11.8,84.0,100.0,10534.0,210.0,False,0.0,0.0,False,0.0,0.0,880,4,512.0,395,False,,,0.0
NS300100,NV100124,NC200100,2025-12-28,BC,18195,0.12,False,,,,,,0.0,True,3350.0,1742.0,False,0.0,0.0,600,3,453.0,395,False,,,0.0
NS300101,NV100125,NC200101,2026-01-24,NS,25295,0.14,True,Lender B (Prime),6.16,60.0,4800.0,25236.0,467.0,False,0.0,0.0,True,1200.0,480.0,1316,6,845.0,795,False,,,0.0
NS300102,NV100126,NC200102,2026-09-02,ON,13395,0.13,True,Lender C (Near-Prime),12.32,72.0,1600.0,16336.0,140.0,True,2800.0,1456.0,False,0.0,0.0,571,4,469.0,395,False,,,0.0
NS300103,NV100127,NC200103,2026-01-17,AB,17995,0.05,True,Lender D (Subprime),23.68,84.0,2300.0,16595.0,234.0,False,0.0,0.0,False,0.0,0.0,313,3,314.0,395,True,2026-01-18,Mechanical issue,2133.0
NS300104,NV100128,NC200104,2026-03-01,ON,15295,0.13,True,Lender C (Near-Prime),12.3,72.0,2000.0,17983.0,308.0,True,1750.0,910.0,True,950.0,380.0,171,3,240.0,0,False,,,0.0
NS300105,NV100129,NC200105,2026-03-13,BC,13095,0.12,True,Lender A (Prime),8.39,60.0,1300.0,16066.0,262.0,True,1950.0,1014.0,True,750.0,300.0,675,4,444.0,395,False,,,0.0
NS300106,NV100130,NC200106,2024-07-05,ON,30495,0.13,True,Lender C (Near-Prime),14.87,72.0,5500.0,28959.0,402.0,False,0.0,0.0,False,0.0,0.0,151,3,186.0,0,False,,,0.0
NS300107,NV100133,NC200107,2024-05-14,BC,34495,0.12,True,Lender B (Prime),7.98,72.0,200.0,38434.0,291.0,False,0.0,0.0,False,0.0,0.0,4049,10,2530.0,1395,False,,,0.0
NS300108,NV100134,NC200108,2025-03-21,ON,21495,0.13,False,,,,,,0.0,True,3000.0,1560.0,False,0.0,0.0,3082,8,1757.0,1395,False,,,0.0
NS300109,NV100135,NC200109,2024-08-08,NB,25195,0.15,True,Lender C (Near-Prime),11.09,60.0,3700.0,26474.0,198.0,False,0.0,0.0,True,1200.0,480.0,1335,4,861.0,795,False,,,0.0
NS300110,NV100138,NC200110,2026-08-03,ON,14095,0.13,True,Lender A (Prime),7.57,72.0,1800.0,15427.0,89.0,False,0.0,0.0,True,1300.0,520.0,140,4,206.0,0,False,,,0.0
NS300111,NV100139,NC200111,2026-02-01,ON,16295,0.13,True,Lender B (Prime),6.55,48.0,2900.0,16513.0,102.0,False,0.0,0.0,True,1000.0,400.0,3959,10,2463.0,1395,True,2026-02-11,Vehicle condition not as expected,4239.0
NS300112,NV100140,NC200112,2025-06-10,ON,20495,0.13,False,,,,,,0.0,False,0.0,0.0,False,0.0,0.0,159,3,206.0,0,False,,,0.0
NS300113,NV100141,NC200113,2026-05-24,NB,15795,0.15,True,Lender B (Prime),8.13,72.0,100.0,18064.0,344.0,False,0.0,0.0,False,0.0,0.0,3879,7,2357.0,1395,False,,,0.0
NS300114,NV100142,NC200114,2024-08-27,AB,17795,0.05,False,,,,,,0.0,True,1550.0,806.0,False,0.0,0.0,248,4,265.0,0,False,,,0.0
NS300115,NV100143,NC200115,2025-06-23,ON,35095,0.13,True,Lender B (Prime),6.82,48.0,500.0,42057.0,642.0,True,2900.0,1508.0,False,0.0,0.0,552,4,390.0,395,False,,,0.0
NS300116,NV100144,NC200116,2025-06-28,ON,16095,0.13,True,Lender C (Near-Prime),10.63,84.0,2600.0,16487.0,237.0,False,0.0,0.0,True,900.0,360.0,553,2,385.0,395,False,,,0.0
NS300117,NV100145,NC200117,2026-07-01,BC,26795,0.12,True,Lender C (Near-Prime),11.45,60.0,500.0,29510.0,577.0,False,0.0,0.0,False,0.0,0.0,861,4,519.0,395,False,,,0.0
NS300118,NV100146,NC200118,2025-09-16,ON,29095,0.13,False,,,,,,0.0,False,0.0,0.0,False,0.0,0.0,185,3,217.0,0,False,,,0.0
NS300119,NV100147,NC200119,2025-11-18,ON,10895,0.13,True,Lender A (Prime),7.55,72.0,1200.0,11111.0,110.0,False,0.0,0.0,False,0.0,0.0,150,2,201.0,0,False,,,0.0
NS300120,NV100149,NC200120,2026-04-26,ON,17195,0.13,True,Lender C (Near-Prime),14.69,72.0,1500.0,17930.0,121.0,False,0.0,0.0,False,0.0,0.0,153,3,202.0,0,False,,,0.0
NS300121,NV100151,NC200121,2025-07-09,AB,32995,0.05,True,Lender A (Prime),7.61,48.0,4200.0,31495.0,387.0,False,0.0,0.0,True,1050.0,420.0,278,2,269.0,0,False,,,0.0
NS300122,NV100152,NC200122,2025-06-14,BC,22395,0.12,True,Lender C (Near-Prime),13.3,60.0,2100.0,22982.0,442.0,False,0.0,0.0,False,0.0,0.0,861,5,619.0,395,False,,,0.0
NS300123,NV100153,NC200123,2026-01-26,BC,12295,0.12,True,Lender A (Prime),9.13,84.0,1100.0,15120.0,242.0,True,2450.0,1274.0,False,0.0,0.0,4793,11,2517.0,1395,False,,,0.0
NS300124,NV100154,NC200124,2025-08-01,ON,13895,0.13,True,Lender B (Prime),8.18,48.0,2100.0,15351.0,96.0,True,1750.0,910.0,False,0.0,0.0,3059,7,1657.0,1395,True,2025-08-06,Vehicle condition not as expected,4357.0
NS300125,NV100155,NC200125,2025-04-05,MB,19695,0.12,True,Lender A (Prime),7.79,60.0,600.0,21458.0,173.0,False,0.0,0.0,False,0.0,0.0,1841,6,1150.0,795,False,,,0.0
NS300126,NV100156,NC200126,2025-07-12,ON,19895,0.13,True,Lender A (Prime),9.33,84.0,2200.0,21331.0,356.0,False,0.0,0.0,True,1050.0,420.0,169,3,212.0,0,False,,,0.0
NS300127,NV100157,NC200127,2026-07-01,ON,37695,0.13,True,Lender B (Prime),10.5,72.0,3500.0,39095.0,664.0,False,0.0,0.0,False,0.0,0.0,170,3,220.0,0,False,,,0.0
NS300128,NV100159,NC200128,2026-06-09,ON,11895,0.13,True,Lender D (Subprime),21.55,60.0,2000.0,12791.0,153.0,False,0.0,0.0,True,1350.0,540.0,3580,8,2117.0,1395,False,,,0.0
NS300129,NV100160,NC200129,2025-06-24,ON,28795,0.13,False,,,,,,0.0,True,2600.0,1352.0,False,0.0,0.0,149,3,207.0,0,False,,,0.0
NS300130,NV100161,NC200130,2025-05-30,ON,24595,0.13,True,Lender A (Prime),8.12,72.0,2100.0,27092.0,503.0,True,1400.0,728.0,False,0.0,0.0,751,5,485.0,395,False,,,0.0
NS300131,NV100162,NC200131,2026-03-30,BC,15195,0.12,True,Lender B (Prime),7.73,60.0,700.0,18268.0,237.0,True,1950.0,1014.0,False,0.0,0.0,690,3,458.0,395,False,,,0.0
NS300132,NV100163,NC200132,2026-08-01,ON,21295,0.13,True,Lender C (Near-Prime),13.44,72.0,2000.0,24213.0,234.0,True,2150.0,1118.0,False,0.0,0.0,596,4,405.0,395,False,,,0.0
NS300133,NV100164,NC200133,2024-08-18,ON,28195,0.13,False,,,,,,0.0,False,0.0,0.0,False,0.0,0.0,597,3,431.0,395,False,,,0.0
NS300134,NV100166,NC200134,2024-11-21,ON,16595,0.13,True,Lender D (Subprime),18.14,48.0,1600.0,21302.0,221.0,True,3100.0,1612.0,True,1050.0,420.0,2973,8,1327.0,1395,False,,,0.0
NS300135,NV100167,NC200135,2025-06-19,ON,32595,0.13,False,,,,,,0.0,False,0.0,0.0,False,0.0,0.0,175,3,219.0,0,True,2025-06-21,Financing fell through,1920.0
NS300136,NV100168,NC200136,2026-05-02,ON,15595,0.13,True,Lender C (Near-Prime),14.44,84.0,2000.0,15622.0,161.0,False,0.0,0.0,False,0.0,0.0,156,2,192.0,0,False,,,0.0
NS300137,NV100169,NC200137,2024-04-30,ON,25495,0.13,True,Lender D (Subprime),22.06,60.0,2500.0,26309.0,316.0,False,0.0,0.0,False,0.0,0.0,144,4,198.0,0,False,,,0.0
NS300138,NV100170,NC200138,2025-09-25,ON,19895,0.13,True,Lender B (Prime),9.51,84.0,300.0,23981.0,158.0,True,1800.0,936.0,False,0.0,0.0,525,3,426.0,395,False,,,0.0
NS300139,NV100171,NC200139,2024-08-09,NB,23095,0.15,True,Lender D (Subprime),20.85,60.0,2400.0,24159.0,384.0,False,0.0,0.0,False,0.0,0.0,3918,9,2282.0,1395,False,,,0.0
NS300140,NV100173,NC200140,2025-05-17,NS,19895,0.14,True,Lender A (Prime),8.62,84.0,1900.0,22030.0,182.0,False,0.0,0.0,True,1250.0,500.0,2135,7,1359.0,795,False,,,0.0
NS300141,NV100175,NC200141,2026-01-03,ON,20695,0.13,False,,,,,,0.0,True,2450.0,1274.0,False,0.0,0.0,557,3,382.0,395,False,,,0.0
NS300142,NV100176,NC200142,2024-10-20,BC,35395,0.12,True,Lender B (Prime),8.86,60.0,5400.0,34242.0,586.0,False,0.0,0.0,False,0.0,0.0,644,3,454.0,395,False,,,0.0
NS300143,NV100177,NC200143,2025-03-30,ON,24995,0.13,False,,,,,,0.0,False,0.0,0.0,False,0.0,0.0,144,3,217.0,0,False,,,0.0
NS300144,NV100178,NC200144,2026-05-26,ON,14095,0.13,True,Lender A (Prime),8.61,48.0,200.0,15727.0,105.0,False,0.0,0.0,False,0.0,0.0,3621,9,2138.0,1395,False,,,0.0
NS300145,NV100180,NC200145,2025-09-29,ON,21495,0.13,False,,,,,,0.0,True,2500.0,1300.0,False,0.0,0.0,540,4,407.0,395,False,,,0.0
NS300146,NV100181,NC200146,2026-08-30,ON,35395,0.13,True,Lender A (Prime),6.26,48.0,6500.0,36696.0,259.0,True,3200.0,1664.0,False,0.0,0.0,154,3,191.0,0,False,,,0.0
NS300147,NV100182,NC200147,2025-05-22,ON,29795,0.13,True,Lender D (Subprime),20.44,84.0,1600.0,32068.0,614.0,False,0.0,0.0,False,0.0,0.0,528,4,375.0,395,False,,,0.0
NS300148,NV100183,NC200148,2024-06-25,ON,29195,0.13,True,Lender A (Prime),8.71,72.0,4600.0,29590.0,534.0,False,0.0,0.0,True,1200.0,480.0,509,3,392.0,395,False,,,0.0
NS300149,NV100184,NC200149,2024-09-21,MB,27595,0.12,True,Lender B (Prime),8.79,72.0,3400.0,27506.0,334.0,False,0.0,0.0,False,0.0,0.0,2378,7,1285.0,795,False,,,0.0
NS300150,NV100185,NC200150,2024-08-07,ON,23595,0.13,False,,,,,,0.0,False,0.0,0.0,True,1400.0,560.0,139,3,191.0,0,False,,,0.0
NS300151,NV100186,NC200151,2026-06-25,QC,18095,0.14975,True,Lender D (Subprime),19.77,84.0,2800.0,21105.0,320.0,True,2250.0,1170.0,True,850.0,340.0,564,2,453.0,395,False,,,0.0
NS300152,NV100187,NC200152,2026-04-04,NS,17395,0.14,False,,,,,,0.0,True,1750.0,910.0,False,0.0,0.0,2085,7,1138.0,795,False,,,0.0
NS300153,NV100188,NC200153,2026-02-05,ON,25695,0.13,True,Lender D (Subprime),24.78,72.0,800.0,30685.0,178.0,True,1200.0,624.0,True,1250.0,500.0,158,2,204.0,0,False,,,0.0
NS300154,NV100190,NC200154,2024-01-30,ON,25595,0.13,True,Lender B (Prime),7.68,72.0,1400.0,27522.0,371.0,False,0.0,0.0,False,0.0,0.0,551,2,385.0,395,False,,,0.0
NS300155,NV100193,NC200155,2024-09-06,ON,34095,0.13,False,,,,,,0.0,False,0.0,0.0,False,0.0,0.0,154,2,200.0,0,False,,,0.0
NS300156,NV100194,NC200156,2024-03-29,ON,10295,0.13,False,,,,,,0.0,True,3100.0,1612.0,False,0.0,0.0,152,3,204.0,0,False,,,0.0
NS300157,NV100195,NC200157,2026-01-04,ON,27795,0.13,True,Lender C (Near-Prime),13.97,72.0,1000.0,30408.0,562.0,False,0.0,0.0,False,0.0,0.0,3292,7,2078.0,1395,False,,,0.0
NS300158,NV100196,NC200158,2025-04-06,NS,17195,0.14,True,Lender C (Near-Prime),13.32,60.0,2900.0,17452.0,249.0,False,0.0,0.0,True,750.0,300.0,1769,4,1015.0,795,False,,,0.0
NS300159,NV100197,NC200159,2025-11-12,SK,23395,0.11,False,,,,,,0.0,False,0.0,0.0,False,0.0,0.0,723,4,542.0,395,False,,,0.0
NS300160,NV100198,NC200160,2026-08-10,ON,15095,0.13,False,,,,,,0.0,False,0.0,0.0,False,0.0,0.0,151,3,201.0,0,False,,,0.0
NS300161,NV100199,NC200161,2026-04-13,MB,20495,0.12,False,,,,,,0.0,False,0.0,0.0,False,0.0,0.0,1533,4,914.0,795,False,,,0.0
NS300162,NV100200,NC200162,2026-05-02,NS,15395,0.14,True,Lender A (Prime),8.18,72.0,2800.0,14750.0,242.0,False,0.0,0.0,False,0.0,0.0,1659,5,981.0,795,False,,,0.0
NS300163,NV100201,NC200163,2025-05-19,AB,29695,0.05,True,Lender D (Subprime),15.0,72.0,100.0,33880.0,180.0,True,2800.0,1456.0,False,0.0,0.0,3143,7,1875.0,1395,True,2025-05-22,Mechanical issue,3835.0
NS300164,NV100203,NC200164,2026-05-26,ON,21695,0.13,False,,,,,,0.0,False,0.0,0.0,False,0.0,0.0,520,4,360.0,395,False,,,0.0
NS300165,NV100204,NC200165,2025-09-04,ON,19195,0.13,False,,,,,,0.0,False,0.0,0.0,False,0.0,0.0,153,2,190.0,0,False,,,0.0
NS300166,NV100205,NC200166,2026-06-30,BC,39795,0.12,True,Lender A (Prime),8.67,84.0,2100.0,43720.0,360.0,False,0.0,0.0,True,1250.0,500.0,781,3,523.0,395,False,,,0.0
NS300167,NV100206,NC200167,2025-11-04,ON,24495,0.13,True,Lender B (Prime),8.26,60.0,3100.0,24579.0,416.0,False,0.0,0.0,False,0.0,0.0,3767,7,1962.0,1395,True,2025-11-13,Found another vehicle,3264.0
NS300168,NV100207,NC200168,2025-07-27,ON,31495,0.13,True,Lender A (Prime),8.61,84.0,3700.0,31889.0,620.0,False,0.0,0.0,False,0.0,0.0,3369,8,2018.0,1395,False,,,0.0
NS300169,NV100208,NC200169,2025-09-23,ON,19595,0.13,True,Lender C (Near-Prime),12.96,60.0,3800.0,18342.0,219.0,False,0.0,0.0,False,0.0,0.0,488,4,336.0,395,False,,,0.0
NS300170,NV100209,NC200170,2024-07-27,ON,36395,0.13,True,Lender C (Near-Prime),15.47,60.0,3900.0,37226.0,586.0,False,0.0,0.0,False,0.0,0.0,3313,8,1660.0,1395,False,,,0.0
NS300171,NV100210,NC200171,2024-03-08,MB,31895,0.12,False,,,,,,0.0,False,0.0,0.0,False,0.0,0.0,2167,7,1202.0,795,False,,,0.0
NS300172,NV100212,NC200172,2026-03-29,PE,25795,0.15,True,Lender A (Prime),7.64,60.0,3600.0,26064.0,500.0,False,0.0,0.0,False,0.0,0.0,1569,4,1182.0,795,False,,,0.0
NS300173,NV100213,NC200173,2025-06-13,ON,15695,0.13,True,Lender C (Near-Prime),13.31,72.0,3100.0,16885.0,266.0,True,2250.0,1170.0,False,0.0,0.0,475,4,365.0,395,False,,,0.0
NS300174,NV100214,NC200174,2026-03-21,ON,9395,0.13,True,Lender B (Prime),6.94,60.0,1400.0,13066.0,187.0,True,2750.0,1430.0,True,1100.0,440.0,3431,7,1708.0,1395,False,,,0.0
NS300175,NV100215,NC200175,2025-07-10,ON,30095,0.13,False,,,,,,0.0,True,1550.0,806.0,False,0.0,0.0,128,2,196.0,0,False,,,0.0
NS300176,NV100216,NC200176,2025-10-28,ON,15195,0.13,True,Lender B (Prime),7.85,60.0,800.0,18320.0,169.0,True,1950.0,1014.0,False,0.0,0.0,177,2,204.0,0,False,,,0.0
NS300177,NV100217,NC200177,2026-03-06,MB,17795,0.12,False,,,,,,0.0,True,2650.0,1378.0,False,0.0,0.0,2225,5,1110.0,795,False,,,0.0
NS300178,NV100218,NC200178,2026-08-14,SK,28895,0.11,True,Lender C (Near-Prime),13.83,84.0,3100.0,29923.0,531.0,False,0.0,0.0,True,950.0,380.0,2699,6,1228.0,1395,False,,,0.0
NS300179,NV100220,NC200179,2026-03-25,ON,14495,0.13,True,Lender C (Near-Prime),12.17,60.0,2700.0,13679.0,85.0,False,0.0,0.0,False,0.0,0.0,3082,6,1550.0,1395,False,,,0.0
NS300180,NV100221,NC200180,2026-05-02,ON,15695,0.13,False,,,,,,0.0,False,0.0,0.0,False,0.0,0.0,564,2,394.0,395,False,,,0.0
NS300181,NV100222,NC200181,2025-09-25,ON,12995,0.13,True,Lender D (Subprime),19.54,48.0,2400.0,12284.0,154.0,False,0.0,0.0,False,0.0,0.0,163,3,204.0,0,False,,,0.0
NS300182,NV100223,NC200182,2024-12-15,ON,21395,0.13,False,,,,,,0.0,False,0.0,0.0,False,0.0,0.0,421,2,345.0,395,True,2024-12-25,Mechanical issue,1506.0
NS300183,NV100224,NC200183,2026-08-31,ON,18695,0.13,True,Lender B (Prime),9.36,84.0,3100.0,19025.0,376.0,False,0.0,0.0,True,1000.0,400.0,629,4,437.0,395,False,,,0.0
NS300184,NV100225,NC200184,2024-06-13,ON,19295,0.13,False,,,,,,0.0,False,0.0,0.0,False,0.0,0.0,568,4,422.0,395,False,,,0.0
NS300185,NV100226,NC200185,2024-04-10,ON,30895,0.13,True,Lender D (Subprime),23.22,60.0,4400.0,30511.0,507.0,False,0.0,0.0,False,0.0,0.0,4402,10,2402.0,1395,False,,,0.0
NS300186,NV100227,NC200186,2026-01-03,MB,26495,0.12,True,Lender C (Near-Prime),13.33,72.0,1800.0,28674.0,197.0,False,0.0,0.0,True,800.0,320.0,1165,4,764.0,795,False,,,0.0
NS300187,NV100228,NC200187,2024-06-02,ON,51795,0.13,True,Lender C (Near-Prime),12.59,72.0,8200.0,50328.0,367.0,False,0.0,0.0,False,0.0,0.0,664,4,473.0,395,False,,,0.0
NS300188,NV100229,NC200188,2025-02-17,ON,19995,0.13,True,Lender D (Subprime),21.18,60.0,300.0,24444.0,336.0,True,2150.0,1118.0,False,0.0,0.0,126,2,175.0,0,False,,,0.0
NS300189,NV100231,NC200189,2026-04-09,ON,17195,0.13,True,Lender D (Subprime),17.96,60.0,1400.0,18030.0,282.0,False,0.0,0.0,False,0.0,0.0,144,3,206.0,0,True,2026-04-11,Changed mind,970.0
NS300190,NV100232,NC200190,2026-05-16,QC,18395,0.14975,False,,,,,,0.0,False,0.0,0.0,False,0.0,0.0,240,4,244.0,0,False,,,0.0
NS300191,NV100233,NC200191,2025-08-25,QC,20695,0.14975,True,Lender D (Subprime),18.68,72.0,1100.0,22694.0,181.0,False,0.0,0.0,False,0.0,0.0,3547,9,1917.0,1395,False,,,0.0
NS300192,NV100235,NC200192,2026-04-23,ON,27295,0.13,False,,,,,,0.0,True,1600.0,832.0,False,0.0,0.0,133,3,180.0,0,False,,,0.0
NS300193,NV100237,NC200193,2026-08-11,ON,13995,0.13,False,,,,,,0.0,False,0.0,0.0,False,0.0,0.0,152,4,207.0,0,False,,,0.0
NS300194,NV100238,NC200194,2024-09-22,ON,39095,0.13,True,Lender D (Subprime),21.75,72.0,7500.0,36677.0,438.0,False,0.0,0.0,False,0.0,0.0,3113,7,1767.0,1395,False,,,0.0
NS300195,NV100239,NC200195,2026-08-25,ON,10995,0.13,True,Lender D (Subprime),18.91,60.0,1000.0,11424.0,153.0,False,0.0,0.0,False,0.0,0.0,186,4,214.0,0,False,,,0.0
NS300196,NV100240,NC200196,2026-03-28,ON,25195,0.13,False,,,,,,0.0,False,0.0,0.0,False,0.0,0.0,573,4,417.0,395,False,,,0.0
NS300197,NV100241,NC200197,2026-05-29,NS,30995,0.14,True,Lender D (Subprime),21.65,60.0,3500.0,31834.0,459.0,False,0.0,0.0,False,0.0,0.0,4642,11,2828.0,1395,False,,,0.0
NS300198,NV100242,NC200198,2025-12-09,ON,34395,0.13,False,,,,,,0.0,False,0.0,0.0,False,0.0,0.0,3398,9,1831.0,1395,False,,,0.0
NS300199,NV100243,NC200199,2025-01-18,MB,35295,0.12,True,Lender B (Prime),9.0,48.0,2100.0,39430.0,717.0,True,2000.0,1040.0,False,0.0,0.0,2293,7,1319.0,795,False,,,0.0
NS300200,NV100244,NC200200,2025-12-18,NB,31095,0.15,True,Lender B (Prime),9.17,84.0,1000.0,36109.0,552.0,False,0.0,0.0,True,1350.0,540.0,943,4,550.0,395,False,,,0.0
NS300201,NV100245,NC200201,2025-02-13,ON,9295,0.13,True,Lender C (Near-Prime),14.43,72.0,600.0,12303.0,81.0,True,2400.0,1248.0,False,0.0,0.0,117,4,185.0,0,False,,,0.0
NS300202,NV100248,NC200202,2024-12-11,NS,39395,0.14,True,Lender B (Prime),8.24,72.0,7200.0,40310.0,617.0,True,1800.0,936.0,True,800.0,320.0,1826,6,1063.0,795,False,,,0.0
NS300203,NV100249,NC200203,2025-12-05,BC,14595,0.12,True,Lender B (Prime),9.73,72.0,1700.0,14646.0,187.0,False,0.0,0.0,False,0.0,0.0,978,5,642.0,395,False,,,0.0
NS300204,NV100250,NC200204,2026-02-16,QC,22895,0.14975,False,,,,,,0.0,False,0.0,0.0,False,0.0,0.0,574,4,467.0,395,False,,,0.0
NS300205,NV100251,NC200205,2025-04-16,ON,36495,0.13,True,Lender B (Prime),8.87,60.0,6500.0,35889.0,673.0,False,0.0,0.0,True,1150.0,460.0,150,3,198.0,0,False,,,0.0
NS300206,NV100252,NC200206,2025-10-28,ON,12495,0.13,True,Lender C (Near-Prime),13.59,72.0,2200.0,15119.0,263.0,True,3200.0,1664.0,False,0.0,0.0,152,2,200.0,0,False,,,0.0
NS300207,NV100255,NC200207,2026-07-03,AB,15895,0.05,True,Lender C (Near-Prime),11.93,60.0,300.0,16390.0,238.0,False,0.0,0.0,False,0.0,0.0,315,2,267.0,395,True,2026-07-05,Vehicle condition not as expected,1581.0
NS300208,NV100256,NC200208,2026-04-29,BC,15695,0.12,False,,,,,,0.0,True,1750.0,910.0,False,0.0,0.0,4394,10,2570.0,1395,False,,,0.0
NS300209,NV100257,NC200209,2024-10-02,NS,13395,0.14,False,,,,,,0.0,True,3050.0,1586.0,False,0.0,0.0,1290,4,726.0,795,True,2024-10-05,Changed mind,2105.0
NS300210,NV100258,NC200210,2024-12-21,ON,28995,0.13,False,,,,,,0.0,True,2100.0,1092.0,False,0.0,0.0,577,4,440.0,395,False,,,0.0
NS300211,NV100259,NC200211,2026-07-12,ON,34295,0.13,True,Lender B (Prime),9.35,60.0,2100.0,36653.0,223.0,False,0.0,0.0,False,0.0,0.0,543,2,430.0,395,False,,,0.0
NS300212,NV100260,NC200212,2025-03-20,AB,15795,0.05,False,,,,,,0.0,False,0.0,0.0,False,0.0,0.0,2857,7,1740.0,1395,False,,,0.0
NS300213,NV100261,NC200213,2026-07-03,AB,22395,0.05,True,Lender C (Near-Prime),12.92,60.0,1600.0,21915.0,322.0,False,0.0,0.0,False,0.0,0.0,274,2,259.0,0,False,,,0.0
NS300214,NV100262,NC200214,2026-09-08,ON,8195,0.13,True,Lender A (Prime),8.06,72.0,1100.0,8160.0,103.0,False,0.0,0.0,False,0.0,0.0,141,3,187.0,0,False,,,0.0
NS300215,NV100263,NC200215,2026-06-12,QC,24495,0.14975,True,Lender B (Prime),10.3,60.0,4800.0,23363.0,365.0,False,0.0,0.0,False,0.0,0.0,627,4,448.0,395,False,,,0.0
NS300216,NV100264,NC200216,2024-09-06,ON,43995,0.13,False,,,,,,0.0,True,1350.0,702.0,False,0.0,0.0,145,4,197.0,0,False,,,0.0
NS300217,NV100265,NC200217,2025-08-02,ON,15095,0.13,False,,,,,,0.0,False,0.0,0.0,False,0.0,0.0,601,4,417.0,395,False,,,0.0
NS300218,NV100266,NC200218,2025-04-28,ON,24895,0.13,True,Lender C (Near-Prime),13.03,72.0,4400.0,26731.0,143.0,True,3000.0,1560.0,False,0.0,0.0,542,2,405.0,395,False,,,0.0
NS300219,NV100267,NC200219,2024-12-05,ON,11995,0.13,True,Lender D (Subprime),18.44,72.0,700.0,12854.0,76.0,False,0.0,0.0,False,0.0,0.0,627,2,456.0,395,False,,,0.0
NS300220,NV100268,NC200220,2026-01-08,ON,31495,0.13,True,Lender C (Near-Prime),15.54,60.0,1900.0,34889.0,499.0,False,0.0,0.0,True,1200.0,480.0,661,5,391.0,395,False,,,0.0
NS300221,NV100269,NC200221,2024-09-13,QC,13195,0.14975,False,,,,,,0.0,True,2600.0,1352.0,False,0.0,0.0,4106,9,1928.0,1395,False,,,0.0
NS300222,NV100270,NC200222,2026-08-16,BC,26095,0.12,True,Lender A (Prime),7.13,72.0,3600.0,29226.0,156.0,True,2800.0,1456.0,True,800.0,320.0,4159,8,2479.0,1395,False,,,0.0
NS300223,NV100271,NC200223,2024-06-12,NS,30595,0.14,True,Lender C (Near-Prime),13.15,72.0,3300.0,31578.0,276.0,False,0.0,0.0,False,0.0,0.0,1315,6,789.0,795,False,,,0.0
NS300224,NV100272,NC200224,2026-06-27,AB,40195,0.05,True,Lender B (Prime),9.89,72.0,5100.0,37105.0,727.0,False,0.0,0.0,False,0.0,0.0,2980,8,2005.0,1395,False,,,0.0
NS300225,NV100273,NC200225,2025-07-05,AB,27795,0.05,True,Lender B (Prime),8.68,72.0,2700.0,26485.0,374.0,False,0.0,0.0,False,0.0,0.0,3352,9,1841.0,1395,False,,,0.0
NS300226,NV100274,NC200226,2026-01-12,ON,12595,0.13,False,,,,,,0.0,True,2850.0,1482.0,False,0.0,0.0,158,2,210.0,0,False,,,0.0
NS300227,NV100275,NC200227,2026-06-14,ON,23595,0.13,True,Lender D (Subprime),18.74,84.0,3000.0,23662.0,292.0,False,0.0,0.0,False,0.0,0.0,694,5,450.0,395,False,,,0.0
NS300228,NV100278,NC200228,2026-07-23,ON,11995,0.13,True,Lender C (Near-Prime),14.96,60.0,1600.0,11954.0,162.0,False,0.0,0.0,False,0.0,0.0,152,2,190.0,0,False,,,0.0
NS300229,NV100279,NC200229,2024-07-06,ON,20695,0.13,False,,,,,,0.0,False,0.0,0.0,False,0.0,0.0,3433,9,2068.0,1395,False,,,0.0
NS300230,NV100280,NC200230,2025-08-19,ON,13895,0.13,True,Lender C (Near-Prime),11.3,84.0,1500.0,17201.0,311.0,True,3000.0,1560.0,False,0.0,0.0,172,2,210.0,0,False,,,0.0
NS300231,NV100282,NC200231,2026-08-06,AB,14595,0.05,True,Lender C (Near-Prime),11.19,60.0,2300.0,16075.0,149.0,True,3050.0,1586.0,False,0.0,0.0,265,4,257.0,0,False,,,0.0
NS300232,NV100283,NC200232,2025-01-25,ON,12995,0.13,False,,,,,,0.0,False,0.0,0.0,False,0.0,0.0,606,4,431.0,395,False,,,0.0
NS300233,NV100284,NC200233,2026-01-28,AB,22795,0.05,True,Lender C (Near-Prime),11.81,60.0,3100.0,22085.0,211.0,True,1250.0,650.0,False,0.0,0.0,233,2,224.0,0,False,,,0.0
NS300234,NV100286,NC200234,2024-09-09,AB,28395,0.05,True,Lender B (Prime),8.02,84.0,5200.0,24615.0,186.0,False,0.0,0.0,False,0.0,0.0,295,3,283.0,0,False,,,0.0
NS300235,NV100287,NC200235,2025-07-29,ON,22395,0.13,False,,,,,,0.0,True,1550.0,806.0,False,0.0,0.0,126,4,187.0,0,False,,,0.0
NS300236,NV100288,NC200236,2025-06-20,ON,27895,0.13,True,Lender C (Near-Prime),13.53,72.0,100.0,31421.0,253.0,False,0.0,0.0,False,0.0,0.0,137,3,189.0,0,False,,,0.0
NS300237,NV100289,NC200237,2026-06-03,ON,11395,0.13,False,,,,,,0.0,True,1300.0,676.0,False,0.0,0.0,3492,7,1791.0,1395,False,,,0.0
NS300238,NV100290,NC200238,2024-06-02,ON,40095,0.13,True,Lender B (Prime),6.22,72.0,6500.0,42157.0,578.0,True,3350.0,1742.0,False,0.0,0.0,549,4,436.0,395,False,,,0.0
NS300239,NV100291,NC200239,2024-08-11,NB,26995,0.15,True,Lender A (Prime),8.05,60.0,1200.0,29844.0,534.0,False,0.0,0.0,False,0.0,0.0,1357,6,811.0,795,False,,,0.0
NS300240,NV100292,NC200240,2025-07-03,BC,19595,0.12,False,,,,,,0.0,True,1350.0,702.0,False,0.0,0.0,635,3,467.0,395,False,,,0.0
NS300241,NV100293,NC200241,2026-01-20,ON,23295,0.13,False,,,,,,0.0,False,0.0,0.0,False,0.0,0.0,523,3,383.0,395,False,,,0.0
NS300242,NV100294,NC200242,2024-07-27,ON,28695,0.13,True,Lender A (Prime),8.16,72.0,2900.0,32425.0,478.0,True,1600.0,832.0,True,1300.0,520.0,150,2,183.0,0,True,2024-08-03,Financing fell through,2227.0
NS300243,NV100295,NC200243,2026-01-08,QC,24695,0.14975,True,Lender C (Near-Prime),11.36,84.0,1800.0,26593.0,292.0,False,0.0,0.0,False,0.0,0.0,218,4,233.0,0,False,,,0.0
NS300244,NV100296,NC200244,2025-08-03,PE,14995,0.15,True,Lender D (Subprime),21.31,84.0,1900.0,17894.0,251.0,True,2550.0,1326.0,False,0.0,0.0,5258,12,2909.0,1395,False,,,0.0
NS300245,NV100297,NC200245,2026-08-31,SK,12595,0.11,True,Lender B (Prime),8.25,72.0,100.0,16630.0,145.0,True,2750.0,1430.0,False,0.0,0.0,3044,7,1409.0,1395,False,,,0.0
NS300246,NV100298,NC200246,2024-04-02,ON,16395,0.13,True,Lender B (Prime),9.26,72.0,2800.0,18926.0,192.0,True,3200.0,1664.0,False,0.0,0.0,165,4,206.0,0,False,,,0.0
NS300247,NV100299,NC200247,2025-04-19,ON,17095,0.13,True,Lender C (Near-Prime),13.06,60.0,2500.0,17667.0,190.0,False,0.0,0.0,True,850.0,340.0,571,3,437.0,395,False,,,0.0
NS300248,NV100300,NC200248,2025-06-11,BC,28295,0.12,True,Lender C (Near-Prime),12.69,60.0,500.0,34190.0,681.0,True,1650.0,858.0,True,1350.0,540.0,5220,10,2667.0,1395,False,,,0.0
NS300249,NV100301,NC200249,2025-05-17,MB,21495,0.12,True,Lender C (Near-Prime),11.45,60.0,4300.0,22424.0,290.0,True,2650.0,1378.0,False,0.0,0.0,2240,5,1220.0,795,False,,,0.0
NS300250,NV100303,NC200250,2026-06-18,BC,17295,0.12,True,Lender A (Prime),8.1,48.0,2000.0,18270.0,107.0,False,0.0,0.0,True,900.0,360.0,4496,8,2434.0,1395,False,,,0.0
NS300251,NV100305,NC200251,2025-03-31,NS,19695,0.14,True,Lender A (Prime),8.87,60.0,2400.0,22702.0,248.0,True,2650.0,1378.0,False,0.0,0.0,1596,4,1033.0,795,False,,,0.0
NS300252,NV100306,NC200252,2025-05-13,ON,41195,0.13,False,,,,,,0.0,False,0.0,0.0,False,0.0,0.0,3308,8,1520.0,1395,False,,,0.0
NS300253,NV100307,NC200253,2024-11-16,AB,34795,0.05,True,Lender A (Prime),8.44,60.0,5200.0,31335.0,331.0,False,0.0,0.0,False,0.0,0.0,260,3,232.0,0,False,,,0.0
NS300254,NV100308,NC200254,2026-02-27,AB,9795,0.05,False,,,,,,0.0,True,2000.0,1040.0,False,0.0,0.0,3305,8,1621.0,1395,False,,,0.0
NS300255,NV100309,NC200255,2026-03-20,ON,19095,0.13,True,Lender A (Prime),8.5,60.0,1600.0,19977.0,310.0,False,0.0,0.0,False,0.0,0.0,136,2,192.0,0,False,,,0.0
NS300256,NV100310,NC200256,2026-07-18,ON,24795,0.13,True,Lender D (Subprime),16.56,84.0,700.0,30218.0,503.0,True,2900.0,1508.0,False,0.0,0.0,138,2,213.0,0,False,,,0.0
NS300257,NV100311,NC200257,2025-01-24,SK,14795,0.11,True,Lender A (Prime),8.37,72.0,0.0,16422.0,231.0,False,0.0,0.0,False,0.0,0.0,833,3,668.0,395,False,,,0.0
NS300258,NV100313,NC200258,2025-09-08,ON,15095,0.13,True,Lender B (Prime),7.18,60.0,2500.0,15807.0,155.0,True,1250.0,650.0,False,0.0,0.0,3161,8,1953.0,1395,True,2025-09-09,Financing fell through,3315.0
NS300259,NV100314,NC200259,2024-05-22,ON,16795,0.13,True,Lender C (Near-Prime),13.41,84.0,3000.0,18278.0,95.0,True,2300.0,1196.0,False,0.0,0.0,3663,8,2084.0,1395,False,,,0.0
NS300260,NV100315,NC200260,2026-05-22,BC,15495,0.12,False,,,,,,0.0,False,0.0,0.0,False,0.0,0.0,769,3,475.0,395,False,,,0.0
NS300261,NV100316,NC200261,2026-09-13,NS,18795,0.14,True,Lender C (Near-Prime),10.5,72.0,0.0,21426.0,209.0,False,0.0,0.0,False,0.0,0.0,1157,5,774.0,795,False,,,0.0
NS300262,NV100318,NC200262,2024-09-08,BC,20195,0.12,True,Lender C (Near-Prime),11.93,84.0,1400.0,23968.0,301.0,True,2750.0,1430.0,False,0.0,0.0,4548,8,2311.0,1395,False,,,0.0
NS300263,NV100319,NC200263,2026-08-03,SK,20995,0.11,True,Lender A (Prime),6.36,48.0,3700.0,19604.0,308.0,False,0.0,0.0,False,0.0,0.0,3045,7,1750.0,1395,False,,,0.0
NS300264,NV100320,NC200264,2025-10-09,ON,38395,0.13,True,Lender D (Subprime),19.45,72.0,2200.0,43836.0,376.0,True,2650.0,1378.0,False,0.0,0.0,161,4,206.0,0,False,,,0.0
NS300265,NV100321,NC200265,2025-04-12,AB,20195,0.05,True,Lender C (Near-Prime),14.38,72.0,3700.0,20005.0,198.0,True,2500.0,1300.0,False,0.0,0.0,3684,8,2133.0,1395,False,,,0.0
NS300266,NV100322,NC200266,2025-06-04,NS,21395,0.14,True,Lender A (Prime),7.91,84.0,2700.0,21690.0,306.0,False,0.0,0.0,False,0.0,0.0,1738,4,1078.0,795,False,,,0.0
NS300267,NV100323,NC200267,2026-03-04,AB,17695,0.05,True,Lender A (Prime),8.36,84.0,1600.0,18130.0,202.0,False,0.0,0.0,True,1150.0,460.0,3651,8,1830.0,1395,False,,,0.0
NS300268,NV100325,NC200268,2024-08-17,AB,23095,0.05,True,Lender B (Prime),8.0,60.0,600.0,23650.0,185.0,False,0.0,0.0,False,0.0,0.0,280,2,250.0,0,False,,,0.0
NS300269,NV100326,NC200269,2024-08-10,SK,13795,0.11,True,Lender D (Subprime),17.27,60.0,1700.0,13612.0,83.0,False,0.0,0.0,False,0.0,0.0,2610,8,1432.0,1395,False,,,0.0
NS300270,NV100327,NC200270,2026-08-18,AB,23795,0.05,False,,,,,,0.0,True,2150.0,1118.0,False,0.0,0.0,311,2,277.0,395,False,,,0.0
NS300271,NV100328,NC200271,2026-07-06,NS,19095,0.14,False,,,,,,0.0,False,0.0,0.0,False,0.0,0.0,1743,6,821.0,795,False,,,0.0
NS300272,NV100330,NC200272,2025-03-31,QC,20295,0.14975,True,Lender C (Near-Prime),12.76,60.0,3800.0,23534.0,200.0,True,2950.0,1534.0,True,1050.0,420.0,219,3,233.0,0,False,,,0.0
NS300273,NV100331,NC200273,2026-06-18,ON,21495,0.13,False,,,,,,0.0,True,1800.0,936.0,False,0.0,0.0,146,3,198.0,0,False,,,0.0
NS300274,NV100332,NC200274,2026-05-08,ON,15895,0.13,True,Lender B (Prime),8.14,48.0,3100.0,14861.0,178.0,False,0.0,0.0,False,0.0,0.0,156,3,192.0,0,False,,,0.0
NS300275,NV100333,NC200275,2025-12-27,ON,11695,0.13,True,Lender D (Subprime),23.13,72.0,2100.0,15165.0,183.0,True,3100.0,1612.0,True,950.0,380.0,159,4,215.0,0,False,,,0.0
NS300276,NV100334,NC200276,2026-01-12,AB,36195,0.05,True,Lender A (Prime),9.28,72.0,4500.0,33505.0,303.0,False,0.0,0.0,False,0.0,0.0,262,3,264.0,0,False,,,0.0
NS300277,NV100335,NC200277,2024-07-02,ON,28195,0.13,True,Lender C (Near-Prime),11.62,48.0,800.0,33510.0,254.0,True,2450.0,1274.0,False,0.0,0.0,146,2,195.0,0,False,,,0.0
NS300278,NV100336,NC200278,2025-07-06,ON,16095,0.13,True,Lender B (Prime),7.8,60.0,2000.0,19387.0,301.0,True,1800.0,936.0,True,1400.0,560.0,584,4,387.0,395,False,,,0.0
NS300279,NV100337,NC200279,2025-05-18,ON,19095,0.13,True,Lender C (Near-Prime),11.53,84.0,2300.0,19277.0,139.0,False,0.0,0.0,False,0.0,0.0,143,4,199.0,0,False,,,0.0
NS300280,NV100338,NC200280,2024-10-04,ON,30695,0.13,True,Lender A (Prime),7.03,84.0,2800.0,32785.0,647.0,False,0.0,0.0,True,900.0,360.0,133,2,196.0,0,False,,,0.0
NS300281,NV100339,NC200281,2024-08-11,ON,30095,0.13,False,,,,,,0.0,False,0.0,0.0,False,0.0,0.0,521,2,410.0,395,False,,,0.0
NS300282,NV100340,NC200282,2024-05-24,ON,22395,0.13,False,,,,,,0.0,True,2350.0,1222.0,False,0.0,0.0,551,3,419.0,395,False,,,0.0
NS300283,NV100341,NC200283,2025-07-23,MB,30695,0.12,False,,,,,,0.0,True,2350.0,1222.0,False,0.0,0.0,1965,6,1170.0,795,False,,,0.0
NS300284,NV100343,NC200284,2026-05-03,ON,12695,0.13,True,Lender D (Subprime),18.29,72.0,1400.0,12945.0,228.0,False,0.0,0.0,False,0.0,0.0,2908,7,1441.0,1395,False,,,0.0
NS300285,NV100344,NC200285,2026-06-21,SK,13795,0.11,False,,,,,,0.0,False,0.0,0.0,False,0.0,0.0,637,3,505.0,395,False,,,0.0
NS300286,NV100345,NC200286,2024-08-16,BC,30895,0.12,True,Lender A (Prime),7.21,72.0,5100.0,29502.0,422.0,False,0.0,0.0,False,0.0,0.0,705,3,556.0,395,True,2024-08-23,Financing fell through,2263.0
NS300287,NV100347,NC200287,2024-08-11,ON,18895,0.13,False,,,,,,0.0,False,0.0,0.0,False,0.0,0.0,549,4,387.0,395,False,,,0.0
NS300288,NV100348,NC200288,2024-11-29,ON,14595,0.13,True,Lender D (Subprime),21.07,72.0,1200.0,15292.0,140.0,False,0.0,0.0,False,0.0,0.0,149,2,200.0,0,False,,,0.0
NS300289,NV100349,NC200289,2026-04-17,ON,10995,0.13,False,,,,,,0.0,True,3050.0,1586.0,False,0.0,0.0,170,4,209.0,0,False,,,0.0
NS300290,NV100350,NC200290,2024-10-01,MB,46395,0.12,False,,,,,,0.0,True,2750.0,1430.0,False,0.0,0.0,1411,5,731.0,795,False,,,0.0
NS300291,NV100351,NC200291,2024-05-13,ON,16295,0.13,True,Lender D (Subprime),16.38,60.0,2300.0,18963.0,290.0,True,2850.0,1482.0,False,0.0,0.0,141,3,197.0,0,True,2024-05-15,Mechanical issue,1565.0
NS300292,NV100352,NC200292,2024-10-12,ON,22395,0.13,False,,,,,,0.0,False,0.0,0.0,False,0.0,0.0,564,4,448.0,395,False,,,0.0
NS300293,NV100353,NC200293,2026-02-14,ON,40695,0.13,False,,,,,,0.0,False,0.0,0.0,False,0.0,0.0,175,2,215.0,0,False,,,0.0
NS300294,NV100354,NC200294,2025-11-10,MB,13595,0.12,False,,,,,,0.0,False,0.0,0.0,False,0.0,0.0,2655,6,1507.0,1395,False,,,0.0
NS300295,NV100355,NC200295,2024-06-14,ON,19395,0.13,True,Lender C (Near-Prime),12.5,60.0,3700.0,19416.0,110.0,False,0.0,0.0,True,1200.0,480.0,161,2,204.0,0,False,,,0.0
NS300296,NV100356,NC200296,2024-08-07,ON,15995,0.13,False,,,,,,0.0,True,1250.0,650.0,False,0.0,0.0,146,2,201.0,0,False,,,0.0
NS300297,NV100357,NC200297,2025-06-27,QC,22695,0.14975,True,Lender B (Prime),8.86,60.0,1900.0,24194.0,475.0,False,0.0,0.0,False,0.0,0.0,517,2,387.0,395,False,,,0.0
NS300298,NV100358,NC200298,2025-03-05,AB,12895,0.05,False,,,,,,0.0,True,2300.0,1196.0,False,0.0,0.0,3955,9,2367.0,1395,False,,,0.0
NS300299,NV100359,NC200299,2025-03-22,BC,19895,0.12,True,Lender C (Near-Prime),12.53,48.0,500.0,24732.0,268.0,True,2950.0,1534.0,False,0.0,0.0,778,3,460.0,395,False,,,0.0
NS300300,NV100361,NC200300,2026-05-06,ON,20395,0.13,True,Lender A (Prime),6.91,72.0,3700.0,19346.0,311.0,False,0.0,0.0,False,0.0,0.0,504,4,377.0,395,False,,,0.0
NS300301,NV100362,NC200301,2025-02-21,BC,24295,0.12,False,,,,,,0.0,True,3050.0,1586.0,False,0.0,0.0,718,4,471.0,395,False,,,0.0
NS300302,NV100363,NC200302,2026-04-12,ON,38995,0.13,True,Lender C (Near-Prime),11.69,72.0,1900.0,42164.0,610.0,False,0.0,0.0,False,0.0,0.0,3678,8,2077.0,1395,False,,,0.0
NS300303,NV100364,NC200303,2024-08-15,ON,29795,0.13,False,,,,,,0.0,False,0.0,0.0,False,0.0,0.0,149,2,187.0,0,False,,,0.0
NS300304,NV100365,NC200304,2025-01-11,ON,34695,0.13,False,,,,,,0.0,True,1750.0,910.0,False,0.0,0.0,651,5,519.0,395,False,,,0.0
NS300305,NV100366,NC200305,2024-11-23,BC,22795,0.12,False,,,,,,0.0,True,1650.0,858.0,False,0.0,0.0,624,3,500.0,395,False,,,0.0
NS300306,NV100367,NC200306,2026-07-19,NS,16195,0.14,True,Lender A (Prime),9.61,72.0,3100.0,16212.0,304.0,False,0.0,0.0,True,850.0,340.0,1923,6,965.0,795,False,,,0.0
NS300307,NV100368,NC200307,2024-06-24,AB,42595,0.05,False,,,,,,0.0,False,0.0,0.0,False,0.0,0.0,3132,7,1589.0,1395,False,,,0.0
NS300308,NV100369,NC200308,2025-01-25,ON,23695,0.13,True,Lender C (Near-Prime),11.72,72.0,2100.0,25525.0,256.0,False,0.0,0.0,True,850.0,340.0,527,2,415.0,395,False,,,0.0
NS300309,NV100370,NC200309,2025-08-09,AB,20095,0.05,True,Lender C (Near-Prime),12.82,48.0,4000.0,19900.0,391.0,True,2800.0,1456.0,False,0.0,0.0,282,4,253.0,0,False,,,0.0
NS300310,NV100373,NC200310,2024-08-07,BC,17395,0.12,True,Lender D (Subprime),16.35,72.0,1500.0,17982.0,294.0,False,0.0,0.0,False,0.0,0.0,771,4,496.0,395,False,,,0.0
NS300311,NV100374,NC200311,2026-04-02,BC,26495,0.12,False,,,,,,0.0,True,1800.0,936.0,False,0.0,0.0,4925,11,2675.0,1395,False,,,0.0
NS300312,NV100375,NC200312,2024-11-05,SK,40295,0.11,True,Lender C (Near-Prime),13.28,72.0,3400.0,41327.0,250.0,False,0.0,0.0,False,0.0,0.0,3059,6,1440.0,1395,False,,,0.0
NS300313,NV100376,NC200313,2025-07-24,AB,20495,0.05,True,Lender D (Subprime),18.44,48.0,3100.0,18420.0,208.0,False,0.0,0.0,False,0.0,0.0,4290,10,2422.0,1395,False,,,0.0
NS300314,NV100377,NC200314,2025-11-02,ON,12495,0.13,True,Lender D (Subprime),15.38,60.0,1700.0,15469.0,230.0,True,3050.0,1586.0,False,0.0,0.0,167,3,209.0,0,False,,,0.0
NS300315,NV100378,NC200315,2024-12-28,ON,23195,0.13,False,,,,,,0.0,False,0.0,0.0,False,0.0,0.0,3876,7,2130.0,1395,False,,,0.0
NS300316,NV100379,NC200316,2026-08-13,ON,22795,0.13,False,,,,,,0.0,True,1450.0,754.0,False,0.0,0.0,3518,9,1846.0,1395,False,,,0.0
NS300317,NV100380,NC200317,2024-09-24,ON,24395,0.13,False,,,,,,0.0,False,0.0,0.0,True,1050.0,420.0,153,2,206.0,0,False,,,0.0
NS300318,NV100381,NC200318,2026-08-14,QC,14295,0.14975,False,,,,,,0.0,True,1450.0,754.0,False,0.0,0.0,514,2,376.0,395,False,,,0.0
NS300319,NV100382,NC200319,2026-01-26,AB,9795,0.05,True,Lender C (Near-Prime),12.72,72.0,0.0,10285.0,58.0,False,0.0,0.0,False,0.0,0.0,3780,7,2075.0,1395,False,,,0.0
NS300320,NV100383,NC200320,2026-09-03,QC,14895,0.14975,True,Lender C (Near-Prime),10.5,72.0,800.0,18176.0,95.0,True,1850.0,962.0,False,0.0,0.0,3633,9,2108.0,1395,False,,,0.0
NS300321,NV100386,NC200321,2025-09-25,AB,21795,0.05,True,Lender B (Prime),7.19,84.0,3700.0,20235.0,238.0,False,0.0,0.0,True,1050.0,420.0,3597,7,2331.0,1395,False,,,0.0
NS300322,NV100387,NC200322,2024-06-09,BC,27495,0.12,True,Lender C (Near-Prime),11.74,60.0,4500.0,27844.0,454.0,True,1550.0,806.0,False,0.0,0.0,715,3,473.0,395,False,,,0.0
NS300323,NV100388,NC200323,2025-09-16,NS,43695,0.14,False,,,,,,0.0,False,0.0,0.0,False,0.0,0.0,2140,6,1144.0,795,False,,,0.0
NS300324,NV100392,NC200324,2026-06-21,ON,21795,0.13,True,Lender C (Near-Prime),11.86,84.0,2600.0,22028.0,124.0,False,0.0,0.0,False,0.0,0.0,167,2,200.0,0,True,2026-06-30,Financing fell through,1527.0
NS300325,NV100393,NC200325,2024-04-26,MB,33795,0.12,True,Lender B (Prime),9.09,72.0,3200.0,34650.0,220.0,False,0.0,0.0,False,0.0,0.0,2338,5,1632.0,795,False,,,0.0
NS300326,NV100394,NC200326,2024-11-16,NB,10895,0.15,False,,,,,,0.0,False,0.0,0.0,False,0.0,0.0,873,3,563.0,395,True,2024-11-19,Vehicle condition not as expected,4019.0
NS300327,NV100396,NC200327,2024-04-12,ON,36495,0.13,True,Lender B (Prime),8.16,72.0,2300.0,41539.0,624.0,True,2600.0,1352.0,False,0.0,0.0,137,4,198.0,0,False,,,0.0
NS300328,NV100397,NC200328,2026-01-19,ON,25395,0.13,True,Lender D (Subprime),21.62,60.0,4100.0,25396.0,447.0,False,0.0,0.0,True,800.0,320.0,162,4,214.0,0,False,,,0.0
NS300329,NV100400,NC200329,2025-09-14,AB,15295,0.05,False,,,,,,0.0,False,0.0,0.0,False,0.0,0.0,276,3,265.0,0,False,,,0.0
NS300330,NV100401,NC200330,2024-08-03,NB,24895,0.15,True,Lender C (Near-Prime),12.94,72.0,1000.0,27629.0,318.0,False,0.0,0.0,False,0.0,0.0,4227,9,2275.0,1395,False,,,0.0
NS300331,NV100402,NC200331,2024-11-02,ON,33595,0.13,True,Lender D (Subprime),17.84,72.0,4000.0,33962.0,650.0,False,0.0,0.0,False,0.0,0.0,147,4,200.0,0,True,2024-11-08,Mechanical issue,2272.0
NS300332,NV100403,NC200332,2025-06-20,ON,9995,0.13,True,Lender B (Prime),8.16,84.0,800.0,10494.0,138.0,False,0.0,0.0,False,0.0,0.0,153,3,214.0,0,False,,,0.0
NS300333,NV100404,NC200333,2026-09-14,ON,16095,0.13,True,Lender C (Near-Prime),14.8,48.0,100.0,21237.0,399.0,True,3150.0,1638.0,False,0.0,0.0,3405,8,1933.0,1395,False,,,0.0
NS300334,NV100406,NC200334,2026-02-23,BC,12695,0.12,False,,,,,,0.0,False,0.0,0.0,False,0.0,0.0,702,4,485.0,395,False,,,0.0
NS300335,NV100409,NC200335,2025-02-12,ON,32595,0.13,True,Lender C (Near-Prime),14.88,72.0,700.0,37582.0,227.0,True,1450.0,754.0,False,0.0,0.0,165,4,207.0,0,False,,,0.0
NS300336,NV100410,NC200336,2025-04-08,AB,24895,0.05,False,,,,,,0.0,False,0.0,0.0,False,0.0,0.0,276,4,245.0,0,False,,,0.0
NS300337,NV100411,NC200337,2024-10-02,ON,34895,0.13,True,Lender B (Prime),7.27,60.0,3300.0,36131.0,341.0,False,0.0,0.0,False,0.0,0.0,134,4,186.0,0,False,,,0.0
NS300338,NV100412,NC200338,2024-06-26,BC,29295,0.12,True,Lender D (Subprime),17.53,72.0,1400.0,32160.0,523.0,False,0.0,0.0,True,750.0,300.0,4886,11,2379.0,1395,False,,,0.0
NS300339,NV100413,NC200339,2025-10-04,QC,14195,0.14975,True,Lender B (Prime),8.36,84.0,1500.0,16171.0,303.0,True,1350.0,702.0,False,0.0,0.0,3740,7,2275.0,1395,False,,,0.0
NS300340,NV100414,NC200340,2026-08-10,AB,25095,0.05,True,Lender B (Prime),8.97,72.0,400.0,25950.0,481.0,False,0.0,0.0,False,0.0,0.0,3724,9,2201.0,1395,False,,,0.0
NS300341,NV100415,NC200341,2026-02-26,AB,14495,0.05,False,,,,,,0.0,False,0.0,0.0,False,0.0,0.0,2860,8,1610.0,1395,False,,,0.0
NS300342,NV100416,NC200342,2025-07-11,BC,20195,0.12,False,,,,,,0.0,False,0.0,0.0,False,0.0,0.0,807,3,520.0,395,False,,,0.0
NS300343,NV100417,NC200343,2024-07-09,ON,18595,0.13,False,,,,,,0.0,False,0.0,0.0,False,0.0,0.0,149,2,188.0,0,False,,,0.0
NS300344,NV100418,NC200344,2025-09-27,ON,30295,0.13,True,Lender D (Subprime),17.7,72.0,4500.0,31683.0,323.0,True,1950.0,1014.0,False,0.0,0.0,147,2,192.0,0,False,,,0.0
NS300345,NV100419,NC200345,2025-01-09,NB,30095,0.15,True,Lender C (Near-Prime),13.16,48.0,1900.0,32709.0,558.0,False,0.0,0.0,False,0.0,0.0,1416,5,923.0,795,False,,,0.0
NS300346,NV100420,NC200346,2026-04-09,ON,26895,0.13,True,Lender D (Subprime),17.87,72.0,4200.0,27541.0,366.0,False,0.0,0.0,True,1350.0,540.0,534,2,391.0,395,False,,,0.0
NS300347,NV100421,NC200347,2024-09-15,NS,17395,0.14,True,Lender B (Prime),7.92,48.0,800.0,21830.0,283.0,True,2800.0,1456.0,False,0.0,0.0,1348,6,753.0,795,False,,,0.0
NS300348,NV100422,NC200348,2026-02-20,QC,22295,0.14975,True,Lender A (Prime),9.18,48.0,900.0,26084.0,173.0,False,0.0,0.0,True,1350.0,540.0,605,4,410.0,395,False,,,0.0
NS300349,NV100424,NC200349,2026-08-09,NB,30995,0.15,True,Lender C (Near-Prime),10.5,60.0,900.0,34744.0,624.0,False,0.0,0.0,False,0.0,0.0,1624,6,1004.0,795,False,,,0.0
NS300350,NV100425,NC200350,2025-08-18,ON,23095,0.13,True,Lender C (Near-Prime),15.39,84.0,2100.0,25347.0,249.0,True,1350.0,702.0,False,0.0,0.0,151,2,190.0,0,False,,,0.0
NS300351,NV100426,NC200351,2025-05-26,ON,21495,0.13,False,,,,,,0.0,False,0.0,0.0,False,0.0,0.0,161,3,205.0,0,False,,,0.0
NS300352,NV100427,NC200352,2025-07-07,ON,26895,0.13,False,,,,,,0.0,False,0.0,0.0,False,0.0,0.0,146,2,173.0,0,False,,,0.0
NS300353,NV100428,NC200353,2025-08-11,NB,34795,0.15,False,,,,,,0.0,False,0.0,0.0,False,0.0,0.0,1499,5,1057.0,795,False,,,0.0
NS300354,NV100429,NC200354,2025-10-09,ON,32295,0.13,True,Lender D (Subprime),19.94,60.0,5200.0,31293.0,444.0,False,0.0,0.0,False,0.0,0.0,136,2,199.0,0,False,,,0.0
NS300355,NV100430,NC200355,2026-02-11,ON,16895,0.13,False,,,,,,0.0,True,1450.0,754.0,False,0.0,0.0,138,3,189.0,0,False,,,0.0
NS300356,NV100431,NC200356,2025-11-10,AB,12895,0.05,False,,,,,,0.0,True,1500.0,780.0,False,0.0,0.0,3264,7,1776.0,1395,False,,,0.0
NS300357,NV100433,NC200357,2026-05-11,AB,25295,0.05,False,,,,,,0.0,False,0.0,0.0,False,0.0,0.0,285,4,238.0,0,False,,,0.0
NS300358,NV100434,NC200358,2025-01-08,ON,21195,0.13,False,,,,,,0.0,False,0.0,0.0,False,0.0,0.0,3349,7,1869.0,1395,False,,,0.0
NS300359,NV100436,NC200359,2025-10-20,QC,9895,0.14975,False,,,,,,0.0,False,0.0,0.0,False,0.0,0.0,187,3,229.0,0,False,,,0.0
NS300360,NV100437,NC200360,2025-12-08,ON,16195,0.13,False,,,,,,0.0,False,0.0,0.0,False,0.0,0.0,2771,7,1438.0,1395,False,,,0.0
NS300361,NV100438,NC200361,2025-11-22,ON,14495,0.13,True,Lender C (Near-Prime),13.27,60.0,500.0,15879.0,250.0,False,0.0,0.0,False,0.0,0.0,147,2,193.0,0,False,,,0.0
NS300362,NV100441,NC200362,2025-04-20,AB,46195,0.05,False,,,,,,0.0,False,0.0,0.0,False,0.0,0.0,324,2,310.0,395,False,,,0.0
NS300363,NV100442,NC200363,2024-07-17,ON,25495,0.13,False,,,,,,0.0,False,0.0,0.0,False,0.0,0.0,148,3,187.0,0,False,,,0.0
NS300364,NV100443,NC200364,2026-07-11,ON,19695,0.13,False,,,,,,0.0,True,1750.0,910.0,False,0.0,0.0,577,2,434.0,395,False,,,0.0
NS300365,NV100445,NC200365,2026-02-11,BC,32095,0.12,True,Lender D (Subprime),19.84,84.0,4700.0,31246.0,521.0,False,0.0,0.0,False,0.0,0.0,772,5,556.0,395,False,,,0.0
NS300366,NV100447,NC200366,2025-08-16,NL,12195,0.15,True,Lender C (Near-Prime),15.34,60.0,500.0,15874.0,169.0,True,2350.0,1222.0,False,0.0,0.0,3055,6,2109.0,1395,False,,,0.0
NS300367,NV100448,NC200367,2026-05-21,AB,22695,0.05,True,Lender A (Prime),6.99,60.0,1300.0,24830.0,140.0,True,2300.0,1196.0,False,0.0,0.0,264,3,267.0,0,False,,,0.0
NS300368,NV100449,NC200368,2024-10-27,ON,30895,0.13,False,,,,,,0.0,False,0.0,0.0,False,0.0,0.0,3593,8,1787.0,1395,False,,,0.0
NS300369,NV100450,NC200369,2025-11-27,NS,26895,0.14,False,,,,,,0.0,True,1750.0,910.0,False,0.0,0.0,1723,5,984.0,795,False,,,0.0
NS300370,NV100451,NC200370,2025-04-03,MB,31695,0.12,True,Lender A (Prime),8.77,72.0,3700.0,31798.0,277.0,False,0.0,0.0,False,0.0,0.0,1323,4,755.0,795,False,,,0.0
NS300371,NV100452,NC200371,2026-06-01,ON,13795,0.13,False,,,,,,0.0,False,0.0,0.0,False,0.0,0.0,135,4,196.0,0,False,,,0.0
NS300372,NV100453,NC200372,2024-06-09,AB,41495,0.05,False,,,,,,0.0,False,0.0,0.0,False,0.0,0.0,3278,7,1946.0,1395,False,,,0.0
NS300373,NV100454,NC200373,2024-07-30,ON,16495,0.13,True,Lender C (Near-Prime),11.99,72.0,400.0,19389.0,282.0,False,0.0,0.0,True,1150.0,460.0,153,4,199.0,0,False,,,0.0
NS300374,NV100455,NC200374,2026-03-26,ON,37995,0.13,True,Lender C (Near-Prime),12.88,60.0,1900.0,41034.0,215.0,False,0.0,0.0,False,0.0,0.0,122,3,190.0,0,False,,,0.0
NS300375,NV100456,NC200375,2026-06-02,BC,15995,0.12,True,Lender D (Subprime),18.02,72.0,3100.0,14814.0,168.0,False,0.0,0.0,False,0.0,0.0,777,5,540.0,395,False,,,0.0
NS300376,NV100457,NC200376,2024-07-16,ON,31795,0.13,False,,,,,,0.0,False,0.0,0.0,False,0.0,0.0,3449,7,1894.0,1395,False,,,0.0
NS300377,NV100458,NC200377,2026-08-19,ON,24095,0.13,False,,,,,,0.0,True,1300.0,676.0,False,0.0,0.0,141,4,191.0,0,False,,,0.0
NS300378,NV100459,NC200378,2025-05-26,ON,34195,0.13,False,,,,,,0.0,True,3100.0,1612.0,False,0.0,0.0,138,4,193.0,0,False,,,0.0
NS300379,NV100460,NC200379,2025-09-04,ON,38195,0.13,True,Lender D (Subprime),16.55,48.0,3400.0,39760.0,341.0,False,0.0,0.0,False,0.0,0.0,435,4,336.0,395,False,,,0.0
NS300380,NV100461,NC200380,2025-09-03,BC,14295,0.12,True,Lender A (Prime),8.62,84.0,1300.0,14710.0,264.0,False,0.0,0.0,False,0.0,0.0,633,4,474.0,395,False,,,0.0
NS300381,NV100462,NC200381,2025-07-14,BC,23195,0.12,True,Lender A (Prime),9.14,60.0,2600.0,26528.0,152.0,True,3150.0,1638.0,False,0.0,0.0,772,4,586.0,395,False,,,0.0
NS300382,NV100464,NC200382,2025-11-07,ON,20095,0.13,True,Lender D (Subprime),17.79,72.0,3200.0,22657.0,419.0,True,3150.0,1638.0,False,0.0,0.0,135,3,189.0,0,False,,,0.0
NS300383,NV100465,NC200383,2026-07-01,ON,22195,0.13,True,Lender D (Subprime),18.41,72.0,3900.0,21180.0,371.0,False,0.0,0.0,False,0.0,0.0,146,4,191.0,0,False,,,0.0
NS300384,NV100466,NC200384,2025-05-14,ON,15395,0.13,False,,,,,,0.0,False,0.0,0.0,False,0.0,0.0,523,2,357.0,395,False,,,0.0
NS300385,NV100468,NC200385,2025-02-05,AB,31695,0.05,False,,,,,,0.0,False,0.0,0.0,False,0.0,0.0,3615,9,2003.0,1395,False,,,0.0
NS300386,NV100469,NC200386,2026-08-09,SK,12995,0.11,True,Lender C (Near-Prime),13.46,72.0,1300.0,14774.0,140.0,True,1650.0,858.0,False,0.0,0.0,2996,7,1674.0,1395,False,,,0.0
NS300387,NV100470,NC200387,2026-03-25,BC,17595,0.12,True,Lender B (Prime),8.13,60.0,1100.0,18606.0,356.0,False,0.0,0.0,False,0.0,0.0,4991,9,2356.0,1395,False,,,0.0
NS300388,NV100471,NC200388,2025-06-16,ON,22095,0.13,True,Lender D (Subprime),19.99,60.0,500.0,25367.0,177.0,False,0.0,0.0,True,900.0,360.0,154,2,200.0,0,False,,,0.0
NS300389,NV100472,NC200389,2026-01-28,NS,19895,0.14,True,Lender D (Subprime),18.51,60.0,1000.0,24730.0,416.0,True,3050.0,1586.0,False,0.0,0.0,1878,6,1354.0,795,False,,,0.0
NS300390,NV100473,NC200390,2025-06-12,ON,13895,0.13,False,,,,,,0.0,False,0.0,0.0,False,0.0,0.0,626,2,463.0,395,False,,,0.0
NS300391,NV100474,NC200391,2025-05-11,ON,11695,0.13,True,Lender B (Prime),8.43,72.0,1800.0,11415.0,191.0,False,0.0,0.0,False,0.0,0.0,139,4,196.0,0,False,,,0.0
NS300392,NV100476,NC200392,2026-04-03,ON,19595,0.13,True,Lender B (Prime),7.49,72.0,300.0,21842.0,134.0,False,0.0,0.0,False,0.0,0.0,503,2,394.0,395,True,2026-04-09,Financing fell through,2249.0
NS300393,NV100478,NC200393,2024-06-18,AB,19295,0.05,True,Lender C (Near-Prime),14.06,60.0,3700.0,16560.0,312.0,False,0.0,0.0,False,0.0,0.0,2975,6,1704.0,1395,False,,,0.0
NS300394,NV100480,NC200394,2025-09-10,SK,18895,0.11,True,Lender D (Subprime),16.46,84.0,2000.0,18973.0,243.0,False,0.0,0.0,False,0.0,0.0,752,4,532.0,395,False,,,0.0
NS300395,NV100483,NC200395,2024-07-31,ON,16295,0.13,True,Lender A (Prime),7.21,72.0,2700.0,16963.0,88.0,True,1250.0,650.0,False,0.0,0.0,132,3,180.0,0,True,2024-08-07,Financing fell through,1348.0
NS300396,NV100484,NC200396,2024-07-17,ON,25095,0.13,True,Lender A (Prime),9.04,72.0,1700.0,27957.0,276.0,True,1300.0,676.0,False,0.0,0.0,164,3,205.0,0,False,,,0.0
NS300397,NV100485,NC200397,2026-05-27,AB,35695,0.05,True,Lender C (Near-Prime),13.33,60.0,3800.0,33680.0,456.0,False,0.0,0.0,False,0.0,0.0,267,3,268.0,0,False,,,0.0
NS300398,NV100486,NC200398,2024-04-24,BC,18795,0.12,True,Lender C (Near-Prime),11.8,72.0,1200.0,19850.0,344.0,False,0.0,0.0,False,0.0,0.0,4223,10,2483.0,1395,False,,,0.0
NS300399,NV100487,NC200399,2026-02-04,BC,23595,0.12,True,Lender B (Prime),8.33,60.0,900.0,27326.0,432.0,True,1800.0,936.0,False,0.0,0.0,4077,8,2479.0,1395,False,,,0.0
NS300400,NV100488,NC200400,2024-12-06,QC,12795,0.14975,False,,,,,,0.0,False,0.0,0.0,False,0.0,0.0,493,2,370.0,395,False,,,0.0
NS300401,NV100489,NC200401,2025-01-08,MB,25095,0.12,False,,,,,,0.0,False,0.0,0.0,False,0.0,0.0,2196,5,1144.0,795,True,2025-01-12,Financing fell through,2217.0
NS300402,NV100490,NC200402,2025-12-23,AB,16195,0.05,False,,,,,,0.0,False,0.0,0.0,False,0.0,0.0,302,2,269.0,395,False,,,0.0
NS300403,NV100493,NC200403,2026-08-07,MB,13895,0.12,True,Lender C (Near-Prime),11.54,72.0,2300.0,13262.0,74.0,False,0.0,0.0,False,0.0,0.0,1439,6,919.0,795,False,,,0.0
NS300404,NV100494,NC200404,2026-08-31,NS,36395,0.14,True,Lender D (Subprime),18.15,60.0,3700.0,37790.0,590.0,False,0.0,0.0,False,0.0,0.0,4636,11,2210.0,1395,False,,,0.0
NS300405,NV100495,NC200405,2024-12-08,ON,16095,0.13,True,Lender B (Prime),9.15,60.0,3000.0,17037.0,130.0,True,1850.0,962.0,False,0.0,0.0,2695,8,1393.0,1395,False,,,0.0
NS300406,NV100496,NC200406,2026-06-26,AB,37395,0.05,True,Lender A (Prime),7.57,72.0,900.0,40065.0,707.0,True,1700.0,884.0,False,0.0,0.0,3740,8,1867.0,1395,False,,,0.0
NS300407,NV100497,NC200407,2025-04-02,QC,11995,0.14975,True,Lender C (Near-Prime),15.64,72.0,1300.0,13541.0,182.0,False,0.0,0.0,True,1050.0,420.0,223,4,237.0,0,False,,,0.0
NS300408,NV100498,NC200408,2025-11-17,SK,17695,0.11,False,,,,,,0.0,True,2100.0,1092.0,False,0.0,0.0,805,4,561.0,395,False,,,0.0
NS300409,NV100500,NC200409,2025-11-13,ON,16195,0.13,False,,,,,,0.0,False,0.0,0.0,False,0.0,0.0,146,4,200.0,0,True,2025-11-18,Mechanical issue,1989.0
NS300410,NV100501,NC200410,2026-02-05,AB,19195,0.05,True,Lender C (Near-Prime),10.5,60.0,3800.0,16355.0,128.0,False,0.0,0.0,False,0.0,0.0,239,2,252.0,0,False,,,0.0
NS300411,NV100502,NC200411,2024-12-24,ON,25295,0.13,True,Lender C (Near-Prime),13.5,84.0,500.0,28083.0,512.0,False,0.0,0.0,False,0.0,0.0,531,2,389.0,395,False,,,0.0
NS300412,NV100503,NC200412,2025-07-11,ON,21095,0.13,False,,,,,,0.0,False,0.0,0.0,False,0.0,0.0,528,4,394.0,395,False,,,0.0
NS300413,NV100504,NC200413,2026-03-18,ON,18195,0.13,True,Lender C (Near-Prime),10.97,48.0,200.0,20360.0,395.0,False,0.0,0.0,False,0.0,0.0,154,4,195.0,0,True,2026-03-26,Mechanical issue,2321.0
NS300414,NV100505,NC200414,2024-08-14,MB,13895,0.12,True,Lender C (Near-Prime),12.74,60.0,2600.0,12962.0,244.0,False,0.0,0.0,False,0.0,0.0,1527,4,816.0,795,False,,,0.0
NS300415,NV100506,NC200415,2024-12-29,MB,22795,0.12,False,,,,,,0.0,False,0.0,0.0,False,0.0,0.0,2052,6,1127.0,795,False,,,0.0
NS300416,NV100507,NC200416,2024-12-25,AB,15395,0.05,True,Lender B (Prime),8.38,48.0,2200.0,13965.0,277.0,False,0.0,0.0,False,0.0,0.0,250,3,256.0,0,False,,,0.0
NS300417,NV100508,NC200417,2026-01-14,ON,32695,0.13,True,Lender C (Near-Prime),14.54,72.0,3900.0,35095.0,674.0,True,2050.0,1066.0,False,0.0,0.0,529,3,399.0,395,False,,,0.0
NS300418,NV100509,NC200418,2025-03-11,ON,20195,0.13,True,Lender B (Prime),10.04,60.0,200.0,22620.0,307.0,False,0.0,0.0,False,0.0,0.0,152,4,192.0,0,False,,,0.0
NS300419,NV100510,NC200419,2025-04-06,ON,55495,0.13,True,Lender D (Subprime),19.73,72.0,2500.0,60209.0,378.0,False,0.0,0.0,False,0.0,0.0,149,2,195.0,0,False,,,0.0
NS300420,NV100514,NC200420,2026-07-16,ON,20895,0.13,True,Lender A (Prime),9.44,72.0,3200.0,23061.0,437.0,True,2650.0,1378.0,False,0.0,0.0,123,3,183.0,0,False,,,0.0
NS300421,NV100515,NC200421,2026-07-16,ON,13695,0.13,True,Lender C (Near-Prime),11.68,60.0,1700.0,14525.0,108.0,False,0.0,0.0,True,750.0,300.0,141,3,193.0,0,False,,,0.0
NS300422,NV100516,NC200422,2025-03-03,ON,32395,0.13,False,,,,,,0.0,True,1600.0,832.0,False,0.0,0.0,138,3,196.0,0,False,,,0.0
NS300423,NV100517,NC200423,2025-04-10,ON,11895,0.13,False,,,,,,0.0,False,0.0,0.0,False,0.0,0.0,149,4,201.0,0,False,,,0.0
NS300424,NV100518,NC200424,2024-07-23,PE,19995,0.15,True,Lender B (Prime),7.82,72.0,800.0,22194.0,257.0,False,0.0,0.0,False,0.0,0.0,4418,10,2473.0,1395,False,,,0.0
NS300425,NV100520,NC200425,2025-10-07,BC,22095,0.12,True,Lender B (Prime),8.0,48.0,1600.0,23946.0,256.0,False,0.0,0.0,True,800.0,320.0,770,5,522.0,395,False,,,0.0
NS300426,NV100521,NC200426,2024-04-14,ON,31995,0.13,True,Lender C (Near-Prime),15.28,60.0,5800.0,30354.0,242.0,False,0.0,0.0,False,0.0,0.0,3236,7,1981.0,1395,False,,,0.0
NS300427,NV100522,NC200427,2025-10-11,ON,24895,0.13,True,Lender A (Prime),8.59,84.0,4800.0,24581.0,178.0,True,1250.0,650.0,False,0.0,0.0,158,3,202.0,0,False,,,0.0
NS300428,NV100525,NC200428,2025-07-28,AB,15995,0.05,True,Lender D (Subprime),20.63,72.0,1900.0,16095.0,301.0,False,0.0,0.0,True,1200.0,480.0,313,4,257.0,395,False,,,0.0
NS300429,NV100526,NC200429,2024-10-29,ON,39295,0.13,False,,,,,,0.0,False,0.0,0.0,False,0.0,0.0,140,4,196.0,0,False,,,0.0
NS300430,NV100527,NC200430,2026-03-05,ON,21695,0.13,True,Lender C (Near-Prime),13.11,60.0,3300.0,21215.0,129.0,False,0.0,0.0,False,0.0,0.0,559,3,415.0,395,False,,,0.0
NS300431,NV100528,NC200431,2024-09-04,AB,51595,0.05,False,,,,,,0.0,True,2400.0,1248.0,False,0.0,0.0,310,4,304.0,395,False,,,0.0
NS300432,NV100529,NC200432,2025-12-10,ON,38195,0.13,False,,,,,,0.0,False,0.0,0.0,False,0.0,0.0,152,4,203.0,0,False,,,0.0
NS300433,NV100530,NC200433,2026-01-04,ON,21395,0.13,True,Lender C (Near-Prime),11.04,72.0,3200.0,22476.0,422.0,True,1500.0,780.0,False,0.0,0.0,173,3,197.0,0,False,,,0.0
NS300434,NV100531,NC200434,2025-06-04,BC,25895,0.12,False,,,,,,0.0,False,0.0,0.0,False,0.0,0.0,5216,10,2496.0,1395,False,,,0.0
NS300435,NV100532,NC200435,2026-09-10,BC,13495,0.12,True,Lender B (Prime),9.48,72.0,1200.0,16864.0,192.0,True,2950.0,1534.0,False,0.0,0.0,4315,9,2477.0,1395,False,,,0.0
NS300436,NV100533,NC200436,2025-06-30,NS,13795,0.14,True,Lender A (Prime),8.03,72.0,2700.0,13026.0,126.0,False,0.0,0.0,False,0.0,0.0,5154,9,2802.0,1395,False,,,0.0
NS300437,NV100534,NC200437,2026-09-21,NB,38795,0.15,True,Lender A (Prime),6.51,84.0,1600.0,43014.0,375.0,False,0.0,0.0,False,0.0,0.0,1273,3,787.0,795,False,,,0.0
NS300438,NV100536,NC200438,2024-08-07,AB,15695,0.05,True,Lender B (Prime),7.55,72.0,3000.0,16580.0,145.0,True,3100.0,1612.0,False,0.0,0.0,258,2,284.0,0,False,,,0.0
NS300439,NV100537,NC200439,2026-06-25,ON,14995,0.13,True,Lender C (Near-Prime),10.53,60.0,2900.0,16794.0,99.0,True,2750.0,1430.0,False,0.0,0.0,143,2,196.0,0,False,,,0.0
NS300440,NV100538,NC200440,2026-07-11,BC,16095,0.12,False,,,,,,0.0,False,0.0,0.0,False,0.0,0.0,718,4,562.0,395,False,,,0.0
NS300441,NV100539,NC200441,2025-07-25,ON,26095,0.13,False,,,,,,0.0,False,0.0,0.0,False,0.0,0.0,173,2,227.0,0,True,2025-07-28,Found another vehicle,1543.0
NS300442,NV100541,NC200442,2024-07-28,ON,13995,0.13,True,Lender A (Prime),8.6,72.0,700.0,18564.0,213.0,True,2200.0,1144.0,True,1250.0,500.0,157,3,199.0,0,False,,,0.0
NS300443,NV100542,NC200443,2026-05-16,ON,29395,0.13,False,,,,,,0.0,True,3250.0,1690.0,False,0.0,0.0,505,3,407.0,395,False,,,0.0
NS300444,NV100543,NC200444,2025-12-05,NS,24495,0.14,True,Lender B (Prime),7.86,48.0,2300.0,25624.0,424.0,False,0.0,0.0,False,0.0,0.0,1764,5,1193.0,795,False,,,0.0
NS300445,NV100544,NC200445,2026-07-04,NS,20595,0.14,False,,,,,,0.0,True,1450.0,754.0,False,0.0,0.0,1253,5,785.0,795,False,,,0.0
NS300446,NV100545,NC200446,2026-09-10,QC,12395,0.14975,True,Lender D (Subprime),22.16,84.0,1200.0,16301.0,234.0,True,3250.0,1690.0,False,0.0,0.0,524,4,410.0,395,False,,,0.0
NS300447,NV100547,NC200447,2024-11-15,QC,23195,0.14975,True,Lender C (Near-Prime),14.9,84.0,3500.0,25218.0,309.0,True,2050.0,1066.0,False,0.0,0.0,211,2,230.0,0,False,,,0.0
NS300448,NV100548,NC200448,2025-07-02,ON,17195,0.13,False,,,,,,0.0,True,2300.0,1196.0,False,0.0,0.0,496,4,365.0,395,False,,,0.0
NS300449,NV100549,NC200449,2026-08-22,ON,9995,0.13,False,,,,,,0.0,True,2750.0,1430.0,False,0.0,0.0,461,4,350.0,395,False,,,0.0
NS300450,NV100550,NC200450,2025-01-22,SK,28595,0.11,True,Lender C (Near-Prime),11.42,84.0,1500.0,30240.0,235.0,False,0.0,0.0,False,0.0,0.0,758,3,481.0,395,False,,,0.0
NS300451,NV100551,NC200451,2024-10-16,MB,24495,0.12,True,Lender D (Subprime),19.27,60.0,2000.0,26934.0,497.0,True,1500.0,780.0,False,0.0,0.0,1222,4,727.0,795,False,,,0.0
NS300452,NV100552,NC200452,2025-04-20,ON,34195,0.13,False,,,,,,0.0,False,0.0,0.0,True,1150.0,460.0,135,4,200.0,0,False,,,0.0
NS300453,NV100553,NC200453,2025-11-10,ON,43195,0.13,True,Lender B (Prime),7.51,72.0,7100.0,44360.0,812.0,True,2650.0,1378.0,False,0.0,0.0,592,4,415.0,395,False,,,0.0
NS300454,NV100554,NC200454,2025-01-02,ON,18095,0.13,True,Lender D (Subprime),18.1,48.0,1400.0,19047.0,189.0,False,0.0,0.0,False,0.0,0.0,3198,8,1523.0,1395,False,,,0.0
NS300455,NV100555,NC200455,2025-07-08,ON,17595,0.13,True,Lender A (Prime),8.3,60.0,1700.0,21282.0,330.0,True,3100.0,1612.0,False,0.0,0.0,140,4,194.0,0,False,,,0.0
NS300456,NV100557,NC200456,2026-07-23,BC,14895,0.12,True,Lender B (Prime),6.82,60.0,2600.0,16482.0,85.0,True,2400.0,1248.0,False,0.0,0.0,4651,10,2300.0,1395,False,,,0.0
NS300457,NV100558,NC200457,2024-10-26,ON,35295,0.13,True,Lender C (Near-Prime),12.27,48.0,5000.0,34883.0,309.0,False,0.0,0.0,False,0.0,0.0,3259,7,1886.0,1395,False,,,0.0
NS300458,NV100560,NC200458,2025-02-05,ON,16595,0.13,True,Lender D (Subprime),18.23,72.0,700.0,19652.0,213.0,True,1600.0,832.0,False,0.0,0.0,162,3,202.0,0,False,,,0.0
NS300459,NV100561,NC200459,2026-03-18,ON,16995,0.13,False,,,,,,0.0,True,2600.0,1352.0,False,0.0,0.0,575,4,432.0,395,False,,,0.0
NS300460,NV100562,NC200460,2026-06-18,ON,13195,0.13,False,,,,,,0.0,True,1350.0,702.0,False,0.0,0.0,558,3,423.0,395,False,,,0.0
NS300461,NV100563,NC200461,2026-03-23,ON,23695,0.13,True,Lender A (Prime),7.95,72.0,3400.0,23375.0,289.0,False,0.0,0.0,False,0.0,0.0,161,2,208.0,0,False,,,0.0
NS300462,NV100564,NC200462,2025-10-21,ON,14295,0.13,False,,,,,,0.0,False,0.0,0.0,False,0.0,0.0,148,2,193.0,0,True,2025-10-27,Changed mind,2288.0
NS300463,NV100566,NC200463,2026-09-08,BC,20795,0.12,False,,,,,,0.0,False,0.0,0.0,False,0.0,0.0,4591,10,2581.0,1395,False,,,0.0
NS300464,NV100567,NC200464,2024-07-12,ON,45095,0.13,True,Lender B (Prime),7.89,72.0,7200.0,46507.0,325.0,True,2750.0,1430.0,False,0.0,0.0,159,3,219.0,0,False,,,0.0
NS300465,NV100568,NC200465,2025-05-12,ON,42895,0.13,True,Lender D (Subprime),24.75,60.0,4400.0,45721.0,751.0,True,1650.0,858.0,False,0.0,0.0,142,4,181.0,0,False,,,0.0
NS300466,NV100569,NC200466,2024-08-02,AB,46695,0.05,True,Lender B (Prime),7.24,60.0,7300.0,43080.0,747.0,True,1350.0,702.0,False,0.0,0.0,2986,7,1617.0,1395,False,,,0.0
NS300467,NV100570,NC200467,2026-07-23,ON,20295,0.13,False,,,,,,0.0,False,0.0,0.0,False,0.0,0.0,146,4,203.0,0,False,,,0.0
NS300468,NV100571,NC200468,2024-07-27,ON,32995,0.13,True,Lender A (Prime),6.98,48.0,4900.0,35334.0,467.0,True,2950.0,1534.0,False,0.0,0.0,142,3,187.0,0,False,,,0.0
NS300469,NV100572,NC200469,2026-07-14,SK,25995,0.11,False,,,,,,0.0,False,0.0,0.0,False,0.0,0.0,2997,7,1652.0,1395,False,,,0.0
NS300470,NV100573,NC200470,2025-12-20,ON,25895,0.13,True,Lender C (Near-Prime),13.33,84.0,100.0,32311.0,478.0,True,3150.0,1638.0,False,0.0,0.0,179,3,206.0,0,False,,,0.0
NS300471,NV100574,NC200471,2024-08-07,QC,11495,0.14975,True,Lender A (Prime),8.01,72.0,700.0,15366.0,263.0,True,2850.0,1482.0,False,0.0,0.0,478,4,378.0,395,False,,,0.0
NS300472,NV100575,NC200472,2025-01-04,QC,18495,0.14975,True,Lender A (Prime),8.5,48.0,3000.0,18265.0,323.0,False,0.0,0.0,False,0.0,0.0,532,3,364.0,395,True,2025-01-05,Found another vehicle,2746.0
NS300473,NV100576,NC200473,2025-02-22,AB,15395,0.05,True,Lender D (Subprime),19.61,48.0,2500.0,13665.0,71.0,False,0.0,0.0,False,0.0,0.0,3770,9,2000.0,1395,False,,,0.0
NS300474,NV100577,NC200474,2026-04-19,ON,23095,0.13,False,,,,,,0.0,False,0.0,0.0,False,0.0,0.0,159,3,199.0,0,False,,,0.0
NS300475,NV100578,NC200475,2024-10-24,BC,16095,0.12,True,Lender D (Subprime),16.88,72.0,1800.0,19276.0,225.0,True,3050.0,1586.0,False,0.0,0.0,747,5,520.0,395,False,,,0.0
NS300476,NV100579,NC200476,2024-02-07,BC,18695,0.12,False,,,,,,0.0,True,2600.0,1352.0,False,0.0,0.0,848,3,559.0,395,False,,,0.0
NS300477,NV100580,NC200477,2026-06-26,QC,26795,0.14975,True,Lender A (Prime),7.2,48.0,3000.0,32208.0,539.0,True,3250.0,1690.0,True,1150.0,460.0,579,3,385.0,395,False,,,0.0
NS300478,NV100581,NC200478,2024-05-18,SK,31095,0.11,True,Lender B (Prime),8.66,72.0,1100.0,33415.0,575.0,False,0.0,0.0,False,0.0,0.0,727,4,514.0,395,False,,,0.0
NS300479,NV100583,NC200479,2025-12-21,NS,9295,0.14,True,Lender A (Prime),8.28,48.0,500.0,10096.0,87.0,False,0.0,0.0,False,0.0,0.0,2037,7,1211.0,795,False,,,0.0
NS300480,NV100584,NC200480,2025-10-18,ON,25095,0.13,True,Lender B (Prime),9.79,84.0,1300.0,28057.0,266.0,False,0.0,0.0,True,1000.0,400.0,152,4,203.0,0,False,,,0.0
NS300481,NV100587,NC200481,2024-12-10,NB,13095,0.15,True,Lender D (Subprime),17.48,48.0,2400.0,15309.0,220.0,True,1750.0,910.0,True,900.0,360.0,1451,6,801.0,795,False,,,0.0
NS300482,NV100588,NC200482,2025-01-14,ON,29795,0.13,True,Lender C (Near-Prime),13.02,48.0,1800.0,31868.0,243.0,False,0.0,0.0,False,0.0,0.0,2792,8,1627.0,1395,False,,,0.0
NS300483,NV100589,NC200483,2025-05-13,ON,14995,0.13,False,,,,,,0.0,False,0.0,0.0,False,0.0,0.0,146,3,203.0,0,False,,,0.0
NS300484,NV100591,NC200484,2026-09-08,AB,13695,0.05,True,Lender C (Near-Prime),13.33,72.0,1200.0,13180.0,168.0,False,0.0,0.0,False,0.0,0.0,2845,6,1623.0,1395,False,,,0.0
NS300485,NV100592,NC200485,2025-04-07,ON,13595,0.13,True,Lender B (Prime),9.22,60.0,2100.0,13262.0,209.0,False,0.0,0.0,False,0.0,0.0,140,2,199.0,0,False,,,0.0
NS300486,NV100593,NC200486,2026-06-05,ON,31395,0.13,False,,,,,,0.0,False,0.0,0.0,False,0.0,0.0,154,4,183.0,0,False,,,0.0
NS300487,NV100594,NC200487,2026-06-19,ON,20995,0.13,True,Lender C (Near-Prime),15.27,84.0,2100.0,21624.0,345.0,False,0.0,0.0,False,0.0,0.0,171,4,212.0,0,False,,,0.0
NS300488,NV100595,NC200488,2026-08-30,ON,9295,0.13,True,Lender D (Subprime),20.55,60.0,400.0,10103.0,73.0,False,0.0,0.0,False,0.0,0.0,165,4,214.0,0,False,,,0.0
NS300489,NV100596,NC200489,2025-02-24,ON,21695,0.13,True,Lender C (Near-Prime),12.32,72.0,4300.0,20965.0,264.0,False,0.0,0.0,True,750.0,300.0,528,2,399.0,395,False,,,0.0
NS300490,NV100597,NC200490,2025-12-15,MB,35495,0.12,True,Lender C (Near-Prime),13.9,60.0,400.0,39354.0,640.0,False,0.0,0.0,False,0.0,0.0,1291,3,811.0,795,False,,,0.0
NS300491,NV100598,NC200491,2026-02-18,SK,15095,0.11,True,Lender A (Prime),7.27,72.0,1500.0,17405.0,172.0,True,2150.0,1118.0,False,0.0,0.0,772,3,538.0,395,False,,,0.0
NS300492,NV100599,NC200492,2026-08-15,QC,26095,0.14975,True,Lender B (Prime),8.72,60.0,3000.0,28203.0,499.0,True,1200.0,624.0,False,0.0,0.0,547,4,373.0,395,False,,,0.0
NS300493,NV100600,NC200493,2025-08-29,AB,22995,0.05,True,Lender D (Subprime),19.18,48.0,2800.0,21345.0,311.0,False,0.0,0.0,False,0.0,0.0,2731,8,1189.0,1395,False,,,0.0
NS300494,NV100601,NC200494,2024-07-06,BC,16595,0.12,True,Lender C (Near-Prime),14.57,72.0,2400.0,16186.0,140.0,False,0.0,0.0,False,0.0,0.0,5054,10,2459.0,1395,False,,,0.0
NS300495,NV100602,NC200495,2025-09-16,ON,19595,0.13,True,Lender A (Prime),8.4,60.0,3700.0,19342.0,116.0,False,0.0,0.0,True,900.0,360.0,132,2,180.0,0,False,,,0.0
NS300496,NV100603,NC200496,2026-01-26,BC,12395,0.12,False,,,,,,0.0,True,2500.0,1300.0,False,0.0,0.0,4257,9,2171.0,1395,False,,,0.0
NS300497,NV100604,NC200497,2026-07-24,ON,25195,0.13,True,Lender B (Prime),7.29,84.0,1300.0,27170.0,212.0,False,0.0,0.0,False,0.0,0.0,605,3,408.0,395,False,,,0.0
NS300498,NV100608,NC200498,2025-07-11,ON,18795,0.13,True,Lender D (Subprime),22.61,48.0,2600.0,18638.0,307.0,False,0.0,0.0,False,0.0,0.0,571,2,393.0,395,False,,,0.0
NS300499,NV100609,NC200499,2024-11-26,ON,11095,0.13,True,Lender C (Near-Prime),13.12,60.0,1300.0,12737.0,219.0,True,1500.0,780.0,False,0.0,0.0,3683,9,2308.0,1395,False,,,0.0
NS300500,NV100610,NC200500,2026-03-21,AB,16995,0.05,True,Lender D (Subprime),18.99,72.0,400.0,18745.0,240.0,True,1300.0,676.0,False,0.0,0.0,306,2,285.0,395,False,,,0.0
NS300501,NV100611,NC200501,2025-01-22,BC,34995,0.12,True,Lender C (Near-Prime),14.97,72.0,1500.0,40444.0,299.0,True,1550.0,806.0,True,1200.0,480.0,656,4,478.0,395,False,,,0.0
NS300502,NV100613,NC200502,2026-06-18,BC,18595,0.12,True,Lender A (Prime),9.06,60.0,1500.0,20926.0,160.0,True,1600.0,832.0,False,0.0,0.0,871,4,583.0,395,False,,,0.0
NS300503,NV100614,NC200503,2024-09-21,NL,56595,0.15,True,Lender A (Prime),8.84,84.0,6500.0,58584.0,454.0,False,0.0,0.0,False,0.0,0.0,3309,9,2293.0,1395,False,,,0.0
NS300504,NV100615,NC200504,2024-06-14,ON,27995,0.13,True,Lender C (Near-Prime),13.0,72.0,3600.0,29534.0,310.0,True,1500.0,780.0,False,0.0,0.0,165,3,193.0,0,False,,,0.0
NS300505,NV100616,NC200505,2025-03-07,NL,18195,0.15,True,Lender C (Near-Prime),12.97,60.0,400.0,21324.0,178.0,False,0.0,0.0,True,800.0,320.0,3400,7,2294.0,1395,True,2025-03-10,Changed mind,3931.0
NS300506,NV100617,NC200506,2024-08-02,ON,22395,0.13,True,Lender D (Subprime),19.26,72.0,1000.0,25606.0,421.0,False,0.0,0.0,True,1300.0,520.0,146,4,205.0,0,False,,,0.0
NS300507,NV100618,NC200507,2025-08-07,ON,32495,0.13,True,Lender D (Subprime),21.85,60.0,5100.0,32369.0,542.0,False,0.0,0.0,True,750.0,300.0,148,3,200.0,0,False,,,0.0
NS300508,NV100619,NC200508,2025-12-04,ON,20495,0.13,False,,,,,,0.0,False,0.0,0.0,False,0.0,0.0,150,3,206.0,0,False,,,0.0
NS300509,NV100620,NC200509,2024-12-14,ON,17595,0.13,False,,,,,,0.0,False,0.0,0.0,False,0.0,0.0,165,4,212.0,0,False,,,0.0
NS300510,NV100621,NC200510,2025-11-12,ON,22595,0.13,False,,,,,,0.0,False,0.0,0.0,False,0.0,0.0,571,3,446.0,395,False,,,0.0
NS300511,NV100622,NC200511,2024-10-31,ON,23995,0.13,True,Lender D (Subprime),21.9,72.0,700.0,26414.0,453.0,False,0.0,0.0,False,0.0,0.0,174,3,225.0,0,False,,,0.0
NS300512,NV100623,NC200512,2026-02-18,NB,15995,0.15,True,Lender D (Subprime),21.34,84.0,1500.0,16894.0,210.0,False,0.0,0.0,False,0.0,0.0,933,4,602.0,395,False,,,0.0
NS300513,NV100624,NC200513,2025-08-02,SK,28495,0.11,False,,,,,,0.0,True,3350.0,1742.0,False,0.0,0.0,885,5,522.0,395,False,,,0.0
NS300514,NV100625,NC200514,2026-08-12,AB,19995,0.05,True,Lender A (Prime),10.33,72.0,2200.0,19995.0,163.0,True,1200.0,624.0,False,0.0,0.0,272,2,239.0,0,True,2026-08-20,Financing fell through,1440.0
NS300515,NV100626,NC200515,2026-01-30,MB,24995,0.12,False,,,,,,0.0,True,3300.0,1716.0,False,0.0,0.0,2991,6,1714.0,1395,False,,,0.0
NS300516,NV100627,NC200516,2026-07-16,ON,19895,0.13,True,Lender C (Near-Prime),12.81,72.0,2900.0,22681.0,275.0,True,3100.0,1612.0,False,0.0,0.0,138,3,197.0,0,False,,,0.0
NS300517,NV100628,NC200517,2025-08-02,ON,30995,0.13,True,Lender A (Prime),8.23,72.0,5900.0,29124.0,174.0,False,0.0,0.0,False,0.0,0.0,166,2,207.0,0,False,,,0.0
NS300518,NV100629,NC200518,2024-09-11,ON,26395,0.13,True,Lender A (Prime),5.9,84.0,3500.0,26326.0,436.0,False,0.0,0.0,False,0.0,0.0,177,2,199.0,0,False,,,0.0
NS300519,NV100630,NC200519,2026-01-03,ON,18295,0.13,True,Lender A (Prime),8.88,72.0,1600.0,19073.0,163.0,False,0.0,0.0,False,0.0,0.0,117,2,176.0,0,False,,,0.0
NS300520,NV100631,NC200520,2025-05-27,MB,18695,0.12,True,Lender D (Subprime),19.04,72.0,1600.0,21538.0,147.0,True,2200.0,1144.0,False,0.0,0.0,1125,3,729.0,795,False,,,0.0
NS300521,NV100632,NC200521,2026-02-17,ON,14695,0.13,True,Lender A (Prime),6.65,84.0,2700.0,14755.0,248.0,False,0.0,0.0,True,850.0,340.0,136,3,207.0,0,False,,,0.0
NS300522,NV100633,NC200522,2025-06-30,ON,29195,0.13,True,Lender C (Near-Prime),11.64,84.0,900.0,34390.0,594.0,True,2300.0,1196.0,False,0.0,0.0,149,4,191.0,0,False,,,0.0
NS300523,NV100634,NC200523,2024-12-05,ON,14695,0.13,True,Lender C (Near-Prime),10.5,48.0,2500.0,14855.0,197.0,False,0.0,0.0,True,750.0,300.0,152,2,203.0,0,False,,,0.0
NS300524,NV100636,NC200524,2025-10-12,BC,30695,0.12,True,Lender D (Subprime),19.14,84.0,2700.0,32978.0,233.0,False,0.0,0.0,True,1300.0,520.0,801,4,543.0,395,False,,,0.0
NS300525,NV100637,NC200525,2024-12-05,ON,20595,0.13,False,,,,,,0.0,False,0.0,0.0,False,0.0,0.0,531,4,418.0,395,False,,,0.0
NS300526,NV100638,NC200526,2025-07-03,ON,29095,0.13,False,,,,,,0.0,False,0.0,0.0,False,0.0,0.0,154,4,201.0,0,False,,,0.0
NS300527,NV100639,NC200527,2025-12-16,NB,26795,0.15,True,Lender A (Prime),8.58,72.0,1900.0,31364.0,596.0,True,1300.0,676.0,True,1150.0,460.0,4720,11,2414.0,1395,False,,,0.0
NS300528,NV100640,NC200528,2024-10-06,ON,9795,0.13,True,Lender D (Subprime),21.15,48.0,400.0,10668.0,102.0,False,0.0,0.0,False,0.0,0.0,154,4,221.0,0,False,,,0.0
NS300529,NV100641,NC200529,2024-11-15,NS,13395,0.14,True,Lender A (Prime),9.2,60.0,100.0,15170.0,175.0,False,0.0,0.0,False,0.0,0.0,1159,3,650.0,795,False,,,0.0
NS300530,NV100643,NC200530,2024-10-12,BC,16595,0.12,True,Lender C (Near-Prime),12.34,72.0,1000.0,17586.0,289.0,False,0.0,0.0,False,0.0,0.0,3858,9,2091.0,1395,False,,,0.0
NS300531,NV100645,NC200531,2026-03-15,ON,20195,0.13,True,Lender B (Prime),7.11,84.0,700.0,25320.0,177.0,True,2150.0,1118.0,True,1050.0,420.0,154,2,204.0,0,False,,,0.0
NS300532,NV100646,NC200532,2026-06-30,ON,11495,0.13,True,Lender C (Near-Prime),11.69,60.0,1600.0,11389.0,154.0,False,0.0,0.0,False,0.0,0.0,138,2,186.0,0,False,,,0.0
NS300533,NV100647,NC200533,2025-11-06,BC,35695,0.12,False,,,,,,0.0,False,0.0,0.0,False,0.0,0.0,4831,11,2525.0,1395,False,,,0.0
NS300534,NV100648,NC200534,2025-08-26,ON,24195,0.13,False,,,,,,0.0,False,0.0,0.0,False,0.0,0.0,122,4,181.0,0,False,,,0.0
NS300535,NV100650,NC200535,2024-08-11,BC,12595,0.12,True,Lender D (Subprime),18.51,48.0,2300.0,11806.0,133.0,False,0.0,0.0,False,0.0,0.0,3983,9,2174.0,1395,False,,,0.0
NS300536,NV100651,NC200536,2024-04-30,QC,17595,0.14975,True,Lender D (Subprime),20.22,60.0,3400.0,16830.0,88.0,False,0.0,0.0,False,0.0,0.0,471,3,379.0,395,False,,,0.0
NS300537,NV100652,NC200537,2025-10-22,ON,23095,0.13,True,Lender B (Prime),8.93,72.0,3300.0,25647.0,435.0,True,2850.0,1482.0,False,0.0,0.0,153,4,198.0,0,False,,,0.0
NS300538,NV100654,NC200538,2024-05-16,ON,18995,0.13,False,,,,,,0.0,False,0.0,0.0,False,0.0,0.0,167,2,207.0,0,False,,,0.0
NS300539,NV100655,NC200539,2026-08-03,ON,12995,0.13,False,,,,,,0.0,True,3000.0,1560.0,False,0.0,0.0,3152,6,2078.0,1395,False,,,0.0
NS300540,NV100656,NC200540,2025-06-05,ON,31095,0.13,False,,,,,,0.0,True,1400.0,728.0,False,0.0,0.0,137,4,194.0,0,False,,,0.0
NS300541,NV100657,NC200541,2024-12-13,NS,24295,0.14,False,,,,,,0.0,False,0.0,0.0,False,0.0,0.0,1007,3,665.0,795,False,,,0.0
NS300542,NV100658,NC200542,2025-09-14,ON,14095,0.13,True,Lender C (Near-Prime),12.2,84.0,2000.0,13927.0,115.0,False,0.0,0.0,False,0.0,0.0,141,3,180.0,0,False,,,0.0
NS300543,NV100659,NC200543,2025-08-31,ON,19295,0.13,True,Lender C (Near-Prime),12.87,84.0,300.0,24553.0,302.0,True,3050.0,1586.0,False,0.0,0.0,145,4,185.0,0,False,,,0.0
NS300544,NV100660,NC200544,2024-05-03,ON,26495,0.13,False,,,,,,0.0,True,2500.0,1300.0,False,0.0,0.0,559,3,385.0,395,False,,,0.0
NS300545,NV100662,NC200545,2025-08-26,ON,32695,0.13,True,Lender D (Subprime),15.0,84.0,100.0,38245.0,590.0,True,1400.0,728.0,False,0.0,0.0,624,4,383.0,395,False,,,0.0
NS300546,NV100663,NC200546,2025-03-20,NS,27495,0.14,True,Lender D (Subprime),18.38,72.0,4700.0,27844.0,161.0,False,0.0,0.0,True,1200.0,480.0,1689,6,1070.0,795,False,,,0.0
NS300547,NV100664,NC200547,2026-01-14,NS,14195,0.14,False,,,,,,0.0,True,2750.0,1430.0,False,0.0,0.0,1212,3,647.0,795,False,,,0.0
NS300548,NV100665,NC200548,2026-02-15,NS,48495,0.14,True,Lender A (Prime),8.23,84.0,700.0,54584.0,962.0,False,0.0,0.0,False,0.0,0.0,1734,5,888.0,795,False,,,0.0
NS300549,NV100666,NC200549,2025-12-28,ON,30495,0.13,True,Lender B (Prime),6.48,84.0,2700.0,34809.0,590.0,True,3050.0,1586.0,False,0.0,0.0,607,4,421.0,395,False,,,0.0
NS300550,NV100667,NC200550,2024-09-26,BC,17295,0.12,True,Lender A (Prime),9.88,84.0,700.0,20770.0,243.0,True,2100.0,1092.0,False,0.0,0.0,4140,8,2388.0,1395,False,,,0.0
NS300551,NV100669,NC200551,2024-05-07,ON,27995,0.13,True,Lender C (Near-Prime),14.19,84.0,3300.0,28334.0,545.0,False,0.0,0.0,False,0.0,0.0,2744,7,1704.0,1395,False,,,0.0
NS300552,NV100670,NC200552,2025-12-20,AB,28595,0.05,True,Lender C (Near-Prime),12.47,72.0,1600.0,31025.0,199.0,True,2600.0,1352.0,False,0.0,0.0,277,4,286.0,0,False,,,0.0
NS300553,NV100671,NC200553,2024-07-12,ON,23495,0.13,True,Lender B (Prime),10.18,48.0,1500.0,26599.0,197.0,True,1550.0,806.0,False,0.0,0.0,168,2,204.0,0,False,,,0.0
NS300554,NV100672,NC200554,2025-02-02,ON,14995,0.13,True,Lender B (Prime),8.22,60.0,800.0,18344.0,103.0,True,2200.0,1144.0,False,0.0,0.0,485,3,414.0,395,False,,,0.0
NS300555,NV100674,NC200555,2025-07-07,MB,27795,0.12,False,,,,,,0.0,False,0.0,0.0,False,0.0,0.0,1635,4,946.0,795,False,,,0.0
NS300556,NV100675,NC200556,2026-05-11,AB,14695,0.05,True,Lender A (Prime),8.21,84.0,2500.0,12930.0,162.0,False,0.0,0.0,False,0.0,0.0,275,3,258.0,0,True,2026-05-19,Vehicle condition not as expected,1749.0
NS300557,NV100676,NC200557,2024-12-21,AB,19395,0.05,True,Lender D (Subprime),19.18,84.0,3800.0,18065.0,333.0,True,1500.0,780.0,False,0.0,0.0,304,4,275.0,395,False,,,0.0
NS300558,NV100678,NC200558,2025-01-07,ON,22095,0.13,True,Lender C (Near-Prime),13.36,60.0,2200.0,24217.0,151.0,True,1450.0,754.0,False,0.0,0.0,128,2,189.0,0,False,,,0.0
NS300559,NV100679,NC200559,2026-02-01,ON,25595,0.13,False,,,,,,0.0,True,3150.0,1638.0,False,0.0,0.0,155,4,223.0,0,False,,,0.0
NS300560,NV100680,NC200560,2025-11-19,MB,28895,0.12,True,Lender D (Subprime),21.94,48.0,3600.0,28762.0,160.0,False,0.0,0.0,False,0.0,0.0,1575,6,1027.0,795,False,,,0.0
NS300561,NV100681,NC200561,2026-08-11,NS,26895,0.14,True,Lender D (Subprime),17.5,60.0,2900.0,27760.0,206.0,False,0.0,0.0,False,0.0,0.0,2011,7,1099.0,795,False,,,0.0
NS300562,NV100683,NC200562,2024-04-10,ON,22795,0.13,True,Lender A (Prime),8.66,60.0,1900.0,23858.0,141.0,False,0.0,0.0,False,0.0,0.0,146,4,196.0,0,False,,,0.0
NS300563,NV100684,NC200563,2025-03-14,QC,11595,0.14975,True,Lender C (Near-Prime),14.43,48.0,1600.0,11731.0,135.0,False,0.0,0.0,False,0.0,0.0,210,3,239.0,0,False,,,0.0
NS300564,NV100685,NC200564,2026-09-18,AB,21895,0.05,True,Lender C (Near-Prime),12.45,72.0,4200.0,19890.0,161.0,False,0.0,0.0,True,1100.0,440.0,270,3,244.0,0,False,,,0.0
NS300565,NV100686,NC200565,2026-08-15,ON,44695,0.13,False,,,,,,0.0,False,0.0,0.0,False,0.0,0.0,140,4,187.0,0,False,,,0.0
NS300566,NV100687,NC200566,2026-09-27,ON,17395,0.13,True,Lender B (Prime),8.83,60.0,1100.0,18556.0,234.0,False,0.0,0.0,False,0.0,0.0,162,3,205.0,0,False,,,0.0
NS300567,NV100688,NC200567,2026-07-18,ON,24195,0.13,True,Lender A (Prime),9.55,84.0,2800.0,26440.0,498.0,True,1900.0,988.0,False,0.0,0.0,4189,9,2344.0,1395,False,,,0.0
NS300568,NV100689,NC200568,2025-03-11,SK,16095,0.11,True,Lender C (Near-Prime),13.85,48.0,3000.0,18115.0,179.0,True,3250.0,1690.0,False,0.0,0.0,3284,8,1959.0,1395,False,,,0.0
NS300569,NV100690,NC200569,2026-04-28,MB,28695,0.12,False,,,,,,0.0,False,0.0,0.0,True,750.0,300.0,1616,4,923.0,795,False,,,0.0
NS300570,NV100691,NC200570,2025-10-09,MB,17995,0.12,False,,,,,,0.0,False,0.0,0.0,False,0.0,0.0,1563,4,796.0,795,False,,,0.0
NS300571,NV100692,NC200571,2025-03-19,BC,19795,0.12,True,Lender D (Subprime),18.67,48.0,1900.0,21620.0,271.0,False,0.0,0.0,True,1350.0,540.0,4856,9,2450.0,1395,False,,,0.0
NS300572,NV100693,NC200572,2024-07-09,ON,46295,0.13,True,Lender C (Near-Prime),11.9,48.0,6400.0,48113.0,861.0,True,1250.0,650.0,True,950.0,380.0,602,3,420.0,395,False,,,0.0
NS300573,NV100696,NC200573,2024-03-11,ON,21795,0.13,False,,,,,,0.0,True,1600.0,832.0,False,0.0,0.0,149,3,195.0,0,False,,,0.0
NS300574,NV100697,NC200574,2025-12-29,ON,21395,0.13,False,,,,,,0.0,True,2100.0,1092.0,False,0.0,0.0,143,2,188.0,0,False,,,0.0
NS300575,NV100698,NC200575,2026-01-02,ON,28795,0.13,True,Lender D (Subprime),21.72,60.0,0.0,32538.0,182.0,False,0.0,0.0,False,0.0,0.0,131,4,195.0,0,False,,,0.0
NS300576,NV100700,NC200576,2026-04-14,ON,19695,0.13,True,Lender C (Near-Prime),12.93,84.0,1400.0,20855.0,265.0,False,0.0,0.0,False,0.0,0.0,141,2,194.0,0,False,,,0.0
NS300577,NV100702,NC200577,2025-02-06,NB,19895,0.15,True,Lender A (Prime),9.56,84.0,900.0,23879.0,440.0,True,1900.0,988.0,False,0.0,0.0,1796,6,951.0,795,False,,,0.0
NS300578,NV100704,NC200578,2026-03-15,ON,19195,0.13,True,Lender B (Prime),7.98,84.0,0.0,21690.0,154.0,False,0.0,0.0,False,0.0,0.0,156,2,198.0,0,False,,,0.0
NS300579,NV100705,NC200579,2025-05-06,ON,19195,0.13,True,Lender B (Prime),9.82,72.0,3100.0,18590.0,163.0,False,0.0,0.0,False,0.0,0.0,150,4,191.0,0,False,,,0.0
NS300580,NV100706,NC200580,2025-07-02,ON,21295,0.13,True,Lender C (Near-Prime),12.35,48.0,800.0,24263.0,192.0,False,0.0,0.0,True,1000.0,400.0,4402,9,2491.0,1395,False,,,0.0
NS300581,NV100708,NC200581,2025-01-20,ON,15895,0.13,False,,,,,,0.0,True,2100.0,1092.0,False,0.0,0.0,161,2,213.0,0,False,,,0.0
NS300582,NV100709,NC200582,2025-08-14,AB,15695,0.05,True,Lender B (Prime),9.39,72.0,1600.0,16530.0,154.0,True,1650.0,858.0,False,0.0,0.0,3193,8,2077.0,1395,False,,,0.0
NS300583,NV100711,NC200583,2025-08-02,NB,39695,0.15,True,Lender D (Subprime),16.62,72.0,5000.0,40649.0,449.0,False,0.0,0.0,False,0.0,0.0,1278,5,808.0,795,False,,,0.0
NS300584,NV100712,NC200584,2025-02-26,ON,30195,0.13,False,,,,,,0.0,False,0.0,0.0,False,0.0,0.0,153,2,198.0,0,False,,,0.0
NS300585,NV100715,NC200585,2025-08-14,SK,20795,0.11,True,Lender B (Prime),10.05,72.0,200.0,25782.0,366.0,True,2900.0,1508.0,False,0.0,0.0,731,4,481.0,395,False,,,0.0
NS300586,NV100716,NC200586,2025-10-25,ON,10395,0.13,True,Lender A (Prime),7.1,72.0,1100.0,12146.0,192.0,True,1500.0,780.0,False,0.0,0.0,132,4,194.0,0,False,,,0.0
NS300587,NV100717,NC200587,2026-08-20,AB,29395,0.05,True,Lender C (Near-Prime),13.45,84.0,1300.0,34015.0,534.0,True,3100.0,1612.0,True,1350.0,540.0,318,2,271.0,395,False,,,0.0
NS300588,NV100718,NC200588,2025-07-24,ON,18895,0.13,False,,,,,,0.0,True,1850.0,962.0,False,0.0,0.0,144,3,186.0,0,False,,,0.0
NS300589,NV100720,NC200589,2025-03-24,ON,30995,0.13,False,,,,,,0.0,False,0.0,0.0,False,0.0,0.0,579,4,387.0,395,False,,,0.0
NS300590,NV100721,NC200590,2025-05-30,BC,27595,0.12,False,,,,,,0.0,False,0.0,0.0,True,800.0,320.0,4408,10,2445.0,1395,False,,,0.0
NS300591,NV100722,NC200591,2025-10-24,BC,11595,0.12,False,,,,,,0.0,False,0.0,0.0,False,0.0,0.0,4594,9,2526.0,1395,False,,,0.0
NS300592,NV100723,NC200592,2026-07-19,NS,22095,0.14,True,Lender A (Prime),10.42,60.0,800.0,24388.0,453.0,False,0.0,0.0,False,0.0,0.0,1082,3,688.0,795,False,,,0.0
NS300593,NV100724,NC200593,2024-04-02,BC,32595,0.12,False,,,,,,0.0,False,0.0,0.0,False,0.0,0.0,742,3,460.0,395,False,,,0.0
NS300594,NV100725,NC200594,2026-01-17,AB,18595,0.05,True,Lender B (Prime),8.82,60.0,3200.0,17125.0,199.0,False,0.0,0.0,True,800.0,320.0,3207,7,1737.0,1395,False,,,0.0
NS300595,NV100726,NC200595,2026-09-04,ON,12295,0.13,True,Lender D (Subprime),19.31,72.0,1700.0,14093.0,83.0,True,1900.0,988.0,False,0.0,0.0,671,3,449.0,395,False,,,0.0
NS300596,NV100727,NC200596,2025-04-28,ON,22095,0.13,False,,,,,,0.0,True,2000.0,1040.0,False,0.0,0.0,3837,7,2094.0,1395,False,,,0.0
NS300597,NV100729,NC200597,2026-04-09,PE,20395,0.15,False,,,,,,0.0,False,0.0,0.0,False,0.0,0.0,1733,4,1069.0,795,False,,,0.0
NS300598,NV100731,NC200598,2025-10-27,ON,14095,0.13,False,,,,,,0.0,False,0.0,0.0,False,0.0,0.0,147,3,199.0,0,False,,,0.0
NS300599,NV100732,NC200599,2026-07-24,BC,21495,0.12,True,Lender C (Near-Prime),14.15,60.0,3900.0,20174.0,162.0,False,0.0,0.0,False,0.0,0.0,795,3,547.0,395,False,,,0.0
NS300600,NV100733,NC200600,2026-01-01,MB,28695,0.12,False,,,,,,0.0,True,2250.0,1170.0,False,0.0,0.0,2646,8,1533.0,1395,False,,,0.0
NS300601,NV100734,NC200601,2025-01-05,ON,25495,0.13,True,Lender A (Prime),9.57,60.0,3400.0,27809.0,336.0,True,2400.0,1248.0,False,0.0,0.0,136,4,200.0,0,False,,,0.0
NS300602,NV100735,NC200602,2024-05-05,QC,11795,0.14975,False,,,,,,0.0,True,3000.0,1560.0,False,0.0,0.0,3817,9,1921.0,1395,True,2024-05-15,Changed mind,3704.0
NS300603,NV100736,NC200603,2026-09-11,ON,17795,0.13,True,Lender C (Near-Prime),13.62,84.0,3400.0,19808.0,170.0,True,3100.0,1612.0,False,0.0,0.0,3525,9,2086.0,1395,True,2026-09-13,Mechanical issue,4139.0
NS300604,NV100737,NC200604,2025-11-05,SK,28295,0.11,True,Lender A (Prime),6.69,84.0,2200.0,29207.0,552.0,False,0.0,0.0,False,0.0,0.0,2862,6,1718.0,1395,False,,,0.0
NS300605,NV100738,NC200605,2026-01-08,ON,37695,0.13,True,Lender D (Subprime),19.11,84.0,2300.0,40295.0,461.0,False,0.0,0.0,False,0.0,0.0,164,2,205.0,0,False,,,0.0
NS300606,NV100739,NC200606,2024-07-30,ON,31595,0.13,False,,,,,,0.0,False,0.0,0.0,False,0.0,0.0,157,2,196.0,0,False,,,0.0
NS300607,NV100740,NC200607,2026-09-21,QC,27895,0.14975,True,Lender D (Subprime),16.16,72.0,700.0,31372.0,237.0,False,0.0,0.0,False,0.0,0.0,658,4,433.0,395,False,,,0.0
NS300608,NV100743,NC200608,2026-08-04,BC,45295,0.12,True,Lender B (Prime),7.08,84.0,5300.0,45430.0,340.0,False,0.0,0.0,False,0.0,0.0,756,5,447.0,395,False,,,0.0
NS300609,NV100744,NC200609,2024-11-20,ON,40795,0.13,False,,,,,,0.0,True,1900.0,988.0,False,0.0,0.0,142,3,187.0,0,False,,,0.0
NS300610,NV100746,NC200610,2025-07-12,AB,7995,0.05,False,,,,,,0.0,True,1650.0,858.0,False,0.0,0.0,257,4,230.0,0,False,,,0.0
NS300611,NV100747,NC200611,2024-04-09,BC,20995,0.12,True,Lender D (Subprime),18.24,72.0,1500.0,24664.0,271.0,True,2650.0,1378.0,False,0.0,0.0,757,4,496.0,395,False,,,0.0
NS300612,NV100748,NC200612,2025-10-25,ON,15695,0.13,False,,,,,,0.0,True,2000.0,1040.0,False,0.0,0.0,139,3,198.0,0,False,,,0.0
NS300613,NV100749,NC200613,2025-04-30,ON,8495,0.13,False,,,,,,0.0,True,3050.0,1586.0,False,0.0,0.0,119,3,177.0,0,False,,,0.0
NS300614,NV100750,NC200614,2025-01-23,BC,19595,0.12,False,,,,,,0.0,True,1850.0,962.0,False,0.0,0.0,5752,12,2622.0,1395,False,,,0.0
NS300615,NV100751,NC200615,2025-06-17,ON,24995,0.13,False,,,,,,0.0,True,1300.0,676.0,False,0.0,0.0,3232,6,1790.0,1395,False,,,0.0
NS300616,NV100752,NC200616,2024-06-11,BC,22195,0.12,False,,,,,,0.0,False,0.0,0.0,False,0.0,0.0,4220,10,2164.0,1395,False,,,0.0
NS300617,NV100754,NC200617,2026-03-12,NS,15995,0.14,True,Lender D (Subprime),21.2,72.0,1900.0,16334.0,289.0,False,0.0,0.0,False,0.0,0.0,1750,4,940.0,795,False,,,0.0
NS300618,NV100755,NC200618,2024-12-12,ON,19295,0.13,False,,,,,,0.0,True,2750.0,1430.0,False,0.0,0.0,2902,6,1589.0,1395,False,,,0.0
NS300619,NV100756,NC200619,2025-10-02,AB,29195,0.05,False,,,,,,0.0,False,0.0,0.0,False,0.0,0.0,299,4,301.0,0,False,,,0.0
NS300620,NV100757,NC200620,2025-12-18,ON,21995,0.13,True,Lender D (Subprime),21.05,60.0,1800.0,26054.0,321.0,True,3000.0,1560.0,False,0.0,0.0,153,2,218.0,0,True,2025-12-26,Financing fell through,1312.0
NS300621,NV100758,NC200621,2025-11-06,ON,19195,0.13,True,Lender C (Near-Prime),13.19,72.0,3400.0,20190.0,377.0,True,1900.0,988.0,False,0.0,0.0,157,4,195.0,0,False,,,0.0
NS300622,NV100759,NC200622,2025-07-20,ON,23395,0.13,True,Lender D (Subprime),21.85,48.0,700.0,25736.0,228.0,False,0.0,0.0,False,0.0,0.0,3597,9,2015.0,1395,False,,,0.0
NS300623,NV100760,NC200623,2026-08-18,ON,14295,0.13,True,Lender A (Prime),9.24,72.0,2000.0,17353.0,169.0,True,3200.0,1664.0,False,0.0,0.0,3349,9,1747.0,1395,False,,,0.0
NS300624,NV100761,NC200624,2025-09-16,ON,18195,0.13,True,Lender D (Subprime),18.15,60.0,2300.0,21760.0,379.0,True,2700.0,1404.0,True,800.0,320.0,146,4,204.0,0,False,,,0.0
NS300625,NV100762,NC200625,2026-05-28,ON,20795,0.13,True,Lender D (Subprime),15.67,48.0,1100.0,22398.0,143.0,False,0.0,0.0,False,0.0,0.0,564,3,399.0,395,False,,,0.0
NS300626,NV100763,NC200626,2026-06-28,ON,18695,0.13,False,,,,,,0.0,False,0.0,0.0,False,0.0,0.0,155,2,194.0,0,False,,,0.0
NS300627,NV100764,NC200627,2025-09-14,QC,14595,0.14975,True,Lender C (Near-Prime),11.55,60.0,2200.0,18031.0,108.0,True,2700.0,1404.0,True,750.0,300.0,227,2,249.0,0,False,,,0.0
NS300628,NV100765,NC200628,2024-08-20,ON,17795,0.13,True,Lender C (Near-Prime),13.59,72.0,2000.0,21308.0,287.0,True,3200.0,1664.0,False,0.0,0.0,172,3,206.0,0,False,,,0.0
NS300629,NV100766,NC200629,2025-06-09,ON,9695,0.13,False,,,,,,0.0,True,1400.0,728.0,False,0.0,0.0,143,2,181.0,0,False,,,0.0
NS300630,NV100768,NC200630,2025-10-29,AB,39395,0.05,True,Lender D (Subprime),19.71,60.0,1300.0,40065.0,377.0,False,0.0,0.0,False,0.0,0.0,335,4,316.0,395,False,,,0.0
NS300631,NV100770,NC200631,2025-09-20,ON,17595,0.13,False,,,,,,0.0,False,0.0,0.0,False,0.0,0.0,669,4,417.0,395,False,,,0.0
NS300632,NV100771,NC200632,2026-08-10,ON,21095,0.13,False,,,,,,0.0,True,1500.0,780.0,False,0.0,0.0,565,2,424.0,395,False,,,0.0
NS300633,NV100772,NC200633,2025-05-21,QC,14995,0.14975,False,,,,,,0.0,False,0.0,0.0,False,0.0,0.0,614,3,405.0,395,True,2025-05-30,Changed mind,1780.0
NS300634,NV100774,NC200634,2026-01-03,ON,14495,0.13,False,,,,,,0.0,False,0.0,0.0,False,0.0,0.0,178,2,205.0,0,False,,,0.0
NS300635,NV100776,NC200635,2026-03-14,ON,15495,0.13,True,Lender B (Prime),7.62,60.0,1700.0,17159.0,319.0,False,0.0,0.0,True,1350.0,540.0,3481,9,1950.0,1395,False,,,0.0
NS300636,NV100778,NC200636,2025-01-25,BC,31995,0.12,False,,,,,,0.0,False,0.0,0.0,False,0.0,0.0,616,3,388.0,395,False,,,0.0
NS300637,NV100779,NC200637,2025-10-23,ON,36895,0.13,True,Lender D (Subprime),18.0,72.0,3300.0,38391.0,481.0,False,0.0,0.0,False,0.0,0.0,3149,8,1724.0,1395,False,,,0.0
NS300638,NV100781,NC200638,2025-07-26,BC,24195,0.12,False,,,,,,0.0,True,1900.0,988.0,False,0.0,0.0,4587,11,3090.0,1395,False,,,0.0
NS300639,NV100782,NC200639,2026-06-10,AB,23095,0.05,False,,,,,,0.0,False,0.0,0.0,False,0.0,0.0,290,4,265.0,0,True,2026-06-15,Vehicle condition not as expected,1819.0
NS300640,NV100783,NC200640,2026-08-22,QC,14695,0.14975,True,Lender B (Prime),7.63,72.0,1400.0,17896.0,219.0,True,2400.0,1248.0,False,0.0,0.0,645,4,454.0,395,False,,,0.0
NS300641,NV100785,NC200641,2025-12-05,AB,18795,0.05,True,Lender D (Subprime),16.33,48.0,500.0,22535.0,283.0,True,3300.0,1716.0,False,0.0,0.0,3151,6,1608.0,1395,False,,,0.0
NS300642,NV100786,NC200642,2024-10-15,ON,33395,0.13,False,,,,,,0.0,False,0.0,0.0,False,0.0,0.0,590,3,474.0,395,False,,,0.0
NS300643,NV100787,NC200643,2024-12-13,NS,18495,0.14,True,Lender A (Prime),8.61,72.0,3100.0,19334.0,305.0,False,0.0,0.0,True,1350.0,540.0,1852,6,1057.0,795,False,,,0.0
NS300644,NV100788,NC200644,2026-07-01,ON,21395,0.13,True,Lender B (Prime),7.48,48.0,2800.0,23676.0,254.0,True,2300.0,1196.0,False,0.0,0.0,3807,8,2259.0,1395,False,,,0.0
NS300645,NV100789,NC200645,2024-07-24,ON,26995,0.13,True,Lender C (Near-Prime),11.91,72.0,2000.0,30454.0,291.0,True,1950.0,1014.0,False,0.0,0.0,140,2,196.0,0,False,,,0.0
NS300646,NV100790,NC200646,2025-08-07,MB,14895,0.12,True,Lender A (Prime),7.12,60.0,2900.0,15382.0,81.0,True,1600.0,832.0,False,0.0,0.0,2082,5,1130.0,795,False,,,0.0
NS300647,NV100791,NC200647,2026-02-13,ON,32595,0.13,True,Lender C (Near-Prime),11.51,60.0,3700.0,33132.0,371.0,False,0.0,0.0,False,0.0,0.0,149,2,199.0,0,False,,,0.0
NS300648,NV100792,NC200648,2025-05-03,ON,15595,0.13,True,Lender C (Near-Prime),14.26,72.0,2500.0,15872.0,84.0,False,0.0,0.0,True,750.0,300.0,142,4,190.0,0,False,,,0.0
NS300649,NV100793,NC200649,2025-09-11,AB,19995,0.05,True,Lender C (Near-Prime),11.85,72.0,3900.0,17095.0,93.0,False,0.0,0.0,False,0.0,0.0,4204,9,2173.0,1395,False,,,0.0
NS300650,NV100794,NC200650,2025-05-09,ON,23195,0.13,True,Lender B (Prime),8.96,60.0,3700.0,22510.0,333.0,False,0.0,0.0,False,0.0,0.0,3546,7,2141.0,1395,False,,,0.0
NS300651,NV100795,NC200651,2024-09-22,QC,17595,0.14975,False,,,,,,0.0,True,2650.0,1378.0,False,0.0,0.0,674,3,490.0,395,False,,,0.0
NS300652,NV100796,NC200652,2026-02-09,BC,19895,0.12,False,,,,,,0.0,False,0.0,0.0,False,0.0,0.0,729,5,521.0,395,False,,,0.0
NS300653,NV100798,NC200653,2026-08-03,AB,21295,0.05,True,Lender D (Subprime),20.81,72.0,0.0,25710.0,411.0,True,2650.0,1378.0,True,700.0,280.0,3665,8,2046.0,1395,False,,,0.0
NS300654,NV100799,NC200654,2025-09-04,NS,12895,0.14,True,Lender C (Near-Prime),13.28,84.0,0.0,16900.0,260.0,True,2200.0,1144.0,False,0.0,0.0,2211,7,1049.0,795,False,,,0.0
NS300655,NV100800,NC200655,2024-12-28,AB,37595,0.05,False,,,,,,0.0,True,2450.0,1274.0,False,0.0,0.0,298,4,260.0,0,False,,,0.0
NS300656,NV100801,NC200656,2024-03-09,BC,47695,0.12,True,Lender B (Prime),10.5,72.0,7500.0,45918.0,800.0,False,0.0,0.0,False,0.0,0.0,657,5,454.0,395,False,,,0.0
NS300657,NV100802,NC200657,2025-01-07,ON,27795,0.13,False,,,,,,0.0,False,0.0,0.0,False,0.0,0.0,146,2,200.0,0,False,,,0.0
NS300658,NV100803,NC200658,2024-10-09,ON,51195,0.13,True,Lender A (Prime),8.59,60.0,1100.0,56750.0,418.0,False,0.0,0.0,False,0.0,0.0,2821,8,1322.0,1395,False,,,0.0
NS300659,NV100804,NC200659,2024-06-09,ON,15795,0.13,True,Lender A (Prime),8.6,84.0,2800.0,17298.0,265.0,True,2250.0,1170.0,False,0.0,0.0,170,3,200.0,0,False,,,0.0
NS300660,NV100805,NC200660,2025-06-19,AB,13595,0.05,True,Lender C (Near-Prime),12.74,72.0,0.0,14275.0,196.0,False,0.0,0.0,False,0.0,0.0,259,3,271.0,0,False,,,0.0
NS300661,NV100806,NC200661,2026-06-21,ON,23695,0.13,True,Lender B (Prime),7.38,72.0,1000.0,28525.0,385.0,True,2750.0,1430.0,False,0.0,0.0,148,2,194.0,0,False,,,0.0
NS300662,NV100807,NC200662,2025-04-22,AB,17595,0.05,True,Lender A (Prime),9.66,84.0,100.0,18375.0,93.0,False,0.0,0.0,False,0.0,0.0,2976,8,1725.0,1395,False,,,0.0
NS300663,NV100809,NC200663,2026-08-01,ON,22295,0.13,True,Lender D (Subprime),18.48,48.0,3300.0,21893.0,386.0,False,0.0,0.0,False,0.0,0.0,146,3,193.0,0,False,,,0.0
NS300664,NV100810,NC200664,2025-10-12,ON,39095,0.13,False,,,,,,0.0,False,0.0,0.0,False,0.0,0.0,128,4,177.0,0,False,,,0.0
NS300665,NV100811,NC200665,2026-04-01,AB,16695,0.05,True,Lender D (Subprime),19.32,72.0,1200.0,18630.0,347.0,True,2300.0,1196.0,False,0.0,0.0,259,2,235.0,0,False,,,0.0
NS300666,NV100812,NC200666,2025-10-29,NB,19495,0.15,True,Lender C (Near-Prime),11.43,72.0,1500.0,24069.0,471.0,True,3150.0,1638.0,False,0.0,0.0,1434,4,953.0,795,False,,,0.0
NS300667,NV100814,NC200667,2026-08-20,ON,28995,0.13,True,Lender C (Near-Prime),13.93,72.0,5500.0,31064.0,332.0,True,3050.0,1586.0,True,750.0,300.0,582,3,412.0,395,False,,,0.0
NS300668,NV100815,NC200668,2025-06-18,ON,11895,0.13,True,Lender B (Prime),7.21,84.0,500.0,14191.0,93.0,False,0.0,0.0,True,1250.0,500.0,151,3,211.0,0,False,,,0.0
NS300669,NV100816,NC200669,2026-09-12,BC,12895,0.12,True,Lender C (Near-Prime),12.01,72.0,1500.0,15642.0,313.0,True,2700.0,1404.0,False,0.0,0.0,762,5,535.0,395,False,,,0.0
NS300670,NV100817,NC200670,2026-08-13,ON,25595,0.13,True,Lender C (Near-Prime),10.5,60.0,4900.0,27172.0,370.0,True,3150.0,1638.0,False,0.0,0.0,140,4,200.0,0,False,,,0.0
NS300671,NV100819,NC200671,2025-02-23,ON,35895,0.13,True,Lender C (Near-Prime),12.61,48.0,5000.0,36611.0,386.0,False,0.0,0.0,True,1050.0,420.0,151,3,192.0,0,False,,,0.0
NS300672,NV100821,NC200672,2024-05-06,SK,11795,0.11,True,Lender D (Subprime),19.8,60.0,1900.0,11192.0,178.0,False,0.0,0.0,False,0.0,0.0,3476,7,1750.0,1395,False,,,0.0
NS300673,NV100822,NC200673,2026-03-17,BC,18295,0.12,True,Lender A (Prime),6.75,72.0,0.0,22590.0,115.0,True,2100.0,1092.0,False,0.0,0.0,704,5,472.0,395,False,,,0.0
NS300674,NV100823,NC200674,2025-12-22,ON,11995,0.13,True,Lender D (Subprime),19.43,84.0,1800.0,14654.0,121.0,True,1800.0,936.0,True,1100.0,440.0,166,3,211.0,0,False,,,0.0
NS300675,NV100824,NC200675,2025-11-27,ON,22695,0.13,True,Lender D (Subprime),17.68,84.0,3900.0,24395.0,284.0,True,2650.0,1378.0,False,0.0,0.0,158,2,186.0,0,False,,,0.0
NS300676,NV100825,NC200676,2026-06-18,ON,29095,0.13,True,Lender B (Prime),9.15,72.0,4200.0,28677.0,571.0,False,0.0,0.0,False,0.0,0.0,154,4,197.0,0,False,,,0.0
NS300677,NV100827,NC200677,2025-11-08,AB,17595,0.05,False,,,,,,0.0,False,0.0,0.0,False,0.0,0.0,268,2,252.0,0,False,,,0.0
NS300678,NV100828,NC200678,2026-07-27,SK,12195,0.11,True,Lender D (Subprime),21.21,72.0,1800.0,11736.0,170.0,False,0.0,0.0,False,0.0,0.0,2365,5,1202.0,795,True,2026-07-31,Changed mind,2073.0
NS300679,NV100830,NC200679,2025-09-23,ON,20995,0.13,True,Lender C (Near-Prime),12.42,48.0,3300.0,22974.0,340.0,True,2550.0,1326.0,False,0.0,0.0,153,2,210.0,0,False,,,0.0
NS300680,NV100831,NC200680,2026-01-20,MB,20595,0.12,True,Lender A (Prime),6.5,60.0,3700.0,22266.0,351.0,True,1900.0,988.0,True,1000.0,400.0,2602,6,1580.0,1395,False,,,0.0
NS300681,NV100834,NC200681,2026-06-16,ON,14895,0.13,True,Lender B (Prime),6.45,48.0,1500.0,15331.0,95.0,False,0.0,0.0,False,0.0,0.0,628,3,519.0,395,False,,,0.0
NS300682,NV100835,NC200682,2025-10-27,BC,26495,0.12,True,Lender B (Prime),9.07,60.0,2100.0,30124.0,219.0,True,2550.0,1326.0,False,0.0,0.0,4067,10,2504.0,1395,False,,,0.0
NS300683,NV100836,NC200683,2026-09-09,QC,15095,0.14975,True,Lender C (Near-Prime),11.88,60.0,300.0,20055.0,253.0,True,3000.0,1560.0,False,0.0,0.0,525,2,434.0,395,False,,,0.0
NS300684,NV100837,NC200684,2024-10-21,ON,12195,0.13,False,,,,,,0.0,True,2600.0,1352.0,False,0.0,0.0,586,2,420.0,395,False,,,0.0
NS300685,NV100838,NC200685,2025-11-29,NS,19995,0.14,False,,,,,,0.0,False,0.0,0.0,False,0.0,0.0,2035,6,1119.0,795,False,,,0.0
NS300686,NV100839,NC200686,2026-08-15,SK,18995,0.11,False,,,,,,0.0,False,0.0,0.0,False,0.0,0.0,2427,6,1289.0,795,False,,,0.0
NS300687,NV100840,NC200687,2025-12-04,ON,30795,0.13,True,Lender A (Prime),5.95,60.0,1800.0,36398.0,326.0,True,3400.0,1768.0,False,0.0,0.0,160,3,212.0,0,False,,,0.0
NS300688,NV100841,NC200688,2025-10-06,AB,15095,0.05,True,Lender D (Subprime),18.04,48.0,2000.0,13850.0,183.0,False,0.0,0.0,False,0.0,0.0,3288,8,1580.0,1395,False,,,0.0
NS300689,NV100844,NC200689,2024-09-27,AB,17495,0.05,False,,,,,,0.0,False,0.0,0.0,False,0.0,0.0,3369,7,2177.0,1395,False,,,0.0
NS300690,NV100845,NC200690,2025-12-14,ON,23095,0.13,False,,,,,,0.0,False,0.0,0.0,False,0.0,0.0,143,2,200.0,0,False,,,0.0
NS300691,NV100846,NC200691,2025-03-20,ON,14895,0.13,False,,,,,,0.0,True,3050.0,1586.0,False,0.0,0.0,162,4,202.0,0,True,2025-03-29,Changed mind,1908.0
NS300692,NV100850,NC200692,2025-02-02,ON,24395,0.13,True,Lender C (Near-Prime),13.25,84.0,600.0,29916.0,374.0,True,2950.0,1534.0,False,0.0,0.0,139,4,185.0,0,False,,,0.0
NS300693,NV100852,NC200693,2026-01-14,ON,31395,0.13,True,Lender A (Prime),7.52,60.0,4900.0,30576.0,305.0,False,0.0,0.0,False,0.0,0.0,147,3,188.0,0,False,,,0.0
NS300694,NV100853,NC200694,2025-04-27,BC,23895,0.12,True,Lender D (Subprime),16.74,60.0,1600.0,25162.0,197.0,False,0.0,0.0,False,0.0,0.0,851,4,526.0,395,False,,,0.0
NS300695,NV100855,NC200695,2025-09-17,ON,12295,0.13,True,Lender C (Near-Prime),12.39,72.0,700.0,16343.0,85.0,True,1950.0,1014.0,True,1200.0,480.0,163,3,209.0,0,False,,,0.0
NS300696,NV100856,NC200696,2025-11-12,ON,17395,0.13,True,Lender C (Near-Prime),14.03,60.0,0.0,19656.0,192.0,False,0.0,0.0,False,0.0,0.0,566,3,370.0,395,False,,,0.0
NS300697,NV100860,NC200697,2025-11-27,SK,15795,0.11,True,Lender B (Prime),7.41,60.0,2900.0,17032.0,101.0,True,2400.0,1248.0,False,0.0,0.0,2894,6,1588.0,1395,False,,,0.0
NS300698,NV100861,NC200698,2025-04-16,BC,22795,0.12,False,,,,,,0.0,True,1600.0,832.0,False,0.0,0.0,777,3,516.0,395,False,,,0.0
NS300699,NV100862,NC200699,2025-01-15,QC,28795,0.14975,True,Lender D (Subprime),16.29,60.0,1900.0,31207.0,383.0,False,0.0,0.0,False,0.0,0.0,491,2,379.0,395,False,,,0.0
NS300700,NV100864,NC200700,2024-06-15,MB,15595,0.12,True,Lender C (Near-Prime),13.01,84.0,700.0,16766.0,188.0,False,0.0,0.0,False,0.0,0.0,1448,5,938.0,795,False,,,0.0
NS300701,NV100865,NC200701,2024-09-10,AB,20695,0.05,True,Lender B (Prime),8.9,72.0,1200.0,20530.0,253.0,False,0.0,0.0,False,0.0,0.0,3274,9,1647.0,1395,True,2024-09-11,Found another vehicle,3310.0
NS300702,NV100866,NC200702,2024-11-13,ON,12895,0.13,True,Lender C (Near-Prime),13.43,48.0,200.0,17221.0,143.0,True,2850.0,1482.0,False,0.0,0.0,141,4,201.0,0,False,,,0.0
NS300703,NV100867,NC200703,2026-07-29,ON,23395,0.13,True,Lender A (Prime),7.01,72.0,1000.0,25436.0,307.0,False,0.0,0.0,False,0.0,0.0,144,2,192.0,0,True,2026-08-02,Changed mind,1610.0
NS300704,NV100868,NC200704,2026-01-04,AB,11995,0.05,True,Lender D (Subprime),21.3,60.0,1900.0,13445.0,209.0,True,2750.0,1430.0,False,0.0,0.0,2666,6,1462.0,1395,False,,,0.0
NS300705,NV100869,NC200705,2026-01-24,ON,41995,0.13,True,Lender A (Prime),8.35,84.0,8100.0,39354.0,291.0,False,0.0,0.0,False,0.0,0.0,643,4,464.0,395,False,,,0.0
NS300706,NV100870,NC200706,2025-10-31,QC,23695,0.14975,True,Lender C (Near-Prime),11.98,48.0,2500.0,24743.0,441.0,False,0.0,0.0,False,0.0,0.0,514,4,427.0,395,False,,,0.0
NS300707,NV100871,NC200707,2025-05-24,ON,23895,0.13,True,Lender C (Near-Prime),14.98,60.0,3600.0,25851.0,210.0,True,2450.0,1274.0,False,0.0,0.0,144,4,190.0,0,False,,,0.0
NS300708,NV100873,NC200708,2025-01-16,ON,27795,0.13,True,Lender C (Near-Prime),13.31,72.0,5500.0,25908.0,179.0,False,0.0,0.0,False,0.0,0.0,568,3,376.0,395,False,,,0.0
NS300709,NV100874,NC200709,2026-06-27,ON,13795,0.13,True,Lender A (Prime),7.58,60.0,1400.0,14188.0,271.0,False,0.0,0.0,False,0.0,0.0,119,4,197.0,0,False,,,0.0
NS300710,NV100875,NC200710,2026-08-20,ON,13895,0.13,False,,,,,,0.0,False,0.0,0.0,False,0.0,0.0,150,3,205.0,0,False,,,0.0
NS300711,NV100876,NC200711,2025-07-19,NS,21395,0.14,True,Lender A (Prime),8.25,48.0,1500.0,22890.0,431.0,False,0.0,0.0,False,0.0,0.0,1825,6,1293.0,795,False,,,0.0
NS300712,NV100877,NC200712,2026-09-12,ON,19695,0.13,True,Lender B (Prime),8.12,84.0,3400.0,20055.0,281.0,False,0.0,0.0,True,1200.0,480.0,170,2,200.0,0,False,,,0.0
NS300713,NV100879,NC200713,2024-07-31,AB,33395,0.05,False,,,,,,0.0,False,0.0,0.0,False,0.0,0.0,3929,8,2210.0,1395,False,,,0.0
NS300714,NV100880,NC200714,2026-05-28,QC,21295,0.14975,False,,,,,,0.0,False,0.0,0.0,False,0.0,0.0,567,3,444.0,395,False,,,0.0
NS300715,NV100882,NC200715,2025-11-30,BC,36995,0.12,True,Lender C (Near-Prime),14.66,60.0,6700.0,37634.0,473.0,True,2000.0,1040.0,True,900.0,360.0,4399,8,2322.0,1395,False,,,0.0
NS300716,NV100883,NC200716,2025-10-31,ON,26795,0.13,False,,,,,,0.0,False,0.0,0.0,False,0.0,0.0,513,2,405.0,395,False,,,0.0
NS300717,NV100884,NC200717,2026-09-26,ON,17795,0.13,True,Lender C (Near-Prime),13.41,60.0,700.0,21308.0,290.0,True,1900.0,988.0,False,0.0,0.0,105,3,162.0,0,False,,,0.0
NS300718,NV100885,NC200718,2024-06-29,ON,29195,0.13,True,Lender C (Near-Prime),10.5,60.0,600.0,35390.0,399.0,True,3000.0,1560.0,False,0.0,0.0,660,4,508.0,395,False,,,0.0
NS300719,NV100886,NC200719,2025-08-03,ON,24795,0.13,False,,,,,,0.0,False,0.0,0.0,False,0.0,0.0,173,4,224.0,0,False,,,0.0
NS300720,NV100887,NC200720,2025-06-23,ON,28295,0.13,False,,,,,,0.0,True,1500.0,780.0,False,0.0,0.0,132,2,203.0,0,False,,,0.0
NS300721,NV100888,NC200721,2026-05-28,ON,16395,0.13,True,Lender D (Subprime),21.14,60.0,0.0,18526.0,361.0,False,0.0,0.0,False,0.0,0.0,155,2,201.0,0,False,,,0.0
NS300722,NV100889,NC200722,2026-08-04,ON,16695,0.13,False,,,,,,0.0,True,3100.0,1612.0,False,0.0,0.0,137,3,194.0,0,False,,,0.0
NS300723,NV100890,NC200723,2026-06-07,ON,14095,0.13,True,Lender D (Subprime),22.7,60.0,200.0,18977.0,220.0,True,3250.0,1690.0,False,0.0,0.0,157,3,214.0,0,False,,,0.0
NS300724,NV100891,NC200724,2025-01-07,MB,18895,0.12,True,Lender D (Subprime),20.49,72.0,2200.0,20212.0,218.0,False,0.0,0.0,True,1250.0,500.0,2167,6,1289.0,795,False,,,0.0
NS300725,NV100892,NC200725,2026-08-19,AB,29495,0.05,True,Lender A (Prime),8.34,60.0,1100.0,29870.0,383.0,False,0.0,0.0,False,0.0,0.0,3305,9,1965.0,1395,False,,,0.0
NS300726,NV100893,NC200726,2026-09-19,BC,13495,0.12,True,Lender C (Near-Prime),11.0,72.0,2100.0,15714.0,162.0,True,1950.0,1014.0,True,750.0,300.0,4584,11,2339.0,1395,False,,,0.0
NS300727,NV100894,NC200727,2026-09-10,ON,24295,0.13,True,Lender A (Prime),8.35,60.0,4500.0,25153.0,381.0,True,2200.0,1144.0,False,0.0,0.0,137,2,188.0,0,False,,,0.0
NS300728,NV100895,NC200728,2025-06-16,ON,15595,0.13,True,Lender B (Prime),8.55,60.0,2600.0,15922.0,215.0,False,0.0,0.0,True,900.0,360.0,2703,6,1472.0,1395,False,,,0.0
NS300729,NV100896,NC200729,2025-04-18,ON,30595,0.13,True,Lender C (Near-Prime),13.4,72.0,4200.0,31222.0,327.0,False,0.0,0.0,True,850.0,340.0,179,4,228.0,0,False,,,0.0
NS300730,NV100897,NC200730,2025-09-01,AB,30195,0.05,True,Lender D (Subprime),23.22,48.0,5100.0,27455.0,321.0,False,0.0,0.0,True,850.0,340.0,268,3,265.0,0,False,,,0.0
NS300731,NV100898,NC200731,2025-10-24,PE,21695,0.15,True,Lender C (Near-Prime),15.97,60.0,1100.0,23849.0,464.0,False,0.0,0.0,False,0.0,0.0,4956,10,2803.0,1395,False,,,0.0
NS300732,NV100899,NC200732,2024-03-28,AB,22995,0.05,True,Lender B (Prime),8.91,60.0,3100.0,22345.0,311.0,True,1300.0,676.0,False,0.0,0.0,3053,6,1430.0,1395,False,,,0.0
NS300733,NV100900,NC200733,2024-11-20,AB,27995,0.05,True,Lender B (Prime),7.11,72.0,3100.0,28395.0,324.0,True,2100.0,1092.0,False,0.0,0.0,280,3,256.0,0,False,,,0.0
NS300734,NV100901,NC200734,2025-05-01,PE,24495,0.15,True,Lender B (Prime),9.16,48.0,1300.0,30019.0,518.0,True,3150.0,1638.0,False,0.0,0.0,1645,6,894.0,795,False,,,0.0
NS300735,NV100902,NC200735,2026-01-16,QC,30995,0.14975,True,Lender B (Prime),7.19,72.0,800.0,37737.0,382.0,True,2900.0,1508.0,False,0.0,0.0,588,2,466.0,395,False,,,0.0
NS300736,NV100903,NC200736,2025-07-30,ON,25795,0.13,False,,,,,,0.0,True,3350.0,1742.0,False,0.0,0.0,536,2,382.0,395,False,,,0.0
NS300737,NV100904,NC200737,2024-09-21,ON,21495,0.13,True,Lender A (Prime),9.95,72.0,500.0,27389.0,397.0,True,2350.0,1222.0,True,1250.0,500.0,188,3,228.0,0,False,,,0.0
NS300738,NV100905,NC200738,2025-01-18,ON,36195,0.13,True,Lender C (Near-Prime),16.0,72.0,1600.0,39300.0,382.0,False,0.0,0.0,False,0.0,0.0,119,4,181.0,0,False,,,0.0
NS300739,NV100906,NC200739,2024-06-24,ON,31395,0.13,True,Lender D (Subprime),20.35,60.0,5900.0,29576.0,411.0,False,0.0,0.0,False,0.0,0.0,148,2,203.0,0,False,,,0.0
NS300740,NV100907,NC200740,2025-07-11,ON,16195,0.13,False,,,,,,0.0,True,3200.0,1664.0,False,0.0,0.0,126,2,194.0,0,False,,,0.0
NS300741,NV100908,NC200741,2024-05-31,ON,13495,0.13,False,,,,,,0.0,True,2150.0,1118.0,False,0.0,0.0,3836,7,2279.0,1395,False,,,0.0
NS300742,NV100909,NC200742,2026-08-14,NL,12795,0.15,False,,,,,,0.0,False,0.0,0.0,False,0.0,0.0,2935,7,1819.0,1395,True,2026-08-22,Mechanical issue,3358.0
NS300743,NV100912,NC200743,2025-12-23,BC,17595,0.12,True,Lender C (Near-Prime),12.29,84.0,3300.0,17856.0,113.0,True,1450.0,754.0,False,0.0,0.0,4793,11,2892.0,1395,False,,,0.0
NS300744,NV100913,NC200744,2026-06-11,ON,22895,0.13,True,Lender B (Prime),7.7,72.0,2600.0,23271.0,207.0,False,0.0,0.0,False,0.0,0.0,125,2,185.0,0,False,,,0.0
NS300745,NV100914,NC200745,2026-07-22,QC,10395,0.14975,True,Lender B (Prime),8.44,48.0,1800.0,11452.0,96.0,True,1300.0,676.0,False,0.0,0.0,196,4,215.0,0,False,,,0.0
NS300746,NV100915,NC200746,2026-03-19,BC,30295,0.12,True,Lender A (Prime),8.92,72.0,2400.0,31530.0,500.0,False,0.0,0.0,False,0.0,0.0,696,3,469.0,395,False,,,0.0
NS300747,NV100916,NC200747,2024-07-08,ON,13495,0.13,True,Lender B (Prime),7.2,72.0,1100.0,15449.0,233.0,True,1300.0,676.0,False,0.0,0.0,550,3,383.0,395,False,,,0.0
NS300748,NV100918,NC200748,2026-09-05,AB,21395,0.05,True,Lender C (Near-Prime),11.47,60.0,3100.0,19365.0,186.0,False,0.0,0.0,False,0.0,0.0,273,3,249.0,0,False,,,0.0
NS300749,NV100920,NC200749,2025-04-08,ON,39595,0.13,True,Lender C (Near-Prime),13.53,48.0,4200.0,41292.0,556.0,False,0.0,0.0,True,750.0,300.0,147,2,197.0,0,False,,,0.0
NS300750,NV100921,NC200750,2026-04-21,MB,16995,0.12,True,Lender C (Near-Prime),11.18,60.0,100.0,18934.0,319.0,False,0.0,0.0,False,0.0,0.0,1327,6,925.0,795,False,,,0.0
NS300751,NV100922,NC200751,2026-07-01,ON,15095,0.13,True,Lender D (Subprime),21.34,48.0,300.0,16757.0,170.0,False,0.0,0.0,False,0.0,0.0,3389,9,1851.0,1395,False,,,0.0
NS300752,NV100923,NC200752,2025-12-08,ON,22395,0.13,True,Lender C (Near-Prime),11.98,84.0,1500.0,23806.0,332.0,False,0.0,0.0,False,0.0,0.0,170,2,210.0,0,False,,,0.0
NS300753,NV100925,NC200753,2026-01-24,AB,9595,0.05,False,,,,,,0.0,True,3200.0,1664.0,False,0.0,0.0,307,3,285.0,395,False,,,0.0
NS300754,NV100926,NC200754,2025-12-06,AB,38495,0.05,False,,,,,,0.0,False,0.0,0.0,False,0.0,0.0,279,3,276.0,0,False,,,0.0
NS300755,NV100928,NC200755,2026-06-15,ON,20595,0.13,False,,,,,,0.0,False,0.0,0.0,False,0.0,0.0,132,3,205.0,0,False,,,0.0
NS300756,NV100929,NC200756,2025-01-22,MB,12395,0.12,False,,,,,,0.0,True,1600.0,832.0,False,0.0,0.0,1319,6,870.0,795,False,,,0.0
NS300757,NV100932,NC200757,2025-05-18,ON,39895,0.13,False,,,,,,0.0,True,2550.0,1326.0,False,0.0,0.0,131,2,185.0,0,True,2025-05-24,Vehicle condition not as expected,1519.0
NS300758,NV100933,NC200758,2026-01-24,NS,12195,0.14,True,Lender A (Prime),6.49,60.0,200.0,15302.0,118.0,True,1600.0,832.0,False,0.0,0.0,1697,5,1115.0,795,False,,,0.0
NS300759,NV100934,NC200759,2025-02-24,SK,19295,0.11,False,,,,,,0.0,True,1900.0,988.0,False,0.0,0.0,837,3,533.0,395,False,,,0.0
NS300760,NV100935,NC200760,2025-08-24,ON,16295,0.13,True,Lender D (Subprime),22.54,60.0,800.0,17613.0,279.0,False,0.0,0.0,False,0.0,0.0,630,2,401.0,395,False,,,0.0
NS300761,NV100936,NC200761,2026-05-22,NS,24895,0.14,True,Lender C (Near-Prime),14.41,84.0,3100.0,26980.0,464.0,True,1700.0,884.0,False,0.0,0.0,1674,5,1039.0,795,False,,,0.0
NS300762,NV100937,NC200762,2026-07-16,ON,13995,0.13,True,Lender A (Prime),10.0,60.0,1000.0,18114.0,148.0,True,2200.0,1144.0,True,1100.0,440.0,167,2,194.0,0,False,,,0.0
NS300763,NV100938,NC200763,2025-08-30,BC,15495,0.12,True,Lender C (Near-Prime),14.73,60.0,2700.0,14654.0,238.0,False,0.0,0.0,False,0.0,0.0,4986,11,3075.0,1395,False,,,0.0
NS300764,NV100939,NC200764,2025-10-04,BC,12895,0.12,True,Lender D (Subprime),21.72,84.0,2200.0,12242.0,68.0,False,0.0,0.0,False,0.0,0.0,737,5,494.0,395,False,,,0.0
NS300765,NV100940,NC200765,2026-06-21,AB,12195,0.05,False,,,,,,0.0,False,0.0,0.0,False,0.0,0.0,282,4,266.0,0,False,,,0.0
NS300766,NV100941,NC200766,2025-11-30,ON,15895,0.13,False,,,,,,0.0,False,0.0,0.0,False,0.0,0.0,3251,7,1828.0,1395,False,,,0.0
NS300767,NV100944,NC200767,2026-07-06,NS,23195,0.14,True,Lender C (Near-Prime),13.1,60.0,2000.0,24442.0,409.0,False,0.0,0.0,False,0.0,0.0,1900,5,1075.0,795,False,,,0.0
NS300768,NV100945,NC200768,2026-04-15,ON,20695,0.13,False,,,,,,0.0,False,0.0,0.0,False,0.0,0.0,141,2,200.0,0,False,,,0.0
NS300769,NV100946,NC200769,2026-05-15,ON,19795,0.13,True,Lender C (Near-Prime),14.33,72.0,2900.0,19468.0,332.0,False,0.0,0.0,False,0.0,0.0,654,5,473.0,395,False,,,0.0
NS300770,NV100948,NC200770,2026-05-11,ON,15395,0.13,True,Lender B (Prime),10.29,60.0,900.0,17546.0,178.0,False,0.0,0.0,True,1050.0,420.0,151,3,190.0,0,False,,,0.0
NS300771,NV100950,NC200771,2026-07-25,BC,15695,0.12,True,Lender B (Prime),8.9,72.0,2900.0,16578.0,300.0,True,1900.0,988.0,False,0.0,0.0,660,4,443.0,395,True,2026-07-26,Changed mind,2558.0
NS300772,NV100951,NC200772,2024-06-01,ON,18295,0.13,False,,,,,,0.0,False,0.0,0.0,False,0.0,0.0,134,3,185.0,0,False,,,0.0
NS300773,NV100952,NC200773,2026-03-14,BC,9395,0.12,False,,,,,,0.0,True,1200.0,624.0,False,0.0,0.0,657,3,469.0,395,False,,,0.0
NS300774,NV100953,NC200774,2025-06-11,BC,25695,0.12,False,,,,,,0.0,True,2750.0,1430.0,False,0.0,0.0,4775,11,2838.0,1395,False,,,0.0
NS300775,NV100954,NC200775,2024-10-09,ON,19795,0.13,False,,,,,,0.0,False,0.0,0.0,False,0.0,0.0,166,3,200.0,0,False,,,0.0
NS300776,NV100955,NC200776,2025-07-26,MB,11295,0.12,True,Lender B (Prime),8.94,72.0,1300.0,13700.0,201.0,True,2350.0,1222.0,False,0.0,0.0,1405,6,851.0,795,False,,,0.0
NS300777,NV100956,NC200777,2026-07-28,ON,27595,0.13,True,Lender C (Near-Prime),12.06,84.0,1900.0,31982.0,483.0,True,2700.0,1404.0,False,0.0,0.0,2823,6,1642.0,1395,False,,,0.0
NS300778,NV100957,NC200778,2025-09-28,ON,20795,0.13,True,Lender C (Near-Prime),13.69,84.0,3200.0,20298.0,369.0,False,0.0,0.0,False,0.0,0.0,160,4,214.0,0,False,,,0.0
NS300779,NV100958,NC200779,2026-08-07,MB,51495,0.12,True,Lender B (Prime),8.49,60.0,7500.0,50174.0,1000.0,False,0.0,0.0,False,0.0,0.0,2117,5,1258.0,795,False,,,0.0
NS300780,NV100959,NC200780,2025-12-27,QC,12595,0.14975,False,,,,,,0.0,False,0.0,0.0,False,0.0,0.0,226,4,251.0,0,False,,,0.0
NS300781,NV100960,NC200781,2026-07-25,ON,17195,0.13,True,Lender D (Subprime),18.59,84.0,2400.0,19580.0,245.0,True,2550.0,1326.0,False,0.0,0.0,157,4,191.0,0,False,,,0.0
NS300782,NV100961,NC200782,2025-12-28,ON,14895,0.13,True,Lender B (Prime),8.66,72.0,1200.0,15631.0,289.0,False,0.0,0.0,False,0.0,0.0,3097,8,1709.0,1395,False,,,0.0
NS300783,NV100962,NC200783,2025-06-13,ON,17295,0.13,True,Lender C (Near-Prime),10.5,84.0,2800.0,19343.0,322.0,True,2600.0,1352.0,False,0.0,0.0,150,2,197.0,0,False,,,0.0
NS300784,NV100963,NC200784,2025-01-01,BC,16895,0.12,True,Lender B (Prime),8.55,60.0,2300.0,19422.0,278.0,True,2800.0,1456.0,False,0.0,0.0,5251,10,2406.0,1395,False,,,0.0
NS300785,NV100964,NC200785,2026-07-20,MB,12895,0.12,False,,,,,,0.0,False,0.0,0.0,False,0.0,0.0,2210,7,1289.0,795,False,,,0.0
NS300786,NV100965,NC200786,2026-01-14,MB,36495,0.12,True,Lender D (Subprime),22.21,60.0,7100.0,37074.0,431.0,True,3300.0,1716.0,False,0.0,0.0,2182,5,1185.0,795,True,2026-01-21,Vehicle condition not as expected,3208.0
NS300787,NV100966,NC200787,2026-03-14,AB,17295,0.05,False,,,,,,0.0,False,0.0,0.0,False,0.0,0.0,274,2,253.0,0,False,,,0.0
NS300788,NV100967,NC200788,2025-03-04,AB,13495,0.05,True,Lender C (Near-Prime),14.63,84.0,700.0,16020.0,256.0,True,2550.0,1326.0,False,0.0,0.0,303,4,297.0,395,False,,,0.0
NS300789,NV100968,NC200789,2025-02-15,BC,12495,0.12,False,,,,,,0.0,True,2800.0,1456.0,False,0.0,0.0,692,3,513.0,395,False,,,0.0
NS300790,NV100969,NC200790,2026-01-21,ON,41695,0.13,False,,,,,,0.0,False,0.0,0.0,False,0.0,0.0,629,3,443.0,395,False,,,0.0
NS300791,NV100971,NC200791,2026-05-04,ON,15595,0.13,True,Lender B (Prime),7.03,48.0,3000.0,15372.0,234.0,False,0.0,0.0,True,750.0,300.0,146,2,202.0,0,False,,,0.0
NS300792,NV100972,NC200792,2026-03-21,AB,23395,0.05,True,Lender C (Near-Prime),13.8,72.0,3800.0,24115.0,314.0,True,2500.0,1300.0,True,850.0,340.0,3536,9,2041.0,1395,True,2026-03-23,Vehicle condition not as expected,3326.0
NS300793,NV100973,NC200793,2025-08-29,MB,26595,0.12,True,Lender B (Prime),7.46,72.0,1400.0,28386.0,327.0,False,0.0,0.0,False,0.0,0.0,1248,3,850.0,795,False,,,0.0
NS300794,NV100974,NC200794,2025-03-28,ON,31095,0.13,True,Lender C (Near-Prime),11.34,72.0,2200.0,35387.0,177.0,True,2450.0,1274.0,False,0.0,0.0,139,2,211.0,0,False,,,0.0
NS300795,NV100975,NC200795,2024-08-25,ON,20295,0.13,False,,,,,,0.0,False,0.0,0.0,False,0.0,0.0,3534,9,2071.0,1395,False,,,0.0
NS300796,NV100976,NC200796,2025-09-21,SK,16795,0.11,True,Lender A (Prime),8.45,72.0,3200.0,15442.0,168.0,False,0.0,0.0,False,0.0,0.0,2815,8,1425.0,1395,False,,,0.0
NS300797,NV100977,NC200797,2024-05-08,ON,33995,0.13,True,Lender B (Prime),9.71,72.0,2600.0,35814.0,564.0,False,0.0,0.0,False,0.0,0.0,162,2,205.0,0,False,,,0.0
NS300798,NV100978,NC200798,2025-11-21,QC,39395,0.14975,True,Lender C (Near-Prime),13.26,72.0,6700.0,38594.0,421.0,False,0.0,0.0,False,0.0,0.0,548,4,397.0,395,False,,,0.0
NS300799,NV100979,NC200799,2025-07-13,ON,39795,0.13,True,Lender A (Prime),8.65,60.0,7200.0,37768.0,688.0,False,0.0,0.0,False,0.0,0.0,162,3,213.0,0,False,,,0.0
NS300800,NV100980,NC200800,2025-09-19,ON,18995,0.13,True,Lender A (Prime),7.39,84.0,100.0,25214.0,484.0,True,3050.0,1586.0,True,800.0,320.0,4078,9,2097.0,1395,False,,,0.0
NS300801,NV100981,NC200801,2024-04-20,ON,32095,0.13,False,,,,,,0.0,False,0.0,0.0,False,0.0,0.0,157,2,194.0,0,False,,,0.0
NS300802,NV100982,NC200802,2024-12-12,ON,13995,0.13,True,Lender B (Prime),9.28,72.0,900.0,14914.0,173.0,False,0.0,0.0,False,0.0,0.0,3404,7,1809.0,1395,True,2024-12-22,Vehicle condition not as expected,2990.0
NS300803,NV100983,NC200803,2025-10-11,ON,23595,0.13,False,,,,,,0.0,True,2650.0,1378.0,False,0.0,0.0,155,4,197.0,0,False,,,0.0
NS300804,NV100984,NC200804,2026-06-23,ON,11995,0.13,True,Lender C (Near-Prime),13.06,72.0,800.0,12754.0,167.0,False,0.0,0.0,False,0.0,0.0,156,3,230.0,0,False,,,0.0
NS300805,NV100985,NC200805,2025-01-01,ON,19695,0.13,True,Lender B (Prime),8.08,60.0,1600.0,20655.0,404.0,False,0.0,0.0,False,0.0,0.0,130,4,191.0,0,False,,,0.0
NS300806,NV100986,NC200806,2024-11-09,ON,34495,0.13,True,Lender C (Near-Prime),13.52,72.0,4200.0,36479.0,518.0,True,1700.0,884.0,False,0.0,0.0,153,4,193.0,0,False,,,0.0
NS300807,NV100988,NC200807,2024-06-17,AB,27195,0.05,False,,,,,,0.0,False,0.0,0.0,False,0.0,0.0,285,2,249.0,0,False,,,0.0
NS300808,NV100990,NC200808,2026-04-22,BC,19395,0.12,False,,,,,,0.0,True,3100.0,1612.0,False,0.0,0.0,4742,9,2972.0,1395,True,2026-05-01,Vehicle condition not as expected,3920.0
NS300809,NV100991,NC200809,2025-11-06,NB,18095,0.15,True,Lender B (Prime),5.9,72.0,1300.0,19509.0,215.0,False,0.0,0.0,False,0.0,0.0,1401,5,672.0,795,False,,,0.0
NS300810,NV100992,NC200810,2025-12-20,ON,15495,0.13,True,Lender D (Subprime),15.85,72.0,2300.0,17909.0,120.0,True,2700.0,1404.0,False,0.0,0.0,176,2,215.0,0,False,,,0.0
NS300811,NV100993,NC200811,2025-08-14,AB,39595,0.05,True,Lender A (Prime),7.71,72.0,600.0,40975.0,669.0,False,0.0,0.0,False,0.0,0.0,2865,7,1622.0,1395,False,,,0.0
NS300812,NV100994,NC200812,2025-09-13,ON,24695,0.13,True,Lender C (Near-Prime),13.87,84.0,3000.0,24905.0,261.0,False,0.0,0.0,False,0.0,0.0,135,3,192.0,0,False,,,0.0
NS300813,NV100995,NC200813,2025-11-16,ON,16095,0.13,False,,,,,,0.0,True,2450.0,1274.0,False,0.0,0.0,497,3,390.0,395,False,,,0.0
NS300814,NV100996,NC200814,2025-09-17,SK,22795,0.11,True,Lender B (Prime),8.16,60.0,300.0,27352.0,287.0,True,2350.0,1222.0,False,0.0,0.0,3013,6,1639.0,1395,False,,,0.0
NS300815,NV100997,NC200815,2025-06-25,AB,15795,0.05,False,,,,,,0.0,False,0.0,0.0,False,0.0,0.0,279,2,242.0,0,False,,,0.0
NS300816,NV100998,NC200816,2025-12-31,NB,15095,0.15,False,,,,,,0.0,True,2100.0,1092.0,False,0.0,0.0,4464,10,2345.0,1395,False,,,0.0
NS300817,NV100999,NC200817,2026-02-03,ON,18395,0.13,False,,,,,,0.0,False,0.0,0.0,False,0.0,0.0,578,2,361.0,395,False,,,0.0
NS300818,NV101000,NC200818,2026-07-01,ON,24095,0.13,True,Lender B (Prime),7.78,60.0,500.0,29627.0,165.0,True,2900.0,1508.0,False,0.0,0.0,552,3,448.0,395,False,,,0.0
NS300819,NV101001,NC200819,2025-11-25,MB,13995,0.12,True,Lender B (Prime),6.47,84.0,1800.0,13874.0,178.0,False,0.0,0.0,False,0.0,0.0,1913,5,1234.0,795,False,,,0.0
NS300820,NV101002,NC200820,2024-11-23,ON,34195,0.13,True,Lender C (Near-Prime),12.38,60.0,100.0,38540.0,399.0,False,0.0,0.0,False,0.0,0.0,4047,10,2399.0,1395,False,,,0.0
NS300821,NV101003,NC200821,2026-05-18,ON,27595,0.13,True,Lender A (Prime),7.25,60.0,3700.0,27482.0,139.0,False,0.0,0.0,False,0.0,0.0,146,3,193.0,0,False,,,0.0
NS300822,NV101004,NC200822,2024-06-03,ON,18295,0.13,True,Lender D (Subprime),17.75,72.0,2500.0,22023.0,363.0,True,2750.0,1430.0,True,1100.0,440.0,3077,6,1834.0,1395,False,,,0.0
NS300823,NV101005,NC200823,2025-04-04,ON,31995,0.13,True,Lender C (Near-Prime),11.6,84.0,700.0,35454.0,559.0,False,0.0,0.0,False,0.0,0.0,148,3,196.0,0,True,2025-04-10,Vehicle condition not as expected,2802.0
NS300824,NV101006,NC200824,2024-07-02,BC,16195,0.12,False,,,,,,0.0,False,0.0,0.0,False,0.0,0.0,669,3,443.0,395,False,,,0.0
NS300825,NV101007,NC200825,2025-06-18,SK,30895,0.11,False,,,,,,0.0,True,2150.0,1118.0,False,0.0,0.0,3023,7,1537.0,1395,False,,,0.0
NS300826,NV101009,NC200826,2024-07-25,BC,22795,0.12,True,Lender D (Subprime),19.14,84.0,3100.0,24730.0,317.0,True,2300.0,1196.0,False,0.0,0.0,720,5,537.0,395,False,,,0.0
NS300827,NV101010,NC200827,2024-04-02,QC,26195,0.14975,True,Lender C (Near-Prime),12.39,84.0,4100.0,28918.0,456.0,True,2900.0,1508.0,False,0.0,0.0,4002,8,2224.0,1395,False,,,0.0
NS300828,NV101011,NC200828,2024-02-01,ON,36995,0.13,True,Lender A (Prime),8.71,72.0,600.0,41204.0,640.0,False,0.0,0.0,False,0.0,0.0,152,2,211.0,0,False,,,0.0
NS300829,NV101012,NC200829,2026-03-03,ON,20995,0.13,True,Lender D (Subprime),18.94,72.0,3500.0,23024.0,195.0,True,1400.0,728.0,True,1400.0,560.0,555,3,403.0,395,False,,,0.0
NS300830,NV101014,NC200830,2025-08-11,BC,19995,0.12,True,Lender D (Subprime),21.24,72.0,1600.0,20794.0,267.0,False,0.0,0.0,False,0.0,0.0,4238,9,2421.0,1395,False,,,0.0
NS300831,NV101015,NC200831,2026-05-06,AB,10395,0.05,True,Lender C (Near-Prime),13.55,60.0,300.0,13065.0,154.0,True,2450.0,1274.0,False,0.0,0.0,3310,9,1790.0,1395,False,,,0.0
NS300832,NV101016,NC200832,2026-09-16,QC,24695,0.14975,True,Lender C (Near-Prime),13.51,72.0,2400.0,25993.0,424.0,False,0.0,0.0,False,0.0,0.0,3385,9,2267.0,1395,False,,,0.0
NS300833,NV101017,NC200833,2024-12-28,AB,23495,0.05,True,Lender A (Prime),8.8,84.0,2900.0,21770.0,183.0,False,0.0,0.0,False,0.0,0.0,4155,9,2275.0,1395,False,,,0.0
NS300834,NV101018,NC200834,2024-04-25,ON,27095,0.13,True,Lender D (Subprime),23.2,72.0,1700.0,30667.0,366.0,True,1750.0,910.0,False,0.0,0.0,3285,7,1829.0,1395,False,,,0.0
NS300835,NV101019,NC200835,2025-09-28,ON,22195,0.13,True,Lender A (Prime),7.21,72.0,300.0,24780.0,164.0,False,0.0,0.0,False,0.0,0.0,160,4,198.0,0,False,,,0.0
NS300836,NV101020,NC200836,2025-11-08,ON,25795,0.13,True,Lender C (Near-Prime),13.49,60.0,700.0,28448.0,164.0,False,0.0,0.0,False,0.0,0.0,174,3,207.0,0,False,,,0.0
NS300837,NV101021,NC200837,2025-08-16,ON,16895,0.13,True,Lender A (Prime),7.98,60.0,1500.0,17591.0,271.0,False,0.0,0.0,False,0.0,0.0,3152,8,1988.0,1395,False,,,0.0
NS300838,NV101022,NC200838,2026-07-25,NL,12395,0.15,False,,,,,,0.0,True,2300.0,1196.0,False,0.0,0.0,3817,9,2362.0,1395,True,2026-07-27,Vehicle condition not as expected,4467.0
NS300839,NV101023,NC200839,2025-06-15,ON,21295,0.13,True,Lender A (Prime),8.57,72.0,2800.0,21263.0,339.0,False,0.0,0.0,False,0.0,0.0,4011,9,2062.0,1395,False,,,0.0
NS300840,NV101025,NC200840,2024-07-13,NS,16295,0.14,False,,,,,,0.0,True,1350.0,702.0,False,0.0,0.0,4385,8,2369.0,1395,True,2024-07-18,Found another vehicle,3781.0
NS300841,NV101026,NC200841,2025-05-29,MB,35495,0.12,True,Lender B (Prime),6.81,48.0,4400.0,35354.0,277.0,False,0.0,0.0,False,0.0,0.0,1797,4,960.0,795,False,,,0.0
NS300842,NV101028,NC200842,2024-09-08,ON,20695,0.13,True,Lender A (Prime),7.62,72.0,1700.0,24185.0,416.0,True,1750.0,910.0,True,750.0,300.0,196,2,219.0,0,False,,,0.0
NS300843,NV101030,NC200843,2024-07-12,QC,19895,0.14975,True,Lender B (Prime),8.61,72.0,3100.0,23374.0,238.0,True,2550.0,1326.0,True,1050.0,420.0,3891,7,2269.0,1395,False,,,0.0
NS300844,NV101031,NC200844,2026-09-18,ON,11895,0.13,True,Lender C (Near-Prime),12.12,72.0,300.0,14991.0,265.0,True,1850.0,962.0,False,0.0,0.0,120,4,178.0,0,False,,,0.0
NS300845,NV101032,NC200845,2024-09-16,ON,26195,0.13,True,Lender B (Prime),8.71,60.0,3500.0,26100.0,517.0,False,0.0,0.0,False,0.0,0.0,155,4,196.0,0,False,,,0.0
NS300846,NV101033,NC200846,2025-04-16,MB,13095,0.12,True,Lender C (Near-Prime),11.94,72.0,1200.0,13466.0,163.0,False,0.0,0.0,False,0.0,0.0,1303,5,695.0,795,False,,,0.0
NS300847,NV101034,NC200847,2025-04-24,ON,11095,0.13,True,Lender C (Near-Prime),13.55,72.0,800.0,11737.0,224.0,False,0.0,0.0,False,0.0,0.0,3536,8,1849.0,1395,True,2025-05-04,Vehicle condition not as expected,4235.0
NS300848,NV101035,NC200848,2025-12-03,MB,19795,0.12,True,Lender C (Near-Prime),14.3,84.0,300.0,24370.0,143.0,True,2500.0,1300.0,False,0.0,0.0,1494,4,972.0,795,False,,,0.0
NS300849,NV101037,NC200849,2026-07-07,MB,15395,0.12,True,Lender C (Near-Prime),15.24,84.0,800.0,20892.0,238.0,True,3350.0,1742.0,True,1100.0,440.0,1190,5,597.0,795,False,,,0.0
NS300850,NV101039,NC200850,2025-05-23,ON,14995,0.13,False,,,,,,0.0,True,1300.0,676.0,False,0.0,0.0,144,2,188.0,0,False,,,0.0
NS300851,NV101040,NC200851,2024-12-06,ON,25295,0.13,True,Lender D (Subprime),20.09,84.0,4700.0,27133.0,481.0,True,3250.0,1690.0,False,0.0,0.0,157,2,213.0,0,False,,,0.0
NS300852,NV101041,NC200852,2025-11-01,ON,36595,0.13,True,Lender B (Prime),8.07,84.0,6300.0,35052.0,526.0,False,0.0,0.0,False,0.0,0.0,137,3,190.0,0,False,,,0.0
NS300853,NV101042,NC200853,2026-02-07,BC,26995,0.12,False,,,,,,0.0,True,2650.0,1378.0,False,0.0,0.0,4815,9,2675.0,1395,False,,,0.0
NS300854,NV101044,NC200854,2025-08-21,ON,20195,0.13,False,,,,,,0.0,False,0.0,0.0,False,0.0,0.0,150,3,208.0,0,False,,,0.0
NS300855,NV101045,NC200855,2026-09-09,ON,18395,0.13,True,Lender D (Subprime),16.86,60.0,3400.0,17386.0,127.0,False,0.0,0.0,False,0.0,0.0,169,3,218.0,0,False,,,0.0
NS300856,NV101046,NC200856,2025-01-30,ON,23895,0.13,True,Lender B (Prime),6.55,60.0,1100.0,29051.0,265.0,True,3150.0,1638.0,False,0.0,0.0,146,4,203.0,0,False,,,0.0
NS300857,NV101048,NC200857,2024-09-12,ON,30795,0.13,True,Lender C (Near-Prime),13.45,72.0,5700.0,32048.0,516.0,True,2950.0,1534.0,False,0.0,0.0,120,2,193.0,0,False,,,0.0
NS300858,NV101049,NC200858,2026-09-13,ON,35695,0.13,False,,,,,,0.0,True,2300.0,1196.0,False,0.0,0.0,3985,9,2096.0,1395,False,,,0.0
NS300859,NV101050,NC200859,2026-09-22,AB,10895,0.05,True,Lender B (Prime),6.99,72.0,100.0,11340.0,203.0,False,0.0,0.0,False,0.0,0.0,268,4,277.0,0,False,,,0.0
NS300860,NV101051,NC200860,2024-03-29,QC,14995,0.14975,False,,,,,,0.0,True,2200.0,1144.0,False,0.0,0.0,540,3,465.0,395,False,,,0.0
NS300861,NV101052,NC200861,2026-01-16,ON,12595,0.13,True,Lender C (Near-Prime),13.96,72.0,1400.0,13582.0,263.0,False,0.0,0.0,True,750.0,300.0,3072,7,2070.0,1395,False,,,0.0
NS300862,NV101053,NC200862,2026-08-02,ON,23495,0.13,True,Lender D (Subprime),20.49,48.0,2500.0,24049.0,463.0,False,0.0,0.0,False,0.0,0.0,143,3,201.0,0,False,,,0.0
NS300863,NV101054,NC200863,2025-05-16,ON,18595,0.13,True,Lender A (Prime),8.55,72.0,700.0,23462.0,388.0,True,3150.0,1638.0,False,0.0,0.0,163,2,207.0,0,False,,,0.0
NS300864,NV101055,NC200864,2025-09-25,NB,20095,0.15,True,Lender A (Prime),6.52,72.0,3800.0,22309.0,366.0,True,3000.0,1560.0,False,0.0,0.0,876,5,595.0,395,False,,,0.0
NS300865,NV101056,NC200865,2025-10-07,ON,22695,0.13,True,Lender C (Near-Prime),10.5,72.0,2000.0,25545.0,181.0,True,1900.0,988.0,False,0.0,0.0,136,4,184.0,0,False,,,0.0
NS300866,NV101057,NC200866,2025-05-20,ON,17995,0.13,True,Lender C (Near-Prime),13.22,84.0,700.0,19634.0,309.0,False,0.0,0.0,False,0.0,0.0,149,2,201.0,0,False,,,0.0
NS300867,NV101058,NC200867,2026-07-23,MB,19695,0.12,True,Lender C (Near-Prime),12.19,60.0,1700.0,20358.0,267.0,False,0.0,0.0,False,0.0,0.0,2208,7,1480.0,795,True,2026-07-24,Mechanical issue,3597.0
NS300868,NV101059,NC200868,2025-09-12,AB,21395,0.05,False,,,,,,0.0,True,1250.0,650.0,False,0.0,0.0,308,4,300.0,395,False,,,0.0
NS300869,NV101061,NC200869,2025-07-23,AB,14995,0.05,True,Lender C (Near-Prime),12.99,72.0,2400.0,13345.0,105.0,False,0.0,0.0,False,0.0,0.0,300,4,256.0,0,False,,,0.0
NS300870,NV101062,NC200870,2025-05-01,SK,21695,0.11,True,Lender C (Near-Prime),12.51,60.0,3900.0,23181.0,173.0,True,3000.0,1560.0,False,0.0,0.0,736,4,513.0,395,False,,,0.0
NS300871,NV101063,NC200871,2024-07-17,BC,18595,0.12,True,Lender C (Near-Prime),11.98,84.0,2800.0,18026.0,184.0,False,0.0,0.0,False,0.0,0.0,620,3,434.0,395,False,,,0.0
NS300872,NV101064,NC200872,2026-01-05,ON,18195,0.13,True,Lender A (Prime),6.77,72.0,3000.0,17560.0,162.0,False,0.0,0.0,False,0.0,0.0,138,4,197.0,0,True,2026-01-11,Vehicle condition not as expected,1768.0
NS300873,NV101065,NC200873,2024-07-05,ON,43195,0.13,True,Lender C (Near-Prime),14.0,84.0,8600.0,40210.0,338.0,False,0.0,0.0,False,0.0,0.0,140,3,191.0,0,False,,,0.0
NS300874,NV101067,NC200874,2024-06-20,ON,20395,0.13,True,Lender C (Near-Prime),11.96,48.0,700.0,25546.0,205.0,True,1900.0,988.0,True,1300.0,520.0,164,4,203.0,0,True,2024-06-29,Mechanical issue,1883.0
NS300875,NV101068,NC200875,2025-06-01,ON,25895,0.13,True,Lender D (Subprime),18.75,72.0,5100.0,24161.0,469.0,False,0.0,0.0,False,0.0,0.0,142,2,192.0,0,False,,,0.0
NS300876,NV101069,NC200876,2024-07-15,ON,40995,0.13,True,Lender C (Near-Prime),13.98,72.0,3400.0,43924.0,479.0,False,0.0,0.0,True,1000.0,400.0,152,4,211.0,0,False,,,0.0
NS300877,NV101070,NC200877,2025-09-08,SK,14395,0.11,True,Lender A (Prime),6.87,48.0,2100.0,15128.0,176.0,True,1250.0,650.0,False,0.0,0.0,845,5,572.0,395,False,,,0.0
NS300878,NV101071,NC200878,2025-03-29,ON,24895,0.13,True,Lender A (Prime),9.39,48.0,2700.0,27981.0,236.0,True,1750.0,910.0,True,800.0,320.0,131,4,183.0,0,False,,,0.0
NS300879,NV101074,NC200879,2025-06-04,ON,17695,0.13,True,Lender A (Prime),8.18,60.0,1000.0,22245.0,337.0,True,3250.0,1690.0,False,0.0,0.0,633,2,469.0,395,False,,,0.0
NS300880,NV101075,NC200880,2026-01-14,QC,19895,0.14975,True,Lender C (Near-Prime),10.5,72.0,1500.0,21374.0,327.0,False,0.0,0.0,False,0.0,0.0,252,2,261.0,0,False,,,0.0
NS300881,NV101076,NC200881,2025-09-02,ON,20495,0.13,False,,,,,,0.0,False,0.0,0.0,False,0.0,0.0,148,4,194.0,0,False,,,0.0
NS300882,NV101077,NC200882,2026-08-29,PE,10895,0.15,True,Lender A (Prime),7.24,72.0,1400.0,11129.0,169.0,False,0.0,0.0,False,0.0,0.0,1627,6,884.0,795,False,,,0.0
NS300883,NV101078,NC200883,2025-12-20,AB,25295,0.05,True,Lender C (Near-Prime),12.67,84.0,2400.0,25510.0,260.0,False,0.0,0.0,True,1350.0,540.0,324,2,284.0,395,False,,,0.0
NS300884,NV101079,NC200884,2025-10-13,ON,17995,0.13,False,,,,,,0.0,False,0.0,0.0,False,0.0,0.0,165,3,206.0,0,False,,,0.0
NS300885,NV101080,NC200885,2024-11-03,ON,14495,0.13,True,Lender C (Near-Prime),12.79,72.0,1800.0,14579.0,193.0,False,0.0,0.0,False,0.0,0.0,150,4,188.0,0,False,,,0.0
NS300886,NV101081,NC200886,2025-05-28,ON,23395,0.13,True,Lender B (Prime),7.49,60.0,2200.0,25036.0,422.0,False,0.0,0.0,True,800.0,320.0,143,3,185.0,0,False,,,0.0
NS300887,NV101083,NC200887,2025-10-21,ON,17495,0.13,True,Lender C (Near-Prime),11.78,84.0,1300.0,18469.0,320.0,False,0.0,0.0,False,0.0,0.0,151,4,193.0,0,False,,,0.0
NS300888,NV101084,NC200888,2025-12-04,QC,14895,0.14975,True,Lender B (Prime),10.15,60.0,400.0,19376.0,264.0,True,2650.0,1378.0,False,0.0,0.0,531,3,415.0,395,False,,,0.0
NS300889,NV101085,NC200889,2025-09-08,ON,14595,0.13,True,Lender C (Near-Prime),13.19,72.0,200.0,20092.0,288.0,True,2400.0,1248.0,True,1400.0,560.0,528,4,352.0,395,False,,,0.0
NS300890,NV101086,NC200890,2026-07-31,ON,10595,0.13,True,Lender C (Near-Prime),10.5,72.0,1000.0,10972.0,144.0,False,0.0,0.0,False,0.0,0.0,154,2,196.0,0,False,,,0.0
NS300891,NV101087,NC200891,2025-12-11,NS,13595,0.14,True,Lender A (Prime),10.17,60.0,0.0,15498.0,174.0,False,0.0,0.0,False,0.0,0.0,1308,4,691.0,795,False,,,0.0
NS300892,NV101088,NC200892,2026-07-07,ON,19095,0.13,False,,,,,,0.0,True,1300.0,676.0,False,0.0,0.0,157,4,202.0,0,False,,,0.0
NS300893,NV101089,NC200893,2024-03-11,AB,14295,0.05,True,Lender D (Subprime),17.8,72.0,1000.0,15610.0,78.0,True,1600.0,832.0,False,0.0,0.0,271,4,276.0,0,False,,,0.0
NS300894,NV101090,NC200894,2026-09-04,ON,11695,0.13,False,,,,,,0.0,True,1200.0,624.0,False,0.0,0.0,172,3,214.0,0,False,,,0.0
NS300895,NV101091,NC200895,2025-03-28,ON,35995,0.13,True,Lender C (Near-Prime),13.04,48.0,2400.0,38274.0,240.0,False,0.0,0.0,False,0.0,0.0,586,2,442.0,395,False,,,0.0
NS300896,NV101093,NC200896,2025-03-20,NS,14795,0.14,False,,,,,,0.0,True,3000.0,1560.0,False,0.0,0.0,1128,5,722.0,795,True,2025-03-27,Financing fell through,2530.0
NS300897,NV101094,NC200897,2026-08-18,ON,14095,0.13,False,,,,,,0.0,False,0.0,0.0,False,0.0,0.0,3690,7,2221.0,1395,False,,,0.0
NS300898,NV101095,NC200898,2026-05-17,QC,13295,0.14975,True,Lender B (Prime),8.47,72.0,1700.0,13586.0,86.0,False,0.0,0.0,False,0.0,0.0,590,3,383.0,395,False,,,0.0
NS300899,NV101096,NC200899,2025-03-29,NS,28295,0.14,False,,,,,,0.0,False,0.0,0.0,False,0.0,0.0,1607,5,853.0,795,False,,,0.0
NS300900,NV101097,NC200900,2025-10-31,ON,18695,0.13,True,Lender D (Subprime),22.09,60.0,2500.0,18625.0,201.0,False,0.0,0.0,False,0.0,0.0,3427,7,1809.0,1395,False,,,0.0
NS300901,NV101098,NC200901,2025-08-11,BC,33195,0.12,False,,,,,,0.0,True,2150.0,1118.0,False,0.0,0.0,777,3,512.0,395,False,,,0.0
NS300902,NV101100,NC200902,2025-06-01,ON,19495,0.13,True,Lender B (Prime),8.21,60.0,2500.0,19529.0,100.0,False,0.0,0.0,False,0.0,0.0,148,3,195.0,0,True,2025-06-09,Changed mind,1342.0
NS300903,NV101101,NC200903,2025-02-06,ON,21395,0.13,False,,,,,,0.0,False,0.0,0.0,False,0.0,0.0,537,2,354.0,395,False,,,0.0
NS300904,NV101102,NC200904,2024-12-03,NB,29795,0.15,True,Lender B (Prime),7.58,60.0,3900.0,30364.0,362.0,False,0.0,0.0,False,0.0,0.0,1298,3,793.0,795,False,,,0.0
NS300905,NV101103,NC200905,2026-07-18,ON,13295,0.13,True,Lender D (Subprime),19.67,72.0,1000.0,14023.0,214.0,False,0.0,0.0,False,0.0,0.0,3397,8,2119.0,1395,False,,,0.0
NS300906,NV101104,NC200906,2024-04-15,ON,19295,0.13,False,,,,,,0.0,True,3300.0,1716.0,False,0.0,0.0,182,2,207.0,0,False,,,0.0
NS300907,NV101105,NC200907,2026-01-10,ON,18495,0.13,True,Lender C (Near-Prime),11.36,72.0,500.0,20399.0,272.0,False,0.0,0.0,False,0.0,0.0,3520,7,1871.0,1395,False,,,0.0
NS300908,NV101106,NC200908,2026-09-13,AB,15795,0.05,True,Lender A (Prime),7.67,60.0,2400.0,16435.0,233.0,True,2250.0,1170.0,False,0.0,0.0,293,4,274.0,0,True,2026-09-23,Vehicle condition not as expected,1271.0
NS300909,NV101107,NC200909,2025-03-20,ON,14595,0.13,True,Lender B (Prime),5.9,84.0,1900.0,14592.0,262.0,False,0.0,0.0,False,0.0,0.0,147,2,200.0,0,False,,,0.0
NS300910,NV101108,NC200910,2025-11-14,BC,12995,0.12,True,Lender C (Near-Prime),12.54,84.0,1700.0,15254.0,232.0,True,2400.0,1248.0,False,0.0,0.0,5149,11,2819.0,1395,False,,,0.0
NS300911,NV101109,NC200911,2024-11-08,BC,13295,0.12,False,,,,,,0.0,False,0.0,0.0,False,0.0,0.0,748,4,530.0,395,False,,,0.0
NS300912,NV101111,NC200912,2025-08-31,AB,29595,0.05,False,,,,,,0.0,False,0.0,0.0,False,0.0,0.0,3077,6,1745.0,1395,False,,,0.0
NS300913,NV101113,NC200913,2025-04-19,NL,14595,0.15,False,,,,,,0.0,False,0.0,0.0,False,0.0,0.0,3414,7,2119.0,1395,False,,,0.0
NS300914,NV101114,NC200914,2026-08-12,ON,21795,0.13,True,Lender C (Near-Prime),10.84,48.0,3700.0,22578.0,263.0,True,1650.0,858.0,False,0.0,0.0,156,3,200.0,0,False,,,0.0
NS300915,NV101115,NC200915,2024-12-22,AB,15395,0.05,True,Lender C (Near-Prime),14.24,60.0,2200.0,17515.0,260.0,True,2350.0,1222.0,True,1200.0,480.0,4125,9,2254.0,1395,False,,,0.0
NS300916,NV101119,NC200916,2026-05-26,BC,13995,0.12,False,,,,,,0.0,False,0.0,0.0,False,0.0,0.0,735,4,541.0,395,False,,,0.0
NS300917,NV101120,NC200917,2024-09-04,QC,50295,0.14975,False,,,,,,0.0,True,1250.0,650.0,False,0.0,0.0,528,4,326.0,395,False,,,0.0
NS300918,NV101121,NC200918,2026-08-20,AB,44395,0.05,False,,,,,,0.0,False,0.0,0.0,False,0.0,0.0,264,4,256.0,0,False,,,0.0
NS300919,NV101122,NC200919,2026-05-06,ON,18195,0.13,False,,,,,,0.0,False,0.0,0.0,False,0.0,0.0,657,5,411.0,395,False,,,0.0
NS300920,NV101123,NC200920,2025-01-27,SK,12395,0.11,True,Lender A (Prime),8.69,60.0,400.0,13358.0,80.0,False,0.0,0.0,False,0.0,0.0,2548,7,1524.0,1395,False,,,0.0
NS300921,NV101124,NC200921,2024-12-18,BC,19595,0.12,True,Lender A (Prime),8.55,60.0,700.0,22596.0,221.0,False,0.0,0.0,True,1350.0,540.0,4317,8,2421.0,1395,False,,,0.0
NS300922,NV101125,NC200922,2024-09-23,ON,36895,0.13,False,,,,,,0.0,False,0.0,0.0,False,0.0,0.0,149,3,203.0,0,False,,,0.0
NS300923,NV101126,NC200923,2025-05-04,ON,19495,0.13,False,,,,,,0.0,True,1950.0,1014.0,False,0.0,0.0,495,2,346.0,395,True,2025-05-06,Mechanical issue,2922.0
NS300924,NV101127,NC200924,2025-06-23,ON,16995,0.13,True,Lender C (Near-Prime),12.47,84.0,1200.0,18904.0,112.0,False,0.0,0.0,True,900.0,360.0,154,4,204.0,0,False,,,0.0
NS300925,NV101128,NC200925,2026-06-16,ON,19595,0.13,True,Lender A (Prime),9.4,60.0,3000.0,20442.0,382.0,False,0.0,0.0,True,1300.0,520.0,3606,8,1973.0,1395,False,,,0.0
NS300926,NV101129,NC200926,2025-12-16,MB,11695,0.12,False,,,,,,0.0,False,0.0,0.0,False,0.0,0.0,1169,5,690.0,795,False,,,0.0
NS300927,NV101130,NC200927,2024-12-07,BC,20695,0.12,False,,,,,,0.0,False,0.0,0.0,False,0.0,0.0,729,5,529.0,395,False,,,0.0
NS300928,NV101131,NC200928,2026-07-05,NB,13195,0.15,True,Lender B (Prime),7.63,60.0,100.0,18324.0,194.0,True,1900.0,988.0,True,1350.0,540.0,4178,9,2450.0,1395,False,,,0.0
NS300929,NV101132,NC200929,2026-01-02,MB,15995,0.12,True,Lender B (Prime),7.56,72.0,1000.0,19064.0,114.0,True,2150.0,1118.0,False,0.0,0.0,2490,7,1937.0,795,False,,,0.0
NS300930,NV101133,NC200930,2025-09-21,ON,17595,0.13,True,Lender A (Prime),8.16,60.0,1900.0,19232.0,191.0,False,0.0,0.0,True,1250.0,500.0,153,2,185.0,0,True,2025-09-27,Vehicle condition not as expected,2386.0
NS300931,NV101134,NC200931,2026-03-19,ON,41195,0.13,True,Lender C (Near-Prime),14.47,84.0,7000.0,39550.0,537.0,False,0.0,0.0,False,0.0,0.0,146,4,192.0,0,False,,,0.0
NS300932,NV101135,NC200932,2025-07-23,ON,41595,0.13,True,Lender B (Prime),6.73,72.0,4300.0,45102.0,270.0,True,2400.0,1248.0,False,0.0,0.0,162,3,206.0,0,False,,,0.0
NS300933,NV101136,NC200933,2024-07-05,NB,29195,0.15,True,Lender A (Prime),7.37,60.0,1100.0,34524.0,359.0,True,2050.0,1066.0,False,0.0,0.0,4133,9,2194.0,1395,False,,,0.0
NS300934,NV101139,NC200934,2026-05-30,QC,20795,0.14975,False,,,,,,0.0,False,0.0,0.0,False,0.0,0.0,636,4,503.0,395,False,,,0.0
NS300935,NV101140,NC200935,2024-09-29,SK,20895,0.11,True,Lender C (Near-Prime),12.96,72.0,3900.0,20893.0,317.0,True,1600.0,832.0,False,0.0,0.0,3385,9,2043.0,1395,True,2024-10-02,Vehicle condition not as expected,3590.0
NS300936,NV101141,NC200936,2026-09-22,ON,26295,0.13,False,,,,,,0.0,True,2700.0,1404.0,False,0.0,0.0,139,3,186.0,0,False,,,0.0
NS300937,NV101142,NC200937,2025-06-07,ON,29495,0.13,True,Lender D (Subprime),21.7,72.0,3700.0,29629.0,499.0,False,0.0,0.0,False,0.0,0.0,146,3,193.0,0,False,,,0.0
NS300938,NV101144,NC200938,2024-06-30,ON,12995,0.13,True,Lender C (Near-Prime),12.12,60.0,1100.0,13584.0,146.0,False,0.0,0.0,False,0.0,0.0,154,4,196.0,0,False,,,0.0
NS300939,NV101145,NC200939,2025-08-17,ON,17895,0.13,True,Lender C (Near-Prime),10.5,48.0,2600.0,19321.0,112.0,True,1700.0,884.0,False,0.0,0.0,135,4,196.0,0,False,,,0.0
NS300940,NV101146,NC200940,2026-05-19,ON,40895,0.13,True,Lender C (Near-Prime),11.6,60.0,7900.0,40061.0,722.0,True,1750.0,910.0,False,0.0,0.0,153,2,198.0,0,False,,,0.0
NS300941,NV101147,NC200941,2024-08-19,ON,30295,0.13,True,Lender C (Near-Prime),13.36,72.0,3100.0,32633.0,581.0,True,1500.0,780.0,False,0.0,0.0,141,4,185.0,0,False,,,0.0
NS300942,NV101148,NC200942,2025-12-19,NB,16195,0.15,True,Lender A (Prime),8.22,60.0,3000.0,17074.0,335.0,True,1450.0,754.0,False,0.0,0.0,846,5,498.0,395,True,2025-12-28,Vehicle condition not as expected,2168.0
NS300943,NV101149,NC200943,2025-05-14,ON,26795,0.13,True,Lender C (Near-Prime),11.43,60.0,2800.0,27478.0,262.0,False,0.0,0.0,False,0.0,0.0,139,4,190.0,0,False,,,0.0
NS300944,NV101150,NC200944,2025-07-08,ON,25895,0.13,True,Lender C (Near-Prime),12.7,72.0,1100.0,30261.0,223.0,True,2100.0,1092.0,False,0.0,0.0,165,3,214.0,0,False,,,0.0
NS300945,NV101152,NC200945,2024-12-09,BC,28895,0.12,False,,,,,,0.0,True,1500.0,780.0,False,0.0,0.0,4624,11,2307.0,1395,False,,,0.0
NS300946,NV101153,NC200946,2026-01-12,ON,40395,0.13,True,Lender D (Subprime),20.1,84.0,4800.0,40846.0,567.0,False,0.0,0.0,False,0.0,0.0,149,3,181.0,0,False,,,0.0
NS300947,NV101154,NC200947,2024-06-16,AB,44595,0.05,True,Lender C (Near-Prime),13.49,72.0,2200.0,45875.0,365.0,True,1250.0,650.0,False,0.0,0.0,3482,8,1992.0,1395,False,,,0.0
NS300948,NV101155,NC200948,2024-11-30,QC,41295,0.14975,True,Lender C (Near-Prime),13.16,72.0,2800.0,44679.0,322.0,False,0.0,0.0,False,0.0,0.0,565,2,435.0,395,False,,,0.0
NS300949,NV101156,NC200949,2026-08-02,ON,21795,0.13,False,,,,,,0.0,True,2300.0,1196.0,False,0.0,0.0,551,3,357.0,395,True,2026-08-07,Vehicle condition not as expected,2046.0
NS300950,NV101157,NC200950,2026-02-07,BC,13195,0.12,True,Lender B (Prime),7.13,60.0,2200.0,14728.0,150.0,True,2150.0,1118.0,False,0.0,0.0,685,4,433.0,395,False,,,0.0
NS300951,NV101160,NC200951,2025-12-28,BC,29695,0.12,True,Lender B (Prime),9.62,84.0,400.0,35508.0,251.0,True,2650.0,1378.0,False,0.0,0.0,861,4,601.0,395,False,,,0.0
NS300952,NV101161,NC200952,2026-01-06,BC,26395,0.12,True,Lender D (Subprime),20.77,48.0,5200.0,25162.0,214.0,False,0.0,0.0,True,800.0,320.0,771,3,539.0,395,False,,,0.0
NS300953,NV101162,NC200953,2024-09-24,QC,12395,0.14975,True,Lender A (Prime),7.13,60.0,2400.0,11851.0,72.0,False,0.0,0.0,False,0.0,0.0,527,2,380.0,395,False,,,0.0
NS300954,NV101164,NC200954,2025-10-21,NS,24195,0.14,True,Lender C (Near-Prime),14.25,60.0,2000.0,25582.0,319.0,False,0.0,0.0,False,0.0,0.0,1832,5,1057.0,795,False,,,0.0
NS300955,NV101165,NC200955,2026-04-17,AB,15195,0.05,False,,,,,,0.0,False,0.0,0.0,True,1300.0,520.0,294,2,279.0,0,False,,,0.0
NS300956,NV101166,NC200956,2025-05-04,ON,21895,0.13,True,Lender B (Prime),7.91,72.0,2300.0,24841.0,373.0,True,2400.0,1248.0,False,0.0,0.0,3667,7,1965.0,1395,False,,,0.0
NS300957,NV101167,NC200957,2025-07-19,ON,24995,0.13,True,Lender D (Subprime),18.76,72.0,300.0,27944.0,267.0,False,0.0,0.0,False,0.0,0.0,155,3,201.0,0,False,,,0.0
NS300958,NV101168,NC200958,2026-08-13,NS,21795,0.14,False,,,,,,0.0,False,0.0,0.0,False,0.0,0.0,1842,6,1182.0,795,False,,,0.0
NS300959,NV101170,NC200959,2026-09-19,ON,15995,0.13,False,,,,,,0.0,False,0.0,0.0,False,0.0,0.0,3258,7,1562.0,1395,False,,,0.0
NS300960,NV101171,NC200960,2025-04-16,ON,15595,0.13,False,,,,,,0.0,False,0.0,0.0,False,0.0,0.0,660,3,443.0,395,False,,,0.0
NS300961,NV101172,NC200961,2026-07-04,NB,13995,0.15,True,Lender D (Subprime),20.71,48.0,1000.0,17494.0,213.0,True,2400.0,1248.0,False,0.0,0.0,1443,4,1080.0,795,False,,,0.0
NS300962,NV101174,NC200962,2025-10-14,ON,14095,0.13,True,Lender C (Near-Prime),12.83,72.0,1600.0,15177.0,303.0,False,0.0,0.0,True,850.0,340.0,3427,9,1773.0,1395,False,,,0.0
NS300963,NV101176,NC200963,2025-04-11,AB,24395,0.05,True,Lender D (Subprime),17.87,84.0,4200.0,21415.0,208.0,False,0.0,0.0,False,0.0,0.0,3358,7,1625.0,1395,False,,,0.0
NS300964,NV101177,NC200964,2025-08-18,NS,23295,0.14,True,Lender B (Prime),7.74,48.0,3700.0,22856.0,329.0,False,0.0,0.0,False,0.0,0.0,1640,6,1092.0,795,False,,,0.0
NS300965,NV101178,NC200965,2026-04-29,AB,21895,0.05,False,,,,,,0.0,True,2950.0,1534.0,False,0.0,0.0,3553,7,2101.0,1395,False,,,0.0
NS300966,NV101179,NC200966,2026-04-28,BC,18695,0.12,True,Lender A (Prime),8.65,60.0,600.0,22538.0,168.0,True,2200.0,1144.0,False,0.0,0.0,771,4,467.0,395,False,,,0.0
NS300967,NV101180,NC200967,2026-03-28,ON,13995,0.13,True,Lender C (Near-Prime),12.24,60.0,600.0,15214.0,227.0,False,0.0,0.0,False,0.0,0.0,129,3,183.0,0,False,,,0.0
NS300968,NV101181,NC200968,2025-07-31,ON,21795,0.13,True,Lender C (Near-Prime),13.39,84.0,3600.0,21028.0,226.0,False,0.0,0.0,False,0.0,0.0,4098,9,2282.0,1395,False,,,0.0
NS300969,NV101182,NC200969,2024-03-20,ON,14795,0.13,True,Lender C (Near-Prime),11.22,60.0,2500.0,17168.0,137.0,True,2950.0,1534.0,False,0.0,0.0,3558,9,1946.0,1395,False,,,0.0
NS300970,NV101183,NC200970,2026-04-10,AB,21695,0.05,False,,,,,,0.0,True,1550.0,806.0,False,0.0,0.0,3708,7,1925.0,1395,False,,,0.0
NS300971,NV101184,NC200971,2024-04-29,NS,13695,0.14,True,Lender B (Prime),7.12,84.0,1500.0,14112.0,113.0,False,0.0,0.0,False,0.0,0.0,1340,4,735.0,795,False,,,0.0
NS300972,NV101185,NC200972,2026-03-22,PE,17795,0.15,True,Lender D (Subprime),19.51,60.0,2500.0,17964.0,142.0,False,0.0,0.0,False,0.0,0.0,4625,10,2620.0,1395,False,,,0.0
NS300973,NV101186,NC200973,2024-07-02,ON,21495,0.13,False,,,,,,0.0,False,0.0,0.0,False,0.0,0.0,139,4,195.0,0,False,,,0.0
NS300974,NV101187,NC200974,2026-03-07,BC,23995,0.12,True,Lender B (Prime),8.8,84.0,2100.0,26124.0,241.0,False,0.0,0.0,True,1350.0,540.0,680,5,507.0,395,False,,,0.0
NS300975,NV101188,NC200975,2026-07-12,BC,14595,0.12,True,Lender C (Near-Prime),13.75,72.0,1000.0,15346.0,253.0,False,0.0,0.0,False,0.0,0.0,740,4,551.0,395,False,,,0.0
NS300976,NV101190,NC200976,2026-05-12,ON,20195,0.13,False,,,,,,0.0,False,0.0,0.0,False,0.0,0.0,3254,7,1983.0,1395,False,,,0.0
NS300977,NV101192,NC200977,2024-11-01,PE,21095,0.15,False,,,,,,0.0,False,0.0,0.0,False,0.0,0.0,1721,4,956.0,795,True,2024-11-10,Changed mind,2416.0
NS300978,NV101193,NC200978,2026-06-16,BC,28795,0.12,True,Lender A (Prime),10.44,84.0,4500.0,28550.0,383.0,False,0.0,0.0,True,800.0,320.0,4717,10,2478.0,1395,False,,,0.0
NS300979,NV101194,NC200979,2025-03-16,SK,30495,0.11,True,Lender C (Near-Prime),11.52,60.0,2200.0,33349.0,528.0,True,1700.0,884.0,False,0.0,0.0,760,5,520.0,395,False,,,0.0
NS300980,NV101195,NC200980,2024-08-11,BC,15795,0.12,True,Lender B (Prime),7.4,72.0,100.0,18690.0,200.0,False,0.0,0.0,True,1100.0,440.0,3992,8,2076.0,1395,False,,,0.0
NS300981,NV101196,NC200981,2025-09-22,MB,32295,0.12,True,Lender D (Subprime),22.71,84.0,4500.0,33670.0,186.0,True,2000.0,1040.0,False,0.0,0.0,2139,6,1285.0,795,False,,,0.0
NS300982,NV101197,NC200982,2025-08-22,SK,14795,0.11,True,Lender D (Subprime),18.11,84.0,1800.0,17972.0,181.0,True,3350.0,1742.0,False,0.0,0.0,840,4,543.0,395,False,,,0.0
NS300983,NV101198,NC200983,2024-10-06,ON,16495,0.13,False,,,,,,0.0,False,0.0,0.0,False,0.0,0.0,569,3,435.0,395,False,,,0.0
NS300984,NV101199,NC200984,2025-03-29,NS,24995,0.14,True,Lender D (Subprime),21.85,72.0,1600.0,29144.0,433.0,True,2250.0,1170.0,False,0.0,0.0,1345,6,764.0,795,False,,,0.0
NS300985,NV101200,NC200985,2025-11-18,QC,17795,0.14975,False,,,,,,0.0,False,0.0,0.0,False,0.0,0.0,3460,7,2009.0,1395,False,,,0.0
NS300986,NV101202,NC200986,2026-03-08,ON,16995,0.13,True,Lender D (Subprime),21.42,84.0,1200.0,18754.0,189.0,False,0.0,0.0,True,750.0,300.0,578,2,465.0,395,False,,,0.0
NS300987,NV101203,NC200987,2024-12-23,ON,29295,0.13,False,,,,,,0.0,False,0.0,0.0,False,0.0,0.0,3812,8,2062.0,1395,False,,,0.0
NS300988,NV101204,NC200988,2026-09-15,ON,22195,0.13,False,,,,,,0.0,False,0.0,0.0,False,0.0,0.0,3304,7,1673.0,1395,False,,,0.0
NS300989,NV101206,NC200989,2026-02-12,ON,14295,0.13,False,,,,,,0.0,True,2250.0,1170.0,False,0.0,0.0,2954,6,1737.0,1395,False,,,0.0
NS300990,NV101207,NC200990,2025-04-10,PE,30895,0.15,True,Lender B (Prime),7.84,72.0,1800.0,33729.0,448.0,False,0.0,0.0,False,0.0,0.0,1748,4,1136.0,795,False,,,0.0
NS300991,NV101208,NC200991,2024-05-08,BC,22895,0.12,True,Lender D (Subprime),22.23,72.0,3600.0,22042.0,112.0,False,0.0,0.0,False,0.0,0.0,868,3,621.0,395,False,,,0.0
NS300992,NV101209,NC200992,2024-07-16,ON,15795,0.13,True,Lender D (Subprime),15.87,60.0,1200.0,19398.0,352.0,True,2750.0,1430.0,False,0.0,0.0,595,3,385.0,395,False,,,0.0
NS300993,NV101210,NC200993,2026-06-12,BC,19895,0.12,False,,,,,,0.0,False,0.0,0.0,False,0.0,0.0,706,5,449.0,395,True,2026-06-21,Vehicle condition not as expected,1563.0
NS300994,NV101211,NC200994,2025-03-16,QC,35895,0.14975,True,Lender B (Prime),7.44,60.0,1300.0,39970.0,747.0,False,0.0,0.0,False,0.0,0.0,232,3,235.0,0,False,,,0.0
NS300995,NV101213,NC200995,2025-08-14,ON,18295,0.13,True,Lender D (Subprime),19.45,84.0,1700.0,20173.0,109.0,False,0.0,0.0,True,1200.0,480.0,3252,8,1830.0,1395,False,,,0.0
NS300996,NV101214,NC200996,2024-05-19,ON,38395,0.13,True,Lender A (Prime),8.33,72.0,4900.0,38486.0,211.0,False,0.0,0.0,False,0.0,0.0,147,3,194.0,0,False,,,0.0
NS300997,NV101215,NC200997,2025-03-14,QC,36795,0.14975,True,Lender C (Near-Prime),15.52,84.0,3700.0,40805.0,248.0,True,2200.0,1144.0,False,0.0,0.0,553,2,376.0,395,True,2025-03-17,Mechanical issue,1983.0
NS300998,NV101216,NC200998,2026-05-20,ON,31295,0.13,False,,,,,,0.0,False,0.0,0.0,False,0.0,0.0,631,4,443.0,395,False,,,0.0
NS300999,NV101219,NC200999,2025-10-13,MB,30695,0.12,False,,,,,,0.0,False,0.0,0.0,False,0.0,0.0,2180,6,1271.0,795,False,,,0.0
NS301000,NV101220,NC201000,2026-09-29,QC,24295,0.14975,True,Lender D (Subprime),21.18,48.0,3100.0,24833.0,379.0,False,0.0,0.0,False,0.0,0.0,510,4,394.0,395,False,,,0.0
NS301001,NV101221,NC201001,2025-03-23,AB,17195,0.05,False,,,,,,0.0,False,0.0,0.0,False,0.0,0.0,299,2,260.0,0,False,,,0.0
NS301002,NV101222,NC201002,2026-08-25,MB,12195,0.12,False,,,,,,0.0,False,0.0,0.0,False,0.0,0.0,2462,5,1184.0,795,False,,,0.0
NS301003,NV101224,NC201003,2025-04-12,ON,26795,0.13,False,,,,,,0.0,True,2600.0,1352.0,False,0.0,0.0,586,2,380.0,395,False,,,0.0
NS301004,NV101226,NC201004,2026-01-02,QC,25195,0.14975,True,Lender C (Near-Prime),12.66,72.0,3300.0,27268.0,177.0,True,1600.0,832.0,False,0.0,0.0,612,3,455.0,395,False,,,0.0
NS301005,NV101227,NC201005,2026-06-13,AB,22595,0.05,False,,,,,,0.0,False,0.0,0.0,False,0.0,0.0,299,4,270.0,0,False,,,0.0
NS301006,NV101228,NC201006,2026-08-10,BC,12295,0.12,False,,,,,,0.0,False,0.0,0.0,False,0.0,0.0,4473,9,2148.0,1395,False,,,0.0
NS301007,NV101229,NC201007,2025-03-26,ON,19295,0.13,False,,,,,,0.0,True,2650.0,1378.0,False,0.0,0.0,161,2,220.0,0,False,,,0.0
NS301008,NV101230,NC201008,2024-08-07,ON,21995,0.13,True,Lender A (Prime),9.53,72.0,3500.0,21354.0,321.0,False,0.0,0.0,False,0.0,0.0,133,2,197.0,0,False,,,0.0
NS301009,NV101232,NC201009,2025-03-07,ON,24095,0.13,True,Lender B (Prime),7.0,84.0,500.0,29177.0,308.0,True,2450.0,1274.0,False,0.0,0.0,134,2,177.0,0,False,,,0.0
NS301010,NV101233,NC201010,2025-03-12,NS,30995,0.14,False,,,,,,0.0,False,0.0,0.0,False,0.0,0.0,2093,7,1038.0,795,False,,,0.0
NS301011,NV101234,NC201011,2025-01-19,AB,47695,0.05,True,Lender B (Prime),8.36,72.0,9500.0,40580.0,584.0,False,0.0,0.0,False,0.0,0.0,282,4,248.0,0,False,,,0.0
NS301012,NV101236,NC201012,2025-04-10,AB,26895,0.05,True,Lender B (Prime),7.9,72.0,4800.0,23440.0,129.0,False,0.0,0.0,False,0.0,0.0,261,4,252.0,0,False,,,0.0
NS301013,NV101237,NC201013,2024-12-30,ON,20195,0.13,False,,,,,,0.0,False,0.0,0.0,False,0.0,0.0,3336,7,1792.0,1395,False,,,0.0
NS301014,NV101239,NC201014,2025-10-02,ON,29095,0.13,True,Lender B (Prime),6.8,60.0,5800.0,28577.0,234.0,True,1500.0,780.0,False,0.0,0.0,148,3,191.0,0,False,,,0.0
NS301015,NV101240,NC201015,2024-04-13,ON,17695,0.13,True,Lender C (Near-Prime),12.66,84.0,100.0,19895.0,340.0,False,0.0,0.0,False,0.0,0.0,129,4,185.0,0,False,,,0.0
NS301016,NV101241,NC201016,2025-11-08,ON,32595,0.13,True,Lender B (Prime),8.78,60.0,6200.0,33582.0,447.0,True,2950.0,1534.0,False,0.0,0.0,160,4,211.0,0,False,,,0.0
NS301017,NV101242,NC201017,2024-08-15,QC,24295,0.14975,True,Lender B (Prime),9.07,84.0,1700.0,27483.0,318.0,True,1250.0,650.0,False,0.0,0.0,587,2,448.0,395,False,,,0.0
NS301018,NV101245,NC201018,2024-05-01,ON,17295,0.13,False,,,,,,0.0,True,1850.0,962.0,False,0.0,0.0,165,3,198.0,0,False,,,0.0
NS301019,NV101247,NC201019,2025-07-21,ON,20395,0.13,True,Lender A (Prime),7.29,84.0,3500.0,19546.0,108.0,False,0.0,0.0,False,0.0,0.0,150,3,206.0,0,False,,,0.0
NS301020,NV101250,NC201020,2025-12-23,ON,27395,0.13,True,Lender D (Subprime),21.32,72.0,5100.0,25856.0,516.0,False,0.0,0.0,False,0.0,0.0,516,2,369.0,395,False,,,0.0
NS301021,NV101251,NC201021,2025-12-08,AB,12195,0.05,True,Lender D (Subprime),20.3,60.0,400.0,12405.0,228.0,False,0.0,0.0,False,0.0,0.0,3139,6,1634.0,1395,False,,,0.0
NS301022,NV101253,NC201022,2024-09-12,NS,21295,0.14,True,Lender B (Prime),7.13,84.0,4100.0,23426.0,420.0,True,3250.0,1690.0,False,0.0,0.0,1876,4,1011.0,795,False,,,0.0
NS301023,NV101255,NC201023,2025-11-08,NS,14995,0.14,True,Lender C (Near-Prime),12.13,60.0,600.0,19544.0,164.0,True,3050.0,1586.0,False,0.0,0.0,2079,7,1371.0,795,False,,,0.0
NS301024,NV101256,NC201024,2024-09-02,AB,14195,0.05,False,,,,,,0.0,True,1300.0,676.0,False,0.0,0.0,266,3,261.0,0,False,,,0.0
NS301025,NV101257,NC201025,2024-08-31,ON,11095,0.13,False,,,,,,0.0,False,0.0,0.0,False,0.0,0.0,3295,9,1811.0,1395,False,,,0.0
NS301026,NV101258,NC201026,2024-03-12,BC,21195,0.12,True,Lender B (Prime),10.16,60.0,3800.0,19938.0,265.0,False,0.0,0.0,False,0.0,0.0,4237,8,2507.0,1395,False,,,0.0
NS301027,NV101260,NC201027,2025-07-07,AB,15995,0.05,False,,,,,,0.0,True,1800.0,936.0,False,0.0,0.0,312,4,278.0,395,False,,,0.0
NS301028,NV101261,NC201028,2024-12-08,NS,23895,0.14,False,,,,,,0.0,True,2650.0,1378.0,True,950.0,380.0,1827,4,996.0,795,False,,,0.0
NS301029,NV101263,NC201029,2025-02-21,ON,25495,0.13,False,,,,,,0.0,False,0.0,0.0,False,0.0,0.0,156,2,195.0,0,False,,,0.0
NS301030,NV101264,NC201030,2024-08-15,MB,21395,0.12,True,Lender A (Prime),7.84,60.0,1700.0,23462.0,273.0,False,0.0,0.0,True,1200.0,480.0,2413,5,1431.0,795,False,,,0.0
NS301031,NV101265,NC201031,2026-03-06,ON,10695,0.13,True,Lender C (Near-Prime),11.2,84.0,300.0,14235.0,147.0,True,1650.0,858.0,True,800.0,320.0,4425,8,2353.0,1395,False,,,0.0
NS301032,NV101267,NC201032,2024-07-30,ON,19295,0.13,False,,,,,,0.0,True,1350.0,702.0,False,0.0,0.0,170,2,221.0,0,False,,,0.0
NS301033,NV101268,NC201033,2025-02-05,AB,20295,0.05,True,Lender A (Prime),7.51,48.0,800.0,23710.0,398.0,True,2000.0,1040.0,True,1200.0,480.0,225,3,238.0,0,False,,,0.0
NS301034,NV101269,NC201034,2025-06-02,ON,11495,0.13,False,,,,,,0.0,True,1500.0,780.0,True,750.0,300.0,150,2,188.0,0,False,,,0.0
NS301035,NV101270,NC201035,2026-05-04,BC,24095,0.12,True,Lender C (Near-Prime),11.62,72.0,2000.0,24986.0,174.0,False,0.0,0.0,False,0.0,0.0,5237,11,3133.0,1395,False,,,0.0
NS301036,NV101271,NC201036,2026-09-13,ON,25195,0.13,False,,,,,,0.0,False,0.0,0.0,False,0.0,0.0,135,4,190.0,0,False,,,0.0
NS301037,NV101274,NC201037,2026-08-22,NS,11895,0.14,True,Lender D (Subprime),20.37,84.0,1100.0,12460.0,69.0,False,0.0,0.0,False,0.0,0.0,1692,5,1099.0,795,False,,,0.0
NS301038,NV101275,NC201038,2025-07-17,ON,19595,0.13,False,,,,,,0.0,True,3100.0,1612.0,False,0.0,0.0,589,2,436.0,395,False,,,0.0
NS301039,NV101276,NC201039,2026-06-16,ON,21295,0.13,True,Lender C (Near-Prime),15.31,60.0,0.0,25713.0,430.0,True,1650.0,858.0,False,0.0,0.0,3614,7,1995.0,1395,False,,,0.0
NS301040,NV101277,NC201040,2026-07-12,ON,18195,0.13,True,Lender B (Prime),8.4,84.0,3500.0,17960.0,267.0,False,0.0,0.0,True,900.0,360.0,568,4,375.0,395,False,,,0.0
NS301041,NV101280,NC201041,2024-05-20,ON,24795,0.13,False,,,,,,0.0,False,0.0,0.0,False,0.0,0.0,165,3,209.0,0,False,,,0.0
NS301042,NV101281,NC201042,2024-06-25,AB,22995,0.05,False,,,,,,0.0,False,0.0,0.0,False,0.0,0.0,269,3,284.0,0,False,,,0.0
NS301043,NV101282,NC201043,2025-01-03,ON,26295,0.13,False,,,,,,0.0,False,0.0,0.0,False,0.0,0.0,140,4,187.0,0,False,,,0.0
NS301044,NV101284,NC201044,2025-04-09,AB,13095,0.05,True,Lender C (Near-Prime),14.41,48.0,600.0,15850.0,129.0,True,1850.0,962.0,True,850.0,340.0,3338,9,1896.0,1395,False,,,0.0
NS301045,NV101285,NC201045,2024-09-03,AB,19595,0.05,False,,,,,,0.0,True,1850.0,962.0,False,0.0,0.0,4243,10,2557.0,1395,False,,,0.0
NS301046,NV101286,NC201046,2024-07-15,NL,17595,0.15,False,,,,,,0.0,False,0.0,0.0,False,0.0,0.0,5324,11,2820.0,1395,False,,,0.0
NS301047,NV101287,NC201047,2026-08-15,ON,28895,0.13,False,,,,,,0.0,True,1800.0,936.0,False,0.0,0.0,156,2,212.0,0,False,,,0.0
NS301048,NV101288,NC201048,2026-07-03,ON,12595,0.13,True,Lender B (Prime),7.29,60.0,1500.0,15632.0,245.0,True,2900.0,1508.0,False,0.0,0.0,146,2,196.0,0,False,,,0.0
NS301049,NV101289,NC201049,2024-12-06,AB,36195,0.05,False,,,,,,0.0,False,0.0,0.0,False,0.0,0.0,3349,7,1729.0,1395,False,,,0.0
NS301050,NV101290,NC201050,2026-04-17,NS,11995,0.14,True,Lender C (Near-Prime),13.42,48.0,2300.0,11374.0,70.0,False,0.0,0.0,False,0.0,0.0,1177,5,696.0,795,False,,,0.0
NS301051,NV101292,NC201051,2026-03-11,AB,12595,0.05,True,Lender C (Near-Prime),11.83,72.0,2000.0,13725.0,147.0,True,2500.0,1300.0,False,0.0,0.0,3978,9,2108.0,1395,False,,,0.0
NS301052,NV101293,NC201052,2025-05-27,ON,23895,0.13,True,Lender A (Prime),7.56,72.0,100.0,28851.0,342.0,True,1950.0,1014.0,False,0.0,0.0,145,4,198.0,0,False,,,0.0
NS301053,NV101294,NC201053,2024-06-26,AB,18495,0.05,False,,,,,,0.0,True,3250.0,1690.0,False,0.0,0.0,284,4,266.0,0,True,2024-07-04,Financing fell through,1576.0
NS301054,NV101295,NC201054,2024-05-07,MB,25195,0.12,True,Lender A (Prime),7.49,72.0,900.0,29068.0,327.0,True,1750.0,910.0,False,0.0,0.0,1365,5,951.0,795,False,,,0.0
NS301055,NV101297,NC201055,2026-08-21,ON,21495,0.13,False,,,,,,0.0,False,0.0,0.0,False,0.0,0.0,122,3,180.0,0,False,,,0.0
NS301056,NV101298,NC201056,2026-04-19,ON,17595,0.13,True,Lender A (Prime),7.96,48.0,100.0,19782.0,344.0,False,0.0,0.0,False,0.0,0.0,488,3,360.0,395,False,,,0.0
NS301057,NV101299,NC201057,2026-06-10,ON,15695,0.13,True,Lender B (Prime),8.43,72.0,1100.0,16635.0,299.0,False,0.0,0.0,False,0.0,0.0,149,3,203.0,0,False,,,0.0
NS301058,NV101300,NC201058,2026-03-21,AB,18195,0.05,True,Lender D (Subprime),19.62,60.0,2000.0,17105.0,255.0,False,0.0,0.0,False,0.0,0.0,304,4,265.0,395,False,,,0.0
NS301059,NV101301,NC201059,2024-07-24,AB,13095,0.05,True,Lender B (Prime),8.09,84.0,1800.0,11950.0,89.0,False,0.0,0.0,False,0.0,0.0,299,3,277.0,0,False,,,0.0
NS301060,NV101302,NC201060,2025-02-24,QC,12395,0.14975,True,Lender A (Prime),9.08,60.0,0.0,14251.0,180.0,False,0.0,0.0,False,0.0,0.0,475,3,308.0,395,False,,,0.0
NS301061,NV101303,NC201061,2025-07-14,ON,17395,0.13,True,Lender C (Near-Prime),12.01,72.0,600.0,19056.0,248.0,False,0.0,0.0,False,0.0,0.0,3532,8,1980.0,1395,False,,,0.0
NS301062,NV101305,NC201062,2024-05-10,NS,36495,0.14,True,Lender A (Prime),9.15,60.0,0.0,45804.0,456.0,True,2850.0,1482.0,True,1350.0,540.0,1728,6,1047.0,795,False,,,0.0
NS301063,NV101306,NC201063,2024-08-26,BC,23195,0.12,False,,,,,,0.0,True,2550.0,1326.0,False,0.0,0.0,3940,8,2066.0,1395,False,,,0.0
NS301064,NV101309,NC201064,2026-01-08,ON,44795,0.13,True,Lender B (Prime),8.13,72.0,400.0,50918.0,649.0,False,0.0,0.0,True,700.0,280.0,3183,7,1525.0,1395,False,,,0.0
NS301065,NV101310,NC201065,2024-05-23,ON,16395,0.13,True,Lender B (Prime),8.35,48.0,200.0,18326.0,164.0,False,0.0,0.0,False,0.0,0.0,166,4,212.0,0,False,,,0.0
NS301066,NV101311,NC201066,2025-03-28,AB,23095,0.05,True,Lender A (Prime),7.33,84.0,1300.0,23850.0,259.0,False,0.0,0.0,True,900.0,360.0,3922,9,1877.0,1395,False,,,0.0
NS301067,NV101313,NC201067,2025-02-13,ON,16795,0.13,False,,,,,,0.0,False,0.0,0.0,False,0.0,0.0,3272,9,2050.0,1395,False,,,0.0
NS301068,NV101314,NC201068,2026-09-14,ON,23595,0.13,False,,,,,,0.0,True,1900.0,988.0,True,1150.0,460.0,172,2,201.0,0,False,,,0.0
NS301069,NV101315,NC201069,2024-05-22,BC,14295,0.12,True,Lender B (Prime),6.24,48.0,700.0,16560.0,203.0,False,0.0,0.0,True,1250.0,500.0,814,4,582.0,395,False,,,0.0
NS301070,NV101316,NC201070,2025-06-07,ON,27295,0.13,True,Lender B (Prime),7.8,48.0,5000.0,25843.0,402.0,False,0.0,0.0,False,0.0,0.0,3110,6,1894.0,1395,False,,,0.0
NS301071,NV101317,NC201071,2026-09-10,BC,14895,0.12,False,,,,,,0.0,False,0.0,0.0,False,0.0,0.0,836,5,592.0,395,False,,,0.0
NS301072,NV101319,NC201072,2024-05-02,ON,35295,0.13,False,,,,,,0.0,False,0.0,0.0,False,0.0,0.0,3934,10,2436.0,1395,False,,,0.0
NS301073,NV101320,NC201073,2024-07-25,ON,14795,0.13,False,,,,,,0.0,False,0.0,0.0,False,0.0,0.0,172,3,208.0,0,False,,,0.0
NS301074,NV101321,NC201074,2024-11-29,ON,11095,0.13,True,Lender B (Prime),7.29,60.0,2000.0,10537.0,186.0,False,0.0,0.0,False,0.0,0.0,133,3,195.0,0,False,,,0.0
NS301075,NV101322,NC201075,2024-11-26,ON,16595,0.13,True,Lender A (Prime),8.56,72.0,200.0,18552.0,111.0,False,0.0,0.0,False,0.0,0.0,134,4,188.0,0,False,,,0.0
NS301076,NV101323,NC201076,2025-07-05,QC,16795,0.14975,True,Lender A (Prime),7.99,60.0,100.0,19210.0,371.0,False,0.0,0.0,False,0.0,0.0,580,3,404.0,395,False,,,0.0
NS301077,NV101324,NC201077,2025-01-08,AB,51595,0.05,False,,,,,,0.0,False,0.0,0.0,False,0.0,0.0,3809,9,2240.0,1395,False,,,0.0
NS301078,NV101325,NC201078,2025-06-08,BC,20095,0.12,True,Lender A (Prime),8.53,48.0,600.0,21906.0,302.0,False,0.0,0.0,False,0.0,0.0,789,5,503.0,395,False,,,0.0
NS301079,NV101326,NC201079,2025-08-14,ON,24695,0.13,False,,,,,,0.0,True,3150.0,1638.0,False,0.0,0.0,148,4,196.0,0,False,,,0.0
NS301080,NV101327,NC201080,2025-12-07,QC,12995,0.14975,True,Lender A (Prime),7.1,72.0,1200.0,16691.0,149.0,True,2950.0,1534.0,False,0.0,0.0,567,2,423.0,395,False,,,0.0
NS301081,NV101328,NC201081,2024-04-19,QC,26495,0.14975,True,Lender C (Near-Prime),13.14,72.0,5200.0,26813.0,198.0,True,1550.0,806.0,False,0.0,0.0,581,4,477.0,395,False,,,0.0
NS301082,NV101329,NC201082,2025-08-02,ON,17195,0.13,True,Lender C (Near-Prime),10.5,84.0,3300.0,16130.0,235.0,False,0.0,0.0,False,0.0,0.0,567,4,434.0,395,False,,,0.0
NS301083,NV101330,NC201083,2024-10-20,ON,26795,0.13,False,,,,,,0.0,True,2400.0,1248.0,False,0.0,0.0,175,4,234.0,0,False,,,0.0
NS301084,NV101331,NC201084,2024-11-23,ON,30695,0.13,True,Lender D (Subprime),22.05,72.0,4500.0,32585.0,198.0,True,2400.0,1248.0,False,0.0,0.0,3694,7,2009.0,1395,False,,,0.0
NS301085,NV101333,NC201085,2024-10-21,ON,28995,0.13,True,Lender B (Prime),8.18,72.0,5300.0,27464.0,203.0,False,0.0,0.0,False,0.0,0.0,3325,8,2253.0,1395,False,,,0.0
NS301086,NV101335,NC201086,2024-12-17,ON,22695,0.13,True,Lender D (Subprime),21.07,72.0,2600.0,23045.0,440.0,False,0.0,0.0,False,0.0,0.0,3511,8,1794.0,1395,False,,,0.0
NS301087,NV101339,NC201087,2025-10-08,ON,21295,0.13,False,,,,,,0.0,False,0.0,0.0,False,0.0,0.0,147,3,200.0,0,False,,,0.0
NS301088,NV101340,NC201088,2026-07-28,QC,16495,0.14975,True,Lender A (Prime),8.53,60.0,1900.0,17065.0,200.0,False,0.0,0.0,False,0.0,0.0,563,4,451.0,395,True,2026-07-30,Found another vehicle,1771.0
NS301089,NV101341,NC201089,2026-09-01,NS,17795,0.14,False,,,,,,0.0,True,3300.0,1716.0,False,0.0,0.0,1626,6,810.0,795,False,,,0.0
NS301090,NV101343,NC201090,2026-01-27,ON,13995,0.13,False,,,,,,0.0,False,0.0,0.0,False,0.0,0.0,3404,8,1901.0,1395,False,,,0.0
NS301091,NV101345,NC201091,2026-05-30,NS,19395,0.14,True,Lender D (Subprime),20.57,84.0,300.0,24860.0,234.0,True,3050.0,1586.0,False,0.0,0.0,4602,9,3040.0,1395,False,,,0.0
NS301092,NV101347,NC201092,2025-09-01,NB,20795,0.15,True,Lender B (Prime),8.68,72.0,3400.0,20514.0,402.0,False,0.0,0.0,False,0.0,0.0,1667,5,1091.0,795,False,,,0.0
NS301093,NV101348,NC201093,2024-03-25,AB,20995,0.05,False,,,,,,0.0,False,0.0,0.0,False,0.0,0.0,3028,6,1634.0,1395,False,,,0.0
NS301094,NV101349,NC201094,2026-08-12,NB,23295,0.15,False,,,,,,0.0,True,3300.0,1716.0,False,0.0,0.0,4578,9,2741.0,1395,False,,,0.0
NS301095,NV101350,NC201095,2025-03-01,ON,27195,0.13,True,Lender A (Prime),10.08,72.0,4600.0,27080.0,522.0,False,0.0,0.0,True,950.0,380.0,470,4,333.0,395,True,2025-03-04,Financing fell through,1785.0
NS301096,NV101351,NC201096,2024-03-22,ON,25095,0.13,True,Lender A (Prime),8.01,72.0,300.0,28057.0,198.0,False,0.0,0.0,False,0.0,0.0,144,4,200.0,0,False,,,0.0
NS301097,NV101352,NC201097,2026-08-13,ON,13795,0.13,True,Lender D (Subprime),19.76,72.0,1900.0,16638.0,268.0,True,2950.0,1534.0,False,0.0,0.0,3579,9,2069.0,1395,False,,,0.0
NS301098,NV101353,NC201098,2025-08-24,MB,31195,0.12,False,,,,,,0.0,False,0.0,0.0,False,0.0,0.0,2002,6,1215.0,795,False,,,0.0
NS301099,NV101355,NC201099,2026-05-22,QC,17695,0.14975,False,,,,,,0.0,False,0.0,0.0,False,0.0,0.0,549,2,389.0,395,False,,,0.0
NS301100,NV101356,NC201100,2024-09-18,MB,34195,0.12,True,Lender D (Subprime),22.95,48.0,4700.0,33598.0,334.0,False,0.0,0.0,False,0.0,0.0,2452,5,1680.0,795,False,,,0.0
NS301101,NV101357,NC201101,2026-05-22,ON,14795,0.13,False,,,,,,0.0,False,0.0,0.0,False,0.0,0.0,506,2,383.0,395,False,,,0.0
NS301102,NV101358,NC201102,2024-04-29,NB,16395,0.15,True,Lender B (Prime),8.07,72.0,1200.0,18954.0,230.0,False,0.0,0.0,True,1300.0,520.0,1219,5,895.0,795,False,,,0.0
NS301103,NV101359,NC201103,2025-10-26,ON,24395,0.13,False,,,,,,0.0,False,0.0,0.0,False,0.0,0.0,3558,7,1975.0,1395,False,,,0.0
NS301104,NV101361,NC201104,2025-12-10,AB,32795,0.05,False,,,,,,0.0,False,0.0,0.0,False,0.0,0.0,3129,8,1809.0,1395,False,,,0.0
NS301105,NV101362,NC201105,2025-03-21,BC,7595,0.12,True,Lender D (Subprime),20.26,72.0,1300.0,11056.0,110.0,True,2850.0,1482.0,True,1000.0,400.0,586,2,421.0,395,False,,,0.0
NS301106,NV101364,NC201106,2025-08-19,ON,15995,0.13,True,Lender B (Prime),6.14,72.0,900.0,18474.0,121.0,False,0.0,0.0,True,1300.0,520.0,161,3,212.0,0,False,,,0.0
NS301107,NV101365,NC201107,2026-02-14,SK,26495,0.11,True,Lender C (Near-Prime),12.82,84.0,3100.0,26309.0,512.0,False,0.0,0.0,False,0.0,0.0,885,4,559.0,395,False,,,0.0
NS301108,NV101366,NC201108,2025-08-26,ON,19195,0.13,False,,,,,,0.0,True,1850.0,962.0,False,0.0,0.0,507,3,360.0,395,False,,,0.0
NS301109,NV101368,NC201109,2024-08-23,SK,16295,0.11,True,Lender A (Prime),7.12,84.0,2200.0,16837.0,328.0,False,0.0,0.0,True,950.0,380.0,859,3,593.0,395,False,,,0.0
NS301110,NV101369,NC201110,2026-06-26,BC,25795,0.12,True,Lender C (Near-Prime),12.89,72.0,4300.0,24590.0,313.0,False,0.0,0.0,False,0.0,0.0,659,4,414.0,395,True,2026-06-28,Mechanical issue,1819.0
NS301111,NV101371,NC201111,2025-01-21,AB,29195,0.05,True,Lender C (Near-Prime),11.4,72.0,4900.0,25755.0,498.0,False,0.0,0.0,False,0.0,0.0,3180,7,1935.0,1395,False,,,0.0
NS301112,NV101372,NC201112,2024-04-02,ON,32595,0.13,False,,,,,,0.0,False,0.0,0.0,False,0.0,0.0,3196,7,1841.0,1395,False,,,0.0
NS301113,NV101373,NC201113,2025-02-25,ON,19195,0.13,False,,,,,,0.0,True,1350.0,702.0,False,0.0,0.0,545,4,425.0,395,False,,,0.0
NS301114,NV101374,NC201114,2024-06-30,ON,17295,0.13,False,,,,,,0.0,False,0.0,0.0,False,0.0,0.0,124,3,182.0,0,False,,,0.0
NS301115,NV101375,NC201115,2026-06-08,QC,11695,0.14975,False,,,,,,0.0,True,1350.0,702.0,False,0.0,0.0,551,4,394.0,395,False,,,0.0
NS301116,NV101376,NC201116,2024-06-28,ON,15995,0.13,False,,,,,,0.0,True,1200.0,624.0,False,0.0,0.0,3490,8,2117.0,1395,False,,,0.0
NS301117,NV101377,NC201117,2025-09-25,SK,20295,0.11,True,Lender D (Subprime),22.21,60.0,3700.0,18827.0,256.0,False,0.0,0.0,False,0.0,0.0,3228,6,1989.0,1395,False,,,0.0
NS301118,NV101378,NC201118,2024-04-28,BC,30195,0.12,True,Lender B (Prime),8.41,72.0,200.0,33618.0,298.0,False,0.0,0.0,False,0.0,0.0,4296,8,2462.0,1395,False,,,0.0
NS301119,NV101379,NC201119,2025-11-14,QC,21995,0.14975,True,Lender D (Subprime),15.0,84.0,1200.0,26689.0,272.0,True,2600.0,1352.0,False,0.0,0.0,187,3,227.0,0,True,2025-11-21,Changed mind,1610.0
NS301120,NV101382,NC201120,2025-09-18,BC,30395,0.12,False,,,,,,0.0,False,0.0,0.0,False,0.0,0.0,576,4,411.0,395,False,,,0.0
NS301121,NV101383,NC201121,2024-10-04,QC,20895,0.14975,True,Lender C (Near-Prime),15.43,72.0,700.0,23324.0,437.0,False,0.0,0.0,False,0.0,0.0,540,2,379.0,395,False,,,0.0
NS301122,NV101384,NC201122,2025-07-18,AB,24995,0.05,False,,,,,,0.0,False,0.0,0.0,True,1100.0,440.0,291,2,271.0,0,False,,,0.0
NS301123,NV101386,NC201123,2024-10-13,BC,18295,0.12,False,,,,,,0.0,False,0.0,0.0,False,0.0,0.0,4899,11,2624.0,1395,False,,,0.0
NS301124,NV101387,NC201124,2025-01-11,ON,28995,0.13,False,,,,,,0.0,True,1500.0,780.0,False,0.0,0.0,140,2,202.0,0,False,,,0.0
NS301125,NV101388,NC201125,2024-06-11,ON,28095,0.13,False,,,,,,0.0,True,1450.0,754.0,False,0.0,0.0,145,4,188.0,0,False,,,0.0
NS301126,NV101389,NC201126,2024-10-27,AB,19895,0.05,False,,,,,,0.0,False,0.0,0.0,False,0.0,0.0,3689,7,2132.0,1395,False,,,0.0
NS301127,NV101390,NC201127,2024-11-03,ON,30795,0.13,False,,,,,,0.0,False,0.0,0.0,False,0.0,0.0,152,2,214.0,0,False,,,0.0
NS301128,NV101392,NC201128,2026-02-24,BC,14395,0.12,False,,,,,,0.0,False,0.0,0.0,False,0.0,0.0,4658,11,2179.0,1395,False,,,0.0
NS301129,NV101393,NC201129,2026-01-02,AB,28895,0.05,True,Lender A (Prime),8.66,84.0,1800.0,28540.0,349.0,False,0.0,0.0,False,0.0,0.0,247,2,300.0,0,False,,,0.0
NS301130,NV101394,NC201130,2026-03-12,MB,21895,0.12,True,Lender A (Prime),9.65,72.0,2300.0,25222.0,499.0,True,1800.0,936.0,True,1200.0,480.0,2202,7,1344.0,795,False,,,0.0
NS301131,NV101395,NC201131,2025-06-21,QC,14395,0.14975,False,,,,,,0.0,True,1600.0,832.0,False,0.0,0.0,3842,7,2415.0,1395,False,,,0.0
NS301132,NV101396,NC201132,2025-03-26,ON,23195,0.13,True,Lender D (Subprime),20.09,72.0,3000.0,23210.0,386.0,False,0.0,0.0,False,0.0,0.0,3294,8,1878.0,1395,False,,,0.0
NS301133,NV101397,NC201133,2024-12-11,ON,23195,0.13,False,,,,,,0.0,True,2750.0,1430.0,False,0.0,0.0,138,3,191.0,0,False,,,0.0
NS301134,NV101398,NC201134,2025-07-05,ON,48495,0.13,True,Lender C (Near-Prime),13.53,84.0,5100.0,49699.0,348.0,False,0.0,0.0,False,0.0,0.0,162,3,191.0,0,False,,,0.0
NS301135,NV101399,NC201135,2024-12-11,ON,14095,0.13,False,,,,,,0.0,True,2650.0,1378.0,False,0.0,0.0,625,4,502.0,395,False,,,0.0
NS301136,NV101400,NC201136,2024-11-30,ON,14695,0.13,True,Lender C (Near-Prime),11.89,84.0,1800.0,14805.0,127.0,False,0.0,0.0,False,0.0,0.0,139,2,189.0,0,False,,,0.0
NS301137,NV101401,NC201137,2025-08-07,AB,17595,0.05,True,Lender B (Prime),7.65,72.0,2400.0,16075.0,167.0,False,0.0,0.0,False,0.0,0.0,295,4,265.0,0,False,,,0.0
NS301138,NV101402,NC201138,2026-06-04,NS,11995,0.14,False,,,,,,0.0,True,1450.0,754.0,True,1100.0,440.0,1179,3,684.0,795,False,,,0.0
NS301139,NV101403,NC201139,2024-04-25,ON,21495,0.13,False,,,,,,0.0,False,0.0,0.0,False,0.0,0.0,163,3,204.0,0,False,,,0.0
NS301140,NV101404,NC201140,2025-04-08,BC,32895,0.12,True,Lender D (Subprime),21.59,60.0,2000.0,34842.0,460.0,False,0.0,0.0,False,0.0,0.0,787,4,575.0,395,False,,,0.0
NS301141,NV101405,NC201141,2024-04-09,ON,22995,0.13,True,Lender D (Subprime),15.0,84.0,500.0,25484.0,465.0,False,0.0,0.0,False,0.0,0.0,128,2,172.0,0,False,,,0.0
NS301142,NV101406,NC201142,2026-03-30,ON,15195,0.13,False,,,,,,0.0,False,0.0,0.0,False,0.0,0.0,3123,7,1646.0,1395,False,,,0.0
NS301143,NV101407,NC201143,2026-08-10,ON,15195,0.13,True,Lender A (Prime),9.63,60.0,2200.0,18120.0,113.0,True,3150.0,1638.0,False,0.0,0.0,156,3,208.0,0,False,,,0.0
NS301144,NV101409,NC201144,2025-12-05,QC,17495,0.14975,True,Lender C (Near-Prime),13.43,72.0,2200.0,20515.0,369.0,True,2600.0,1352.0,False,0.0,0.0,577,4,436.0,395,False,,,0.0
NS301145,NV101410,NC201145,2024-05-24,PE,21095,0.15,False,,,,,,0.0,False,0.0,0.0,False,0.0,0.0,1528,6,897.0,795,False,,,0.0
NS301146,NV101411,NC201146,2025-10-24,BC,19595,0.12,False,,,,,,0.0,False,0.0,0.0,False,0.0,0.0,4484,9,2571.0,1395,True,2025-10-25,Changed mind,3815.0
NS301147,NV101412,NC201147,2025-04-29,ON,17095,0.13,True,Lender A (Prime),5.9,48.0,3300.0,18567.0,359.0,True,2550.0,1326.0,False,0.0,0.0,3427,8,1735.0,1395,False,,,0.0
NS301148,NV101413,NC201148,2024-07-05,AB,22795,0.05,True,Lender D (Subprime),15.0,72.0,900.0,23035.0,155.0,False,0.0,0.0,False,0.0,0.0,256,4,259.0,0,False,,,0.0
NS301149,NV101414,NC201149,2025-02-05,ON,26695,0.13,True,Lender D (Subprime),17.05,60.0,4500.0,25665.0,435.0,False,0.0,0.0,False,0.0,0.0,151,2,201.0,0,False,,,0.0
NS301150,NV101416,NC201150,2026-08-13,ON,18295,0.13,True,Lender D (Subprime),20.56,72.0,3000.0,17673.0,225.0,False,0.0,0.0,False,0.0,0.0,139,4,189.0,0,False,,,0.0
NS301151,NV101417,NC201151,2026-01-30,ON,20195,0.13,True,Lender A (Prime),7.66,72.0,3400.0,20670.0,152.0,True,1250.0,650.0,False,0.0,0.0,132,3,193.0,0,False,,,0.0
NS301152,NV101418,NC201152,2026-07-27,ON,8795,0.13,True,Lender B (Prime),8.75,60.0,600.0,9338.0,85.0,False,0.0,0.0,False,0.0,0.0,136,3,192.0,0,False,,,0.0
NS301153,NV101419,NC201153,2024-12-26,AB,13395,0.05,True,Lender D (Subprime),20.98,48.0,1500.0,12565.0,165.0,False,0.0,0.0,False,0.0,0.0,3095,7,1555.0,1395,False,,,0.0
NS301154,NV101420,NC201154,2026-09-10,AB,16795,0.05,False,,,,,,0.0,False,0.0,0.0,False,0.0,0.0,272,4,287.0,0,False,,,0.0
NS301155,NV101421,NC201155,2025-05-12,MB,10695,0.12,True,Lender D (Subprime),17.2,72.0,900.0,11078.0,110.0,False,0.0,0.0,False,0.0,0.0,2204,6,1261.0,795,False,,,0.0
NS301156,NV101424,NC201156,2024-04-30,ON,23095,0.13,True,Lender B (Prime),8.24,48.0,400.0,25697.0,253.0,False,0.0,0.0,False,0.0,0.0,590,2,408.0,395,False,,,0.0
NS301157,NV101426,NC201157,2025-02-05,SK,15795,0.11,True,Lender A (Prime),9.75,60.0,2900.0,14632.0,276.0,False,0.0,0.0,False,0.0,0.0,918,5,581.0,395,False,,,0.0
NS301158,NV101427,NC201158,2026-05-03,AB,26395,0.05,True,Lender C (Near-Prime),12.38,84.0,3800.0,25115.0,196.0,False,0.0,0.0,True,1200.0,480.0,3129,6,1901.0,1395,False,,,0.0
NS301159,NV101428,NC201159,2026-08-14,BC,13295,0.12,True,Lender D (Subprime),15.08,72.0,600.0,14290.0,233.0,False,0.0,0.0,False,0.0,0.0,716,3,495.0,395,False,,,0.0
NS301160,NV101430,NC201160,2026-02-13,ON,23295,0.13,True,Lender A (Prime),8.37,72.0,1600.0,24723.0,238.0,False,0.0,0.0,False,0.0,0.0,150,2,199.0,0,False,,,0.0
NS301161,NV101431,NC201161,2026-04-04,ON,17695,0.13,True,Lender C (Near-Prime),11.73,72.0,1000.0,18995.0,269.0,False,0.0,0.0,False,0.0,0.0,157,4,212.0,0,False,,,0.0
NS301162,NV101433,NC201162,2025-06-16,ON,13295,0.13,True,Lender A (Prime),7.0,60.0,1600.0,17223.0,238.0,True,2650.0,1378.0,True,1150.0,460.0,3263,8,1659.0,1395,False,,,0.0
NS301163,NV101434,NC201163,2025-10-22,SK,13995,0.11,False,,,,,,0.0,True,1700.0,884.0,False,0.0,0.0,820,3,514.0,395,False,,,0.0
NS301164,NV101435,NC201164,2025-12-11,NB,33895,0.15,True,Lender C (Near-Prime),12.12,60.0,3800.0,36179.0,330.0,False,0.0,0.0,True,1000.0,400.0,1673,5,1042.0,795,False,,,0.0
NS301165,NV101436,NC201165,2026-09-06,AB,9895,0.05,True,Lender D (Subprime),21.89,72.0,100.0,13190.0,237.0,True,2900.0,1508.0,False,0.0,0.0,3348,9,1508.0,1395,False,,,0.0
NS301166,NV101437,NC201166,2026-09-10,MB,17595,0.12,True,Lender C (Near-Prime),12.67,84.0,700.0,20456.0,242.0,True,1450.0,754.0,False,0.0,0.0,1635,6,935.0,795,False,,,0.0
NS301167,NV101439,NC201167,2025-08-25,ON,30095,0.13,True,Lender D (Subprime),20.15,72.0,2900.0,33907.0,253.0,True,1650.0,858.0,True,1150.0,460.0,622,2,415.0,395,False,,,0.0
NS301168,NV101441,NC201168,2025-12-21,ON,25895,0.13,True,Lender A (Prime),7.9,72.0,300.0,30061.0,260.0,False,0.0,0.0,True,1100.0,440.0,170,3,198.0,0,False,,,0.0
NS301169,NV101442,NC201169,2025-04-20,ON,15195,0.13,False,,,,,,0.0,True,3300.0,1716.0,False,0.0,0.0,131,3,177.0,0,True,2025-04-29,Mechanical issue,1223.0
NS301170,NV101443,NC201170,2025-07-17,ON,33195,0.13,True,Lender D (Subprime),20.19,84.0,5400.0,32110.0,597.0,False,0.0,0.0,False,0.0,0.0,153,4,193.0,0,False,,,0.0
NS301171,NV101445,NC201171,2026-09-21,AB,10095,0.05,True,Lender C (Near-Prime),12.49,72.0,1800.0,11850.0,134.0,True,2300.0,1196.0,True,750.0,300.0,4207,10,2213.0,1395,False,,,0.0
NS301172,NV101446,NC201172,2024-03-31,ON,33095,0.13,True,Lender D (Subprime),17.29,72.0,4000.0,34647.0,647.0,True,1250.0,650.0,False,0.0,0.0,706,3,490.0,395,False,,,0.0
NS301173,NV101447,NC201173,2026-02-10,BC,28095,0.12,True,Lender A (Prime),8.79,72.0,1000.0,30466.0,212.0,False,0.0,0.0,False,0.0,0.0,755,5,470.0,395,False,,,0.0
NS301174,NV101448,NC201174,2024-10-27,ON,14695,0.13,True,Lender A (Prime),9.18,72.0,2200.0,15655.0,114.0,True,1250.0,650.0,False,0.0,0.0,3861,9,2311.0,1395,False,,,0.0
NS301175,NV101451,NC201175,2025-09-05,AB,15495,0.05,True,Lender A (Prime),6.37,72.0,2000.0,18420.0,187.0,True,3100.0,1612.0,True,1050.0,420.0,311,3,271.0,395,False,,,0.0
NS301176,NV101454,NC201176,2026-09-13,AB,17395,0.05,True,Lender A (Prime),8.08,72.0,700.0,18915.0,258.0,True,1350.0,702.0,False,0.0,0.0,297,3,288.0,0,False,,,0.0
NS301177,NV101455,NC201177,2026-08-14,ON,24695,0.13,True,Lender B (Prime),6.94,60.0,2900.0,25005.0,137.0,False,0.0,0.0,False,0.0,0.0,141,2,197.0,0,False,,,0.0
NS301178,NV101456,NC201178,2026-04-22,MB,21695,0.12,True,Lender B (Prime),7.38,72.0,2700.0,21598.0,255.0,False,0.0,0.0,False,0.0,0.0,1968,7,1168.0,795,False,,,0.0
NS301179,NV101457,NC201179,2024-10-11,QC,14495,0.14975,True,Lender D (Subprime),20.1,72.0,900.0,15766.0,254.0,False,0.0,0.0,False,0.0,0.0,535,3,350.0,395,False,,,0.0
NS301180,NV101458,NC201180,2024-10-19,AB,24695,0.05,False,,,,,,0.0,True,2700.0,1404.0,False,0.0,0.0,3941,9,2247.0,1395,True,2024-10-27,Vehicle condition not as expected,3783.0
NS301181,NV101459,NC201181,2026-03-17,BC,20895,0.12,True,Lender D (Subprime),19.63,72.0,3800.0,20952.0,206.0,False,0.0,0.0,True,1350.0,540.0,671,5,451.0,395,False,,,0.0
NS301182,NV101460,NC201182,2025-04-19,ON,20895,0.13,False,,,,,,0.0,True,3150.0,1638.0,False,0.0,0.0,149,3,198.0,0,False,,,0.0
NS301183,NV101461,NC201183,2025-03-17,ON,15295,0.13,True,Lender C (Near-Prime),12.68,84.0,300.0,16983.0,267.0,False,0.0,0.0,False,0.0,0.0,584,3,416.0,395,True,2025-03-21,Mechanical issue,2542.0
NS301184,NV101462,NC201184,2025-10-15,ON,31895,0.13,False,,,,,,0.0,False,0.0,0.0,False,0.0,0.0,535,4,403.0,395,False,,,0.0
NS301185,NV101463,NC201185,2024-11-19,NB,22795,0.15,True,Lender D (Subprime),22.11,60.0,1800.0,28414.0,430.0,True,2900.0,1508.0,True,1100.0,440.0,1315,6,838.0,795,False,,,0.0
NS301186,NV101465,NC201186,2024-04-20,AB,46995,0.05,False,,,,,,0.0,True,1900.0,988.0,False,0.0,0.0,3368,7,1665.0,1395,False,,,0.0
NS301187,NV101466,NC201187,2025-10-27,ON,21795,0.13,True,Lender A (Prime),7.59,72.0,300.0,24328.0,261.0,False,0.0,0.0,False,0.0,0.0,155,3,203.0,0,True,2025-10-29,Changed mind,1753.0
NS301188,NV101467,NC201188,2025-06-02,NB,24795,0.15,True,Lender C (Near-Prime),14.49,72.0,2100.0,26414.0,516.0,False,0.0,0.0,False,0.0,0.0,1941,6,1132.0,795,False,,,0.0
NS301189,NV101468,NC201189,2026-07-16,ON,17495,0.13,False,,,,,,0.0,False,0.0,0.0,False,0.0,0.0,3595,8,2824.0,1395,False,,,0.0
NS301190,NV101469,NC201190,2026-07-07,ON,14995,0.13,True,Lender B (Prime),7.56,72.0,2300.0,17244.0,171.0,True,2600.0,1352.0,False,0.0,0.0,151,3,211.0,0,False,,,0.0
NS301191,NV101470,NC201191,2025-06-20,AB,20895,0.05,True,Lender B (Prime),7.38,72.0,700.0,21240.0,383.0,False,0.0,0.0,False,0.0,0.0,254,4,274.0,0,False,,,0.0
NS301192,NV101471,NC201192,2024-12-09,QC,18195,0.14975,True,Lender C (Near-Prime),12.62,72.0,3500.0,17420.0,347.0,False,0.0,0.0,False,0.0,0.0,3471,9,1945.0,1395,False,,,0.0
NS301193,NV101472,NC201193,2026-03-26,ON,10395,0.13,True,Lender B (Prime),9.28,48.0,1400.0,13046.0,230.0,True,2700.0,1404.0,False,0.0,0.0,602,4,466.0,395,False,,,0.0
NS301194,NV101473,NC201194,2026-06-27,ON,21195,0.13,True,Lender C (Near-Prime),11.23,60.0,300.0,24400.0,389.0,False,0.0,0.0,True,750.0,300.0,160,4,199.0,0,False,,,0.0
NS301195,NV101474,NC201195,2025-10-11,BC,8795,0.12,False,,,,,,0.0,False,0.0,0.0,False,0.0,0.0,659,5,492.0,395,False,,,0.0
NS301196,NV101475,NC201196,2025-05-29,SK,13895,0.11,True,Lender B (Prime),8.43,84.0,2200.0,13223.0,208.0,False,0.0,0.0,False,0.0,0.0,834,4,562.0,395,False,,,0.0
NS301197,NV101476,NC201197,2026-05-20,BC,15295,0.12,True,Lender D (Subprime),17.91,60.0,2800.0,17730.0,325.0,True,2550.0,1326.0,True,850.0,340.0,4299,9,2729.0,1395,False,,,0.0
NS301198,NV101477,NC201198,2024-12-12,ON,18895,0.13,False,,,,,,0.0,False,0.0,0.0,False,0.0,0.0,146,2,183.0,0,False,,,0.0
NS301199,NV101478,NC201199,2025-08-28,ON,17595,0.13,True,Lender A (Prime),7.92,72.0,3300.0,17832.0,242.0,True,1250.0,650.0,False,0.0,0.0,3042,7,1668.0,1395,False,,,0.0
NS301200,NV101479,NC201200,2026-03-22,AB,16695,0.05,True,Lender B (Prime),9.02,60.0,200.0,19830.0,337.0,True,2500.0,1300.0,False,0.0,0.0,3556,9,1913.0,1395,False,,,0.0
NS301201,NV101481,NC201201,2026-04-12,ON,13695,0.13,True,Lender C (Near-Prime),10.5,84.0,1400.0,16725.0,100.0,True,2650.0,1378.0,False,0.0,0.0,3595,7,1935.0,1395,False,,,0.0
NS301202,NV101482,NC201202,2025-01-26,AB,17995,0.05,True,Lender C (Near-Prime),12.5,84.0,1400.0,17495.0,317.0,False,0.0,0.0,False,0.0,0.0,239,4,253.0,0,False,,,0.0
NS301203,NV101483,NC201203,2025-11-26,ON,15795,0.13,True,Lender A (Prime),8.8,60.0,2300.0,19098.0,340.0,True,2600.0,1352.0,True,950.0,380.0,3552,9,2099.0,1395,False,,,0.0
NS301204,NV101484,NC201204,2026-06-27,ON,19895,0.13,True,Lender C (Near-Prime),11.68,84.0,3300.0,19181.0,337.0,False,0.0,0.0,False,0.0,0.0,556,4,436.0,395,False,,,0.0
NS301205,NV101485,NC201205,2025-12-14,ON,25995,0.13,True,Lender C (Near-Prime),12.28,72.0,1000.0,28374.0,328.0,False,0.0,0.0,False,0.0,0.0,133,2,190.0,0,False,,,0.0
NS301206,NV101486,NC201206,2026-07-10,NB,19295,0.15,True,Lender A (Prime),9.0,72.0,800.0,22539.0,170.0,False,0.0,0.0,True,1150.0,460.0,1330,5,904.0,795,False,,,0.0
NS301207,NV101488,NC201207,2024-05-03,ON,18495,0.13,True,Lender B (Prime),7.41,60.0,3600.0,18999.0,343.0,True,1700.0,884.0,False,0.0,0.0,152,3,192.0,0,False,,,0.0
NS301208,NV101489,NC201208,2026-07-02,NB,18695,0.15,False,,,,,,0.0,False,0.0,0.0,False,0.0,0.0,881,3,588.0,395,False,,,0.0
NS301209,NV101490,NC201209,2026-01-02,ON,30795,0.13,True,Lender A (Prime),8.06,60.0,1700.0,33098.0,592.0,False,0.0,0.0,False,0.0,0.0,165,4,204.0,0,False,,,0.0
NS301210,NV101491,NC201210,2025-06-26,QC,51795,0.14975,False,,,,,,0.0,False,0.0,0.0,False,0.0,0.0,546,2,413.0,395,False,,,0.0
NS301211,NV101493,NC201211,2025-05-29,BC,11395,0.12,False,,,,,,0.0,False,0.0,0.0,False,0.0,0.0,800,5,600.0,395,False,,,0.0
NS301212,NV101494,NC201212,2024-10-25,BC,21395,0.12,True,Lender C (Near-Prime),13.33,48.0,1300.0,22662.0,379.0,False,0.0,0.0,False,0.0,0.0,904,5,576.0,395,False,,,0.0
NS301213,NV101496,NC201213,2026-03-11,ON,29295,0.13,True,Lender B (Prime),8.9,72.0,700.0,33753.0,624.0,False,0.0,0.0,True,1350.0,540.0,155,4,219.0,0,False,,,0.0
NS301214,NV101498,NC201214,2025-11-02,SK,12195,0.11,True,Lender D (Subprime),21.34,72.0,300.0,13236.0,134.0,False,0.0,0.0,False,0.0,0.0,2908,7,1360.0,1395,False,,,0.0
NS301215,NV101499,NC201215,2025-06-19,ON,23395,0.13,False,,,,,,0.0,False,0.0,0.0,False,0.0,0.0,4695,10,2332.0,1395,False,,,0.0
NS301216,NV101500,NC201216,2024-04-25,ON,46995,0.13,True,Lender B (Prime),8.45,72.0,5700.0,47404.0,603.0,False,0.0,0.0,False,0.0,0.0,174,2,203.0,0,False,,,0.0
NS301217,NV101501,NC201217,2026-06-24,MB,22595,0.12,True,Lender A (Prime),8.11,72.0,1800.0,25406.0,323.0,True,1900.0,988.0,False,0.0,0.0,1442,6,867.0,795,False,,,0.0
NS301218,NV101503,NC201218,2026-04-26,ON,16895,0.13,True,Lender D (Subprime),18.11,72.0,1700.0,19391.0,327.0,True,2000.0,1040.0,False,0.0,0.0,3432,9,1817.0,1395,False,,,0.0
NS301219,NV101504,NC201219,2025-10-03,NS,14395,0.14,False,,,,,,0.0,False,0.0,0.0,False,0.0,0.0,1562,4,903.0,795,False,,,0.0
NS301220,NV101505,NC201220,2024-09-03,NL,12795,0.15,False,,,,,,0.0,False,0.0,0.0,False,0.0,0.0,3588,8,2497.0,1395,False,,,0.0
NS301221,NV101506,NC201221,2024-11-07,ON,25095,0.13,True,Lender B (Prime),7.88,60.0,4200.0,25007.0,415.0,False,0.0,0.0,True,850.0,340.0,143,2,191.0,0,False,,,0.0
NS301222,NV101507,NC201222,2026-08-20,SK,15995,0.11,True,Lender D (Subprime),20.46,84.0,3100.0,16154.0,241.0,True,1500.0,780.0,False,0.0,0.0,826,5,523.0,395,False,,,0.0
NS301223,NV101508,NC201223,2024-09-13,SK,11295,0.11,True,Lender B (Prime),8.52,72.0,900.0,11637.0,164.0,False,0.0,0.0,False,0.0,0.0,2913,7,1461.0,1395,False,,,0.0
NS301224,NV101510,NC201224,2026-03-10,ON,10295,0.13,False,,,,,,0.0,True,1950.0,1014.0,False,0.0,0.0,492,2,383.0,395,False,,,0.0
NS301225,NV101511,NC201225,2025-09-14,AB,25895,0.05,True,Lender B (Prime),10.36,72.0,2600.0,24590.0,270.0,False,0.0,0.0,False,0.0,0.0,267,4,238.0,0,False,,,0.0
NS301226,NV101513,NC201226,2024-08-23,AB,22595,0.05,True,Lender C (Near-Prime),14.38,48.0,500.0,25925.0,380.0,True,1650.0,858.0,True,1050.0,420.0,282,4,270.0,0,False,,,0.0
NS301227,NV101514,NC201227,2026-06-09,ON,10695,0.13,False,,,,,,0.0,False,0.0,0.0,False,0.0,0.0,155,3,204.0,0,False,,,0.0
NS301228,NV101515,NC201228,2026-01-09,ON,24295,0.13,False,,,,,,0.0,True,1950.0,1014.0,False,0.0,0.0,4493,10,2677.0,1395,False,,,0.0
NS301229,NV101516,NC201229,2025-07-12,ON,22495,0.13,True,Lender C (Near-Prime),12.43,60.0,2800.0,25169.0,442.0,True,2550.0,1326.0,False,0.0,0.0,652,4,538.0,395,False,,,0.0
NS301230,NV101517,NC201230,2026-05-01,ON,23095,0.13,True,Lender B (Prime),7.57,72.0,2500.0,28197.0,399.0,True,3200.0,1664.0,True,1400.0,560.0,150,2,200.0,0,False,,,0.0
NS301231,NV101519,NC201231,2026-01-26,ON,24195,0.13,True,Lender A (Prime),6.4,72.0,1600.0,28340.0,406.0,True,2600.0,1352.0,False,0.0,0.0,131,4,195.0,0,False,,,0.0
NS301232,NV101520,NC201232,2025-06-11,ON,24795,0.13,True,Lender D (Subprime),19.04,60.0,500.0,29718.0,573.0,True,2200.0,1144.0,False,0.0,0.0,169,2,208.0,0,False,,,0.0
NS301233,NV101521,NC201233,2024-04-10,ON,21695,0.13,True,Lender B (Prime),7.95,84.0,500.0,26315.0,525.0,True,2300.0,1196.0,False,0.0,0.0,131,2,189.0,0,False,,,0.0
NS301234,NV101522,NC201234,2024-08-13,ON,32795,0.13,False,,,,,,0.0,False,0.0,0.0,False,0.0,0.0,159,4,197.0,0,False,,,0.0
NS301235,NV101523,NC201235,2026-05-20,BC,19895,0.12,True,Lender C (Near-Prime),11.75,72.0,3500.0,18782.0,226.0,False,0.0,0.0,False,0.0,0.0,4309,10,2192.0,1395,False,,,0.0
NS301236,NV101524,NC201236,2026-09-27,ON,27295,0.13,False,,,,,,0.0,False,0.0,0.0,False,0.0,0.0,160,2,198.0,0,False,,,0.0
NS301237,NV101525,NC201237,2025-09-14,ON,16295,0.13,True,Lender C (Near-Prime),10.5,72.0,400.0,20713.0,401.0,True,2700.0,1404.0,False,0.0,0.0,3661,9,2182.0,1395,False,,,0.0
NS301238,NV101526,NC201238,2026-08-15,QC,27195,0.14975,False,,,,,,0.0,False,0.0,0.0,False,0.0,0.0,3691,9,2070.0,1395,False,,,0.0
NS301239,NV101527,NC201239,2025-09-21,NS,34095,0.14,True,Lender B (Prime),7.8,72.0,2100.0,37468.0,716.0,False,0.0,0.0,True,700.0,280.0,1901,5,1156.0,795,False,,,0.0
NS301240,NV101528,NC201240,2026-06-10,NS,15395,0.14,True,Lender B (Prime),8.64,84.0,1900.0,15650.0,219.0,False,0.0,0.0,False,0.0,0.0,1299,5,802.0,795,False,,,0.0
NS301241,NV101529,NC201241,2026-05-03,ON,17095,0.13,True,Lender B (Prime),9.75,72.0,3400.0,15917.0,176.0,False,0.0,0.0,False,0.0,0.0,190,4,216.0,0,False,,,0.0
NS301242,NV101530,NC201242,2025-02-14,QC,26395,0.14975,True,Lender D (Subprime),16.14,48.0,1000.0,29348.0,239.0,False,0.0,0.0,False,0.0,0.0,490,4,340.0,395,False,,,0.0
NS301243,NV101531,NC201243,2024-06-22,NB,27295,0.15,False,,,,,,0.0,False,0.0,0.0,False,0.0,0.0,1402,6,763.0,795,False,,,0.0
NS301244,NV101532,NC201244,2025-10-08,ON,25595,0.13,True,Lender B (Prime),7.49,72.0,1200.0,27722.0,294.0,False,0.0,0.0,False,0.0,0.0,153,4,189.0,0,False,,,0.0
NS301245,NV101533,NC201245,2026-05-04,NB,16795,0.15,False,,,,,,0.0,True,1800.0,936.0,False,0.0,0.0,1527,6,909.0,795,False,,,0.0
NS301246,NV101535,NC201246,2025-04-06,ON,21895,0.13,True,Lender B (Prime),8.23,48.0,400.0,25391.0,390.0,False,0.0,0.0,True,1050.0,420.0,137,3,196.0,0,False,,,0.0
NS301247,NV101536,NC201247,2025-07-19,AB,27295,0.05,False,,,,,,0.0,False,0.0,0.0,False,0.0,0.0,271,3,253.0,0,False,,,0.0
NS301248,NV101538,NC201248,2026-03-04,ON,13795,0.13,True,Lender A (Prime),8.21,72.0,2400.0,15938.0,269.0,True,1450.0,754.0,True,1300.0,520.0,138,2,202.0,0,False,,,0.0
NS301249,NV101539,NC201249,2025-01-08,ON,29495,0.13,True,Lender D (Subprime),22.01,72.0,800.0,32529.0,520.0,False,0.0,0.0,False,0.0,0.0,123,3,184.0,0,False,,,0.0
NS301250,NV101540,NC201250,2025-07-27,ON,18295,0.13,True,Lender C (Near-Prime),12.31,60.0,500.0,22523.0,182.0,True,2350.0,1222.0,False,0.0,0.0,543,4,384.0,395,False,,,0.0
NS301251,NV101542,NC201251,2025-07-04,NB,11895,0.15,True,Lender D (Subprime),19.1,72.0,1800.0,14879.0,165.0,True,3000.0,1560.0,False,0.0,0.0,1426,4,911.0,795,False,,,0.0
NS301252,NV101544,NC201252,2025-03-14,SK,35595,0.11,True,Lender C (Near-Prime),11.59,84.0,0.0,39510.0,523.0,False,0.0,0.0,False,0.0,0.0,3450,8,1793.0,1395,False,,,0.0
NS301253,NV101545,NC201253,2025-07-22,AB,24895,0.05,True,Lender D (Subprime),17.06,72.0,4500.0,21640.0,130.0,False,0.0,0.0,False,0.0,0.0,268,4,254.0,0,False,,,0.0
NS301254,NV101546,NC201254,2025-09-26,MB,13295,0.12,True,Lender A (Prime),8.76,48.0,1500.0,16090.0,122.0,True,2700.0,1404.0,False,0.0,0.0,2435,6,1287.0,795,False,,,0.0
NS301255,NV101548,NC201255,2024-11-11,BC,32395,0.12,False,,,,,,0.0,True,2650.0,1378.0,False,0.0,0.0,4613,9,2693.0,1395,False,,,0.0
NS301256,NV101549,NC201256,2025-01-16,AB,19695,0.05,True,Lender A (Prime),8.94,60.0,600.0,20080.0,280.0,False,0.0,0.0,False,0.0,0.0,328,2,304.0,395,False,,,0.0
NS301257,NV101550,NC201257,2025-11-06,AB,24795,0.05,True,Lender D (Subprime),19.7,72.0,700.0,27985.0,302.0,True,2650.0,1378.0,False,0.0,0.0,3620,9,1789.0,1395,False,,,0.0
NS301258,NV101551,NC201258,2026-05-25,ON,16295,0.13,True,Lender B (Prime),7.96,72.0,2100.0,18963.0,331.0,True,2650.0,1378.0,False,0.0,0.0,158,4,193.0,0,False,,,0.0
NS301259,NV101552,NC201259,2024-12-01,ON,22295,0.13,True,Lender D (Subprime),20.27,72.0,3700.0,21493.0,262.0,False,0.0,0.0,False,0.0,0.0,504,4,375.0,395,False,,,0.0
NS301260,NV101553,NC201260,2025-01-10,NS,23495,0.14,False,,,,,,0.0,False,0.0,0.0,False,0.0,0.0,2120,6,1260.0,795,False,,,0.0
NS301261,NV101554,NC201261,2026-07-06,ON,18695,0.13,True,Lender A (Prime),5.9,72.0,3600.0,17525.0,232.0,False,0.0,0.0,False,0.0,0.0,3297,8,1650.0,1395,False,,,0.0
NS301262,NV101555,NC201262,2024-09-19,ON,30195,0.13,True,Lender D (Subprime),16.22,84.0,4900.0,29220.0,571.0,False,0.0,0.0,False,0.0,0.0,3489,8,2027.0,1395,False,,,0.0
NS301263,NV101557,NC201263,2026-01-21,ON,14395,0.13,True,Lender A (Prime),8.8,84.0,1500.0,14766.0,294.0,False,0.0,0.0,False,0.0,0.0,143,4,186.0,0,False,,,0.0
NS301264,NV101558,NC201264,2026-04-21,ON,18395,0.13,False,,,,,,0.0,False,0.0,0.0,False,0.0,0.0,136,3,203.0,0,False,,,0.0
NS301265,NV101559,NC201265,2024-08-12,QC,30395,0.14975,False,,,,,,0.0,True,2700.0,1404.0,False,0.0,0.0,4251,9,2171.0,1395,False,,,0.0
NS301266,NV101560,NC201266,2026-07-10,ON,10595,0.13,True,Lender B (Prime),8.9,60.0,2100.0,9872.0,168.0,False,0.0,0.0,False,0.0,0.0,506,4,417.0,395,False,,,0.0
NS301267,NV101562,NC201267,2025-09-15,ON,27895,0.13,False,,,,,,0.0,False,0.0,0.0,False,0.0,0.0,458,4,385.0,395,False,,,0.0
NS301268,NV101563,NC201268,2024-07-04,QC,19895,0.14975,True,Lender A (Prime),8.92,72.0,1400.0,22574.0,129.0,False,0.0,0.0,True,1100.0,440.0,182,2,209.0,0,False,,,0.0
NS301269,NV101565,NC201269,2025-07-30,ON,16895,0.13,False,,,,,,0.0,True,1200.0,624.0,False,0.0,0.0,156,2,220.0,0,False,,,0.0
NS301270,NV101566,NC201270,2024-07-05,NS,12495,0.14,False,,,,,,0.0,True,3150.0,1638.0,False,0.0,0.0,1652,5,944.0,795,False,,,0.0
NS301271,NV101567,NC201271,2025-12-08,SK,14595,0.11,False,,,,,,0.0,True,1250.0,650.0,False,0.0,0.0,2755,6,1643.0,1395,False,,,0.0
NS301272,NV101568,NC201272,2025-05-30,MB,24095,0.12,False,,,,,,0.0,False,0.0,0.0,False,0.0,0.0,1253,5,681.0,795,False,,,0.0
NS301273,NV101569,NC201273,2024-12-02,AB,32695,0.05,True,Lender B (Prime),10.21,48.0,500.0,33830.0,375.0,False,0.0,0.0,False,0.0,0.0,280,3,264.0,0,False,,,0.0
NS301274,NV101570,NC201274,2025-03-02,ON,14495,0.13,True,Lender C (Near-Prime),13.88,72.0,300.0,17429.0,347.0,True,1350.0,702.0,False,0.0,0.0,152,3,186.0,0,False,,,0.0
NS301275,NV101571,NC201275,2026-05-29,ON,21795,0.13,True,Lender C (Near-Prime),10.7,60.0,0.0,24628.0,459.0,False,0.0,0.0,False,0.0,0.0,151,4,197.0,0,False,,,0.0
NS301276,NV101573,NC201276,2024-07-13,NS,16995,0.14,False,,,,,,0.0,True,3350.0,1742.0,False,0.0,0.0,1772,6,1000.0,795,False,,,0.0
NS301277,NV101574,NC201277,2026-06-29,QC,26595,0.14975,False,,,,,,0.0,False,0.0,0.0,False,0.0,0.0,513,2,400.0,395,False,,,0.0
NS301278,NV101575,NC201278,2024-04-20,ON,44695,0.13,False,,,,,,0.0,False,0.0,0.0,False,0.0,0.0,178,3,203.0,0,False,,,0.0
NS301279,NV101576,NC201279,2024-03-20,MB,17795,0.12,True,Lender C (Near-Prime),11.46,48.0,300.0,23030.0,138.0,True,2050.0,1066.0,True,1350.0,540.0,1259,5,792.0,795,False,,,0.0
NS301280,NV101577,NC201280,2024-03-07,QC,19095,0.14975,True,Lender C (Near-Prime),13.3,60.0,1000.0,20954.0,215.0,False,0.0,0.0,False,0.0,0.0,240,4,240.0,0,False,,,0.0
NS301281,NV101578,NC201281,2025-12-28,QC,28395,0.14975,True,Lender C (Near-Prime),13.47,48.0,2100.0,30547.0,408.0,False,0.0,0.0,False,0.0,0.0,641,4,484.0,395,False,,,0.0
NS301282,NV101579,NC201282,2026-05-26,MB,20895,0.12,True,Lender B (Prime),8.21,72.0,3000.0,20402.0,180.0,False,0.0,0.0,False,0.0,0.0,1745,4,974.0,795,False,,,0.0
NS301283,NV101580,NC201283,2026-01-04,ON,19795,0.13,True,Lender D (Subprime),16.23,60.0,700.0,21668.0,380.0,False,0.0,0.0,False,0.0,0.0,142,4,186.0,0,False,,,0.0
NS301284,NV101584,NC201284,2024-09-24,ON,20495,0.13,True,Lender B (Prime),7.37,72.0,900.0,25109.0,147.0,True,1600.0,832.0,True,1250.0,500.0,164,2,191.0,0,False,,,0.0
NS301285,NV101586,NC201285,2026-03-21,QC,26795,0.14975,True,Lender B (Prime),8.44,72.0,4400.0,26408.0,406.0,False,0.0,0.0,False,0.0,0.0,533,3,391.0,395,False,,,0.0
NS301286,NV101589,NC201286,2024-03-10,ON,33195,0.13,True,Lender B (Prime),10.5,72.0,6300.0,32810.0,391.0,True,1600.0,832.0,False,0.0,0.0,140,4,185.0,0,False,,,0.0
NS301287,NV101590,NC201287,2024-08-08,ON,15995,0.13,False,,,,,,0.0,False,0.0,0.0,False,0.0,0.0,148,2,197.0,0,False,,,0.0
NS301288,NV101591,NC201288,2024-01-31,ON,21295,0.13,True,Lender B (Prime),7.48,84.0,1200.0,22863.0,216.0,False,0.0,0.0,False,0.0,0.0,165,4,211.0,0,False,,,0.0
NS301289,NV101592,NC201289,2026-06-01,ON,20895,0.13,True,Lender C (Near-Prime),12.93,60.0,3300.0,20311.0,141.0,False,0.0,0.0,False,0.0,0.0,3499,7,2201.0,1395,False,,,0.0
NS301290,NV101593,NC201290,2024-06-02,ON,24095,0.13,True,Lender C (Near-Prime),10.56,72.0,200.0,27027.0,378.0,False,0.0,0.0,False,0.0,0.0,607,4,482.0,395,False,,,0.0
NS301291,NV101594,NC201291,2025-12-02,AB,24095,0.05,False,,,,,,0.0,False,0.0,0.0,False,0.0,0.0,277,3,253.0,0,False,,,0.0
NS301292,NV101595,NC201292,2025-07-20,ON,23995,0.13,True,Lender A (Prime),7.92,84.0,1700.0,27964.0,182.0,True,1350.0,702.0,True,1200.0,480.0,170,4,223.0,0,False,,,0.0
NS301293,NV101596,NC201293,2026-01-28,AB,38095,0.05,True,Lender C (Near-Prime),11.88,72.0,7400.0,36150.0,393.0,True,2600.0,1352.0,True,950.0,380.0,260,4,254.0,0,False,,,0.0
NS301294,NV101598,NC201294,2025-12-22,AB,16395,0.05,True,Lender A (Prime),8.09,84.0,2200.0,15015.0,298.0,False,0.0,0.0,False,0.0,0.0,3870,9,2182.0,1395,False,,,0.0
NS301295,NV101599,NC201295,2024-05-16,ON,42195,0.13,True,Lender C (Near-Prime),12.75,84.0,2200.0,46730.0,476.0,True,1250.0,650.0,False,0.0,0.0,147,2,202.0,0,False,,,0.0
NS301296,NV101600,NC201296,2025-11-23,NS,21995,0.14,True,Lender B (Prime),9.4,60.0,1400.0,24474.0,243.0,False,0.0,0.0,True,800.0,320.0,1909,4,1339.0,795,False,,,0.0
NS301297,NV101601,NC201297,2025-11-24,QC,28695,0.14975,True,Lender A (Prime),6.56,84.0,4700.0,30992.0,317.0,True,1800.0,936.0,True,900.0,360.0,611,3,455.0,395,False,,,0.0
NS301298,NV101602,NC201298,2025-11-04,ON,14695,0.13,False,,,,,,0.0,False,0.0,0.0,False,0.0,0.0,3294,7,1899.0,1395,False,,,0.0
NS301299,NV101605,NC201299,2025-03-07,ON,9295,0.13,True,Lender D (Subprime),17.63,60.0,500.0,10003.0,191.0,False,0.0,0.0,False,0.0,0.0,154,3,201.0,0,False,,,0.0
NS301300,NV101606,NC201300,2025-12-05,ON,20395,0.13,True,Lender C (Near-Prime),11.48,72.0,0.0,25746.0,195.0,True,2700.0,1404.0,False,0.0,0.0,133,4,184.0,0,False,,,0.0
NS301301,NV101607,NC201301,2025-09-21,ON,17595,0.13,False,,,,,,0.0,False,0.0,0.0,False,0.0,0.0,163,2,190.0,0,False,,,0.0
NS301302,NV101608,NC201302,2025-10-09,ON,21195,0.13,True,Lender C (Near-Prime),12.02,48.0,4200.0,19750.0,301.0,False,0.0,0.0,False,0.0,0.0,162,2,203.0,0,False,,,0.0
NS301303,NV101609,NC201303,2024-11-16,SK,18895,0.11,True,Lender C (Near-Prime),14.03,72.0,0.0,21723.0,335.0,False,0.0,0.0,True,750.0,300.0,3339,9,1764.0,1395,False,,,0.0
NS301304,NV101610,NC201304,2025-06-18,ON,25595,0.13,True,Lender B (Prime),8.67,72.0,600.0,29822.0,353.0,True,1500.0,780.0,False,0.0,0.0,145,2,207.0,0,False,,,0.0
NS301305,NV101611,NC201305,2026-07-21,ON,15495,0.13,True,Lender B (Prime),7.9,84.0,400.0,19509.0,321.0,True,2400.0,1248.0,False,0.0,0.0,3158,8,1729.0,1395,False,,,0.0
NS301306,NV101612,NC201306,2026-09-19,ON,22595,0.13,False,,,,,,0.0,False,0.0,0.0,False,0.0,0.0,523,4,430.0,395,False,,,0.0
NS301307,NV101614,NC201307,2024-11-12,ON,42895,0.13,False,,,,,,0.0,False,0.0,0.0,False,0.0,0.0,586,3,467.0,395,False,,,0.0
NS301308,NV101615,NC201308,2025-04-30,ON,24195,0.13,True,Lender D (Subprime),19.96,60.0,2200.0,28040.0,406.0,True,2900.0,1508.0,False,0.0,0.0,158,3,219.0,0,False,,,0.0
NS301309,NV101616,NC201309,2024-04-06,ON,22495,0.13,False,,,,,,0.0,False,0.0,0.0,False,0.0,0.0,141,3,195.0,0,False,,,0.0
NS301310,NV101617,NC201310,2026-07-15,ON,15395,0.13,True,Lender B (Prime),8.91,72.0,800.0,16596.0,281.0,False,0.0,0.0,False,0.0,0.0,145,4,198.0,0,False,,,0.0
NS301311,NV101618,NC201311,2026-02-01,ON,16095,0.13,False,,,,,,0.0,True,2700.0,1404.0,True,1350.0,540.0,573,2,400.0,395,False,,,0.0
NS301312,NV101619,NC201312,2024-09-13,BC,22995,0.12,True,Lender C (Near-Prime),12.24,60.0,1400.0,26204.0,411.0,True,1850.0,962.0,False,0.0,0.0,777,4,526.0,395,False,,,0.0
NS301313,NV101621,NC201313,2024-10-28,SK,21195,0.11,True,Lender B (Prime),9.36,60.0,1700.0,21826.0,346.0,False,0.0,0.0,False,0.0,0.0,2972,6,1506.0,1395,False,,,0.0
NS301314,NV101623,NC201314,2026-02-18,AB,19795,0.05,True,Lender D (Subprime),20.27,72.0,300.0,23035.0,260.0,True,2550.0,1326.0,False,0.0,0.0,3077,7,1620.0,1395,False,,,0.0
NS301315,NV101624,NC201315,2025-04-13,ON,19395,0.13,True,Lender C (Near-Prime),13.49,72.0,600.0,21316.0,345.0,False,0.0,0.0,False,0.0,0.0,153,2,205.0,0,False,,,0.0
NS301316,NV101625,NC201316,2025-11-02,ON,24395,0.13,True,Lender C (Near-Prime),12.21,84.0,1900.0,28566.0,427.0,True,2900.0,1508.0,False,0.0,0.0,710,4,397.0,395,False,,,0.0
NS301317,NV101626,NC201317,2024-12-03,MB,30695,0.12,True,Lender B (Prime),8.44,72.0,5800.0,28578.0,554.0,False,0.0,0.0,False,0.0,0.0,1887,5,982.0,795,False,,,0.0
NS301318,NV101628,NC201318,2026-03-02,ON,28395,0.13,True,Lender C (Near-Prime),14.29,60.0,4600.0,27486.0,344.0,False,0.0,0.0,False,0.0,0.0,131,4,185.0,0,False,,,0.0
NS301319,NV101629,NC201319,2026-05-15,ON,24095,0.13,True,Lender A (Prime),7.49,60.0,1200.0,26027.0,391.0,False,0.0,0.0,False,0.0,0.0,625,3,399.0,395,False,,,0.0
NS301320,NV101630,NC201320,2026-01-24,MB,28895,0.12,False,,,,,,0.0,False,0.0,0.0,False,0.0,0.0,1476,6,941.0,795,False,,,0.0
NS301321,NV101631,NC201321,2025-06-15,ON,16995,0.13,True,Lender B (Prime),6.72,72.0,1300.0,17904.0,342.0,False,0.0,0.0,False,0.0,0.0,134,4,185.0,0,False,,,0.0
NS301322,NV101632,NC201322,2024-07-12,QC,29995,0.14975,False,,,,,,0.0,False,0.0,0.0,False,0.0,0.0,563,3,385.0,395,False,,,0.0
NS301323,NV101634,NC201323,2024-04-10,AB,20495,0.05,False,,,,,,0.0,False,0.0,0.0,False,0.0,0.0,337,4,330.0,395,False,,,0.0
NS301324,NV101635,NC201324,2025-06-12,ON,23095,0.13,True,Lender C (Near-Prime),10.5,72.0,1800.0,24297.0,368.0,False,0.0,0.0,False,0.0,0.0,133,4,200.0,0,False,,,0.0
NS301325,NV101636,NC201325,2025-07-08,BC,23095,0.12,True,Lender B (Prime),8.01,60.0,1700.0,24166.0,214.0,False,0.0,0.0,False,0.0,0.0,4266,8,2685.0,1395,True,2025-07-16,Mechanical issue,3873.0
NS301326,NV101637,NC201326,2025-07-14,BC,41295,0.12,True,Lender A (Prime),9.17,72.0,6000.0,40250.0,357.0,False,0.0,0.0,False,0.0,0.0,640,3,468.0,395,False,,,0.0
NS301327,NV101638,NC201327,2025-09-23,QC,9095,0.14975,False,,,,,,0.0,False,0.0,0.0,False,0.0,0.0,3182,8,1707.0,1395,False,,,0.0
NS301328,NV101639,NC201328,2026-05-02,ON,22595,0.13,True,Lender C (Near-Prime),12.64,84.0,2800.0,22732.0,272.0,False,0.0,0.0,False,0.0,0.0,124,4,185.0,0,False,,,0.0
NS301329,NV101640,NC201329,2025-07-13,ON,19195,0.13,True,Lender A (Prime),7.5,60.0,1500.0,20190.0,275.0,False,0.0,0.0,False,0.0,0.0,164,3,206.0,0,False,,,0.0
NS301330,NV101642,NC201330,2026-07-06,AB,9895,0.05,True,Lender C (Near-Prime),11.55,60.0,1900.0,9490.0,53.0,False,0.0,0.0,True,1000.0,400.0,2985,7,1699.0,1395,False,,,0.0
NS301331,NV101644,NC201331,2024-12-22,ON,32595,0.13,False,,,,,,0.0,False,0.0,0.0,False,0.0,0.0,130,2,176.0,0,False,,,0.0
NS301332,NV101646,NC201332,2026-08-29,ON,14595,0.13,False,,,,,,0.0,False,0.0,0.0,False,0.0,0.0,151,2,192.0,0,False,,,0.0
NS301333,NV101648,NC201333,2025-12-05,ON,17095,0.13,False,,,,,,0.0,False,0.0,0.0,False,0.0,0.0,590,3,469.0,395,False,,,0.0
NS301334,NV101650,NC201334,2024-06-12,AB,20995,0.05,False,,,,,,0.0,True,1250.0,650.0,False,0.0,0.0,300,3,292.0,0,False,,,0.0
NS301335,NV101651,NC201335,2025-10-16,AB,16995,0.05,False,,,,,,0.0,True,2450.0,1274.0,False,0.0,0.0,3193,7,1851.0,1395,False,,,0.0
NS301336,NV101652,NC201336,2024-06-04,ON,28795,0.13,False,,,,,,0.0,False,0.0,0.0,False,0.0,0.0,158,2,200.0,0,False,,,0.0
NS301337,NV101653,NC201337,2026-08-21,ON,31495,0.13,True,Lender C (Near-Prime),12.92,60.0,4200.0,35339.0,325.0,True,2850.0,1482.0,True,1100.0,440.0,159,2,204.0,0,False,,,0.0
NS301338,NV101654,NC201338,2026-05-22,ON,34495,0.13,True,Lender C (Near-Prime),15.11,60.0,900.0,38079.0,473.0,False,0.0,0.0,False,0.0,0.0,3095,6,1918.0,1395,False,,,0.0
NS301339,NV101656,NC201339,2025-08-16,ON,20495,0.13,True,Lender C (Near-Prime),11.84,72.0,2500.0,23809.0,388.0,True,3150.0,1638.0,False,0.0,0.0,144,2,193.0,0,False,,,0.0
NS301340,NV101657,NC201340,2025-01-02,ON,19395,0.13,True,Lender C (Near-Prime),11.76,48.0,3100.0,19866.0,332.0,False,0.0,0.0,True,1050.0,420.0,3814,7,1978.0,1395,True,2025-01-04,Vehicle condition not as expected,3028.0
NS301341,NV101659,NC201341,2026-08-04,ON,20495,0.13,False,,,,,,0.0,False,0.0,0.0,False,0.0,0.0,173,2,202.0,0,False,,,0.0
NS301342,NV101660,NC201342,2026-01-06,AB,34295,0.05,True,Lender B (Prime),8.1,72.0,5500.0,31910.0,223.0,False,0.0,0.0,True,1400.0,560.0,311,4,262.0,395,False,,,0.0
NS301343,NV101661,NC201343,2026-03-25,ON,13695,0.13,True,Lender D (Subprime),20.19,72.0,600.0,19025.0,185.0,True,2850.0,1482.0,True,1300.0,520.0,139,2,198.0,0,False,,,0.0
NS301344,NV101662,NC201344,2025-09-17,ON,34195,0.13,True,Lender B (Prime),7.92,60.0,5400.0,36340.0,475.0,True,2100.0,1092.0,True,1000.0,400.0,148,3,217.0,0,False,,,0.0
NS301345,NV101663,NC201345,2026-08-29,ON,16995,0.13,True,Lender D (Subprime),20.12,72.0,400.0,18804.0,157.0,False,0.0,0.0,False,0.0,0.0,2985,6,1424.0,1395,False,,,0.0
NS301346,NV101664,NC201346,2025-06-13,ON,17695,0.13,False,,,,,,0.0,False,0.0,0.0,False,0.0,0.0,552,4,395.0,395,False,,,0.0
NS301347,NV101666,NC201347,2026-08-02,AB,17895,0.05,False,,,,,,0.0,False,0.0,0.0,False,0.0,0.0,257,4,268.0,0,False,,,0.0
NS301348,NV101667,NC201348,2024-05-26,ON,18195,0.13,True,Lender C (Near-Prime),11.25,72.0,1600.0,21810.0,221.0,True,1650.0,858.0,True,1200.0,480.0,3611,9,1664.0,1395,False,,,0.0
NS301349,NV101668,NC201349,2025-08-14,AB,19095,0.05,False,,,,,,0.0,False,0.0,0.0,False,0.0,0.0,305,3,277.0,395,False,,,0.0
NS301350,NV101669,NC201350,2026-07-21,ON,13895,0.13,False,,,,,,0.0,False,0.0,0.0,False,0.0,0.0,133,4,191.0,0,False,,,0.0
NS301351,NV101670,NC201351,2025-05-31,AB,23495,0.05,True,Lender C (Near-Prime),13.33,48.0,1800.0,23970.0,236.0,False,0.0,0.0,True,1100.0,440.0,4131,9,2151.0,1395,False,,,0.0
NS301352,NV101671,NC201352,2026-05-05,ON,27495,0.13,True,Lender D (Subprime),21.6,72.0,1100.0,29969.0,564.0,False,0.0,0.0,False,0.0,0.0,161,4,207.0,0,False,,,0.0
NS301353,NV101672,NC201353,2025-01-03,NL,18295,0.15,False,,,,,,0.0,False,0.0,0.0,False,0.0,0.0,3407,8,2009.0,1395,False,,,0.0
NS301354,NV101673,NC201354,2025-04-08,ON,17795,0.13,True,Lender D (Subprime),23.11,60.0,100.0,20008.0,363.0,False,0.0,0.0,False,0.0,0.0,144,3,194.0,0,False,,,0.0
NS301355,NV101674,NC201355,2025-10-13,ON,11795,0.13,True,Lender C (Near-Prime),12.51,84.0,1700.0,11628.0,213.0,False,0.0,0.0,False,0.0,0.0,139,3,196.0,0,False,,,0.0
NS301356,NV101675,NC201356,2026-08-23,ON,34995,0.13,True,Lender B (Prime),8.2,48.0,5800.0,33744.0,646.0,False,0.0,0.0,False,0.0,0.0,152,4,187.0,0,False,,,0.0
NS301357,NV101676,NC201357,2025-11-01,ON,16895,0.13,True,Lender D (Subprime),19.25,84.0,1400.0,17691.0,290.0,False,0.0,0.0,False,0.0,0.0,138,2,212.0,0,False,,,0.0
NS301358,NV101680,NC201358,2025-07-23,QC,18395,0.14975,True,Lender C (Near-Prime),10.5,72.0,2900.0,18250.0,274.0,False,0.0,0.0,False,0.0,0.0,510,4,377.0,395,False,,,0.0
NS301359,NV101682,NC201359,2025-11-16,ON,23595,0.13,True,Lender D (Subprime),21.9,60.0,3800.0,24712.0,234.0,True,1850.0,962.0,False,0.0,0.0,188,4,223.0,0,False,,,0.0
NS301360,NV101683,NC201360,2025-09-01,NL,25995,0.15,False,,,,,,0.0,False,0.0,0.0,False,0.0,0.0,4963,10,3131.0,1395,False,,,0.0
NS301361,NV101684,NC201361,2024-12-05,SK,22295,0.11,True,Lender D (Subprime),20.81,60.0,2200.0,24647.0,272.0,True,2100.0,1092.0,False,0.0,0.0,3535,7,2109.0,1395,False,,,0.0
NS301362,NV101685,NC201362,2025-05-29,AB,23795,0.05,True,Lender C (Near-Prime),15.03,60.0,4500.0,20485.0,189.0,False,0.0,0.0,False,0.0,0.0,248,4,241.0,0,False,,,0.0
NS301363,NV101686,NC201363,2026-04-23,ON,27395,0.13,True,Lender C (Near-Prime),11.87,84.0,5000.0,29256.0,291.0,True,2550.0,1326.0,True,750.0,300.0,145,2,200.0,0,False,,,0.0
NS301364,NV101687,NC201364,2024-05-19,ON,23995,0.13,False,,,,,,0.0,True,3250.0,1690.0,False,0.0,0.0,3712,8,2284.0,1395,False,,,0.0
NS301365,NV101688,NC201365,2024-05-08,AB,35395,0.05,True,Lender C (Near-Prime),10.5,84.0,3100.0,34065.0,261.0,False,0.0,0.0,False,0.0,0.0,3850,7,1954.0,1395,False,,,0.0
NS301366,NV101689,NC201366,2024-03-16,ON,30495,0.13,True,Lender A (Prime),9.23,72.0,1100.0,33359.0,588.0,False,0.0,0.0,False,0.0,0.0,151,2,206.0,0,False,,,0.0
NS301367,NV101690,NC201367,2026-06-07,ON,15795,0.13,True,Lender C (Near-Prime),14.66,84.0,2500.0,15348.0,252.0,False,0.0,0.0,False,0.0,0.0,3991,10,1850.0,1395,False,,,0.0
NS301368,NV101691,NC201368,2025-11-11,BC,20095,0.12,True,Lender D (Subprime),19.76,60.0,1300.0,21206.0,309.0,False,0.0,0.0,False,0.0,0.0,5060,11,2698.0,1395,False,,,0.0
NS301369,NV101692,NC201369,2026-02-06,ON,28395,0.13,True,Lender C (Near-Prime),13.69,60.0,2200.0,32386.0,433.0,True,1800.0,936.0,True,700.0,280.0,3964,9,2422.0,1395,False,,,0.0
NS301370,NV101693,NC201370,2025-09-08,ON,18795,0.13,True,Lender C (Near-Prime),11.48,48.0,100.0,22188.0,308.0,False,0.0,0.0,True,1050.0,420.0,147,3,217.0,0,False,,,0.0
NS301371,NV101694,NC201371,2025-10-17,ON,21295,0.13,True,Lender C (Near-Prime),13.13,60.0,1400.0,24613.0,403.0,True,1950.0,1014.0,False,0.0,0.0,3943,10,2223.0,1395,False,,,0.0
NS301372,NV101695,NC201372,2025-07-28,ON,27595,0.13,False,,,,,,0.0,True,2600.0,1352.0,False,0.0,0.0,586,3,385.0,395,True,2025-08-05,Vehicle condition not as expected,2041.0
NS301373,NV101696,NC201373,2026-08-10,ON,25695,0.13,True,Lender D (Subprime),19.95,60.0,700.0,28335.0,475.0,False,0.0,0.0,False,0.0,0.0,140,4,189.0,0,False,,,0.0
NS301374,NV101697,NC201374,2025-09-30,ON,21595,0.13,True,Lender A (Prime),9.7,72.0,2500.0,24752.0,324.0,True,2850.0,1482.0,False,0.0,0.0,129,4,185.0,0,True,2025-10-05,Found another vehicle,2213.0
NS301375,NV101698,NC201375,2024-05-24,ON,19795,0.13,True,Lender D (Subprime),20.36,60.0,1400.0,24268.0,230.0,True,2300.0,1196.0,True,1000.0,400.0,139,2,194.0,0,False,,,0.0
NS301376,NV101700,NC201376,2024-08-17,ON,46695,0.13,False,,,,,,0.0,True,1450.0,754.0,False,0.0,0.0,169,2,205.0,0,False,,,0.0
NS301377,NV101703,NC201377,2026-03-27,QC,13395,0.14975,True,Lender D (Subprime),21.47,72.0,1400.0,14001.0,107.0,False,0.0,0.0,False,0.0,0.0,226,2,249.0,0,False,,,0.0
NS301378,NV101704,NC201378,2024-12-13,ON,24595,0.13,True,Lender D (Subprime),16.35,72.0,1400.0,29492.0,321.0,True,3100.0,1612.0,False,0.0,0.0,3368,9,1844.0,1395,False,,,0.0
NS301379,NV101706,NC201379,2024-03-25,ON,19095,0.13,True,Lender B (Prime),7.82,72.0,2700.0,18877.0,214.0,False,0.0,0.0,False,0.0,0.0,158,4,208.0,0,True,2024-03-29,Mechanical issue,1655.0
NS301380,NV101707,NC201380,2025-02-27,ON,22495,0.13,True,Lender A (Prime),7.94,72.0,300.0,25119.0,375.0,False,0.0,0.0,False,0.0,0.0,3545,7,1875.0,1395,False,,,0.0
NS301381,NV101708,NC201381,2026-07-16,ON,23195,0.13,False,,,,,,0.0,True,2150.0,1118.0,False,0.0,0.0,3468,9,2052.0,1395,True,2026-07-26,Mechanical issue,3216.0
NS301382,NV101709,NC201382,2026-09-08,AB,8795,0.05,False,,,,,,0.0,True,1650.0,858.0,False,0.0,0.0,3410,9,1589.0,1395,True,2026-09-14,Vehicle condition not as expected,2540.0
NS301383,NV101710,NC201383,2026-04-23,ON,23695,0.13,False,,,,,,0.0,True,2150.0,1118.0,False,0.0,0.0,147,2,192.0,0,False,,,0.0
NS301384,NV101711,NC201384,2026-03-13,ON,28095,0.13,False,,,,,,0.0,False,0.0,0.0,False,0.0,0.0,162,4,219.0,0,False,,,0.0
NS301385,NV101712,NC201385,2025-10-21,ON,29495,0.13,True,Lender A (Prime),9.35,72.0,4200.0,29129.0,551.0,False,0.0,0.0,False,0.0,0.0,162,2,205.0,0,False,,,0.0
NS301386,NV101713,NC201386,2026-01-10,ON,16295,0.13,True,Lender D (Subprime),21.39,60.0,200.0,18213.0,117.0,False,0.0,0.0,False,0.0,0.0,170,4,204.0,0,False,,,0.0
NS301387,NV101714,NC201387,2024-10-31,AB,21595,0.05,True,Lender A (Prime),7.05,72.0,1200.0,24675.0,260.0,True,3200.0,1664.0,False,0.0,0.0,235,4,266.0,0,False,,,0.0
NS301388,NV101715,NC201388,2026-06-04,ON,19095,0.13,True,Lender A (Prime),9.49,84.0,400.0,21177.0,232.0,False,0.0,0.0,False,0.0,0.0,134,4,203.0,0,True,2026-06-07,Vehicle condition not as expected,1928.0
NS301389,NV101716,NC201389,2025-07-23,MB,28795,0.12,True,Lender B (Prime),7.53,72.0,2300.0,29950.0,447.0,False,0.0,0.0,False,0.0,0.0,1288,3,770.0,795,False,,,0.0
NS301390,NV101717,NC201390,2026-06-10,SK,19995,0.11,False,,,,,,0.0,True,2750.0,1430.0,False,0.0,0.0,3252,8,1715.0,1395,False,,,0.0
NS301391,NV101719,NC201391,2025-05-20,QC,20295,0.14975,True,Lender D (Subprime),18.23,48.0,200.0,23134.0,140.0,False,0.0,0.0,False,0.0,0.0,218,2,261.0,0,False,,,0.0
NS301392,NV101720,NC201392,2025-04-16,SK,25895,0.11,True,Lender D (Subprime),19.91,72.0,0.0,28743.0,407.0,False,0.0,0.0,False,0.0,0.0,705,4,503.0,395,False,,,0.0
NS301393,NV101722,NC201393,2025-10-13,AB,18895,0.05,False,,,,,,0.0,False,0.0,0.0,True,1100.0,440.0,287,4,274.0,0,False,,,0.0
NS301394,NV101724,NC201394,2025-12-07,ON,14995,0.13,True,Lender D (Subprime),20.3,60.0,2800.0,14144.0,167.0,False,0.0,0.0,False,0.0,0.0,530,2,385.0,395,True,2025-12-16,Vehicle condition not as expected,2045.0
NS301395,NV101725,NC201395,2025-10-30,ON,15895,0.13,True,Lender A (Prime),6.75,72.0,3000.0,17411.0,267.0,True,2450.0,1274.0,False,0.0,0.0,145,2,204.0,0,False,,,0.0
NS301396,NV101726,NC201396,2026-04-27,ON,21795,0.13,True,Lender B (Prime),7.21,72.0,3700.0,24128.0,145.0,True,3200.0,1664.0,False,0.0,0.0,155,3,205.0,0,False,,,0.0
NS301397,NV101727,NC201397,2026-08-20,MB,12495,0.12,False,,,,,,0.0,False,0.0,0.0,False,0.0,0.0,1288,5,733.0,795,False,,,0.0
NS301398,NV101728,NC201398,2026-04-24,ON,21695,0.13,False,,,,,,0.0,False,0.0,0.0,False,0.0,0.0,148,4,193.0,0,False,,,0.0
NS301399,NV101729,NC201399,2025-07-04,ON,12695,0.13,True,Lender D (Subprime),19.38,72.0,2500.0,12595.0,162.0,False,0.0,0.0,True,750.0,300.0,570,3,384.0,395,False,,,0.0
NS301400,NV101730,NC201400,2025-06-17,ON,13095,0.13,True,Lender C (Near-Prime),11.63,72.0,2100.0,12697.0,167.0,False,0.0,0.0,False,0.0,0.0,173,3,219.0,0,False,,,0.0
NS301401,NV101732,NC201401,2025-04-12,ON,20695,0.13,False,,,,,,0.0,False,0.0,0.0,False,0.0,0.0,150,3,204.0,0,False,,,0.0
NS301402,NV101733,NC201402,2025-03-03,ON,40695,0.13,True,Lender A (Prime),6.67,60.0,2100.0,43885.0,790.0,False,0.0,0.0,False,0.0,0.0,144,3,208.0,0,False,,,0.0
NS301403,NV101734,NC201403,2024-06-27,QC,18695,0.14975,False,,,,,,0.0,False,0.0,0.0,False,0.0,0.0,507,4,404.0,395,False,,,0.0
NS301404,NV101735,NC201404,2025-03-25,ON,20995,0.13,True,Lender D (Subprime),16.56,84.0,0.0,25574.0,467.0,True,1850.0,962.0,False,0.0,0.0,3284,9,1793.0,1395,False,,,0.0
NS301405,NV101736,NC201405,2026-08-13,NB,22695,0.15,True,Lender A (Prime),8.72,60.0,3800.0,22299.0,255.0,False,0.0,0.0,False,0.0,0.0,1564,4,919.0,795,False,,,0.0
NS301406,NV101737,NC201406,2024-09-04,ON,26595,0.13,False,,,,,,0.0,True,2150.0,1118.0,False,0.0,0.0,570,2,377.0,395,False,,,0.0
NS301407,NV101738,NC201407,2026-02-17,NS,17795,0.14,True,Lender B (Prime),6.65,60.0,2700.0,21236.0,176.0,True,2400.0,1248.0,True,1250.0,500.0,1917,5,1170.0,795,False,,,0.0
NS301408,NV101739,NC201408,2024-05-25,ON,21695,0.13,True,Lender B (Prime),8.3,72.0,2400.0,22115.0,116.0,False,0.0,0.0,False,0.0,0.0,175,3,235.0,0,False,,,0.0
NS301409,NV101740,NC201409,2026-08-18,ON,17995,0.13,False,,,,,,0.0,True,1500.0,780.0,False,0.0,0.0,141,4,190.0,0,False,,,0.0
NS301410,NV101742,NC201410,2025-11-23,ON,17595,0.13,True,Lender B (Prime),9.46,72.0,1900.0,21082.0,329.0,True,3100.0,1612.0,False,0.0,0.0,143,3,197.0,0,False,,,0.0
NS301411,NV101743,NC201411,2025-10-23,BC,38395,0.12,True,Lender D (Subprime),18.84,48.0,7100.0,35902.0,577.0,False,0.0,0.0,False,0.0,0.0,694,5,517.0,395,False,,,0.0
NS301412,NV101745,NC201412,2024-07-18,AB,35395,0.05,False,,,,,,0.0,True,1300.0,676.0,False,0.0,0.0,260,2,248.0,0,False,,,0.0
NS301413,NV101746,NC201413,2024-11-19,AB,46895,0.05,False,,,,,,0.0,False,0.0,0.0,False,0.0,0.0,292,4,278.0,0,False,,,0.0
NS301414,NV101747,NC201414,2025-05-10,ON,38795,0.13,True,Lender B (Prime),7.18,84.0,3500.0,40338.0,464.0,False,0.0,0.0,False,0.0,0.0,3313,9,1805.0,1395,False,,,0.0
NS301415,NV101749,NC201415,2026-08-30,SK,29795,0.11,True,Lender A (Prime),9.79,48.0,3300.0,29772.0,211.0,False,0.0,0.0,False,0.0,0.0,797,3,536.0,395,False,,,0.0
NS301416,NV101750,NC201416,2026-03-20,NB,19095,0.15,False,,,,,,0.0,True,2400.0,1248.0,False,0.0,0.0,1380,5,802.0,795,False,,,0.0
NS301417,NV101751,NC201417,2026-01-26,BC,22995,0.12,False,,,,,,0.0,True,2550.0,1326.0,False,0.0,0.0,4422,10,2289.0,1395,False,,,0.0
NS301418,NV101752,NC201418,2026-02-15,QC,26795,0.14975,True,Lender B (Prime),8.95,60.0,3900.0,29158.0,316.0,True,2250.0,1170.0,False,0.0,0.0,559,4,401.0,395,False,,,0.0
NS301419,NV101753,NC201419,2024-10-12,NS,14995,0.14,False,,,,,,0.0,True,2150.0,1118.0,True,800.0,320.0,1899,5,1197.0,795,False,,,0.0
NS301420,NV101754,NC201420,2026-03-24,ON,26395,0.13,True,Lender C (Near-Prime),12.45,60.0,1900.0,30626.0,476.0,True,2700.0,1404.0,False,0.0,0.0,153,2,207.0,0,False,,,0.0
NS301421,NV101755,NC201421,2024-08-27,BC,20495,0.12,True,Lender B (Prime),8.77,72.0,0.0,26354.0,455.0,True,3400.0,1768.0,False,0.0,0.0,770,4,546.0,395,False,,,0.0
NS301422,NV101757,NC201422,2026-09-19,QC,21295,0.14975,False,,,,,,0.0,False,0.0,0.0,False,0.0,0.0,562,2,434.0,395,False,,,0.0
NS301423,NV101758,NC201423,2025-10-04,ON,16595,0.13,True,Lender B (Prime),6.89,72.0,1600.0,17152.0,277.0,False,0.0,0.0,False,0.0,0.0,614,2,471.0,395,False,,,0.0
NS301424,NV101760,NC201424,2026-09-30,AB,15095,0.05,True,Lender C (Near-Prime),11.43,72.0,3000.0,15400.0,175.0,True,2550.0,1326.0,False,0.0,0.0,283,4,269.0,0,False,,,0.0
NS301425,NV101761,NC201425,2026-04-19,AB,30695,0.05,True,Lender D (Subprime),21.81,60.0,5100.0,30480.0,375.0,True,3350.0,1742.0,False,0.0,0.0,268,2,299.0,0,False,,,0.0
NS301426,NV101763,NC201426,2026-09-10,ON,18495,0.13,True,Lender C (Near-Prime),12.81,84.0,3400.0,17499.0,218.0,False,0.0,0.0,False,0.0,0.0,124,3,183.0,0,False,,,0.0
NS301427,NV101764,NC201427,2025-04-27,QC,10295,0.14975,False,,,,,,0.0,True,1500.0,780.0,False,0.0,0.0,538,4,366.0,395,False,,,0.0
NS301428,NV101767,NC201428,2026-07-02,MB,20495,0.12,True,Lender C (Near-Prime),12.59,60.0,2700.0,20254.0,235.0,False,0.0,0.0,False,0.0,0.0,2353,6,1224.0,795,False,,,0.0
NS301429,NV101768,NC201429,2025-11-15,ON,24195,0.13,False,,,,,,0.0,False,0.0,0.0,False,0.0,0.0,152,2,203.0,0,False,,,0.0
NS301430,NV101769,NC201430,2026-07-23,PE,28395,0.15,False,,,,,,0.0,False,0.0,0.0,False,0.0,0.0,1821,6,938.0,795,False,,,0.0
NS301431,NV101770,NC201431,2026-03-27,ON,23895,0.13,True,Lender B (Prime),8.78,72.0,4100.0,24701.0,275.0,True,1800.0,936.0,False,0.0,0.0,546,2,381.0,395,False,,,0.0
NS301432,NV101772,NC201432,2025-11-11,ON,14995,0.13,False,,,,,,0.0,False,0.0,0.0,False,0.0,0.0,3353,9,1885.0,1395,False,,,0.0
NS301433,NV101773,NC201433,2025-05-21,SK,25495,0.11,True,Lender B (Prime),10.06,84.0,2300.0,28199.0,439.0,True,2200.0,1144.0,False,0.0,0.0,755,4,545.0,395,False,,,0.0
NS301434,NV101774,NC201434,2025-03-14,ON,12995,0.13,True,Lender C (Near-Prime),10.61,48.0,100.0,17184.0,113.0,True,2600.0,1352.0,False,0.0,0.0,487,4,366.0,395,False,,,0.0
NS301435,NV101775,NC201435,2026-03-25,ON,24795,0.13,False,,,,,,0.0,True,2600.0,1352.0,False,0.0,0.0,131,2,187.0,0,False,,,0.0
NS301436,NV101776,NC201436,2026-03-10,ON,19695,0.13,True,Lender A (Prime),7.97,72.0,3500.0,21905.0,390.0,True,3150.0,1638.0,False,0.0,0.0,150,3,197.0,0,False,,,0.0
NS301437,NV101777,NC201437,2024-02-25,BC,21395,0.12,True,Lender D (Subprime),18.44,60.0,3100.0,20862.0,320.0,False,0.0,0.0,False,0.0,0.0,605,4,437.0,395,False,,,0.0
NS301438,NV101778,NC201438,2024-07-15,SK,33595,0.11,True,Lender C (Near-Prime),11.15,72.0,2100.0,35890.0,425.0,False,0.0,0.0,True,700.0,280.0,803,3,537.0,395,False,,,0.0
NS301439,NV101779,NC201439,2026-07-08,AB,21995,0.05,True,Lender C (Near-Prime),12.84,60.0,2200.0,20895.0,163.0,False,0.0,0.0,False,0.0,0.0,3160,7,1607.0,1395,False,,,0.0
NS301440,NV101780,NC201440,2025-03-15,AB,17695,0.05,False,,,,,,0.0,False,0.0,0.0,False,0.0,0.0,307,4,295.0,395,False,,,0.0
NS301441,NV101782,NC201441,2025-04-26,QC,22195,0.14975,False,,,,,,0.0,True,1600.0,832.0,False,0.0,0.0,226,3,221.0,0,False,,,0.0
NS301442,NV101783,NC201442,2026-07-29,AB,19995,0.05,True,Lender D (Subprime),19.37,84.0,700.0,22945.0,416.0,True,2650.0,1378.0,False,0.0,0.0,290,4,264.0,0,False,,,0.0
NS301443,NV101785,NC201443,2024-05-09,ON,23595,0.13,False,,,,,,0.0,False,0.0,0.0,False,0.0,0.0,559,4,407.0,395,False,,,0.0
NS301444,NV101786,NC201444,2024-09-09,AB,29795,0.05,True,Lender A (Prime),9.59,72.0,3800.0,27485.0,401.0,False,0.0,0.0,False,0.0,0.0,279,2,273.0,0,False,,,0.0
NS301445,NV101787,NC201445,2026-04-18,AB,20695,0.05,True,Lender B (Prime),10.5,84.0,200.0,21530.0,119.0,False,0.0,0.0,False,0.0,0.0,237,4,227.0,0,False,,,0.0
NS301446,NV101788,NC201446,2025-05-31,ON,22595,0.13,True,Lender A (Prime),7.72,60.0,1500.0,24032.0,150.0,False,0.0,0.0,False,0.0,0.0,626,4,453.0,395,False,,,0.0
NS301447,NV101789,NC201447,2025-07-19,MB,11995,0.12,False,,,,,,0.0,True,1750.0,910.0,False,0.0,0.0,2135,7,1418.0,795,False,,,0.0
NS301448,NV101790,NC201448,2026-09-04,AB,22295,0.05,False,,,,,,0.0,False,0.0,0.0,False,0.0,0.0,267,4,255.0,0,False,,,0.0
NS301449,NV101791,NC201449,2025-07-03,ON,27495,0.13,False,,,,,,0.0,False,0.0,0.0,False,0.0,0.0,138,3,194.0,0,False,,,0.0
NS301450,NV101792,NC201450,2024-09-11,ON,15095,0.13,True,Lender B (Prime),7.36,72.0,1500.0,15557.0,146.0,False,0.0,0.0,False,0.0,0.0,560,3,392.0,395,False,,,0.0
NS301451,NV101793,NC201451,2025-07-13,SK,24495,0.11,True,Lender D (Subprime),16.47,84.0,3800.0,23389.0,168.0,False,0.0,0.0,False,0.0,0.0,972,3,590.0,395,False,,,0.0
NS301452,NV101794,NC201452,2024-11-27,ON,24995,0.13,True,Lender B (Prime),9.02,60.0,2100.0,29194.0,160.0,True,3050.0,1586.0,False,0.0,0.0,166,2,191.0,0,False,,,0.0
NS301453,NV101795,NC201453,2025-05-20,QC,27495,0.14975,False,,,,,,0.0,False,0.0,0.0,False,0.0,0.0,569,4,429.0,395,False,,,0.0
NS301454,NV101796,NC201454,2025-06-29,ON,18295,0.13,False,,,,,,0.0,True,2600.0,1352.0,False,0.0,0.0,146,4,194.0,0,False,,,0.0
NS301455,NV101797,NC201455,2024-02-27,ON,18995,0.13,True,Lender A (Prime),9.47,72.0,3300.0,19464.0,249.0,True,1300.0,676.0,False,0.0,0.0,541,3,397.0,395,False,,,0.0
NS301456,NV101798,NC201456,2024-04-14,ON,12795,0.13,True,Lender D (Subprime),16.93,72.0,1500.0,12958.0,202.0,False,0.0,0.0,False,0.0,0.0,611,4,456.0,395,False,,,0.0
NS301457,NV101799,NC201457,2026-07-05,AB,14495,0.05,True,Lender C (Near-Prime),14.06,72.0,1600.0,13620.0,108.0,False,0.0,0.0,False,0.0,0.0,300,2,286.0,0,False,,,0.0
NS301458,NV101801,NC201458,2026-07-08,NL,15395,0.15,True,Lender C (Near-Prime),12.47,72.0,200.0,20104.0,268.0,True,2600.0,1352.0,False,0.0,0.0,2636,8,1804.0,1395,True,2026-07-09,Vehicle condition not as expected,2891.0
NS301459,NV101802,NC201459,2026-07-27,ON,11995,0.13,False,,,,,,0.0,True,3350.0,1742.0,False,0.0,0.0,556,4,410.0,395,False,,,0.0
NS301460,NV101803,NC201460,2026-08-28,ON,40795,0.13,True,Lender A (Prime),7.03,72.0,600.0,45498.0,404.0,False,0.0,0.0,False,0.0,0.0,166,3,201.0,0,False,,,0.0
NS301461,NV101804,NC201461,2026-06-26,ON,27195,0.13,True,Lender C (Near-Prime),12.98,72.0,100.0,30630.0,548.0,False,0.0,0.0,False,0.0,0.0,152,4,203.0,0,False,,,0.0
NS301462,NV101806,NC201462,2025-07-06,NS,16095,0.14,False,,,,,,0.0,False,0.0,0.0,False,0.0,0.0,1757,4,1055.0,795,False,,,0.0
NS301463,NV101808,NC201463,2026-02-09,ON,11695,0.13,False,,,,,,0.0,True,3300.0,1716.0,False,0.0,0.0,601,2,514.0,395,False,,,0.0
NS301464,NV101809,NC201464,2026-06-29,ON,14595,0.13,True,Lender B (Prime),7.23,72.0,100.0,19342.0,160.0,True,2950.0,1534.0,False,0.0,0.0,143,2,192.0,0,False,,,0.0
NS301465,NV101810,NC201465,2024-10-29,BC,16895,0.12,False,,,,,,0.0,False,0.0,0.0,False,0.0,0.0,3423,8,1699.0,1395,False,,,0.0
NS301466,NV101811,NC201466,2025-05-25,ON,30395,0.13,True,Lender A (Prime),8.01,72.0,2000.0,36396.0,417.0,True,2800.0,1456.0,True,1250.0,500.0,148,3,187.0,0,False,,,0.0
NS301467,NV101812,NC201467,2025-10-22,ON,32695,0.13,False,,,,,,0.0,False,0.0,0.0,False,0.0,0.0,171,3,203.0,0,False,,,0.0
NS301468,NV101813,NC201468,2025-07-28,SK,17195,0.11,True,Lender C (Near-Prime),12.89,72.0,100.0,19836.0,144.0,False,0.0,0.0,True,850.0,340.0,2543,6,1391.0,1395,False,,,0.0
NS301469,NV101816,NC201469,2025-03-15,BC,18095,0.12,True,Lender D (Subprime),15.0,72.0,2500.0,20466.0,140.0,True,2700.0,1404.0,False,0.0,0.0,628,4,417.0,395,False,,,0.0
NS301470,NV101817,NC201470,2026-06-15,ON,22895,0.13,True,Lender D (Subprime),19.16,60.0,2100.0,23771.0,458.0,False,0.0,0.0,False,0.0,0.0,565,2,378.0,395,False,,,0.0
NS301471,NV101818,NC201471,2025-02-08,ON,21095,0.13,True,Lender A (Prime),6.97,72.0,2200.0,21637.0,152.0,False,0.0,0.0,False,0.0,0.0,166,4,207.0,0,False,,,0.0
NS301472,NV101819,NC201472,2024-08-14,BC,13695,0.12,False,,,,,,0.0,False,0.0,0.0,False,0.0,0.0,684,3,453.0,395,False,,,0.0
NS301473,NV101820,NC201473,2026-05-26,AB,13695,0.05,True,Lender C (Near-Prime),15.52,72.0,1400.0,14280.0,233.0,True,1300.0,676.0,False,0.0,0.0,303,2,281.0,395,False,,,0.0
NS301474,NV101821,NC201474,2025-04-12,ON,23695,0.13,True,Lender D (Subprime),19.11,60.0,0.0,28025.0,411.0,True,1250.0,650.0,False,0.0,0.0,2693,8,1340.0,1395,False,,,0.0
NS301475,NV101822,NC201475,2024-08-31,ON,18295,0.13,True,Lender C (Near-Prime),16.0,72.0,600.0,23073.0,420.0,True,1950.0,1014.0,True,1050.0,420.0,538,3,432.0,395,False,,,0.0
NS301476,NV101824,NC201476,2024-10-07,ON,14295,0.13,True,Lender B (Prime),8.15,60.0,1000.0,15153.0,270.0,False,0.0,0.0,False,0.0,0.0,3887,9,2129.0,1395,False,,,0.0
NS301477,NV101825,NC201477,2025-05-22,ON,21095,0.13,True,Lender D (Subprime),19.12,72.0,2200.0,22837.0,155.0,False,0.0,0.0,True,1200.0,480.0,3593,7,1772.0,1395,False,,,0.0
NS301478,NV101826,NC201478,2024-12-29,ON,17295,0.13,True,Lender C (Near-Prime),11.64,72.0,200.0,22043.0,428.0,True,2700.0,1404.0,False,0.0,0.0,160,2,208.0,0,True,2025-01-02,Found another vehicle,1500.0
NS301479,NV101827,NC201479,2026-01-05,ON,22295,0.13,True,Lender A (Prime),7.57,72.0,300.0,24893.0,201.0,False,0.0,0.0,False,0.0,0.0,131,4,191.0,0,False,,,0.0
NS301480,NV101829,NC201480,2025-03-18,ON,14195,0.13,True,Lender D (Subprime),22.13,72.0,1300.0,14740.0,156.0,False,0.0,0.0,False,0.0,0.0,152,3,198.0,0,False,,,0.0
NS301481,NV101830,NC201481,2025-12-04,BC,29795,0.12,True,Lender C (Near-Prime),12.82,84.0,2900.0,31570.0,608.0,False,0.0,0.0,True,1100.0,440.0,4196,9,2023.0,1395,False,,,0.0
NS301482,NV101831,NC201482,2026-06-20,AB,21495,0.05,True,Lender D (Subprime),19.6,72.0,2200.0,20370.0,317.0,False,0.0,0.0,False,0.0,0.0,282,4,300.0,0,False,,,0.0
NS301483,NV101833,NC201483,2026-07-11,AB,16395,0.05,True,Lender C (Near-Prime),13.32,84.0,300.0,17715.0,112.0,False,0.0,0.0,True,800.0,320.0,241,4,232.0,0,False,,,0.0
NS301484,NV101834,NC201484,2024-05-01,NS,21995,0.14,False,,,,,,0.0,True,3150.0,1638.0,False,0.0,0.0,4520,9,2651.0,1395,False,,,0.0
NS301485,NV101836,NC201485,2025-04-23,ON,21195,0.13,True,Lender D (Subprime),18.02,84.0,2500.0,21450.0,398.0,False,0.0,0.0,False,0.0,0.0,546,4,416.0,395,False,,,0.0
NS301486,NV101837,NC201486,2026-06-17,ON,18095,0.13,False,,,,,,0.0,True,3200.0,1664.0,False,0.0,0.0,140,2,202.0,0,False,,,0.0
NS301487,NV101838,NC201487,2025-07-04,ON,29695,0.13,False,,,,,,0.0,True,1300.0,676.0,False,0.0,0.0,160,3,201.0,0,True,2025-07-10,Vehicle condition not as expected,2100.0
NS301488,NV101840,NC201488,2026-03-08,SK,19995,0.11,True,Lender C (Near-Prime),13.39,84.0,2300.0,19894.0,225.0,False,0.0,0.0,False,0.0,0.0,2648,7,1614.0,1395,False,,,0.0
NS301489,NV101841,NC201489,2025-09-30,BC,12995,0.12,False,,,,,,0.0,False,0.0,0.0,False,0.0,0.0,4655,9,2781.0,1395,False,,,0.0
NS301490,NV101842,NC201490,2025-07-20,ON,27495,0.13,False,,,,,,0.0,True,1800.0,936.0,False,0.0,0.0,142,2,196.0,0,True,2025-07-22,Mechanical issue,1465.0
NS301491,NV101843,NC201491,2025-04-25,NS,29495,0.14,True,Lender D (Subprime),23.96,48.0,2700.0,33774.0,566.0,True,1450.0,754.0,True,1400.0,560.0,2096,5,1269.0,795,False,,,0.0
NS301492,NV101844,NC201492,2026-06-03,ON,27495,0.13,True,Lender D (Subprime),19.34,60.0,4600.0,28669.0,484.0,True,2200.0,1144.0,False,0.0,0.0,548,2,407.0,395,False,,,0.0
NS301493,NV101845,NC201493,2026-03-16,ON,37995,0.13,True,Lender C (Near-Prime),11.0,84.0,5400.0,37534.0,551.0,False,0.0,0.0,False,0.0,0.0,3087,7,1801.0,1395,False,,,0.0
NS301494,NV101846,NC201494,2025-06-01,ON,42295,0.13,True,Lender B (Prime),8.44,72.0,2100.0,45693.0,637.0,False,0.0,0.0,False,0.0,0.0,160,4,218.0,0,False,,,0.0
NS301495,NV101849,NC201495,2024-10-25,ON,38695,0.13,False,,,,,,0.0,False,0.0,0.0,False,0.0,0.0,121,4,189.0,0,False,,,0.0
NS301496,NV101850,NC201496,2026-09-07,ON,22695,0.13,False,,,,,,0.0,False,0.0,0.0,False,0.0,0.0,154,3,193.0,0,False,,,0.0
NS301497,NV101851,NC201497,2026-02-10,ON,13995,0.13,True,Lender A (Prime),9.92,60.0,1600.0,15814.0,259.0,True,1600.0,832.0,False,0.0,0.0,141,2,206.0,0,False,,,0.0
NS301498,NV101852,NC201498,2026-04-06,ON,19195,0.13,False,,,,,,0.0,True,2050.0,1066.0,False,0.0,0.0,151,2,193.0,0,False,,,0.0
NS301499,NV101853,NC201499,2024-07-12,BC,11095,0.12,True,Lender D (Subprime),19.74,84.0,700.0,14476.0,161.0,True,2750.0,1430.0,False,0.0,0.0,759,5,505.0,395,False,,,0.0
NS301500,NV101854,NC201500,2025-06-25,ON,15395,0.13,True,Lender A (Prime),7.43,84.0,1600.0,18796.0,327.0,True,3000.0,1560.0,False,0.0,0.0,180,2,216.0,0,False,,,0.0
NS301501,NV101855,NC201501,2024-07-03,ON,12795,0.13,True,Lender D (Subprime),18.29,72.0,1200.0,14158.0,186.0,False,0.0,0.0,True,900.0,360.0,165,2,204.0,0,False,,,0.0
NS301502,NV101856,NC201502,2024-12-01,ON,22995,0.13,False,,,,,,0.0,False,0.0,0.0,False,0.0,0.0,141,2,193.0,0,False,,,0.0
NS301503,NV101858,NC201503,2026-08-22,ON,12395,0.13,True,Lender C (Near-Prime),10.86,72.0,900.0,16056.0,106.0,True,2950.0,1534.0,False,0.0,0.0,157,3,209.0,0,False,,,0.0
NS301504,NV101859,NC201504,2025-11-26,AB,12295,0.05,True,Lender A (Prime),7.33,60.0,1800.0,11110.0,114.0,False,0.0,0.0,False,0.0,0.0,287,3,302.0,0,False,,,0.0
NS301505,NV101860,NC201505,2025-12-14,ON,27595,0.13,False,,,,,,0.0,False,0.0,0.0,False,0.0,0.0,142,4,196.0,0,False,,,0.0
NS301506,NV101861,NC201506,2025-07-09,ON,27895,0.13,True,Lender A (Prime),8.44,72.0,3700.0,28721.0,382.0,False,0.0,0.0,True,900.0,360.0,149,2,199.0,0,False,,,0.0
NS301507,NV101863,NC201507,2026-06-26,MB,12295,0.12,False,,,,,,0.0,True,2150.0,1118.0,False,0.0,0.0,1573,4,951.0,795,True,2026-07-02,Vehicle condition not as expected,3495.0
NS301508,NV101864,NC201508,2025-07-15,ON,35195,0.13,True,Lender B (Prime),8.14,72.0,4500.0,36020.0,214.0,False,0.0,0.0,True,750.0,300.0,156,2,205.0,0,False,,,0.0
NS301509,NV101865,NC201509,2026-07-24,ON,11795,0.13,True,Lender D (Subprime),22.58,72.0,1300.0,14928.0,173.0,True,2900.0,1508.0,False,0.0,0.0,3483,8,1872.0,1395,False,,,0.0
NS301510,NV101866,NC201510,2025-11-07,QC,11595,0.14975,True,Lender D (Subprime),21.64,48.0,2100.0,12981.0,234.0,True,1750.0,910.0,False,0.0,0.0,584,3,420.0,395,False,,,0.0
NS301511,NV101867,NC201511,2026-02-12,AB,23495,0.05,True,Lender B (Prime),9.53,72.0,1900.0,26970.0,345.0,True,3350.0,1742.0,True,850.0,340.0,325,4,276.0,395,False,,,0.0
NS301512,NV101868,NC201512,2026-02-10,ON,23395,0.13,False,,,,,,0.0,False,0.0,0.0,False,0.0,0.0,147,2,200.0,0,False,,,0.0
NS301513,NV101869,NC201513,2026-09-27,AB,11395,0.05,True,Lender D (Subprime),24.99,60.0,1500.0,12115.0,127.0,True,1650.0,858.0,False,0.0,0.0,312,2,281.0,395,False,,,0.0
NS301514,NV101870,NC201514,2026-06-20,NL,14095,0.15,True,Lender C (Near-Prime),11.47,84.0,2000.0,16209.0,93.0,True,2000.0,1040.0,False,0.0,0.0,5934,13,3905.0,1395,False,,,0.0
NS301515,NV101871,NC201515,2026-03-20,AB,14095,0.05,False,,,,,,0.0,False,0.0,0.0,False,0.0,0.0,3288,8,1809.0,1395,False,,,0.0
NS301516,NV101872,NC201516,2026-06-06,PE,18695,0.15,False,,,,,,0.0,True,1200.0,624.0,False,0.0,0.0,1785,4,1187.0,795,False,,,0.0
NS301517,NV101873,NC201517,2025-11-01,ON,21595,0.13,False,,,,,,0.0,True,2700.0,1404.0,False,0.0,0.0,148,4,202.0,0,False,,,0.0
NS301518,NV101874,NC201518,2024-05-07,AB,18195,0.05,True,Lender D (Subprime),16.43,72.0,800.0,20005.0,178.0,True,1700.0,884.0,False,0.0,0.0,3053,7,1646.0,1395,False,,,0.0
NS301519,NV101875,NC201519,2024-11-12,BC,14095,0.12,True,Lender B (Prime),7.59,60.0,1700.0,15886.0,140.0,True,1800.0,936.0,False,0.0,0.0,4685,10,2525.0,1395,False,,,0.0
NS301520,NV101876,NC201520,2025-06-30,ON,15495,0.13,False,,,,,,0.0,True,3100.0,1612.0,False,0.0,0.0,2993,7,1975.0,1395,False,,,0.0
NS301521,NV101877,NC201521,2026-05-30,QC,29395,0.14975,False,,,,,,0.0,False,0.0,0.0,False,0.0,0.0,608,3,469.0,395,False,,,0.0
NS301522,NV101878,NC201522,2026-06-23,ON,21895,0.13,False,,,,,,0.0,False,0.0,0.0,False,0.0,0.0,145,2,202.0,0,False,,,0.0
NS301523,NV101879,NC201523,2025-03-24,ON,18195,0.13,False,,,,,,0.0,True,1450.0,754.0,False,0.0,0.0,135,3,200.0,0,False,,,0.0
NS301524,NV101880,NC201524,2024-09-14,AB,28395,0.05,True,Lender A (Prime),7.67,48.0,200.0,29615.0,170.0,False,0.0,0.0,False,0.0,0.0,260,3,266.0,0,False,,,0.0
NS301525,NV101882,NC201525,2026-06-07,ON,23795,0.13,False,,,,,,0.0,True,2600.0,1352.0,False,0.0,0.0,544,3,379.0,395,False,,,0.0
NS301526,NV101883,NC201526,2026-06-14,AB,15595,0.05,True,Lender B (Prime),6.56,60.0,1100.0,15275.0,104.0,False,0.0,0.0,False,0.0,0.0,298,3,259.0,0,False,,,0.0
NS301527,NV101885,NC201527,2026-08-11,NB,10495,0.15,False,,,,,,0.0,False,0.0,0.0,False,0.0,0.0,4873,11,2902.0,1395,False,,,0.0
NS301528,NV101886,NC201528,2026-09-25,ON,12795,0.13,True,Lender B (Prime),8.63,84.0,2300.0,12158.0,78.0,False,0.0,0.0,False,0.0,0.0,3246,6,1883.0,1395,False,,,0.0
NS301529,NV101887,NC201529,2026-02-06,PE,17195,0.15,False,,,,,,0.0,True,2000.0,1040.0,False,0.0,0.0,1819,4,1034.0,795,False,,,0.0
NS301530,NV101888,NC201530,2025-09-26,ON,22795,0.13,True,Lender A (Prime),5.9,48.0,3200.0,25058.0,500.0,True,1500.0,780.0,True,1000.0,400.0,3060,8,1462.0,1395,False,,,0.0
NS301531,NV101889,NC201531,2025-05-27,BC,19495,0.12,False,,,,,,0.0,True,1800.0,936.0,False,0.0,0.0,664,5,478.0,395,False,,,0.0
NS301532,NV101890,NC201532,2025-08-15,ON,20295,0.13,True,Lender A (Prime),7.52,72.0,2800.0,24433.0,380.0,True,2900.0,1508.0,True,1400.0,560.0,133,2,195.0,0,False,,,0.0
NS301533,NV101891,NC201533,2025-12-07,ON,47195,0.13,False,,,,,,0.0,False,0.0,0.0,False,0.0,0.0,3500,7,1873.0,1395,False,,,0.0
NS301534,NV101892,NC201534,2026-03-17,AB,11695,0.05,True,Lender D (Subprime),20.76,60.0,400.0,11880.0,237.0,False,0.0,0.0,False,0.0,0.0,278,2,229.0,0,False,,,0.0
NS301535,NV101893,NC201535,2025-06-12,BC,49495,0.12,True,Lender B (Prime),7.53,72.0,9700.0,46734.0,824.0,False,0.0,0.0,True,1000.0,400.0,873,3,565.0,395,False,,,0.0
NS301536,NV101894,NC201536,2024-08-28,ON,15295,0.13,True,Lender B (Prime),7.33,72.0,700.0,19683.0,288.0,True,1750.0,910.0,True,1350.0,540.0,137,2,178.0,0,False,,,0.0
NS301537,NV101895,NC201537,2026-04-21,AB,29895,0.05,True,Lender C (Near-Prime),12.26,84.0,2000.0,29390.0,397.0,False,0.0,0.0,False,0.0,0.0,321,3,294.0,395,False,,,0.0
NS301538,NV101896,NC201538,2025-05-09,AB,14295,0.05,True,Lender A (Prime),6.67,72.0,1600.0,13410.0,142.0,False,0.0,0.0,False,0.0,0.0,3733,8,2275.0,1395,False,,,0.0
NS301539,NV101897,NC201539,2024-12-10,ON,15095,0.13,True,Lender B (Prime),8.88,84.0,1300.0,16657.0,233.0,False,0.0,0.0,True,900.0,360.0,165,3,217.0,0,False,,,0.0
NS301540,NV101898,NC201540,2024-06-17,ON,28895,0.13,False,,,,,,0.0,False,0.0,0.0,False,0.0,0.0,163,3,207.0,0,False,,,0.0
NS301541,NV101899,NC201541,2025-12-04,BC,25195,0.12,False,,,,,,0.0,True,1900.0,988.0,False,0.0,0.0,752,3,489.0,395,False,,,0.0
NS301542,NV101900,NC201542,2024-02-14,ON,17595,0.13,True,Lender C (Near-Prime),13.42,60.0,3100.0,16782.0,300.0,False,0.0,0.0,False,0.0,0.0,173,2,194.0,0,False,,,0.0
NS301543,NV101901,NC201543,2024-12-05,NS,14395,0.14,True,Lender B (Prime),7.66,84.0,1800.0,17860.0,169.0,True,3250.0,1690.0,False,0.0,0.0,1754,6,926.0,795,True,2024-12-07,Found another vehicle,2211.0
NS301544,NV101903,NC201544,2025-04-07,ON,33195,0.13,True,Lender B (Prime),8.14,84.0,6400.0,32560.0,181.0,True,1450.0,754.0,False,0.0,0.0,147,3,192.0,0,False,,,0.0
NS301545,NV101904,NC201545,2025-06-13,ON,17495,0.13,False,,,,,,0.0,False,0.0,0.0,True,750.0,300.0,3281,7,1612.0,1395,False,,,0.0
NS301546,NV101905,NC201546,2025-03-10,ON,10495,0.13,True,Lender C (Near-Prime),14.36,84.0,100.0,11759.0,119.0,False,0.0,0.0,False,0.0,0.0,132,2,196.0,0,False,,,0.0
NS301547,NV101906,NC201547,2025-05-17,ON,29195,0.13,True,Lender D (Subprime),20.55,84.0,2300.0,30690.0,337.0,False,0.0,0.0,False,0.0,0.0,148,4,211.0,0,False,,,0.0
NS301548,NV101908,NC201548,2026-02-01,ON,15895,0.13,True,Lender A (Prime),7.37,48.0,1700.0,16261.0,199.0,False,0.0,0.0,False,0.0,0.0,551,3,411.0,395,False,,,0.0
NS301549,NV101909,NC201549,2025-07-13,NS,16595,0.14,True,Lender C (Near-Prime),13.33,72.0,100.0,22018.0,275.0,True,3200.0,1664.0,False,0.0,0.0,2167,5,1594.0,795,False,,,0.0
NS301550,NV101912,NC201550,2026-02-08,ON,22695,0.13,True,Lender C (Near-Prime),14.58,84.0,700.0,24945.0,373.0,False,0.0,0.0,False,0.0,0.0,585,2,450.0,395,False,,,0.0
NS301551,NV101914,NC201551,2025-06-24,ON,24995,0.13,True,Lender C (Near-Prime),15.86,72.0,4700.0,24744.0,401.0,False,0.0,0.0,True,1200.0,480.0,624,4,465.0,395,False,,,0.0
NS301552,NV101915,NC201552,2026-03-25,SK,10095,0.11,True,Lender C (Near-Prime),13.13,84.0,1900.0,10705.0,204.0,True,1400.0,728.0,False,0.0,0.0,2757,7,1540.0,1395,False,,,0.0
NS301553,NV101916,NC201553,2025-12-01,ON,23295,0.13,True,Lender B (Prime),7.65,48.0,800.0,25523.0,380.0,False,0.0,0.0,False,0.0,0.0,153,3,214.0,0,False,,,0.0
NS301554,NV101917,NC201554,2026-08-26,ON,15795,0.13,True,Lender B (Prime),8.76,60.0,1400.0,18148.0,145.0,True,1700.0,884.0,False,0.0,0.0,162,4,192.0,0,False,,,0.0
NS301555,NV101918,NC201555,2024-12-09,ON,13895,0.13,False,,,,,,0.0,False,0.0,0.0,False,0.0,0.0,183,2,218.0,0,False,,,0.0
NS301556,NV101919,NC201556,2025-08-01,ON,19895,0.13,True,Lender B (Prime),8.43,84.0,2700.0,21931.0,128.0,True,2150.0,1118.0,False,0.0,0.0,130,4,198.0,0,False,,,0.0
NS301557,NV101920,NC201557,2025-08-28,AB,34995,0.05,True,Lender C (Near-Prime),11.26,72.0,5500.0,34595.0,504.0,True,3350.0,1742.0,False,0.0,0.0,3007,8,1323.0,1395,False,,,0.0
NS301558,NV101921,NC201558,2024-09-06,AB,34795,0.05,True,Lender C (Near-Prime),11.24,48.0,2000.0,35785.0,597.0,False,0.0,0.0,True,1250.0,500.0,302,3,270.0,395,False,,,0.0
NS301559,NV101922,NC201559,2024-12-23,SK,18095,0.11,False,,,,,,0.0,False,0.0,0.0,False,0.0,0.0,2984,8,1694.0,1395,False,,,0.0
NS301560,NV101923,NC201560,2025-11-17,QC,31395,0.14975,True,Lender B (Prime),7.33,60.0,1400.0,35646.0,360.0,False,0.0,0.0,True,950.0,380.0,262,2,244.0,0,False,,,0.0
NS301561,NV101924,NC201561,2024-09-15,NS,28695,0.14,False,,,,,,0.0,False,0.0,0.0,False,0.0,0.0,3779,8,2244.0,1395,False,,,0.0
NS301562,NV101925,NC201562,2025-09-07,ON,17295,0.13,True,Lender C (Near-Prime),10.5,72.0,1000.0,19843.0,141.0,True,1300.0,676.0,False,0.0,0.0,554,2,434.0,395,False,,,0.0
NS301563,NV101926,NC201563,2026-06-01,BC,18095,0.12,False,,,,,,0.0,True,3250.0,1690.0,False,0.0,0.0,866,5,651.0,395,False,,,0.0
NS301564,NV101928,NC201564,2024-04-06,AB,16995,0.05,False,,,,,,0.0,False,0.0,0.0,False,0.0,0.0,289,3,259.0,0,False,,,0.0
NS301565,NV101930,NC201565,2024-12-02,ON,17495,0.13,True,Lender B (Prime),9.2,48.0,1600.0,20869.0,370.0,True,2700.0,1404.0,False,0.0,0.0,185,2,233.0,0,False,,,0.0
NS301566,NV101932,NC201566,2025-09-01,ON,9995,0.13,False,,,,,,0.0,True,2950.0,1534.0,False,0.0,0.0,148,2,197.0,0,False,,,0.0
NS301567,NV101933,NC201567,2026-01-11,ON,10895,0.13,True,Lender A (Prime),6.55,60.0,1000.0,12611.0,80.0,True,1300.0,676.0,False,0.0,0.0,4032,8,2108.0,1395,False,,,0.0
NS301568,NV101935,NC201568,2025-02-14,AB,27895,0.05,True,Lender A (Prime),10.5,60.0,2000.0,30290.0,552.0,True,3000.0,1560.0,False,0.0,0.0,4003,8,1887.0,1395,True,2025-02-19,Mechanical issue,3383.0
NS301569,NV101937,NC201569,2026-05-04,AB,34895,0.05,True,Lender A (Prime),7.57,72.0,3800.0,32840.0,269.0,False,0.0,0.0,False,0.0,0.0,288,2,265.0,0,False,,,0.0
NS301570,NV101938,NC201570,2024-02-11,NS,24795,0.14,False,,,,,,0.0,False,0.0,0.0,False,0.0,0.0,4522,8,2442.0,1395,False,,,0.0
NS301571,NV101939,NC201571,2025-09-25,AB,54395,0.05,True,Lender C (Near-Prime),12.92,72.0,6400.0,53415.0,1011.0,True,1900.0,988.0,True,800.0,320.0,3785,9,2149.0,1395,False,,,0.0
NS301572,NV101940,NC201572,2025-04-30,ON,25995,0.13,True,Lender A (Prime),8.64,60.0,4200.0,25174.0,239.0,False,0.0,0.0,False,0.0,0.0,696,5,412.0,395,True,2025-05-03,Changed mind,1883.0
NS301573,NV101942,NC201573,2024-11-07,ON,28895,0.13,True,Lender B (Prime),7.54,84.0,4700.0,27951.0,550.0,False,0.0,0.0,False,0.0,0.0,142,4,201.0,0,False,,,0.0
NS301574,NV101943,NC201574,2025-09-08,ON,45895,0.13,True,Lender C (Near-Prime),13.32,72.0,2600.0,51861.0,754.0,True,2600.0,1352.0,False,0.0,0.0,139,2,207.0,0,False,,,0.0
NS301575,NV101944,NC201575,2026-09-19,ON,19195,0.13,True,Lender C (Near-Prime),11.45,72.0,800.0,20890.0,394.0,False,0.0,0.0,False,0.0,0.0,145,2,203.0,0,False,,,0.0
NS301576,NV101945,NC201576,2026-07-18,ON,12795,0.13,True,Lender B (Prime),8.57,84.0,2200.0,12258.0,188.0,False,0.0,0.0,False,0.0,0.0,4175,10,2346.0,1395,True,2026-07-25,Changed mind,4555.0
NS301577,NV101946,NC201577,2024-05-05,AB,28295,0.05,True,Lender B (Prime),7.27,84.0,5200.0,25710.0,238.0,False,0.0,0.0,True,1200.0,480.0,329,2,294.0,395,False,,,0.0
NS301578,NV101947,NC201578,2024-10-12,SK,21695,0.11,False,,,,,,0.0,False,0.0,0.0,False,0.0,0.0,770,3,527.0,395,False,,,0.0
NS301579,NV101948,NC201579,2026-05-26,MB,11995,0.12,True,Lender A (Prime),6.99,48.0,700.0,15784.0,298.0,True,2200.0,1144.0,True,850.0,340.0,1306,5,805.0,795,False,,,0.0
NS301580,NV101949,NC201580,2024-08-09,QC,10295,0.14975,True,Lender C (Near-Prime),12.88,72.0,900.0,10937.0,65.0,False,0.0,0.0,False,0.0,0.0,499,2,358.0,395,True,2024-08-15,Vehicle condition not as expected,1503.0
NS301581,NV101952,NC201581,2026-08-06,ON,21895,0.13,True,Lender A (Prime),8.21,84.0,2900.0,24341.0,271.0,True,2500.0,1300.0,False,0.0,0.0,146,3,200.0,0,False,,,0.0
NS301582,NV101953,NC201582,2026-01-22,ON,16195,0.13,False,,,,,,0.0,False,0.0,0.0,False,0.0,0.0,146,3,189.0,0,False,,,0.0
NS301583,NV101954,NC201583,2025-05-19,BC,16395,0.12,True,Lender C (Near-Prime),12.71,60.0,2100.0,17262.0,242.0,False,0.0,0.0,True,1000.0,400.0,778,3,466.0,395,False,,,0.0
NS301584,NV101955,NC201584,2024-08-20,ON,12295,0.13,False,,,,,,0.0,False,0.0,0.0,False,0.0,0.0,3692,7,2026.0,1395,False,,,0.0
NS301585,NV101956,NC201585,2026-09-02,AB,19995,0.05,True,Lender B (Prime),8.81,84.0,200.0,23395.0,389.0,True,2600.0,1352.0,False,0.0,0.0,276,2,266.0,0,False,,,0.0
NS301586,NV101957,NC201586,2025-12-20,ON,15395,0.13,True,Lender B (Prime),7.97,48.0,2300.0,18396.0,316.0,True,3300.0,1716.0,False,0.0,0.0,144,3,207.0,0,False,,,0.0
NS301587,NV101958,NC201587,2026-09-27,ON,19295,0.13,False,,,,,,0.0,False,0.0,0.0,False,0.0,0.0,567,3,416.0,395,False,,,0.0
NS301588,NV101961,NC201588,2025-05-16,ON,49395,0.13,True,Lender B (Prime),9.26,60.0,1300.0,54516.0,1050.0,False,0.0,0.0,False,0.0,0.0,136,4,177.0,0,False,,,0.0
NS301589,NV101962,NC201589,2025-01-24,BC,14195,0.12,False,,,,,,0.0,False,0.0,0.0,False,0.0,0.0,664,5,463.0,395,False,,,0.0
NS301590,NV101963,NC201590,2024-12-25,ON,42795,0.13,False,,,,,,0.0,True,1400.0,728.0,False,0.0,0.0,169,3,213.0,0,False,,,0.0
NS301591,NV101965,NC201591,2025-07-18,ON,13395,0.13,False,,,,,,0.0,True,2200.0,1144.0,False,0.0,0.0,167,3,209.0,0,False,,,0.0
NS301592,NV101966,NC201592,2025-04-07,ON,13395,0.13,True,Lender D (Subprime),17.31,60.0,1400.0,14886.0,149.0,False,0.0,0.0,True,1150.0,460.0,563,4,430.0,395,False,,,0.0
NS301593,NV101967,NC201593,2026-04-21,NL,11495,0.15,True,Lender D (Subprime),18.95,72.0,800.0,12419.0,123.0,False,0.0,0.0,False,0.0,0.0,3687,8,2295.0,1395,False,,,0.0
NS301594,NV101969,NC201594,2024-09-22,ON,25695,0.13,True,Lender C (Near-Prime),15.55,84.0,2300.0,28085.0,538.0,False,0.0,0.0,True,1350.0,540.0,3323,9,1743.0,1395,False,,,0.0
NS301595,NV101971,NC201595,2025-12-28,AB,15395,0.05,True,Lender A (Prime),5.9,84.0,1200.0,14965.0,280.0,False,0.0,0.0,False,0.0,0.0,3409,9,1997.0,1395,False,,,0.0
NS301596,NV101972,NC201596,2025-08-06,AB,19695,0.05,True,Lender A (Prime),7.4,72.0,2000.0,19530.0,174.0,False,0.0,0.0,True,850.0,340.0,291,4,275.0,0,False,,,0.0
NS301597,NV101974,NC201597,2025-04-23,ON,31995,0.13,True,Lender B (Prime),6.26,60.0,300.0,39854.0,691.0,True,2750.0,1430.0,True,1250.0,500.0,149,3,202.0,0,False,,,0.0
NS301598,NV101976,NC201598,2026-05-28,NS,19595,0.14,True,Lender B (Prime),10.44,84.0,3300.0,19038.0,121.0,False,0.0,0.0,False,0.0,0.0,4744,10,2493.0,1395,False,,,0.0
NS301599,NV101978,NC201599,2025-01-17,ON,18495,0.13,True,Lender B (Prime),8.47,60.0,2200.0,18699.0,257.0,False,0.0,0.0,False,0.0,0.0,141,4,190.0,0,False,,,0.0
NS301600,NV101979,NC201600,2025-05-30,ON,24395,0.13,False,,,,,,0.0,False,0.0,0.0,False,0.0,0.0,137,3,183.0,0,False,,,0.0
NS301601,NV101980,NC201601,2025-08-28,ON,15695,0.13,True,Lender D (Subprime),20.6,60.0,500.0,17235.0,269.0,False,0.0,0.0,False,0.0,0.0,597,3,397.0,395,False,,,0.0
NS301602,NV101981,NC201602,2024-04-19,MB,27495,0.12,True,Lender B (Prime),7.64,60.0,4700.0,29344.0,156.0,True,2250.0,1170.0,True,1000.0,400.0,2520,5,1223.0,1395,False,,,0.0
NS301603,NV101983,NC201603,2026-05-04,ON,19495,0.13,True,Lender C (Near-Prime),10.94,84.0,2000.0,20029.0,132.0,False,0.0,0.0,False,0.0,0.0,134,3,180.0,0,False,,,0.0
NS301604,NV101984,NC201604,2025-06-15,ON,32895,0.13,True,Lender A (Prime),8.1,72.0,500.0,38271.0,455.0,True,1600.0,832.0,False,0.0,0.0,164,3,203.0,0,False,,,0.0
NS301605,NV101985,NC201605,2025-03-30,ON,37095,0.13,True,Lender C (Near-Prime),11.09,72.0,1800.0,40117.0,255.0,False,0.0,0.0,False,0.0,0.0,3261,9,1765.0,1395,False,,,0.0
NS301606,NV101988,NC201606,2026-07-22,NB,14395,0.15,False,,,,,,0.0,False,0.0,0.0,True,1150.0,460.0,789,4,561.0,395,True,2026-07-25,Vehicle condition not as expected,3147.0
NS301607,NV101989,NC201607,2024-06-25,NB,20895,0.15,True,Lender C (Near-Prime),12.54,60.0,1100.0,22929.0,305.0,False,0.0,0.0,False,0.0,0.0,882,5,540.0,395,False,,,0.0
NS301608,NV101990,NC201608,2025-10-29,ON,31795,0.13,True,Lender D (Subprime),18.31,72.0,6200.0,30828.0,409.0,False,0.0,0.0,True,1100.0,440.0,702,3,437.0,395,False,,,0.0
NS301609,NV101991,NC201609,2025-07-17,ON,22395,0.13,True,Lender C (Near-Prime),10.83,84.0,500.0,24806.0,368.0,False,0.0,0.0,False,0.0,0.0,172,3,215.0,0,False,,,0.0
NS301610,NV101992,NC201610,2025-04-23,ON,35995,0.13,True,Lender A (Prime),8.4,48.0,4300.0,36374.0,525.0,False,0.0,0.0,False,0.0,0.0,150,2,198.0,0,False,,,0.0
NS301611,NV101993,NC201611,2026-02-15,SK,16195,0.11,False,,,,,,0.0,True,1600.0,832.0,False,0.0,0.0,3118,8,1750.0,1395,False,,,0.0
NS301612,NV101994,NC201612,2025-06-03,ON,32295,0.13,True,Lender B (Prime),8.36,48.0,3500.0,32993.0,660.0,False,0.0,0.0,False,0.0,0.0,3267,9,1807.0,1395,False,,,0.0
NS301613,NV101995,NC201613,2024-11-04,AB,33395,0.05,True,Lender D (Subprime),18.27,72.0,5800.0,29265.0,578.0,False,0.0,0.0,False,0.0,0.0,3485,9,2078.0,1395,False,,,0.0
NS301614,NV101996,NC201614,2024-11-17,SK,24295,0.11,False,,,,,,0.0,True,1450.0,754.0,False,0.0,0.0,3050,7,1803.0,1395,False,,,0.0
NS301615,NV101997,NC201615,2024-08-07,NB,23495,0.15,True,Lender A (Prime),6.84,60.0,3700.0,23319.0,227.0,False,0.0,0.0,False,0.0,0.0,1272,3,931.0,795,False,,,0.0
NS301616,NV101998,NC201616,2026-03-25,NS,8395,0.14,True,Lender C (Near-Prime),12.6,60.0,500.0,10470.0,170.0,True,1400.0,728.0,False,0.0,0.0,1535,6,912.0,795,False,,,0.0
NS301617,NV101999,NC201617,2025-08-13,ON,21095,0.13,False,,,,,,0.0,True,1850.0,962.0,False,0.0,0.0,157,3,205.0,0,False,,,0.0
NS301618,NV102001,NC201618,2026-09-20,ON,21595,0.13,True,Lender B (Prime),8.84,60.0,700.0,24702.0,480.0,False,0.0,0.0,True,1000.0,400.0,148,2,203.0,0,False,,,0.0
NS301619,NV102002,NC201619,2025-05-28,ON,42295,0.13,True,Lender C (Near-Prime),13.76,48.0,7300.0,40493.0,423.0,False,0.0,0.0,False,0.0,0.0,133,4,179.0,0,False,,,0.0
NS301620,NV102003,NC201620,2025-09-06,ON,14095,0.13,True,Lender C (Near-Prime),13.74,72.0,200.0,18977.0,359.0,True,3250.0,1690.0,False,0.0,0.0,2992,6,1658.0,1395,True,2025-09-11,Found another vehicle,2967.0
NS301621,NV102004,NC201621,2026-05-26,MB,26195,0.12,True,Lender D (Subprime),20.24,72.0,3000.0,26338.0,275.0,False,0.0,0.0,False,0.0,0.0,2020,5,1247.0,795,False,,,0.0
NS301622,NV102006,NC201622,2026-04-25,ON,31595,0.13,True,Lender A (Prime),7.84,48.0,6100.0,31102.0,541.0,True,1500.0,780.0,False,0.0,0.0,156,3,198.0,0,True,2026-05-05,Vehicle condition not as expected,1305.0
NS301623,NV102008,NC201623,2025-09-12,ON,42395,0.13,False,,,,,,0.0,True,2100.0,1092.0,False,0.0,0.0,153,2,206.0,0,False,,,0.0
NS301624,NV102010,NC201624,2024-09-28,ON,26595,0.13,True,Lender C (Near-Prime),13.21,72.0,2000.0,28052.0,516.0,False,0.0,0.0,False,0.0,0.0,161,4,187.0,0,False,,,0.0
NS301625,NV102011,NC201625,2025-08-29,ON,28895,0.13,True,Lender C (Near-Prime),11.94,72.0,5700.0,26951.0,348.0,False,0.0,0.0,False,0.0,0.0,3243,8,1847.0,1395,False,,,0.0
NS301626,NV102012,NC201626,2025-04-02,ON,17395,0.13,True,Lender B (Prime),9.51,60.0,2800.0,16856.0,327.0,False,0.0,0.0,False,0.0,0.0,3595,9,2184.0,1395,False,,,0.0
NS301627,NV102013,NC201627,2024-10-18,ON,9595,0.13,True,Lender D (Subprime),19.41,84.0,500.0,11842.0,118.0,True,1500.0,780.0,False,0.0,0.0,3462,9,1736.0,1395,False,,,0.0
NS301628,NV102014,NC201628,2026-07-04,ON,11195,0.13,True,Lender A (Prime),7.13,60.0,300.0,12350.0,149.0,False,0.0,0.0,False,0.0,0.0,534,2,338.0,395,False,,,0.0
NS301629,NV102015,NC201629,2026-04-17,BC,24495,0.12,True,Lender B (Prime),9.24,48.0,2500.0,24934.0,377.0,False,0.0,0.0,False,0.0,0.0,697,5,468.0,395,False,,,0.0
NS301630,NV102016,NC201630,2026-05-04,NS,11195,0.14,True,Lender A (Prime),7.01,72.0,2200.0,11562.0,187.0,False,0.0,0.0,True,1000.0,400.0,1989,6,1207.0,795,False,,,0.0
NS301631,NV102020,NC201631,2024-05-28,BC,22895,0.12,False,,,,,,0.0,False,0.0,0.0,False,0.0,0.0,4939,10,2659.0,1395,False,,,0.0
NS301632,NV102021,NC201632,2024-09-27,ON,21995,0.13,True,Lender C (Near-Prime),14.27,72.0,2400.0,23804.0,190.0,True,1350.0,702.0,False,0.0,0.0,140,2,190.0,0,False,,,0.0
NS301633,NV102023,NC201633,2026-05-14,ON,26195,0.13,False,,,,,,0.0,False,0.0,0.0,False,0.0,0.0,144,3,179.0,0,False,,,0.0
NS301634,NV102025,NC201634,2025-09-04,NL,29395,0.15,True,Lender B (Prime),6.68,60.0,2000.0,31804.0,472.0,False,0.0,0.0,False,0.0,0.0,2563,5,1792.0,1395,False,,,0.0
NS301635,NV102026,NC201635,2025-07-26,BC,17895,0.12,False,,,,,,0.0,False,0.0,0.0,False,0.0,0.0,772,4,513.0,395,False,,,0.0
NS301636,NV102027,NC201636,2025-09-21,ON,16995,0.13,True,Lender D (Subprime),21.08,72.0,2100.0,19254.0,271.0,True,2150.0,1118.0,False,0.0,0.0,149,2,195.0,0,False,,,0.0
NS301637,NV102029,NC201637,2024-05-15,ON,58095,0.13,True,Lender C (Near-Prime),14.24,84.0,4800.0,60847.0,621.0,False,0.0,0.0,False,0.0,0.0,596,3,442.0,395,False,,,0.0
NS301638,NV102030,NC201638,2025-04-25,BC,12595,0.12,True,Lender C (Near-Prime),10.5,84.0,700.0,13406.0,237.0,False,0.0,0.0,False,0.0,0.0,5187,9,3150.0,1395,False,,,0.0
NS301639,NV102031,NC201639,2024-03-22,QC,18195,0.14975,True,Lender C (Near-Prime),10.5,72.0,1900.0,21470.0,213.0,True,1550.0,806.0,True,900.0,360.0,215,2,222.0,0,False,,,0.0
NS301640,NV102032,NC201640,2026-04-06,BC,18795,0.12,False,,,,,,0.0,False,0.0,0.0,False,0.0,0.0,4868,9,2915.0,1395,False,,,0.0
NS301641,NV102033,NC201641,2024-08-16,ON,24295,0.13,True,Lender A (Prime),8.9,48.0,4300.0,23153.0,165.0,False,0.0,0.0,False,0.0,0.0,150,4,183.0,0,False,,,0.0
NS301642,NV102034,NC201642,2024-10-19,ON,33595,0.13,True,Lender D (Subprime),16.8,72.0,5300.0,34662.0,432.0,True,2000.0,1040.0,False,0.0,0.0,179,2,207.0,0,False,,,0.0
NS301643,NV102035,NC201643,2024-12-05,QC,20295,0.14975,True,Lender C (Near-Prime),13.29,60.0,1700.0,23334.0,209.0,True,1700.0,884.0,False,0.0,0.0,492,4,351.0,395,False,,,0.0
NS301644,NV102037,NC201644,2026-07-05,ON,16395,0.13,True,Lender C (Near-Prime),13.79,84.0,1500.0,17026.0,178.0,False,0.0,0.0,False,0.0,0.0,160,2,196.0,0,False,,,0.0
NS301645,NV102038,NC201645,2026-09-07,AB,28795,0.05,True,Lender C (Near-Prime),11.33,72.0,2000.0,28235.0,397.0,False,0.0,0.0,False,0.0,0.0,3182,6,1494.0,1395,False,,,0.0
NS301646,NV102039,NC201646,2025-10-30,AB,33895,0.05,False,,,,,,0.0,True,1500.0,780.0,False,0.0,0.0,338,3,296.0,395,False,,,0.0
NS301647,NV102041,NC201647,2025-10-12,ON,13595,0.13,True,Lender A (Prime),9.37,72.0,500.0,14862.0,83.0,False,0.0,0.0,False,0.0,0.0,152,4,204.0,0,True,2025-10-13,Vehicle condition not as expected,1391.0
NS301648,NV102042,NC201648,2025-10-14,NS,17595,0.14,False,,,,,,0.0,False,0.0,0.0,False,0.0,0.0,1835,5,1137.0,795,False,,,0.0
NS301649,NV102044,NC201649,2026-04-04,ON,24495,0.13,True,Lender B (Prime),9.56,48.0,800.0,27629.0,500.0,False,0.0,0.0,True,750.0,300.0,173,3,199.0,0,False,,,0.0
NS301650,NV102045,NC201650,2026-06-08,ON,31095,0.13,False,,,,,,0.0,False,0.0,0.0,False,0.0,0.0,523,3,380.0,395,False,,,0.0
NS301651,NV102047,NC201651,2025-06-12,ON,50095,0.13,True,Lender B (Prime),8.72,72.0,9500.0,47107.0,395.0,False,0.0,0.0,False,0.0,0.0,150,2,205.0,0,False,,,0.0
NS301652,NV102048,NC201652,2026-05-21,SK,21695,0.11,True,Lender B (Prime),9.49,72.0,3500.0,20581.0,183.0,False,0.0,0.0,False,0.0,0.0,793,4,460.0,395,False,,,0.0
NS301653,NV102049,NC201653,2026-04-07,ON,12695,0.13,True,Lender C (Near-Prime),13.58,60.0,300.0,14045.0,174.0,False,0.0,0.0,False,0.0,0.0,128,3,193.0,0,False,,,0.0
NS301654,NV102051,NC201654,2025-08-23,ON,9895,0.13,False,,,,,,0.0,False,0.0,0.0,False,0.0,0.0,145,4,192.0,0,False,,,0.0
NS301655,NV102052,NC201655,2024-10-11,AB,15395,0.05,False,,,,,,0.0,False,0.0,0.0,False,0.0,0.0,274,4,268.0,0,False,,,0.0
NS301656,NV102053,NC201656,2026-07-04,ON,20495,0.13,True,Lender A (Prime),9.26,48.0,2100.0,22209.0,344.0,False,0.0,0.0,True,1150.0,460.0,158,4,222.0,0,False,,,0.0
NS301657,NV102054,NC201657,2024-10-14,ON,16695,0.13,True,Lender B (Prime),6.34,60.0,1600.0,18515.0,136.0,True,1250.0,650.0,False,0.0,0.0,135,4,187.0,0,False,,,0.0
NS301658,NV102055,NC201658,2026-01-07,AB,16895,0.05,True,Lender B (Prime),7.15,60.0,1500.0,19490.0,216.0,True,3250.0,1690.0,False,0.0,0.0,4225,10,2404.0,1395,False,,,0.0
NS301659,NV102056,NC201659,2026-08-12,ON,13795,0.13,True,Lender D (Subprime),18.18,72.0,600.0,17688.0,340.0,True,1800.0,936.0,True,900.0,360.0,170,2,203.0,0,False,,,0.0
NS301660,NV102057,NC201660,2026-01-24,QC,16995,0.14975,True,Lender A (Prime),8.53,72.0,1400.0,20390.0,219.0,True,1200.0,624.0,True,1050.0,420.0,3554,9,1850.0,1395,True,2026-02-02,Mechanical issue,4060.0
NS301661,NV102058,NC201661,2024-03-29,SK,18295,0.11,True,Lender C (Near-Prime),13.33,84.0,2100.0,18207.0,337.0,False,0.0,0.0,False,0.0,0.0,3065,8,1737.0,1395,False,,,0.0
NS301662,NV102059,NC201662,2024-06-21,MB,14595,0.12,True,Lender B (Prime),8.62,84.0,2000.0,14346.0,104.0,False,0.0,0.0,False,0.0,0.0,1676,6,1034.0,795,False,,,0.0
NS301663,NV102060,NC201663,2026-04-10,ON,25995,0.13,False,,,,,,0.0,True,2750.0,1430.0,False,0.0,0.0,180,3,203.0,0,True,2026-04-18,Vehicle condition not as expected,1610.0
NS301664,NV102061,NC201664,2025-05-29,AB,51295,0.05,True,Lender C (Near-Prime),12.46,84.0,9000.0,44860.0,782.0,False,0.0,0.0,False,0.0,0.0,266,3,278.0,0,False,,,0.0
NS301665,NV102063,NC201665,2024-09-20,ON,20995,0.13,True,Lender B (Prime),9.69,60.0,600.0,25124.0,159.0,True,2000.0,1040.0,False,0.0,0.0,140,2,205.0,0,False,,,0.0
NS301666,NV102064,NC201666,2025-08-11,ON,13395,0.13,False,,,,,,0.0,True,2400.0,1248.0,False,0.0,0.0,144,4,186.0,0,False,,,0.0
NS301667,NV102066,NC201667,2024-05-24,ON,17395,0.13,True,Lender C (Near-Prime),14.26,72.0,1200.0,20856.0,381.0,True,1400.0,728.0,True,1000.0,400.0,152,2,205.0,0,False,,,0.0
NS301668,NV102067,NC201668,2024-06-04,MB,20895,0.12,True,Lender B (Prime),8.32,72.0,2400.0,21002.0,155.0,False,0.0,0.0,False,0.0,0.0,1617,4,857.0,795,False,,,0.0
NS301669,NV102068,NC201669,2025-11-21,BC,25895,0.12,False,,,,,,0.0,True,2850.0,1482.0,False,0.0,0.0,5012,10,2368.0,1395,False,,,0.0
NS301670,NV102069,NC201670,2024-11-14,MB,13695,0.12,True,Lender D (Subprime),19.04,84.0,2100.0,13238.0,137.0,False,0.0,0.0,False,0.0,0.0,1509,6,1173.0,795,False,,,0.0
NS301671,NV102071,NC201671,2025-09-02,ON,15995,0.13,True,Lender B (Prime),7.87,60.0,2100.0,17774.0,132.0,True,1800.0,936.0,False,0.0,0.0,169,4,207.0,0,False,,,0.0
NS301672,NV102072,NC201672,2026-04-30,ON,17495,0.13,True,Lender B (Prime),7.68,84.0,2700.0,19719.0,341.0,True,1900.0,988.0,True,750.0,300.0,164,3,207.0,0,False,,,0.0
NS301673,NV102073,NC201673,2025-05-26,ON,16895,0.13,False,,,,,,0.0,False,0.0,0.0,False,0.0,0.0,577,4,413.0,395,False,,,0.0
NS301674,NV102076,NC201674,2024-10-31,ON,24795,0.13,True,Lender A (Prime),9.46,60.0,4200.0,23818.0,321.0,False,0.0,0.0,False,0.0,0.0,3782,9,2348.0,1395,False,,,0.0
NS301675,NV102077,NC201675,2025-11-06,BC,34995,0.12,True,Lender B (Prime),7.04,60.0,800.0,38394.0,466.0,False,0.0,0.0,False,0.0,0.0,4684,9,2453.0,1395,False,,,0.0
NS301676,NV102078,NC201676,2024-09-15,ON,12695,0.13,True,Lender C (Near-Prime),10.5,84.0,1500.0,15545.0,176.0,True,2700.0,1404.0,False,0.0,0.0,151,3,187.0,0,False,,,0.0
NS301677,NV102080,NC201677,2025-07-30,NB,15195,0.15,True,Lender D (Subprime),18.64,72.0,1800.0,18474.0,139.0,True,2800.0,1456.0,False,0.0,0.0,1503,5,808.0,795,False,,,0.0
NS301678,NV102081,NC201678,2025-08-02,ON,16995,0.13,False,,,,,,0.0,False,0.0,0.0,False,0.0,0.0,143,3,203.0,0,False,,,0.0
NS301679,NV102082,NC201679,2025-10-10,ON,19995,0.13,False,,,,,,0.0,False,0.0,0.0,False,0.0,0.0,150,3,197.0,0,False,,,0.0
NS301680,NV102084,NC201680,2026-02-05,BC,25495,0.12,True,Lender B (Prime),8.01,84.0,4900.0,25304.0,259.0,True,1650.0,858.0,False,0.0,0.0,658,5,431.0,395,False,,,0.0
NS301681,NV102086,NC201681,2026-01-25,ON,21295,0.13,False,,,,,,0.0,True,1200.0,624.0,False,0.0,0.0,143,2,208.0,0,False,,,0.0
NS301682,NV102088,NC201682,2025-11-01,BC,18095,0.12,False,,,,,,0.0,False,0.0,0.0,False,0.0,0.0,712,3,421.0,395,False,,,0.0
NS301683,NV102090,NC201683,2024-09-27,ON,12995,0.13,True,Lender C (Near-Prime),14.29,84.0,1000.0,13684.0,271.0,False,0.0,0.0,False,0.0,0.0,135,4,178.0,0,False,,,0.0
NS301684,NV102091,NC201684,2026-04-20,ON,12095,0.13,True,Lender D (Subprime),21.24,60.0,1800.0,11867.0,231.0,False,0.0,0.0,False,0.0,0.0,142,4,198.0,0,False,,,0.0
NS301685,NV102092,NC201685,2024-02-20,BC,20895,0.12,True,Lender C (Near-Prime),11.89,60.0,1200.0,22202.0,321.0,False,0.0,0.0,False,0.0,0.0,4058,8,2407.0,1395,False,,,0.0
NS301686,NV102093,NC201686,2026-04-08,ON,40195,0.13,True,Lender B (Prime),7.02,72.0,500.0,47220.0,606.0,True,1250.0,650.0,True,1050.0,420.0,3608,8,2047.0,1395,False,,,0.0
NS301687,NV102094,NC201687,2025-06-11,ON,9795,0.13,True,Lender C (Near-Prime),10.5,72.0,1000.0,12368.0,69.0,True,2300.0,1196.0,False,0.0,0.0,3081,6,1903.0,1395,False,,,0.0
NS301688,NV102095,NC201688,2026-04-02,SK,14095,0.11,True,Lender D (Subprime),19.37,84.0,500.0,15945.0,109.0,False,0.0,0.0,True,800.0,320.0,2986,6,1540.0,1395,False,,,0.0
NS301689,NV102096,NC201689,2026-05-25,AB,21795,0.05,False,,,,,,0.0,True,1750.0,910.0,False,0.0,0.0,3609,7,1969.0,1395,False,,,0.0
NS301690,NV102098,NC201690,2025-01-09,QC,18995,0.14975,True,Lender A (Prime),9.08,60.0,2300.0,22240.0,185.0,True,2700.0,1404.0,False,0.0,0.0,518,4,404.0,395,False,,,0.0
NS301691,NV102099,NC201691,2024-12-01,ON,11995,0.13,False,,,,,,0.0,False,0.0,0.0,False,0.0,0.0,146,2,196.0,0,False,,,0.0
NS301692,NV102100,NC201692,2025-09-08,BC,15695,0.12,True,Lender B (Prime),8.21,72.0,1900.0,17928.0,105.0,True,2250.0,1170.0,False,0.0,0.0,4485,8,2190.0,1395,False,,,0.0
NS301693,NV102102,NC201693,2025-08-30,BC,21995,0.12,False,,,,,,0.0,False,0.0,0.0,False,0.0,0.0,4989,11,2733.0,1395,False,,,0.0
NS301694,NV102103,NC201694,2026-06-02,QC,15295,0.14975,True,Lender A (Prime),9.07,60.0,1200.0,19235.0,301.0,True,2850.0,1482.0,False,0.0,0.0,549,4,390.0,395,False,,,0.0
NS301695,NV102104,NC201695,2025-02-05,ON,23795,0.13,True,Lender B (Prime),8.77,72.0,3900.0,24288.0,166.0,False,0.0,0.0,True,1300.0,520.0,3926,9,2555.0,1395,False,,,0.0
NS301696,NV102105,NC201696,2025-05-14,QC,14795,0.14975,False,,,,,,0.0,False,0.0,0.0,False,0.0,0.0,565,3,415.0,395,False,,,0.0
NS301697,NV102106,NC201697,2025-06-27,NS,27195,0.14,False,,,,,,0.0,False,0.0,0.0,False,0.0,0.0,2004,6,1101.0,795,False,,,0.0
NS301698,NV102107,NC201698,2026-08-28,ON,15095,0.13,True,Lender C (Near-Prime),12.38,60.0,500.0,17507.0,251.0,False,0.0,0.0,True,950.0,380.0,657,3,431.0,395,False,,,0.0
NS301699,NV102108,NC201699,2025-10-16,BC,20195,0.12,True,Lender B (Prime),8.1,84.0,200.0,24068.0,154.0,True,1650.0,858.0,False,0.0,0.0,775,4,595.0,395,False,,,0.0
NS301700,NV102109,NC201700,2025-09-28,ON,19495,0.13,True,Lender C (Near-Prime),12.99,48.0,400.0,21629.0,163.0,False,0.0,0.0,False,0.0,0.0,3094,7,1501.0,1395,False,,,0.0
NS301701,NV102110,NC201701,2026-08-18,ON,23395,0.13,False,,,,,,0.0,True,1900.0,988.0,False,0.0,0.0,552,3,411.0,395,True,2026-08-24,Vehicle condition not as expected,2139.0
NS301702,NV102111,NC201702,2025-01-12,ON,18895,0.13,True,Lender B (Prime),8.82,72.0,3200.0,18151.0,117.0,False,0.0,0.0,False,0.0,0.0,591,4,396.0,395,False,,,0.0
NS301703,NV102112,NC201703,2025-08-09,QC,9795,0.14975,True,Lender C (Near-Prime),14.25,60.0,500.0,13962.0,224.0,True,3200.0,1664.0,False,0.0,0.0,3541,7,1976.0,1395,False,,,0.0
NS301704,NV102113,NC201704,2025-12-28,ON,16995,0.13,False,,,,,,0.0,True,1350.0,702.0,False,0.0,0.0,127,4,187.0,0,False,,,0.0
NS301705,NV102114,NC201705,2025-01-30,AB,40795,0.05,True,Lender C (Near-Prime),12.6,60.0,3900.0,38935.0,474.0,False,0.0,0.0,False,0.0,0.0,3490,7,1949.0,1395,False,,,0.0
NS301706,NV102116,NC201706,2025-01-09,ON,34595,0.13,True,Lender C (Near-Prime),10.5,72.0,5400.0,36892.0,561.0,True,3200.0,1664.0,False,0.0,0.0,143,4,204.0,0,False,,,0.0
NS301707,NV102118,NC201707,2024-05-12,ON,18095,0.13,False,,,,,,0.0,False,0.0,0.0,False,0.0,0.0,129,3,203.0,0,False,,,0.0
NS301708,NV102120,NC201708,2024-02-11,SK,40495,0.11,False,,,,,,0.0,False,0.0,0.0,False,0.0,0.0,670,4,451.0,395,False,,,0.0
NS301709,NV102121,NC201709,2026-03-31,ON,22395,0.13,True,Lender A (Prime),8.08,84.0,4100.0,21206.0,136.0,False,0.0,0.0,False,0.0,0.0,162,2,217.0,0,False,,,0.0
NS301710,NV102123,NC201710,2024-12-31,ON,14595,0.13,True,Lender C (Near-Prime),14.08,48.0,300.0,16192.0,257.0,False,0.0,0.0,False,0.0,0.0,150,3,195.0,0,False,,,0.0
NS301711,NV102124,NC201711,2025-02-08,QC,14295,0.14975,True,Lender A (Prime),8.66,60.0,800.0,15636.0,99.0,False,0.0,0.0,False,0.0,0.0,521,2,399.0,395,False,,,0.0
NS301712,NV102126,NC201712,2025-07-03,ON,14795,0.13,True,Lender D (Subprime),21.67,48.0,300.0,17818.0,151.0,True,1400.0,728.0,False,0.0,0.0,143,4,197.0,0,False,,,0.0
NS301713,NV102127,NC201713,2026-05-10,AB,24795,0.05,True,Lender A (Prime),7.8,84.0,4800.0,23485.0,247.0,True,2250.0,1170.0,False,0.0,0.0,3623,7,1939.0,1395,False,,,0.0
NS301714,NV102128,NC201714,2025-07-20,NS,35895,0.14,False,,,,,,0.0,False,0.0,0.0,False,0.0,0.0,1976,7,1122.0,795,False,,,0.0
NS301715,NV102129,NC201715,2024-09-21,AB,26795,0.05,True,Lender D (Subprime),20.15,60.0,4600.0,25435.0,493.0,True,1900.0,988.0,False,0.0,0.0,3868,9,2406.0,1395,False,,,0.0
NS301716,NV102130,NC201716,2025-04-08,QC,14195,0.14975,True,Lender D (Subprime),15.0,72.0,1200.0,17171.0,247.0,True,2050.0,1066.0,False,0.0,0.0,613,3,376.0,395,False,,,0.0
NS301717,NV102131,NC201717,2026-01-11,BC,12395,0.12,True,Lender A (Prime),8.81,72.0,2300.0,14332.0,189.0,True,2750.0,1430.0,False,0.0,0.0,4098,9,2521.0,1395,False,,,0.0
NS301718,NV102132,NC201718,2026-04-06,AB,30295,0.05,True,Lender C (Near-Prime),10.56,72.0,5200.0,29110.0,313.0,True,2500.0,1300.0,False,0.0,0.0,4124,10,1958.0,1395,False,,,0.0
NS301719,NV102133,NC201719,2025-09-10,ON,19495,0.13,True,Lender C (Near-Prime),10.7,72.0,2300.0,19729.0,279.0,False,0.0,0.0,False,0.0,0.0,149,4,200.0,0,False,,,0.0
NS301720,NV102134,NC201720,2024-05-26,ON,16495,0.13,True,Lender B (Prime),8.36,72.0,3100.0,15539.0,107.0,False,0.0,0.0,False,0.0,0.0,161,3,195.0,0,False,,,0.0
NS301721,NV102135,NC201721,2025-04-26,AB,20895,0.05,True,Lender C (Near-Prime),14.65,48.0,1100.0,22090.0,247.0,False,0.0,0.0,True,1250.0,500.0,3595,7,2227.0,1395,False,,,0.0
NS301722,NV102136,NC201722,2024-08-26,ON,21895,0.13,True,Lender B (Prime),7.41,48.0,2400.0,22341.0,345.0,False,0.0,0.0,False,0.0,0.0,538,2,397.0,395,False,,,0.0
NS301723,NV102137,NC201723,2026-09-13,AB,12595,0.05,True,Lender B (Prime),8.4,72.0,800.0,12425.0,89.0,False,0.0,0.0,False,0.0,0.0,272,2,259.0,0,False,,,0.0
NS301724,NV102138,NC201724,2024-10-12,QC,13595,0.14975,True,Lender D (Subprime),21.12,72.0,1400.0,17231.0,194.0,True,3000.0,1560.0,False,0.0,0.0,570,2,417.0,395,False,,,0.0
NS301725,NV102139,NC201725,2026-04-13,QC,12095,0.14975,True,Lender D (Subprime),17.76,48.0,2400.0,11506.0,139.0,False,0.0,0.0,False,0.0,0.0,218,2,234.0,0,False,,,0.0
NS301726,NV102140,NC201726,2026-04-29,ON,8395,0.13,True,Lender D (Subprime),19.22,60.0,700.0,11286.0,185.0,True,2500.0,1300.0,False,0.0,0.0,3243,8,1697.0,1395,False,,,0.0
NS301727,NV102141,NC201727,2026-07-24,ON,34395,0.13,True,Lender A (Prime),7.62,60.0,4500.0,34366.0,179.0,False,0.0,0.0,False,0.0,0.0,3141,7,2177.0,1395,False,,,0.0
NS301728,NV102142,NC201728,2024-11-17,ON,25395,0.13,True,Lender B (Prime),7.44,72.0,1900.0,28146.0,344.0,False,0.0,0.0,True,1350.0,540.0,158,2,217.0,0,False,,,0.0
NS301729,NV102143,NC201729,2025-05-12,NB,30995,0.15,True,Lender C (Near-Prime),13.56,60.0,800.0,34844.0,195.0,False,0.0,0.0,False,0.0,0.0,1728,4,1121.0,795,False,,,0.0
NS301730,NV102144,NC201730,2024-12-15,ON,9695,0.13,False,,,,,,0.0,False,0.0,0.0,False,0.0,0.0,177,3,209.0,0,False,,,0.0
NS301731,NV102145,NC201731,2025-11-24,ON,18295,0.13,True,Lender C (Near-Prime),12.23,60.0,0.0,23573.0,382.0,True,2900.0,1508.0,False,0.0,0.0,137,4,190.0,0,False,,,0.0
NS301732,NV102146,NC201732,2025-08-13,AB,10895,0.05,True,Lender A (Prime),8.31,72.0,500.0,10940.0,210.0,False,0.0,0.0,False,0.0,0.0,269,4,262.0,0,False,,,0.0
NS301733,NV102149,NC201733,2026-06-12,AB,14995,0.05,True,Lender C (Near-Prime),12.59,72.0,1200.0,16395.0,131.0,True,1850.0,962.0,False,0.0,0.0,3420,8,1882.0,1395,False,,,0.0
NS301734,NV102150,NC201734,2025-07-27,NB,19295,0.15,False,,,,,,0.0,True,3250.0,1690.0,False,0.0,0.0,1302,5,749.0,795,False,,,0.0
NS301735,NV102151,NC201735,2024-07-23,ON,26095,0.13,True,Lender A (Prime),7.91,72.0,2000.0,27487.0,328.0,False,0.0,0.0,False,0.0,0.0,163,2,204.0,0,False,,,0.0
NS301736,NV102152,NC201736,2024-05-31,QC,21395,0.14975,True,Lender C (Near-Prime),10.5,72.0,700.0,27049.0,139.0,True,2050.0,1066.0,True,1100.0,440.0,504,4,402.0,395,False,,,0.0
NS301737,NV102153,NC201737,2025-12-14,AB,24295,0.05,True,Lender C (Near-Prime),10.88,72.0,400.0,26460.0,449.0,True,1350.0,702.0,False,0.0,0.0,3386,7,1706.0,1395,False,,,0.0
NS301738,NV102155,NC201738,2026-02-02,ON,12395,0.13,True,Lender A (Prime),7.36,84.0,2100.0,11906.0,84.0,False,0.0,0.0,False,0.0,0.0,146,3,186.0,0,False,,,0.0
NS301739,NV102156,NC201739,2026-02-02,ON,20695,0.13,True,Lender C (Near-Prime),12.87,48.0,1300.0,22085.0,247.0,False,0.0,0.0,False,0.0,0.0,148,4,202.0,0,False,,,0.0
NS301740,NV102157,NC201740,2025-06-08,NS,37995,0.14,False,,,,,,0.0,False,0.0,0.0,False,0.0,0.0,1709,6,1101.0,795,False,,,0.0
NS301741,NV102159,NC201741,2025-01-27,QC,13395,0.14975,False,,,,,,0.0,True,2500.0,1300.0,False,0.0,0.0,4155,8,2443.0,1395,False,,,0.0
NS301742,NV102160,NC201742,2026-03-25,ON,15395,0.13,False,,,,,,0.0,True,2200.0,1144.0,False,0.0,0.0,164,4,192.0,0,True,2026-04-03,Mechanical issue,1588.0
NS301743,NV102162,NC201743,2024-12-27,ON,22095,0.13,False,,,,,,0.0,False,0.0,0.0,False,0.0,0.0,138,2,193.0,0,False,,,0.0
NS301744,NV102163,NC201744,2025-08-02,ON,15095,0.13,True,Lender A (Prime),7.96,72.0,1600.0,15457.0,305.0,False,0.0,0.0,False,0.0,0.0,136,2,196.0,0,False,,,0.0
NS301745,NV102164,NC201745,2026-03-16,ON,9395,0.13,False,,,,,,0.0,True,2750.0,1430.0,False,0.0,0.0,154,2,204.0,0,False,,,0.0
NS301746,NV102165,NC201746,2026-08-28,AB,24095,0.05,False,,,,,,0.0,False,0.0,0.0,False,0.0,0.0,385,4,351.0,395,False,,,0.0
NS301747,NV102166,NC201747,2025-08-27,ON,26495,0.13,True,Lender A (Prime),8.92,72.0,800.0,29139.0,301.0,False,0.0,0.0,False,0.0,0.0,137,2,193.0,0,False,,,0.0
NS301748,NV102167,NC201748,2025-10-29,ON,14295,0.13,False,,,,,,0.0,True,3050.0,1586.0,False,0.0,0.0,160,4,210.0,0,False,,,0.0
NS301749,NV102168,NC201749,2025-11-02,BC,34795,0.12,True,Lender C (Near-Prime),13.28,60.0,4000.0,36320.0,687.0,False,0.0,0.0,True,1350.0,540.0,4143,8,2330.0,1395,False,,,0.0
NS301750,NV102169,NC201750,2025-06-19,BC,16995,0.12,True,Lender A (Prime),9.56,84.0,2300.0,16734.0,285.0,False,0.0,0.0,False,0.0,0.0,650,3,469.0,395,False,,,0.0
NS301751,NV102171,NC201751,2024-04-10,AB,28795,0.05,True,Lender C (Near-Prime),11.4,60.0,5100.0,25135.0,479.0,False,0.0,0.0,False,0.0,0.0,3720,8,2005.0,1395,False,,,0.0
NS301752,NV102172,NC201752,2026-04-03,ON,26295,0.13,True,Lender C (Near-Prime),10.7,72.0,4800.0,25963.0,301.0,False,0.0,0.0,True,1050.0,420.0,575,2,455.0,395,False,,,0.0
NS301753,NV102173,NC201753,2025-01-10,ON,21795,0.13,True,Lender B (Prime),9.38,72.0,1000.0,23628.0,220.0,False,0.0,0.0,False,0.0,0.0,162,4,217.0,0,False,,,0.0
NS301754,NV102174,NC201754,2026-09-07,ON,20995,0.13,True,Lender C (Near-Prime),11.05,84.0,500.0,25074.0,209.0,True,1850.0,962.0,False,0.0,0.0,155,4,195.0,0,False,,,0.0
NS301755,NV102175,NC201755,2025-02-06,QC,23995,0.14975,True,Lender A (Prime),7.79,60.0,2100.0,28438.0,490.0,True,2200.0,1144.0,True,750.0,300.0,233,2,243.0,0,False,,,0.0
NS301756,NV102177,NC201756,2024-09-19,ON,30795,0.13,True,Lender C (Near-Prime),10.5,72.0,500.0,34298.0,361.0,False,0.0,0.0,False,0.0,0.0,161,3,204.0,0,False,,,0.0
NS301757,NV102178,NC201757,2025-04-16,AB,17795,0.05,False,,,,,,0.0,False,0.0,0.0,True,800.0,320.0,2937,6,1577.0,1395,False,,,0.0
NS301758,NV102179,NC201758,2025-02-19,ON,32895,0.13,False,,,,,,0.0,False,0.0,0.0,False,0.0,0.0,644,2,429.0,395,False,,,0.0
NS301759,NV102180,NC201759,2024-07-10,ON,12295,0.13,False,,,,,,0.0,False,0.0,0.0,False,0.0,0.0,140,4,182.0,0,False,,,0.0
NS301760,NV102181,NC201760,2024-09-19,QC,19095,0.14975,True,Lender D (Subprime),19.32,60.0,600.0,21354.0,299.0,False,0.0,0.0,False,0.0,0.0,193,2,208.0,0,False,,,0.0
NS301761,NV102182,NC201761,2025-09-14,ON,24495,0.13,True,Lender C (Near-Prime),15.92,84.0,4100.0,23579.0,436.0,False,0.0,0.0,False,0.0,0.0,647,3,472.0,395,True,2025-09-20,Mechanical issue,2241.0
NS301762,NV102185,NC201762,2026-02-17,MB,23295,0.12,False,,,,,,0.0,True,2350.0,1222.0,True,1150.0,460.0,2210,6,1207.0,795,False,,,0.0
NS301763,NV102186,NC201763,2025-04-08,ON,17795,0.13,False,,,,,,0.0,False,0.0,0.0,False,0.0,0.0,140,4,191.0,0,False,,,0.0
NS301764,NV102188,NC201764,2025-11-16,QC,16495,0.14975,True,Lender C (Near-Prime),15.35,84.0,2400.0,16565.0,122.0,False,0.0,0.0,False,0.0,0.0,490,3,352.0,395,False,,,0.0
NS301765,NV102189,NC201765,2026-07-22,ON,23995,0.13,False,,,,,,0.0,False,0.0,0.0,False,0.0,0.0,154,4,193.0,0,False,,,0.0
NS301766,NV102190,NC201766,2026-05-23,BC,32195,0.12,True,Lender C (Near-Prime),15.28,84.0,2500.0,33558.0,653.0,False,0.0,0.0,False,0.0,0.0,768,3,456.0,395,False,,,0.0
NS301767,NV102191,NC201767,2024-06-15,ON,12295,0.13,True,Lender D (Subprime),18.91,72.0,900.0,12993.0,181.0,False,0.0,0.0,False,0.0,0.0,187,4,221.0,0,False,,,0.0
NS301768,NV102192,NC201768,2026-09-14,ON,23095,0.13,True,Lender C (Near-Prime),16.0,60.0,2300.0,23797.0,413.0,False,0.0,0.0,False,0.0,0.0,4323,8,2141.0,1395,False,,,0.0
NS301769,NV102193,NC201769,2026-06-09,ON,20395,0.13,False,,,,,,0.0,True,2550.0,1326.0,False,0.0,0.0,154,3,199.0,0,False,,,0.0
NS301770,NV102194,NC201770,2025-10-29,ON,29695,0.13,True,Lender D (Subprime),19.96,72.0,1900.0,32605.0,269.0,False,0.0,0.0,True,950.0,380.0,3291,8,2047.0,1395,False,,,0.0
NS301771,NV102195,NC201771,2025-10-26,NB,12995,0.15,False,,,,,,0.0,False,0.0,0.0,False,0.0,0.0,4338,9,2432.0,1395,False,,,0.0
NS301772,NV102196,NC201772,2025-08-01,MB,25195,0.12,True,Lender A (Prime),9.75,48.0,4400.0,25368.0,194.0,True,1550.0,806.0,False,0.0,0.0,1411,4,892.0,795,False,,,0.0
NS301773,NV102198,NC201773,2026-08-11,ON,23495,0.13,True,Lender D (Subprime),19.18,84.0,2500.0,25949.0,516.0,True,1900.0,988.0,False,0.0,0.0,131,3,191.0,0,False,,,0.0
NS301774,NV102199,NC201774,2026-01-22,NS,20195,0.14,True,Lender A (Prime),7.55,48.0,1500.0,24572.0,325.0,True,3050.0,1586.0,False,0.0,0.0,5207,11,3254.0,1395,False,,,0.0
NS301775,NV102200,NC201775,2026-06-26,ON,17995,0.13,True,Lender A (Prime),8.12,60.0,1800.0,18534.0,240.0,False,0.0,0.0,False,0.0,0.0,158,2,212.0,0,False,,,0.0
NS301776,NV102201,NC201776,2024-05-15,ON,23795,0.13,True,Lender C (Near-Prime),14.18,60.0,3200.0,23688.0,205.0,False,0.0,0.0,False,0.0,0.0,2960,6,1448.0,1395,True,2024-05-21,Found another vehicle,3258.0
NS301777,NV102202,NC201777,2024-12-31,ON,36495,0.13,True,Lender A (Prime),9.08,60.0,6500.0,34739.0,468.0,False,0.0,0.0,False,0.0,0.0,119,2,192.0,0,False,,,0.0
NS301778,NV102203,NC201778,2026-07-02,ON,19295,0.13,True,Lender C (Near-Prime),12.4,84.0,900.0,22253.0,173.0,False,0.0,0.0,True,1350.0,540.0,658,5,520.0,395,False,,,0.0
NS301779,NV102204,NC201779,2025-12-17,ON,28095,0.13,True,Lender B (Prime),10.16,48.0,4600.0,27147.0,262.0,False,0.0,0.0,False,0.0,0.0,166,2,201.0,0,False,,,0.0
NS301780,NV102205,NC201780,2025-08-20,NS,27595,0.14,False,,,,,,0.0,False,0.0,0.0,False,0.0,0.0,4770,9,2799.0,1395,False,,,0.0
NS301781,NV102207,NC201781,2026-04-19,ON,16895,0.13,True,Lender C (Near-Prime),11.22,72.0,900.0,18191.0,299.0,False,0.0,0.0,False,0.0,0.0,145,2,190.0,0,False,,,0.0
NS301782,NV102208,NC201782,2024-10-31,ON,18195,0.13,True,Lender A (Prime),7.16,60.0,2600.0,20960.0,355.0,True,2300.0,1196.0,True,700.0,280.0,134,2,199.0,0,False,,,0.0
NS301783,NV102210,NC201783,2026-09-29,BC,19695,0.12,True,Lender A (Prime),5.9,84.0,200.0,24758.0,137.0,True,2900.0,1508.0,False,0.0,0.0,683,5,469.0,395,False,,,0.0
NS301784,NV102211,NC201784,2025-04-14,AB,19395,0.05,True,Lender D (Subprime),16.98,84.0,3300.0,18515.0,226.0,True,1450.0,754.0,False,0.0,0.0,260,3,258.0,0,False,,,0.0
NS301785,NV102212,NC201785,2025-06-02,NB,15695,0.15,True,Lender D (Subprime),17.76,48.0,300.0,17749.0,168.0,False,0.0,0.0,False,0.0,0.0,1147,5,706.0,795,False,,,0.0
NS301786,NV102213,NC201786,2026-08-31,QC,17395,0.14975,False,,,,,,0.0,True,2400.0,1248.0,False,0.0,0.0,547,2,443.0,395,False,,,0.0
NS301787,NV102214,NC201787,2024-08-20,MB,14995,0.12,True,Lender D (Subprime),17.58,72.0,2700.0,16344.0,278.0,True,2250.0,1170.0,False,0.0,0.0,1291,4,716.0,795,False,,,0.0
NS301788,NV102215,NC201788,2024-09-03,ON,11995,0.13,False,,,,,,0.0,True,2750.0,1430.0,False,0.0,0.0,164,3,190.0,0,False,,,0.0
NS301789,NV102216,NC201789,2026-08-01,QC,10295,0.14975,True,Lender C (Near-Prime),13.77,84.0,2000.0,11737.0,167.0,True,1900.0,988.0,False,0.0,0.0,580,2,445.0,395,False,,,0.0
NS301790,NV102217,NC201790,2024-09-29,SK,48095,0.11,True,Lender A (Prime),8.43,60.0,6600.0,46785.0,477.0,False,0.0,0.0,False,0.0,0.0,2895,8,1611.0,1395,False,,,0.0
NS301791,NV102218,NC201791,2026-06-23,ON,17295,0.13,True,Lender A (Prime),6.92,72.0,3400.0,16143.0,239.0,False,0.0,0.0,False,0.0,0.0,161,4,234.0,0,True,2026-07-03,Changed mind,1861.0
NS301792,NV102219,NC201792,2024-07-30,ON,37195,0.13,True,Lender A (Prime),7.91,48.0,900.0,41130.0,373.0,False,0.0,0.0,False,0.0,0.0,140,3,173.0,0,False,,,0.0
NS301793,NV102220,NC201793,2025-04-27,QC,19595,0.14975,True,Lender A (Prime),9.89,60.0,300.0,23329.0,299.0,False,0.0,0.0,True,1100.0,440.0,473,2,360.0,395,False,,,0.0
NS301794,NV102221,NC201794,2024-09-11,ON,29295,0.13,True,Lender B (Prime),7.29,72.0,2200.0,33253.0,179.0,True,2350.0,1222.0,False,0.0,0.0,165,2,213.0,0,False,,,0.0
NS301795,NV102222,NC201795,2025-07-19,NS,32495,0.14,True,Lender D (Subprime),18.45,60.0,2200.0,34844.0,575.0,False,0.0,0.0,False,0.0,0.0,1251,5,797.0,795,False,,,0.0
NS301796,NV102223,NC201796,2025-05-23,SK,35595,0.11,True,Lender D (Subprime),18.87,60.0,5700.0,33810.0,539.0,False,0.0,0.0,False,0.0,0.0,840,3,559.0,395,False,,,0.0
NS301797,NV102225,NC201797,2026-08-31,ON,15695,0.13,True,Lender A (Prime),7.43,60.0,100.0,19035.0,316.0,False,0.0,0.0,True,1400.0,560.0,163,2,205.0,0,False,,,0.0
NS301798,NV102227,NC201798,2026-06-14,ON,40295,0.13,False,,,,,,0.0,True,1350.0,702.0,False,0.0,0.0,557,3,394.0,395,False,,,0.0
NS301799,NV102228,NC201799,2026-02-22,AB,16795,0.05,True,Lender B (Prime),8.5,60.0,200.0,20435.0,391.0,True,3000.0,1560.0,False,0.0,0.0,4005,8,2170.0,1395,False,,,0.0
NS301800,NV102229,NC201800,2025-06-17,ON,35695,0.13,True,Lender B (Prime),8.04,72.0,6100.0,35485.0,267.0,True,1250.0,650.0,False,0.0,0.0,3837,7,2120.0,1395,False,,,0.0
NS301801,NV102230,NC201801,2024-08-08,BC,20895,0.12,False,,,,,,0.0,False,0.0,0.0,False,0.0,0.0,3968,10,2265.0,1395,False,,,0.0
NS301802,NV102234,NC201802,2024-06-06,MB,26595,0.12,False,,,,,,0.0,True,1600.0,832.0,False,0.0,0.0,1904,4,1161.0,795,False,,,0.0
NS301803,NV102235,NC201803,2026-05-22,ON,21195,0.13,True,Lender D (Subprime),16.9,72.0,1500.0,22450.0,205.0,False,0.0,0.0,False,0.0,0.0,150,4,209.0,0,False,,,0.0
NS301804,NV102236,NC201804,2026-07-13,ON,11795,0.13,True,Lender B (Prime),6.9,72.0,700.0,12628.0,156.0,False,0.0,0.0,False,0.0,0.0,147,4,186.0,0,False,,,0.0
NS301805,NV102237,NC201805,2024-05-29,ON,24195,0.13,False,,,,,,0.0,False,0.0,0.0,False,0.0,0.0,138,2,193.0,0,False,,,0.0
NS301806,NV102238,NC201806,2026-07-23,PE,15395,0.15,True,Lender A (Prime),9.8,48.0,1000.0,16704.0,244.0,False,0.0,0.0,False,0.0,0.0,1748,6,1131.0,795,True,2026-07-30,Vehicle condition not as expected,2122.0
NS301807,NV102239,NC201807,2025-07-05,AB,23795,0.05,True,Lender B (Prime),7.78,72.0,3300.0,23885.0,130.0,True,2200.0,1144.0,False,0.0,0.0,3461,9,2174.0,1395,False,,,0.0
NS301808,NV102240,NC201808,2025-10-22,ON,26495,0.13,True,Lender C (Near-Prime),14.24,48.0,2000.0,30389.0,169.0,True,2450.0,1274.0,False,0.0,0.0,4174,9,2376.0,1395,False,,,0.0
NS301809,NV102241,NC201809,2024-07-19,MB,14095,0.12,True,Lender A (Prime),9.38,60.0,2600.0,13186.0,161.0,False,0.0,0.0,False,0.0,0.0,1994,7,1125.0,795,False,,,0.0
NS301810,NV102242,NC201810,2025-07-29,SK,30295,0.11,True,Lender A (Prime),9.21,72.0,5900.0,29277.0,442.0,True,1550.0,806.0,False,0.0,0.0,2745,6,1325.0,1395,False,,,0.0
NS301811,NV102244,NC201811,2026-07-14,BC,32995,0.12,True,Lender C (Near-Prime),13.36,72.0,4900.0,32054.0,575.0,False,0.0,0.0,False,0.0,0.0,861,5,571.0,395,False,,,0.0
NS301812,NV102245,NC201812,2026-06-01,ON,26295,0.13,True,Lender A (Prime),7.77,60.0,4100.0,25613.0,363.0,False,0.0,0.0,False,0.0,0.0,153,4,203.0,0,False,,,0.0
NS301813,NV102246,NC201813,2026-04-15,ON,24295,0.13,True,Lender C (Near-Prime),15.54,60.0,2800.0,24653.0,239.0,False,0.0,0.0,False,0.0,0.0,683,4,507.0,395,False,,,0.0
NS301814,NV102247,NC201814,2025-02-11,ON,12095,0.13,True,Lender C (Near-Prime),13.88,84.0,100.0,14967.0,167.0,False,0.0,0.0,True,1400.0,560.0,121,2,179.0,0,False,,,0.0
NS301815,NV102249,NC201815,2024-05-17,AB,16895,0.05,False,,,,,,0.0,True,1950.0,1014.0,False,0.0,0.0,3418,8,1391.0,1395,False,,,0.0
NS301816,NV102250,NC201816,2026-07-26,QC,37195,0.14975,False,,,,,,0.0,True,2350.0,1222.0,False,0.0,0.0,542,2,418.0,395,False,,,0.0
NS301817,NV102251,NC201817,2025-05-12,MB,21195,0.12,False,,,,,,0.0,False,0.0,0.0,False,0.0,0.0,2307,5,1338.0,795,False,,,0.0
NS301818,NV102252,NC201818,2024-12-05,ON,28895,0.13,True,Lender B (Prime),7.37,60.0,2500.0,32751.0,365.0,True,2600.0,1352.0,False,0.0,0.0,3739,8,2218.0,1395,False,,,0.0
NS301819,NV102253,NC201819,2025-06-14,ON,14795,0.13,True,Lender A (Prime),7.42,84.0,1400.0,18118.0,287.0,True,2800.0,1456.0,False,0.0,0.0,553,2,434.0,395,False,,,0.0
NS301820,NV102255,NC201820,2026-07-18,BC,12995,0.12,True,Lender D (Subprime),23.18,48.0,700.0,13854.0,160.0,False,0.0,0.0,False,0.0,0.0,789,5,553.0,395,False,,,0.0
NS301821,NV102256,NC201821,2024-11-18,ON,21195,0.13,False,,,,,,0.0,False,0.0,0.0,False,0.0,0.0,150,4,220.0,0,False,,,0.0
NS301822,NV102258,NC201822,2025-11-06,ON,22395,0.13,False,,,,,,0.0,False,0.0,0.0,False,0.0,0.0,422,3,363.0,395,False,,,0.0
NS301823,NV102259,NC201823,2025-05-04,BC,39295,0.12,False,,,,,,0.0,True,2450.0,1274.0,False,0.0,0.0,784,5,498.0,395,False,,,0.0
NS301824,NV102260,NC201824,2024-06-18,ON,24995,0.13,True,Lender A (Prime),6.1,72.0,1700.0,26544.0,220.0,False,0.0,0.0,False,0.0,0.0,148,4,194.0,0,False,,,0.0
NS301825,NV102261,NC201825,2024-08-13,ON,10695,0.13,False,,,,,,0.0,False,0.0,0.0,False,0.0,0.0,139,4,192.0,0,False,,,0.0
NS301826,NV102262,NC201826,2026-01-27,ON,21495,0.13,True,Lender B (Prime),8.79,60.0,900.0,25089.0,365.0,True,1700.0,884.0,False,0.0,0.0,135,4,184.0,0,False,,,0.0
NS301827,NV102263,NC201827,2024-02-20,ON,15795,0.13,True,Lender D (Subprime),20.16,72.0,2200.0,15648.0,302.0,False,0.0,0.0,False,0.0,0.0,132,2,192.0,0,False,,,0.0
NS301828,NV102264,NC201828,2025-05-05,AB,23095,0.05,True,Lender C (Near-Prime),10.7,60.0,2300.0,24050.0,155.0,True,2100.0,1092.0,False,0.0,0.0,327,3,267.0,395,False,,,0.0
NS301829,NV102265,NC201829,2026-01-28,AB,11895,0.05,False,,,,,,0.0,True,2500.0,1300.0,False,0.0,0.0,3412,7,1850.0,1395,False,,,0.0
NS301830,NV102266,NC201830,2026-07-04,ON,15495,0.13,True,Lender C (Near-Prime),12.07,84.0,900.0,19709.0,218.0,True,3100.0,1612.0,False,0.0,0.0,150,4,193.0,0,False,,,0.0
NS301831,NV102267,NC201831,2025-11-08,ON,19395,0.13,True,Lender D (Subprime),21.97,48.0,800.0,24616.0,418.0,True,2450.0,1274.0,True,1050.0,420.0,136,3,189.0,0,False,,,0.0
NS301832,NV102268,NC201832,2026-08-29,ON,15195,0.13,False,,,,,,0.0,False,0.0,0.0,False,0.0,0.0,3392,8,1676.0,1395,False,,,0.0
NS301833,NV102269,NC201833,2025-08-19,ON,19895,0.13,True,Lender C (Near-Prime),13.99,72.0,3600.0,20181.0,380.0,False,0.0,0.0,True,1300.0,520.0,524,4,417.0,395,False,,,0.0
NS301834,NV102270,NC201834,2026-09-17,ON,19195,0.13,True,Lender A (Prime),7.49,84.0,200.0,22590.0,437.0,False,0.0,0.0,True,1100.0,440.0,134,3,200.0,0,False,,,0.0
NS301835,NV102271,NC201835,2024-10-04,ON,20395,0.13,False,,,,,,0.0,False,0.0,0.0,False,0.0,0.0,573,3,432.0,395,False,,,0.0
NS301836,NV102273,NC201836,2025-05-03,MB,26995,0.12,False,,,,,,0.0,True,1450.0,754.0,False,0.0,0.0,2421,5,1364.0,795,False,,,0.0
NS301837,NV102274,NC201837,2026-09-29,BC,12895,0.12,True,Lender C (Near-Prime),15.06,72.0,1400.0,15242.0,183.0,True,2200.0,1144.0,False,0.0,0.0,4673,10,2271.0,1395,False,,,0.0
NS301838,NV102275,NC201838,2025-03-27,ON,50895,0.13,True,Lender C (Near-Prime),11.27,72.0,6400.0,51111.0,486.0,False,0.0,0.0,False,0.0,0.0,140,2,190.0,0,False,,,0.0
NS301839,NV102276,NC201839,2025-10-03,ON,16095,0.13,False,,,,,,0.0,True,1950.0,1014.0,False,0.0,0.0,135,4,200.0,0,False,,,0.0
NS301840,NV102277,NC201840,2025-05-10,ON,9395,0.13,True,Lender C (Near-Prime),11.68,84.0,300.0,11116.0,67.0,False,0.0,0.0,True,800.0,320.0,160,2,203.0,0,True,2025-05-14,Changed mind,1550.0
NS301841,NV102278,NC201841,2025-04-30,MB,31995,0.12,True,Lender C (Near-Prime),14.41,84.0,1000.0,37934.0,203.0,True,3100.0,1612.0,False,0.0,0.0,1871,5,1185.0,795,False,,,0.0
NS301842,NV102279,NC201842,2025-11-02,ON,18395,0.13,True,Lender D (Subprime),17.37,60.0,1900.0,18886.0,117.0,False,0.0,0.0,False,0.0,0.0,171,4,214.0,0,False,,,0.0
NS301843,NV102280,NC201843,2025-10-13,QC,16895,0.14975,True,Lender D (Subprime),15.84,48.0,2800.0,16625.0,219.0,False,0.0,0.0,False,0.0,0.0,227,2,253.0,0,False,,,0.0
NS301844,NV102281,NC201844,2024-07-13,ON,31995,0.13,False,,,,,,0.0,False,0.0,0.0,False,0.0,0.0,195,3,216.0,0,False,,,0.0
NS301845,NV102283,NC201845,2024-06-12,ON,23795,0.13,False,,,,,,0.0,False,0.0,0.0,False,0.0,0.0,152,4,203.0,0,False,,,0.0
NS301846,NV102285,NC201846,2025-11-03,QC,29795,0.14975,True,Lender C (Near-Prime),10.94,60.0,2400.0,33207.0,473.0,True,1350.0,702.0,False,0.0,0.0,242,4,270.0,0,False,,,0.0
NS301847,NV102286,NC201847,2025-08-03,ON,11395,0.13,False,,,,,,0.0,True,1750.0,910.0,False,0.0,0.0,178,4,213.0,0,False,,,0.0
NS301848,NV102287,NC201848,2024-07-03,QC,42795,0.14975,False,,,,,,0.0,False,0.0,0.0,False,0.0,0.0,553,2,414.0,395,False,,,0.0
NS301849,NV102288,NC201849,2024-10-21,BC,24795,0.12,True,Lender D (Subprime),20.33,60.0,2600.0,27170.0,200.0,True,2000.0,1040.0,False,0.0,0.0,837,3,664.0,395,False,,,0.0
NS301850,NV102289,NC201850,2024-07-21,ON,31595,0.13,True,Lender C (Near-Prime),12.08,72.0,300.0,35402.0,417.0,False,0.0,0.0,False,0.0,0.0,151,4,188.0,0,False,,,0.0
NS301851,NV102290,NC201851,2024-09-22,MB,30995,0.12,True,Lender C (Near-Prime),14.23,72.0,3100.0,31614.0,375.0,False,0.0,0.0,False,0.0,0.0,2610,6,1286.0,1395,False,,,0.0
NS301852,NV102291,NC201852,2024-12-16,ON,27595,0.13,True,Lender B (Prime),6.27,60.0,4000.0,27182.0,248.0,False,0.0,0.0,False,0.0,0.0,3622,9,1739.0,1395,False,,,0.0
NS301853,NV102293,NC201853,2026-04-28,MB,16595,0.12,True,Lender D (Subprime),18.91,60.0,1800.0,16786.0,105.0,False,0.0,0.0,False,0.0,0.0,1733,4,1063.0,795,False,,,0.0
NS301854,NV102294,NC201854,2025-09-08,ON,15795,0.13,True,Lender C (Near-Prime),16.0,84.0,700.0,17148.0,181.0,False,0.0,0.0,False,0.0,0.0,132,2,183.0,0,True,2025-09-18,Changed mind,1779.0
NS301855,NV102296,NC201855,2026-08-11,AB,12495,0.05,False,,,,,,0.0,False,0.0,0.0,False,0.0,0.0,268,2,294.0,0,False,,,0.0
NS301856,NV102297,NC201856,2026-01-03,SK,13195,0.11,True,Lender B (Prime),9.01,84.0,100.0,18946.0,145.0,True,3350.0,1742.0,True,1050.0,420.0,792,4,489.0,395,False,,,0.0
NS301857,NV102298,NC201857,2026-03-19,ON,9695,0.13,True,Lender A (Prime),8.49,72.0,1500.0,9455.0,154.0,False,0.0,0.0,False,0.0,0.0,122,2,182.0,0,False,,,0.0
NS301858,NV102299,NC201858,2025-03-20,ON,25895,0.13,False,,,,,,0.0,False,0.0,0.0,False,0.0,0.0,148,3,195.0,0,False,,,0.0
NS301859,NV102301,NC201859,2024-09-24,ON,15395,0.13,False,,,,,,0.0,False,0.0,0.0,False,0.0,0.0,154,4,206.0,0,False,,,0.0
NS301860,NV102302,NC201860,2024-04-30,ON,33395,0.13,False,,,,,,0.0,False,0.0,0.0,False,0.0,0.0,159,3,197.0,0,False,,,0.0
NS301861,NV102303,NC201861,2025-09-23,ON,13895,0.13,False,,,,,,0.0,False,0.0,0.0,False,0.0,0.0,155,4,199.0,0,False,,,0.0
NS301862,NV102304,NC201862,2026-09-12,ON,19195,0.13,True,Lender D (Subprime),22.27,84.0,1600.0,20890.0,285.0,False,0.0,0.0,True,800.0,320.0,3307,8,1943.0,1395,False,,,0.0
NS301863,NV102306,NC201863,2026-01-10,ON,15795,0.13,True,Lender B (Prime),8.41,72.0,1400.0,16448.0,164.0,False,0.0,0.0,False,0.0,0.0,146,2,192.0,0,False,,,0.0
NS301864,NV102307,NC201864,2025-05-10,BC,22895,0.12,True,Lender B (Prime),8.87,60.0,2700.0,22942.0,340.0,False,0.0,0.0,False,0.0,0.0,4660,11,2733.0,1395,False,,,0.0
NS301865,NV102309,NC201865,2026-06-01,BC,19695,0.12,True,Lender B (Prime),9.09,72.0,1700.0,22908.0,230.0,True,1600.0,832.0,True,950.0,380.0,5752,11,2887.0,1395,True,2026-06-05,Vehicle condition not as expected,4449.0
NS301866,NV102310,NC201866,2026-04-24,AB,25695,0.05,True,Lender C (Near-Prime),13.23,60.0,2700.0,24280.0,239.0,False,0.0,0.0,False,0.0,0.0,314,3,282.0,395,False,,,0.0
NS301867,NV102311,NC201867,2026-08-26,AB,14095,0.05,True,Lender B (Prime),10.4,60.0,2500.0,12300.0,235.0,False,0.0,0.0,False,0.0,0.0,285,4,246.0,0,False,,,0.0
NS301868,NV102312,NC201868,2025-07-18,SK,17295,0.11,True,Lender D (Subprime),20.31,60.0,2200.0,19697.0,208.0,True,2700.0,1404.0,False,0.0,0.0,2776,7,1376.0,1395,False,,,0.0
NS301869,NV102313,NC201869,2026-06-10,AB,17095,0.05,True,Lender C (Near-Prime),14.08,72.0,1100.0,16850.0,227.0,False,0.0,0.0,False,0.0,0.0,263,4,275.0,0,False,,,0.0
NS301870,NV102314,NC201870,2024-12-14,ON,13295,0.13,True,Lender B (Prime),8.25,72.0,400.0,17623.0,195.0,True,2000.0,1040.0,True,1000.0,400.0,154,3,200.0,0,False,,,0.0
NS301871,NV102316,NC201871,2025-02-21,ON,35895,0.13,True,Lender A (Prime),8.8,72.0,4000.0,36561.0,446.0,False,0.0,0.0,False,0.0,0.0,138,3,205.0,0,False,,,0.0
NS301872,NV102317,NC201872,2026-07-28,ON,9795,0.13,True,Lender A (Prime),7.73,84.0,200.0,10868.0,155.0,False,0.0,0.0,False,0.0,0.0,148,3,187.0,0,False,,,0.0
NS301873,NV102318,NC201873,2025-05-14,ON,31995,0.13,False,,,,,,0.0,True,1900.0,988.0,False,0.0,0.0,3281,7,1679.0,1395,False,,,0.0
NS301874,NV102320,NC201874,2025-08-15,SK,13995,0.11,True,Lender B (Prime),8.0,72.0,2800.0,12734.0,251.0,False,0.0,0.0,False,0.0,0.0,3001,7,1688.0,1395,False,,,0.0
NS301875,NV102321,NC201875,2026-03-25,AB,15495,0.05,False,,,,,,0.0,False,0.0,0.0,False,0.0,0.0,3114,7,1494.0,1395,False,,,0.0
NS301876,NV102322,NC201876,2025-08-21,ON,36395,0.13,True,Lender A (Prime),7.17,84.0,4500.0,36626.0,545.0,False,0.0,0.0,False,0.0,0.0,602,3,377.0,395,False,,,0.0
NS301877,NV102323,NC201877,2025-11-16,AB,16995,0.05,True,Lender A (Prime),6.84,84.0,1400.0,17945.0,142.0,True,1500.0,780.0,False,0.0,0.0,307,3,295.0,395,False,,,0.0
NS301878,NV102324,NC201878,2024-09-14,ON,13395,0.13,True,Lender D (Subprime),19.89,60.0,400.0,14736.0,155.0,False,0.0,0.0,False,0.0,0.0,131,3,179.0,0,False,,,0.0
NS301879,NV102325,NC201879,2025-05-15,ON,20395,0.13,True,Lender A (Prime),9.19,60.0,3800.0,19246.0,300.0,False,0.0,0.0,False,0.0,0.0,143,3,189.0,0,False,,,0.0
NS301880,NV102326,NC201880,2024-07-02,BC,20295,0.12,False,,,,,,0.0,False,0.0,0.0,False,0.0,0.0,690,4,449.0,395,False,,,0.0
NS301881,NV102327,NC201881,2026-06-18,NS,30895,0.14,False,,,,,,0.0,False,0.0,0.0,False,0.0,0.0,1386,6,845.0,795,False,,,0.0
NS301882,NV102329,NC201882,2025-05-15,ON,22495,0.13,False,,,,,,0.0,False,0.0,0.0,False,0.0,0.0,124,2,186.0,0,False,,,0.0
NS301883,NV102330,NC201883,2024-07-04,MB,13895,0.12,True,Lender A (Prime),8.89,60.0,100.0,15462.0,111.0,False,0.0,0.0,False,0.0,0.0,2466,6,1454.0,795,False,,,0.0
NS301884,NV102331,NC201884,2025-05-30,ON,28195,0.13,False,,,,,,0.0,False,0.0,0.0,True,1300.0,520.0,145,4,193.0,0,False,,,0.0
NS301885,NV102332,NC201885,2024-06-24,AB,14395,0.05,True,Lender A (Prime),7.55,72.0,400.0,14715.0,128.0,False,0.0,0.0,False,0.0,0.0,312,2,293.0,395,False,,,0.0
NS301886,NV102333,NC201886,2026-04-17,ON,21595,0.13,True,Lender D (Subprime),19.49,60.0,1800.0,24352.0,456.0,True,1750.0,910.0,False,0.0,0.0,3706,8,1853.0,1395,False,,,0.0
NS301887,NV102336,NC201887,2024-05-06,QC,15695,0.14975,True,Lender C (Near-Prime),16.0,60.0,1800.0,18195.0,257.0,True,1250.0,650.0,True,700.0,280.0,236,2,256.0,0,False,,,0.0
NS301888,NV102338,NC201888,2025-03-10,SK,20895,0.11,True,Lender C (Near-Prime),14.67,60.0,1300.0,21893.0,332.0,False,0.0,0.0,False,0.0,0.0,2956,7,1564.0,1395,False,,,0.0
NS301889,NV102339,NC201889,2026-05-15,PE,15695,0.15,False,,,,,,0.0,False,0.0,0.0,False,0.0,0.0,4449,9,2292.0,1395,False,,,0.0
NS301890,NV102340,NC201890,2025-12-04,BC,26895,0.12,False,,,,,,0.0,False,0.0,0.0,False,0.0,0.0,715,4,442.0,395,False,,,0.0
NS301891,NV102341,NC201891,2026-03-01,BC,18895,0.12,False,,,,,,0.0,False,0.0,0.0,False,0.0,0.0,656,5,466.0,395,False,,,0.0
NS301892,NV102342,NC201892,2025-01-17,ON,16895,0.13,True,Lender C (Near-Prime),11.61,48.0,100.0,18991.0,97.0,False,0.0,0.0,False,0.0,0.0,144,2,185.0,0,False,,,0.0
NS301893,NV102343,NC201893,2025-06-07,ON,27695,0.13,False,,,,,,0.0,False,0.0,0.0,True,1200.0,480.0,143,4,193.0,0,False,,,0.0
NS301894,NV102344,NC201894,2024-04-07,ON,17395,0.13,False,,,,,,0.0,False,0.0,0.0,False,0.0,0.0,152,3,203.0,0,False,,,0.0
NS301895,NV102345,NC201895,2025-06-08,BC,27395,0.12,False,,,,,,0.0,True,2350.0,1222.0,False,0.0,0.0,4136,10,2140.0,1395,True,2025-06-17,Vehicle condition not as expected,3528.0
NS301896,NV102347,NC201896,2026-08-22,ON,11795,0.13,True,Lender B (Prime),8.96,72.0,800.0,15828.0,263.0,True,3300.0,1716.0,False,0.0,0.0,141,4,190.0,0,False,,,0.0
NS301897,NV102349,NC201897,2025-01-13,QC,19995,0.14975,True,Lender B (Prime),8.52,60.0,3600.0,22489.0,136.0,True,3100.0,1612.0,False,0.0,0.0,627,3,449.0,395,False,,,0.0
NS301898,NV102350,NC201898,2026-05-04,BC,12295,0.12,True,Lender C (Near-Prime),12.36,72.0,200.0,14620.0,221.0,False,0.0,0.0,True,1050.0,420.0,762,4,533.0,395,False,,,0.0
NS301899,NV102351,NC201899,2024-03-12,ON,19395,0.13,True,Lender C (Near-Prime),12.51,48.0,1200.0,20716.0,190.0,False,0.0,0.0,False,0.0,0.0,134,3,197.0,0,False,,,0.0
NS301900,NV102352,NC201900,2024-05-25,ON,25195,0.13,False,,,,,,0.0,False,0.0,0.0,False,0.0,0.0,491,2,333.0,395,False,,,0.0
NS301901,NV102353,NC201901,2025-11-02,NL,16895,0.15,True,Lender A (Prime),8.55,60.0,1000.0,21029.0,150.0,True,2600.0,1352.0,False,0.0,0.0,3025,8,2127.0,1395,False,,,0.0
NS301902,NV102354,NC201902,2025-01-02,ON,32095,0.13,True,Lender D (Subprime),19.57,72.0,700.0,35567.0,437.0,False,0.0,0.0,False,0.0,0.0,189,3,230.0,0,False,,,0.0
NS301903,NV102355,NC201903,2025-04-10,AB,31795,0.05,True,Lender C (Near-Prime),14.04,72.0,1300.0,35185.0,331.0,True,2300.0,1196.0,True,800.0,320.0,3118,7,1588.0,1395,False,,,0.0
NS301904,NV102356,NC201904,2026-09-10,SK,22795,0.11,True,Lender D (Subprime),15.88,60.0,200.0,29302.0,280.0,True,3350.0,1742.0,True,850.0,340.0,788,4,523.0,395,False,,,0.0
NS301905,NV102357,NC201905,2026-05-30,NB,17595,0.15,False,,,,,,0.0,False,0.0,0.0,False,0.0,0.0,4626,10,2725.0,1395,False,,,0.0
NS301906,NV102358,NC201906,2026-08-30,ON,17995,0.13,True,Lender B (Prime),7.75,84.0,300.0,20034.0,292.0,False,0.0,0.0,False,0.0,0.0,171,4,207.0,0,False,,,0.0
NS301907,NV102359,NC201907,2026-06-05,ON,13795,0.13,False,,,,,,0.0,False,0.0,0.0,False,0.0,0.0,175,2,205.0,0,False,,,0.0
NS301908,NV102361,NC201908,2024-08-29,SK,15495,0.11,True,Lender C (Near-Prime),13.99,84.0,700.0,16499.0,259.0,False,0.0,0.0,False,0.0,0.0,867,5,573.0,395,False,,,0.0
NS301909,NV102362,NC201909,2025-04-16,ON,18795,0.13,True,Lender A (Prime),5.9,48.0,2200.0,19038.0,358.0,False,0.0,0.0,False,0.0,0.0,166,3,195.0,0,False,,,0.0
NS301910,NV102363,NC201910,2026-01-24,ON,21395,0.13,True,Lender C (Near-Prime),13.62,48.0,3800.0,20376.0,203.0,False,0.0,0.0,False,0.0,0.0,136,4,194.0,0,False,,,0.0
NS301911,NV102364,NC201911,2026-05-10,ON,30295,0.13,True,Lender D (Subprime),17.06,84.0,3200.0,31033.0,251.0,False,0.0,0.0,False,0.0,0.0,3194,6,1453.0,1395,False,,,0.0
NS301912,NV102365,NC201912,2026-09-30,ON,16095,0.13,True,Lender D (Subprime),19.07,72.0,0.0,18187.0,149.0,False,0.0,0.0,False,0.0,0.0,143,4,193.0,0,False,,,0.0
NS301913,NV102366,NC201913,2024-10-05,ON,25095,0.13,True,Lender B (Prime),7.36,48.0,3800.0,27357.0,467.0,True,2800.0,1456.0,False,0.0,0.0,148,2,190.0,0,False,,,0.0
NS301914,NV102367,NC201914,2024-07-27,AB,11995,0.05,False,,,,,,0.0,False,0.0,0.0,False,0.0,0.0,297,4,283.0,0,False,,,0.0
NS301915,NV102368,NC201915,2024-07-14,QC,32895,0.14975,True,Lender C (Near-Prime),12.89,72.0,5400.0,32421.0,194.0,False,0.0,0.0,False,0.0,0.0,635,4,419.0,395,False,,,0.0
NS301916,NV102369,NC201916,2026-04-17,ON,17595,0.13,False,,,,,,0.0,False,0.0,0.0,False,0.0,0.0,166,3,212.0,0,False,,,0.0
NS301917,NV102370,NC201917,2025-06-30,NS,21595,0.14,False,,,,,,0.0,False,0.0,0.0,False,0.0,0.0,1656,6,1112.0,795,False,,,0.0
NS301918,NV102371,NC201918,2026-05-17,BC,16295,0.12,True,Lender D (Subprime),22.71,48.0,1400.0,16850.0,332.0,False,0.0,0.0,False,0.0,0.0,4311,10,2176.0,1395,True,2026-05-24,Changed mind,3596.0
NS301919,NV102373,NC201919,2024-07-20,PE,18295,0.15,False,,,,,,0.0,True,1450.0,754.0,False,0.0,0.0,1580,5,1077.0,795,False,,,0.0
NS301920,NV102374,NC201920,2026-03-11,QC,14195,0.14975,True,Lender C (Near-Prime),13.58,60.0,2300.0,14021.0,230.0,False,0.0,0.0,False,0.0,0.0,3382,8,1753.0,1395,False,,,0.0
NS301921,NV102375,NC201921,2025-09-04,AB,30495,0.05,True,Lender C (Near-Prime),13.02,72.0,1100.0,33520.0,253.0,True,2600.0,1352.0,False,0.0,0.0,301,4,276.0,395,False,,,0.0
NS301922,NV102376,NC201922,2025-02-24,ON,19895,0.13,True,Lender C (Near-Prime),11.1,72.0,3500.0,18981.0,113.0,False,0.0,0.0,False,0.0,0.0,168,2,199.0,0,True,2025-03-04,Vehicle condition not as expected,2389.0
NS301923,NV102377,NC201923,2025-10-27,BC,19795,0.12,True,Lender D (Subprime),18.18,72.0,2500.0,19670.0,129.0,False,0.0,0.0,False,0.0,0.0,630,3,403.0,395,False,,,0.0
NS301924,NV102378,NC201924,2025-09-24,AB,24795,0.05,True,Lender B (Prime),8.82,60.0,2000.0,24035.0,360.0,False,0.0,0.0,False,0.0,0.0,278,3,259.0,0,False,,,0.0
NS301925,NV102379,NC201925,2026-06-03,ON,17695,0.13,True,Lender D (Subprime),20.88,84.0,3500.0,16495.0,170.0,False,0.0,0.0,False,0.0,0.0,148,2,199.0,0,False,,,0.0
NS301926,NV102381,NC201926,2026-06-22,AB,17695,0.05,True,Lender D (Subprime),19.03,60.0,600.0,20180.0,254.0,True,2200.0,1144.0,False,0.0,0.0,241,4,242.0,0,False,,,0.0
NS301927,NV102382,NC201927,2025-06-05,BC,28095,0.12,False,,,,,,0.0,False,0.0,0.0,False,0.0,0.0,704,3,468.0,395,False,,,0.0
NS301928,NV102383,NC201928,2025-08-31,NS,17695,0.14,False,,,,,,0.0,True,1800.0,936.0,False,0.0,0.0,4335,9,2345.0,1395,False,,,0.0
NS301929,NV102384,NC201929,2026-07-19,SK,21295,0.11,False,,,,,,0.0,True,2850.0,1482.0,False,0.0,0.0,3223,8,1902.0,1395,False,,,0.0
NS301930,NV102385,NC201930,2024-12-22,ON,18895,0.13,False,,,,,,0.0,False,0.0,0.0,False,0.0,0.0,664,5,452.0,395,False,,,0.0
NS301931,NV102386,NC201931,2024-02-18,ON,16495,0.13,True,Lender C (Near-Prime),12.57,72.0,600.0,18039.0,330.0,False,0.0,0.0,False,0.0,0.0,145,3,192.0,0,False,,,0.0
NS301932,NV102388,NC201932,2026-07-20,ON,17595,0.13,True,Lender C (Near-Prime),12.86,60.0,1200.0,18682.0,130.0,False,0.0,0.0,False,0.0,0.0,582,3,470.0,395,False,,,0.0
NS301933,NV102389,NC201933,2025-05-11,ON,18395,0.13,True,Lender D (Subprime),22.33,48.0,2100.0,21586.0,137.0,True,2100.0,1092.0,True,800.0,320.0,170,4,224.0,0,False,,,0.0
NS301934,NV102391,NC201934,2025-04-06,ON,26795,0.13,True,Lender C (Near-Prime),13.42,60.0,900.0,29378.0,182.0,False,0.0,0.0,False,0.0,0.0,131,2,197.0,0,False,,,0.0
NS301935,NV102392,NC201935,2026-04-14,ON,12095,0.13,True,Lender A (Prime),7.78,60.0,1800.0,11867.0,126.0,False,0.0,0.0,False,0.0,0.0,149,4,206.0,0,False,,,0.0
NS301936,NV102393,NC201936,2024-09-08,QC,23295,0.14975,True,Lender A (Prime),8.5,84.0,1200.0,26433.0,524.0,False,0.0,0.0,True,850.0,340.0,612,3,416.0,395,False,,,0.0
NS301937,NV102394,NC201937,2025-08-23,MB,24395,0.12,True,Lender D (Subprime),21.84,60.0,1100.0,26222.0,292.0,False,0.0,0.0,False,0.0,0.0,1332,4,789.0,795,False,,,0.0
NS301938,NV102395,NC201938,2025-04-03,ON,19495,0.13,True,Lender A (Prime),7.68,84.0,2700.0,19329.0,227.0,False,0.0,0.0,False,0.0,0.0,139,4,209.0,0,False,,,0.0
NS301939,NV102396,NC201939,2025-08-20,ON,9395,0.13,True,Lender B (Prime),8.96,84.0,1400.0,9216.0,135.0,False,0.0,0.0,False,0.0,0.0,161,3,217.0,0,False,,,0.0
NS301940,NV102397,NC201940,2026-05-23,BC,15095,0.12,True,Lender C (Near-Prime),10.87,72.0,1800.0,18006.0,352.0,True,2900.0,1508.0,False,0.0,0.0,898,3,600.0,395,False,,,0.0
NS301941,NV102398,NC201941,2025-06-14,MB,14095,0.12,True,Lender D (Subprime),18.51,60.0,2600.0,15836.0,150.0,True,2650.0,1378.0,False,0.0,0.0,2101,6,1407.0,795,False,,,0.0
NS301942,NV102399,NC201942,2025-02-27,SK,20295,0.11,True,Lender C (Near-Prime),10.5,84.0,800.0,21727.0,348.0,False,0.0,0.0,False,0.0,0.0,807,4,606.0,395,False,,,0.0
NS301943,NV102400,NC201943,2024-03-01,MB,19395,0.12,True,Lender B (Prime),7.15,72.0,2400.0,20572.0,252.0,False,0.0,0.0,True,1250.0,500.0,2308,5,1325.0,795,False,,,0.0
NS301944,NV102401,NC201944,2025-06-27,QC,28195,0.14975,True,Lender C (Near-Prime),13.79,72.0,5100.0,30017.0,441.0,True,2700.0,1404.0,False,0.0,0.0,3691,8,2138.0,1395,False,,,0.0
NS301945,NV102402,NC201945,2024-07-01,QC,28295,0.14975,True,Lender B (Prime),6.53,72.0,1700.0,32632.0,564.0,True,1800.0,936.0,False,0.0,0.0,523,3,382.0,395,False,,,0.0
NS301946,NV102404,NC201946,2024-06-13,QC,10295,0.14975,True,Lender A (Prime),7.71,60.0,500.0,11337.0,167.0,False,0.0,0.0,False,0.0,0.0,562,2,422.0,395,False,,,0.0
NS301947,NV102405,NC201947,2024-12-28,QC,23695,0.14975,True,Lender A (Prime),9.07,48.0,4000.0,23243.0,122.0,False,0.0,0.0,False,0.0,0.0,628,4,410.0,395,False,,,0.0
NS301948,NV102406,NC201948,2026-03-26,ON,10395,0.13,True,Lender A (Prime),7.65,72.0,1300.0,11746.0,104.0,False,0.0,0.0,True,1300.0,520.0,147,3,202.0,0,False,,,0.0
NS301949,NV102408,NC201949,2026-08-24,ON,18395,0.13,True,Lender B (Prime),6.93,72.0,1700.0,19936.0,118.0,False,0.0,0.0,True,850.0,340.0,164,4,203.0,0,False,,,0.0
NS301950,NV102409,NC201950,2025-10-03,AB,55895,0.05,True,Lender D (Subprime),21.01,72.0,9900.0,51490.0,732.0,True,2700.0,1404.0,False,0.0,0.0,3640,7,1868.0,1395,False,,,0.0
NS301951,NV102410,NC201951,2024-03-12,QC,12795,0.14975,True,Lender B (Prime),8.85,72.0,1500.0,14461.0,250.0,True,1250.0,650.0,False,0.0,0.0,575,4,399.0,395,False,,,0.0
NS301952,NV102411,NC201952,2025-06-28,NB,12595,0.15,False,,,,,,0.0,True,1500.0,780.0,False,0.0,0.0,4599,11,2489.0,1395,False,,,0.0
NS301953,NV102412,NC201953,2024-03-30,QC,27695,0.14975,True,Lender C (Near-Prime),11.82,72.0,1500.0,30342.0,287.0,False,0.0,0.0,False,0.0,0.0,505,3,419.0,395,False,,,0.0
NS301954,NV102413,NC201954,2024-06-17,ON,10895,0.13,False,,,,,,0.0,False,0.0,0.0,False,0.0,0.0,546,3,393.0,395,False,,,0.0
NS301955,NV102414,NC201955,2026-05-26,ON,21095,0.13,True,Lender D (Subprime),18.11,84.0,3800.0,20037.0,175.0,False,0.0,0.0,False,0.0,0.0,166,2,206.0,0,False,,,0.0
NS301956,NV102418,NC201956,2026-07-24,AB,11595,0.05,True,Lender B (Prime),7.54,72.0,100.0,14125.0,185.0,True,2050.0,1066.0,False,0.0,0.0,3343,7,2050.0,1395,False,,,0.0
NS301957,NV102419,NC201957,2026-03-09,ON,11695,0.13,False,,,,,,0.0,True,2650.0,1378.0,False,0.0,0.0,147,4,203.0,0,False,,,0.0
NS301958,NV102420,NC201958,2025-07-01,AB,12195,0.05,True,Lender D (Subprime),19.74,72.0,1900.0,12605.0,96.0,True,1700.0,884.0,False,0.0,0.0,3143,7,1733.0,1395,False,,,0.0
NS301959,NV102421,NC201959,2024-09-04,ON,22995,0.13,False,,,,,,0.0,True,2600.0,1352.0,False,0.0,0.0,163,3,202.0,0,False,,,0.0
NS301960,NV102422,NC201960,2025-06-08,ON,13795,0.13,False,,,,,,0.0,True,1250.0,650.0,False,0.0,0.0,151,3,216.0,0,False,,,0.0
NS301961,NV102423,NC201961,2025-12-10,ON,10195,0.13,False,,,,,,0.0,False,0.0,0.0,False,0.0,0.0,120,4,184.0,0,False,,,0.0
NS301962,NV102424,NC201962,2025-11-04,ON,25995,0.13,True,Lender C (Near-Prime),12.67,72.0,1300.0,28074.0,484.0,False,0.0,0.0,False,0.0,0.0,135,2,201.0,0,False,,,0.0
NS301963,NV102425,NC201963,2026-04-16,ON,20195,0.13,True,Lender D (Subprime),17.53,84.0,3900.0,22070.0,196.0,True,3150.0,1638.0,False,0.0,0.0,133,2,182.0,0,False,,,0.0
NS301964,NV102427,NC201964,2024-07-17,ON,29295,0.13,True,Lender D (Subprime),18.49,84.0,2400.0,30703.0,461.0,False,0.0,0.0,False,0.0,0.0,509,2,384.0,395,False,,,0.0
NS301965,NV102428,NC201965,2026-04-07,BC,16195,0.12,False,,,,,,0.0,False,0.0,0.0,False,0.0,0.0,5036,11,2927.0,1395,False,,,0.0
NS301966,NV102429,NC201966,2026-02-16,ON,23595,0.13,False,,,,,,0.0,True,2950.0,1534.0,False,0.0,0.0,131,3,188.0,0,False,,,0.0
NS301967,NV102430,NC201967,2026-08-05,ON,17295,0.13,True,Lender D (Subprime),20.82,72.0,1800.0,20493.0,328.0,True,2750.0,1430.0,False,0.0,0.0,3376,8,1839.0,1395,False,,,0.0
NS301968,NV102431,NC201968,2024-02-15,ON,23795,0.13,True,Lender A (Prime),8.25,72.0,3200.0,24488.0,453.0,False,0.0,0.0,True,800.0,320.0,159,4,198.0,0,False,,,0.0
NS301969,NV102432,NC201969,2025-04-14,ON,14795,0.13,True,Lender D (Subprime),21.33,72.0,100.0,18168.0,280.0,True,1550.0,806.0,False,0.0,0.0,3288,8,1811.0,1395,False,,,0.0
NS301970,NV102433,NC201970,2025-02-06,ON,31195,0.13,True,Lender B (Prime),8.85,60.0,2900.0,32350.0,530.0,False,0.0,0.0,False,0.0,0.0,3516,9,1605.0,1395,False,,,0.0
NS301971,NV102434,NC201971,2026-03-10,ON,13295,0.13,True,Lender A (Prime),8.25,60.0,2200.0,14123.0,96.0,True,1300.0,676.0,False,0.0,0.0,174,2,206.0,0,False,,,0.0
NS301972,NV102435,NC201972,2025-04-14,ON,31195,0.13,False,,,,,,0.0,True,1550.0,806.0,False,0.0,0.0,513,2,393.0,395,False,,,0.0
NS301973,NV102436,NC201973,2025-05-09,NS,15095,0.14,True,Lender D (Subprime),19.09,72.0,2700.0,16508.0,111.0,True,2000.0,1040.0,False,0.0,0.0,3850,7,2295.0,1395,False,,,0.0
NS301974,NV102437,NC201974,2026-03-19,ON,13795,0.13,True,Lender B (Prime),7.17,60.0,1400.0,16438.0,220.0,True,2250.0,1170.0,False,0.0,0.0,551,4,369.0,395,False,,,0.0
NS301975,NV102438,NC201975,2025-07-13,ON,17095,0.13,True,Lender A (Prime),6.15,72.0,1800.0,17517.0,99.0,False,0.0,0.0,False,0.0,0.0,467,4,351.0,395,False,,,0.0
NS301976,NV102439,NC201976,2025-06-04,AB,13695,0.05,True,Lender A (Prime),10.11,60.0,600.0,16330.0,148.0,True,2550.0,1326.0,False,0.0,0.0,3398,9,2320.0,1395,False,,,0.0
NS301977,NV102440,NC201977,2025-02-19,AB,15195,0.05,True,Lender C (Near-Prime),11.74,60.0,2000.0,13955.0,254.0,False,0.0,0.0,False,0.0,0.0,239,3,258.0,0,False,,,0.0
NS301978,NV102443,NC201978,2024-05-03,ON,38495,0.13,True,Lender A (Prime),9.12,84.0,3700.0,39799.0,747.0,False,0.0,0.0,False,0.0,0.0,157,2,207.0,0,False,,,0.0
NS301979,NV102444,NC201979,2026-05-16,AB,24995,0.05,True,Lender A (Prime),8.83,84.0,1000.0,25245.0,446.0,False,0.0,0.0,False,0.0,0.0,206,2,232.0,0,False,,,0.0
NS301980,NV102445,NC201980,2025-10-01,AB,12395,0.05,True,Lender C (Near-Prime),12.32,84.0,700.0,12315.0,73.0,False,0.0,0.0,False,0.0,0.0,3279,7,1692.0,1395,False,,,0.0
NS301981,NV102447,NC201981,2025-11-08,ON,32595,0.13,False,,,,,,0.0,False,0.0,0.0,False,0.0,0.0,178,2,221.0,0,False,,,0.0
NS301982,NV102449,NC201982,2026-02-25,QC,10195,0.14975,True,Lender D (Subprime),16.11,48.0,600.0,14272.0,193.0,True,3150.0,1638.0,False,0.0,0.0,205,4,223.0,0,False,,,0.0
NS301983,NV102451,NC201983,2024-08-13,ON,25495,0.13,False,,,,,,0.0,False,0.0,0.0,False,0.0,0.0,708,5,460.0,395,False,,,0.0
NS301984,NV102453,NC201984,2024-12-05,ON,25295,0.13,True,Lender D (Subprime),19.85,84.0,2800.0,27483.0,442.0,True,1700.0,884.0,False,0.0,0.0,3326,9,2386.0,1395,False,,,0.0
NS301985,NV102454,NC201985,2025-04-11,BC,10095,0.12,False,,,,,,0.0,True,2200.0,1144.0,False,0.0,0.0,696,4,527.0,395,False,,,0.0
NS301986,NV102455,NC201986,2025-10-02,NB,9895,0.15,True,Lender B (Prime),7.73,72.0,100.0,14629.0,115.0,True,2150.0,1118.0,True,1200.0,480.0,1490,6,997.0,795,True,2025-10-11,Vehicle condition not as expected,2210.0
NS301987,NV102456,NC201987,2025-06-10,AB,18795,0.05,False,,,,,,0.0,False,0.0,0.0,False,0.0,0.0,276,4,261.0,0,False,,,0.0
NS301988,NV102457,NC201988,2026-02-18,ON,21995,0.13,True,Lender D (Subprime),17.48,84.0,900.0,25304.0,390.0,True,1350.0,702.0,False,0.0,0.0,165,4,208.0,0,False,,,0.0
NS301989,NV102458,NC201989,2024-06-06,ON,24795,0.13,False,,,,,,0.0,False,0.0,0.0,False,0.0,0.0,3323,7,1913.0,1395,False,,,0.0
NS301990,NV102459,NC201990,2025-09-27,AB,20995,0.05,False,,,,,,0.0,False,0.0,0.0,False,0.0,0.0,298,2,299.0,0,True,2025-09-29,Mechanical issue,1451.0
NS301991,NV102460,NC201991,2024-12-27,ON,12495,0.13,True,Lender C (Near-Prime),11.07,60.0,500.0,14819.0,228.0,False,0.0,0.0,True,1200.0,480.0,174,2,219.0,0,True,2024-12-31,Found another vehicle,1857.0
NS301992,NV102461,NC201992,2026-07-23,AB,21495,0.05,True,Lender A (Prime),9.17,72.0,1000.0,21570.0,178.0,False,0.0,0.0,False,0.0,0.0,4064,10,2219.0,1395,False,,,0.0
NS301993,NV102462,NC201993,2025-10-07,AB,26195,0.05,False,,,,,,0.0,False,0.0,0.0,False,0.0,0.0,262,4,260.0,0,False,,,0.0
NS301994,NV102463,NC201994,2026-03-10,BC,17095,0.12,False,,,,,,0.0,True,2150.0,1118.0,False,0.0,0.0,714,3,511.0,395,False,,,0.0
NS301995,NV102464,NC201995,2026-04-25,ON,13095,0.13,True,Lender C (Near-Prime),13.87,60.0,100.0,14697.0,155.0,False,0.0,0.0,False,0.0,0.0,3020,7,1667.0,1395,False,,,0.0
NS301996,NV102465,NC201996,2025-03-26,NS,31295,0.14,True,Lender C (Near-Prime),12.93,72.0,200.0,35476.0,429.0,False,0.0,0.0,False,0.0,0.0,1819,4,1080.0,795,False,,,0.0
NS301997,NV102466,NC201997,2026-07-17,ON,28195,0.13,True,Lender D (Subprime),15.0,72.0,3400.0,32660.0,309.0,True,3100.0,1612.0,True,1100.0,440.0,704,3,521.0,395,False,,,0.0
NS301998,NV102468,NC201998,2025-06-25,ON,11795,0.13,True,Lender D (Subprime),18.44,72.0,1200.0,15078.0,282.0,True,2950.0,1534.0,False,0.0,0.0,149,3,186.0,0,False,,,0.0
NS301999,NV102469,NC201999,2026-08-15,ON,27895,0.13,True,Lender D (Subprime),22.74,84.0,500.0,31021.0,317.0,False,0.0,0.0,False,0.0,0.0,138,3,197.0,0,False,,,0.0
NS302000,NV102470,NC202000,2024-08-22,QC,12995,0.14975,True,Lender A (Prime),7.15,84.0,1100.0,16891.0,309.0,True,3050.0,1586.0,False,0.0,0.0,602,2,445.0,395,False,,,0.0
NS302001,NV102471,NC202001,2025-05-18,ON,24695,0.13,True,Lender B (Prime),8.63,72.0,800.0,29255.0,558.0,True,2150.0,1118.0,False,0.0,0.0,3364,8,1719.0,1395,False,,,0.0
NS302002,NV102472,NC202002,2025-09-18,ON,22795,0.13,True,Lender D (Subprime),21.09,72.0,4100.0,24808.0,390.0,True,3150.0,1638.0,False,0.0,0.0,145,2,190.0,0,False,,,0.0
NS302003,NV102473,NC202003,2024-08-18,ON,13895,0.13,True,Lender A (Prime),8.75,84.0,2100.0,14601.0,73.0,False,0.0,0.0,True,1000.0,400.0,647,2,429.0,395,False,,,0.0
NS302004,NV102474,NC202004,2026-09-23,ON,21495,0.13,False,,,,,,0.0,True,2200.0,1144.0,False,0.0,0.0,573,3,379.0,395,False,,,0.0
NS302005,NV102475,NC202005,2025-03-10,QC,21895,0.14975,False,,,,,,0.0,True,1700.0,884.0,False,0.0,0.0,584,3,504.0,395,True,2025-03-17,Financing fell through,2678.0
NS302006,NV102476,NC202006,2026-01-02,PE,16395,0.15,False,,,,,,0.0,False,0.0,0.0,False,0.0,0.0,5015,11,2567.0,1395,False,,,0.0
NS302007,NV102479,NC202007,2025-05-13,MB,41795,0.12,True,Lender C (Near-Prime),14.96,72.0,5800.0,41010.0,323.0,False,0.0,0.0,False,0.0,0.0,2140,6,1201.0,795,False,,,0.0
NS302008,NV102480,NC202008,2025-06-10,ON,12495,0.13,False,,,,,,0.0,False,0.0,0.0,False,0.0,0.0,624,4,513.0,395,False,,,0.0
NS302009,NV102482,NC202009,2024-03-10,AB,21595,0.05,False,,,,,,0.0,True,3100.0,1612.0,False,0.0,0.0,4235,10,1945.0,1395,False,,,0.0
NS302010,NV102484,NC202010,2024-05-14,ON,22795,0.13,True,Lender D (Subprime),18.17,60.0,4200.0,21558.0,124.0,False,0.0,0.0,False,0.0,0.0,152,3,209.0,0,False,,,0.0
NS302011,NV102486,NC202011,2025-01-16,ON,35095,0.13,False,,,,,,0.0,False,0.0,0.0,False,0.0,0.0,3709,9,1894.0,1395,False,,,0.0
NS302012,NV102487,NC202012,2024-12-14,AB,17495,0.05,False,,,,,,0.0,False,0.0,0.0,False,0.0,0.0,356,4,316.0,395,False,,,0.0
NS302013,NV102488,NC202013,2025-03-25,AB,19095,0.05,False,,,,,,0.0,True,2750.0,1430.0,False,0.0,0.0,3117,8,1775.0,1395,False,,,0.0
NS302014,NV102489,NC202014,2026-03-05,ON,28795,0.13,True,Lender D (Subprime),20.26,60.0,5100.0,27438.0,371.0,False,0.0,0.0,False,0.0,0.0,3036,7,1648.0,1395,False,,,0.0
NS302015,NV102490,NC202015,2025-07-20,SK,10295,0.11,False,,,,,,0.0,False,0.0,0.0,False,0.0,0.0,3132,7,1600.0,1395,False,,,0.0
NS302016,NV102492,NC202016,2026-01-18,BC,13695,0.12,True,Lender C (Near-Prime),15.77,60.0,1300.0,14988.0,231.0,False,0.0,0.0,True,950.0,380.0,4846,11,2259.0,1395,False,,,0.0
NS302017,NV102493,NC202017,2024-05-08,BC,11995,0.12,True,Lender C (Near-Prime),11.59,60.0,2100.0,14834.0,268.0,True,2350.0,1222.0,True,1150.0,460.0,808,4,571.0,395,False,,,0.0
NS302018,NV102494,NC202018,2025-09-20,NS,33795,0.14,True,Lender C (Near-Prime),13.27,84.0,500.0,38026.0,619.0,False,0.0,0.0,False,0.0,0.0,1631,6,1068.0,795,False,,,0.0
NS302019,NV102495,NC202019,2026-04-09,BC,16495,0.12,True,Lender C (Near-Prime),13.03,60.0,1600.0,21074.0,114.0,True,3100.0,1612.0,True,1100.0,440.0,4505,10,2652.0,1395,False,,,0.0
NS302020,NV102496,NC202020,2024-12-28,ON,22595,0.13,True,Lender D (Subprime),16.62,72.0,1200.0,25582.0,204.0,True,1250.0,650.0,False,0.0,0.0,161,2,198.0,0,False,,,0.0
NS302021,NV102497,NC202021,2024-06-04,AB,13695,0.05,True,Lender A (Prime),7.16,60.0,1900.0,12480.0,98.0,False,0.0,0.0,False,0.0,0.0,3980,10,2039.0,1395,True,2024-06-13,Changed mind,3512.0
NS302022,NV102498,NC202022,2026-06-30,QC,34195,0.14975,True,Lender C (Near-Prime),11.44,72.0,4800.0,35666.0,511.0,False,0.0,0.0,True,1150.0,460.0,598,4,395.0,395,False,,,0.0
NS302023,NV102499,NC202023,2026-09-04,NB,18195,0.15,True,Lender A (Prime),8.8,84.0,600.0,23524.0,425.0,True,3200.0,1664.0,False,0.0,0.0,868,4,559.0,395,False,,,0.0
NS302024,NV102500,NC202024,2024-05-07,BC,10595,0.12,True,Lender A (Prime),7.76,72.0,1400.0,13166.0,160.0,True,2700.0,1404.0,False,0.0,0.0,755,5,511.0,395,False,,,0.0
NS302025,NV102502,NC202025,2026-02-04,MB,20695,0.12,False,,,,,,0.0,True,1350.0,702.0,False,0.0,0.0,2094,6,1457.0,795,False,,,0.0
NS302026,NV102503,NC202026,2025-01-17,NS,19795,0.14,True,Lender B (Prime),7.71,60.0,200.0,24466.0,303.0,True,2100.0,1092.0,False,0.0,0.0,1770,4,1159.0,795,False,,,0.0
NS302027,NV102504,NC202027,2024-04-26,ON,15695,0.13,True,Lender C (Near-Prime),11.89,72.0,2500.0,16485.0,310.0,False,0.0,0.0,True,1250.0,500.0,126,2,179.0,0,False,,,0.0
NS302028,NV102506,NC202028,2026-03-30,AB,18395,0.05,False,,,,,,0.0,True,2200.0,1144.0,False,0.0,0.0,241,2,249.0,0,False,,,0.0
NS302029,NV102508,NC202029,2025-02-25,ON,11395,0.13,True,Lender A (Prime),8.18,60.0,800.0,13976.0,234.0,True,1900.0,988.0,False,0.0,0.0,132,4,184.0,0,False,,,0.0
NS302030,NV102510,NC202030,2024-11-24,ON,24795,0.13,True,Lender C (Near-Prime),11.42,72.0,3800.0,25618.0,394.0,True,1400.0,728.0,False,0.0,0.0,3288,8,1800.0,1395,False,,,0.0
NS302031,NV102511,NC202031,2025-06-02,ON,13095,0.13,True,Lender A (Prime),7.3,72.0,2100.0,12697.0,142.0,False,0.0,0.0,False,0.0,0.0,157,4,214.0,0,False,,,0.0
NS302032,NV102512,NC202032,2026-01-31,SK,20095,0.11,True,Lender A (Prime),9.5,60.0,3400.0,20205.0,198.0,True,1300.0,676.0,False,0.0,0.0,774,3,453.0,395,False,,,0.0
NS302033,NV102513,NC202033,2026-07-27,ON,27295,0.13,True,Lender C (Near-Prime),12.3,72.0,1200.0,29643.0,279.0,False,0.0,0.0,False,0.0,0.0,156,3,203.0,0,False,,,0.0
NS302034,NV102515,NC202034,2026-02-11,BC,13095,0.12,False,,,,,,0.0,False,0.0,0.0,False,0.0,0.0,812,3,507.0,395,False,,,0.0
NS302035,NV102516,NC202035,2024-10-20,MB,23995,0.12,False,,,,,,0.0,False,0.0,0.0,False,0.0,0.0,2569,5,1534.0,1395,False,,,0.0
NS302036,NV102517,NC202036,2024-07-18,ON,12095,0.13,False,,,,,,0.0,True,2550.0,1326.0,False,0.0,0.0,552,3,472.0,395,False,,,0.0
NS302037,NV102518,NC202037,2026-03-21,ON,37495,0.13,True,Lender C (Near-Prime),10.5,72.0,5500.0,36869.0,719.0,False,0.0,0.0,False,0.0,0.0,162,3,211.0,0,False,,,0.0
NS302038,NV102519,NC202038,2024-06-09,AB,12995,0.05,True,Lender A (Prime),7.7,72.0,1600.0,12045.0,220.0,False,0.0,0.0,False,0.0,0.0,3533,8,2234.0,1395,False,,,0.0
NS302039,NV102520,NC202039,2025-04-02,MB,10295,0.12,True,Lender D (Subprime),16.78,84.0,800.0,12080.0,152.0,True,1350.0,702.0,False,0.0,0.0,1446,6,934.0,795,False,,,0.0
NS302040,NV102521,NC202040,2024-07-18,BC,13895,0.12,True,Lender C (Near-Prime),13.26,60.0,100.0,15462.0,194.0,False,0.0,0.0,False,0.0,0.0,689,3,483.0,395,False,,,0.0
NS302041,NV102522,NC202041,2025-08-22,ON,22495,0.13,True,Lender D (Subprime),15.0,72.0,1400.0,24019.0,182.0,False,0.0,0.0,False,0.0,0.0,137,4,174.0,0,False,,,0.0
NS302042,NV102523,NC202042,2024-10-05,NB,23895,0.15,True,Lender D (Subprime),21.16,84.0,3700.0,27679.0,414.0,True,2600.0,1352.0,True,1300.0,520.0,1623,5,855.0,795,False,,,0.0
NS302043,NV102524,NC202043,2025-12-24,NL,23195,0.15,True,Lender C (Near-Prime),13.51,72.0,2600.0,24074.0,454.0,False,0.0,0.0,False,0.0,0.0,2516,7,1633.0,1395,False,,,0.0
NS302044,NV102525,NC202044,2025-04-12,ON,40695,0.13,True,Lender D (Subprime),19.0,60.0,1100.0,44885.0,640.0,False,0.0,0.0,False,0.0,0.0,146,4,185.0,0,False,,,0.0
NS302045,NV102526,NC202045,2026-09-26,NS,18195,0.14,True,Lender B (Prime),9.86,84.0,3600.0,17142.0,97.0,False,0.0,0.0,False,0.0,0.0,1140,3,703.0,795,False,,,0.0
NS302046,NV102527,NC202046,2026-01-03,AB,31895,0.05,True,Lender D (Subprime),22.65,84.0,3400.0,31390.0,363.0,True,1300.0,676.0,False,0.0,0.0,3242,7,1808.0,1395,False,,,0.0
NS302047,NV102529,NC202047,2026-07-10,ON,15595,0.13,True,Lender A (Prime),7.91,60.0,3000.0,14622.0,90.0,False,0.0,0.0,False,0.0,0.0,146,3,190.0,0,False,,,0.0
NS302048,NV102530,NC202048,2026-07-27,AB,11995,0.05,True,Lender C (Near-Prime),12.78,60.0,1500.0,11095.0,60.0,False,0.0,0.0,False,0.0,0.0,3659,7,1935.0,1395,False,,,0.0
NS302049,NV102531,NC202049,2025-11-08,BC,9595,0.12,True,Lender B (Prime),8.72,72.0,1600.0,12196.0,237.0,True,1850.0,962.0,True,1200.0,480.0,666,3,460.0,395,False,,,0.0
NS302050,NV102533,NC202050,2024-12-31,ON,20195,0.13,True,Lender D (Subprime),17.78,84.0,3200.0,20870.0,220.0,False,0.0,0.0,True,1250.0,500.0,160,4,199.0,0,False,,,0.0
NS302051,NV102534,NC202051,2025-06-21,ON,16895,0.13,False,,,,,,0.0,True,2950.0,1534.0,False,0.0,0.0,143,4,189.0,0,True,2025-06-25,Vehicle condition not as expected,1334.0
NS302052,NV102535,NC202052,2025-11-02,BC,10695,0.12,False,,,,,,0.0,False,0.0,0.0,False,0.0,0.0,746,3,546.0,395,False,,,0.0
NS302053,NV102536,NC202053,2024-12-17,BC,10595,0.12,True,Lender B (Prime),8.63,60.0,1600.0,10266.0,126.0,False,0.0,0.0,False,0.0,0.0,709,5,530.0,395,False,,,0.0
NS302054,NV102537,NC202054,2025-11-17,AB,16495,0.05,False,,,,,,0.0,False,0.0,0.0,False,0.0,0.0,249,3,277.0,0,False,,,0.0
NS302055,NV102540,NC202055,2025-06-04,ON,36595,0.13,False,,,,,,0.0,False,0.0,0.0,False,0.0,0.0,157,3,205.0,0,False,,,0.0
NS302056,NV102541,NC202056,2026-03-06,AB,36595,0.05,False,,,,,,0.0,False,0.0,0.0,False,0.0,0.0,321,4,293.0,395,False,,,0.0
NS302057,NV102542,NC202057,2024-10-17,BC,33795,0.12,True,Lender C (Near-Prime),14.44,72.0,500.0,38400.0,622.0,False,0.0,0.0,True,1050.0,420.0,716,4,467.0,395,False,,,0.0
NS302058,NV102543,NC202058,2026-08-26,NL,19595,0.15,True,Lender C (Near-Prime),12.06,60.0,400.0,23984.0,257.0,True,1850.0,962.0,False,0.0,0.0,5936,13,3560.0,1395,False,,,0.0
NS302059,NV102544,NC202059,2026-06-16,ON,13295,0.13,True,Lender C (Near-Prime),13.49,84.0,2100.0,12923.0,212.0,False,0.0,0.0,False,0.0,0.0,143,3,182.0,0,False,,,0.0
NS302060,NV102545,NC202060,2026-06-25,MB,23195,0.12,False,,,,,,0.0,False,0.0,0.0,False,0.0,0.0,1230,5,743.0,795,False,,,0.0
NS302061,NV102546,NC202061,2024-02-29,BC,28595,0.12,False,,,,,,0.0,False,0.0,0.0,False,0.0,0.0,711,5,442.0,395,False,,,0.0
NS302062,NV102547,NC202062,2026-07-04,ON,21795,0.13,True,Lender A (Prime),7.85,72.0,1800.0,22828.0,366.0,False,0.0,0.0,False,0.0,0.0,654,3,486.0,395,False,,,0.0
NS302063,NV102548,NC202063,2026-05-21,NB,13595,0.15,True,Lender C (Near-Prime),13.33,84.0,600.0,16584.0,245.0,True,1550.0,806.0,False,0.0,0.0,1401,5,814.0,795,False,,,0.0
NS302064,NV102550,NC202064,2024-05-09,AB,18995,0.05,True,Lender D (Subprime),15.0,72.0,2000.0,21145.0,358.0,True,3200.0,1664.0,False,0.0,0.0,3194,6,1537.0,1395,False,,,0.0
NS302065,NV102551,NC202065,2024-11-07,MB,16495,0.12,True,Lender A (Prime),8.75,72.0,500.0,19974.0,361.0,True,2000.0,1040.0,False,0.0,0.0,1263,4,726.0,795,False,,,0.0
NS302066,NV102552,NC202066,2024-10-16,QC,28795,0.14975,True,Lender B (Prime),7.77,72.0,5100.0,30307.0,189.0,True,2300.0,1196.0,False,0.0,0.0,227,3,241.0,0,False,,,0.0
NS302067,NV102554,NC202067,2026-05-19,AB,25195,0.05,False,,,,,,0.0,False,0.0,0.0,False,0.0,0.0,3388,8,1738.0,1395,False,,,0.0
NS302068,NV102555,NC202068,2025-06-27,NS,11295,0.14,False,,,,,,0.0,False,0.0,0.0,False,0.0,0.0,1882,6,1215.0,795,False,,,0.0
NS302069,NV102556,NC202069,2024-06-01,ON,17795,0.13,False,,,,,,0.0,False,0.0,0.0,False,0.0,0.0,158,4,192.0,0,False,,,0.0
NS302070,NV102557,NC202070,2026-06-17,ON,20295,0.13,True,Lender A (Prime),6.49,72.0,3500.0,19433.0,173.0,False,0.0,0.0,False,0.0,0.0,149,2,200.0,0,False,,,0.0
NS302071,NV102559,NC202071,2024-11-01,ON,28495,0.13,True,Lender B (Prime),6.78,60.0,1700.0,33049.0,604.0,True,2550.0,1326.0,False,0.0,0.0,625,3,389.0,395,False,,,0.0
NS302072,NV102560,NC202072,2025-11-10,MB,14895,0.12,True,Lender D (Subprime),18.72,72.0,2600.0,14082.0,213.0,False,0.0,0.0,False,0.0,0.0,2120,5,1138.0,795,False,,,0.0
NS302073,NV102561,NC202073,2026-01-05,ON,20395,0.13,True,Lender C (Near-Prime),11.14,48.0,1000.0,24896.0,340.0,True,2850.0,1482.0,False,0.0,0.0,3093,6,1629.0,1395,False,,,0.0
NS302074,NV102562,NC202074,2024-06-07,ON,26195,0.13,True,Lender B (Prime),8.04,72.0,1100.0,28500.0,199.0,False,0.0,0.0,False,0.0,0.0,136,4,183.0,0,False,,,0.0
NS302075,NV102563,NC202075,2024-04-10,QC,27595,0.14975,True,Lender C (Near-Prime),16.0,72.0,4500.0,29377.0,227.0,True,2150.0,1118.0,False,0.0,0.0,625,4,478.0,395,False,,,0.0
NS302076,NV102564,NC202076,2026-03-21,ON,11695,0.13,True,Lender B (Prime),7.12,60.0,1100.0,12115.0,132.0,False,0.0,0.0,False,0.0,0.0,167,2,218.0,0,False,,,0.0
NS302077,NV102565,NC202077,2025-05-10,ON,14495,0.13,False,,,,,,0.0,True,1350.0,702.0,False,0.0,0.0,138,4,205.0,0,False,,,0.0
NS302078,NV102566,NC202078,2026-06-17,ON,20395,0.13,True,Lender A (Prime),9.93,72.0,900.0,23596.0,136.0,True,1450.0,754.0,False,0.0,0.0,176,4,220.0,0,False,,,0.0
NS302079,NV102568,NC202079,2025-05-16,AB,30495,0.05,True,Lender A (Prime),8.2,48.0,5500.0,28970.0,205.0,True,2450.0,1274.0,False,0.0,0.0,270,4,274.0,0,True,2025-05-18,Changed mind,1434.0
NS302080,NV102569,NC202080,2025-08-06,AB,30495,0.05,True,Lender C (Near-Prime),12.51,60.0,5900.0,27820.0,170.0,True,1700.0,884.0,False,0.0,0.0,267,2,258.0,0,False,,,0.0
NS302081,NV102570,NC202081,2025-03-23,NS,22095,0.14,True,Lender B (Prime),7.11,72.0,400.0,24788.0,394.0,False,0.0,0.0,False,0.0,0.0,2007,6,1006.0,795,False,,,0.0
NS302082,NV102571,NC202082,2025-03-06,ON,28695,0.13,False,,,,,,0.0,False,0.0,0.0,False,0.0,0.0,137,2,190.0,0,False,,,0.0
NS302083,NV102572,NC202083,2026-08-08,ON,13195,0.13,True,Lender B (Prime),9.36,60.0,1300.0,13610.0,249.0,False,0.0,0.0,False,0.0,0.0,150,4,193.0,0,False,,,0.0
NS302084,NV102573,NC202084,2024-08-29,AB,17795,0.05,True,Lender D (Subprime),18.24,84.0,1900.0,17535.0,140.0,False,0.0,0.0,True,750.0,300.0,3675,7,1753.0,1395,False,,,0.0
NS302085,NV102574,NC202085,2025-08-27,NL,27495,0.15,True,Lender B (Prime),7.91,72.0,3900.0,30119.0,322.0,True,2400.0,1248.0,False,0.0,0.0,5391,11,3462.0,1395,False,,,0.0
NS302086,NV102576,NC202086,2024-07-01,ON,22095,0.13,True,Lender D (Subprime),22.36,72.0,1300.0,23667.0,442.0,False,0.0,0.0,False,0.0,0.0,139,4,195.0,0,False,,,0.0
NS302087,NV102577,NC202087,2025-11-05,ON,16595,0.13,True,Lender A (Prime),8.73,84.0,2100.0,19552.0,280.0,True,1950.0,1014.0,True,950.0,380.0,167,3,199.0,0,False,,,0.0
NS302088,NV102578,NC202088,2025-05-29,ON,19195,0.13,True,Lender B (Prime),7.53,72.0,2000.0,19690.0,317.0,False,0.0,0.0,False,0.0,0.0,142,3,195.0,0,False,,,0.0
NS302089,NV102579,NC202089,2025-02-12,ON,18195,0.13,False,,,,,,0.0,False,0.0,0.0,False,0.0,0.0,155,2,212.0,0,False,,,0.0
NS302090,NV102581,NC202090,2026-06-18,NS,28595,0.14,True,Lender B (Prime),7.78,72.0,1200.0,31398.0,308.0,False,0.0,0.0,False,0.0,0.0,1883,5,1041.0,795,False,,,0.0
NS302091,NV102582,NC202091,2025-09-22,ON,25595,0.13,True,Lender A (Prime),8.15,72.0,500.0,29372.0,323.0,False,0.0,0.0,True,950.0,380.0,148,4,198.0,0,False,,,0.0
NS302092,NV102584,NC202092,2024-07-07,MB,45695,0.12,True,Lender A (Prime),7.45,84.0,4700.0,47328.0,784.0,False,0.0,0.0,True,850.0,340.0,1289,5,764.0,795,False,,,0.0
NS302093,NV102585,NC202093,2024-07-11,ON,30895,0.13,False,,,,,,0.0,False,0.0,0.0,False,0.0,0.0,167,3,211.0,0,False,,,0.0
NS302094,NV102586,NC202094,2025-11-20,AB,23395,0.05,True,Lender C (Near-Prime),10.5,72.0,2400.0,22965.0,274.0,False,0.0,0.0,True,800.0,320.0,3203,6,1685.0,1395,False,,,0.0
NS302095,NV102589,NC202095,2026-06-20,QC,24395,0.14975,True,Lender B (Prime),8.8,60.0,400.0,27648.0,261.0,False,0.0,0.0,False,0.0,0.0,632,3,438.0,395,False,,,0.0
NS302096,NV102590,NC202096,2026-01-11,AB,31695,0.05,False,,,,,,0.0,False,0.0,0.0,False,0.0,0.0,341,3,281.0,395,False,,,0.0
NS302097,NV102591,NC202097,2025-11-13,ON,28195,0.13,True,Lender A (Prime),7.06,60.0,1500.0,31310.0,567.0,False,0.0,0.0,True,950.0,380.0,585,2,415.0,395,False,,,0.0
NS302098,NV102592,NC202098,2026-08-08,ON,32295,0.13,False,,,,,,0.0,False,0.0,0.0,False,0.0,0.0,131,4,200.0,0,False,,,0.0
NS302099,NV102593,NC202099,2024-11-10,QC,15395,0.14975,True,Lender D (Subprime),19.85,48.0,3000.0,14700.0,166.0,False,0.0,0.0,False,0.0,0.0,587,4,417.0,395,False,,,0.0
NS302100,NV102594,NC202100,2025-06-10,ON,23895,0.13,True,Lender A (Prime),7.0,60.0,4500.0,22501.0,130.0,False,0.0,0.0,False,0.0,0.0,128,2,182.0,0,False,,,0.0
NS302101,NV102595,NC202101,2025-12-06,NB,40695,0.15,False,,,,,,0.0,True,2600.0,1352.0,False,0.0,0.0,1082,4,682.0,795,False,,,0.0
NS302102,NV102598,NC202102,2024-04-05,SK,10695,0.11,True,Lender A (Prime),8.35,72.0,700.0,11171.0,143.0,False,0.0,0.0,False,0.0,0.0,799,3,495.0,395,False,,,0.0
NS302103,NV102599,NC202103,2025-06-01,ON,11795,0.13,True,Lender C (Near-Prime),10.5,72.0,2100.0,11228.0,123.0,False,0.0,0.0,False,0.0,0.0,560,2,425.0,395,False,,,0.0
NS302104,NV102601,NC202104,2025-03-06,NS,17195,0.14,False,,,,,,0.0,False,0.0,0.0,False,0.0,0.0,1826,4,978.0,795,False,,,0.0
NS302105,NV102602,NC202105,2025-10-15,BC,21995,0.12,False,,,,,,0.0,True,2400.0,1248.0,False,0.0,0.0,658,4,493.0,395,False,,,0.0
NS302106,NV102604,NC202106,2026-08-21,ON,18795,0.13,True,Lender A (Prime),8.1,84.0,3500.0,18988.0,279.0,True,1250.0,650.0,False,0.0,0.0,146,4,206.0,0,False,,,0.0
NS302107,NV102605,NC202107,2025-10-15,BC,16295,0.12,True,Lender C (Near-Prime),11.05,72.0,500.0,17750.0,271.0,False,0.0,0.0,False,0.0,0.0,701,4,456.0,395,False,,,0.0
NS302108,NV102606,NC202108,2026-06-20,ON,13395,0.13,True,Lender C (Near-Prime),10.5,60.0,2300.0,15636.0,239.0,True,2800.0,1456.0,False,0.0,0.0,537,4,420.0,395,False,,,0.0
NS302109,NV102607,NC202109,2026-09-15,NS,18395,0.14,True,Lender C (Near-Prime),13.71,84.0,800.0,22870.0,247.0,True,2700.0,1404.0,False,0.0,0.0,4962,11,2524.0,1395,False,,,0.0
NS302110,NV102608,NC202110,2026-06-22,ON,11995,0.13,True,Lender C (Near-Prime),12.68,72.0,400.0,15004.0,206.0,True,1850.0,962.0,False,0.0,0.0,148,3,195.0,0,False,,,0.0
NS302111,NV102611,NC202111,2025-06-07,ON,22595,0.13,True,Lender B (Prime),9.75,84.0,100.0,25432.0,254.0,False,0.0,0.0,False,0.0,0.0,647,2,543.0,395,False,,,0.0
NS302112,NV102612,NC202112,2025-08-03,ON,20895,0.13,True,Lender C (Near-Prime),15.15,72.0,1000.0,23911.0,447.0,False,0.0,0.0,True,1300.0,520.0,148,3,184.0,0,False,,,0.0
NS302113,NV102613,NC202113,2024-10-02,ON,23995,0.13,False,,,,,,0.0,False,0.0,0.0,False,0.0,0.0,145,3,189.0,0,False,,,0.0
NS302114,NV102615,NC202114,2024-03-31,ON,24695,0.13,True,Lender B (Prime),9.48,60.0,4200.0,23705.0,229.0,False,0.0,0.0,False,0.0,0.0,155,3,200.0,0,False,,,0.0
NS302115,NV102616,NC202115,2024-09-13,ON,14395,0.13,True,Lender B (Prime),7.18,60.0,900.0,15366.0,127.0,False,0.0,0.0,False,0.0,0.0,154,2,209.0,0,False,,,0.0
NS302116,NV102618,NC202116,2025-01-11,ON,17795,0.13,False,,,,,,0.0,False,0.0,0.0,False,0.0,0.0,171,2,231.0,0,False,,,0.0
NS302117,NV102619,NC202117,2025-04-29,ON,15195,0.13,True,Lender C (Near-Prime),12.72,84.0,400.0,16770.0,128.0,False,0.0,0.0,False,0.0,0.0,2936,8,1841.0,1395,False,,,0.0
NS302118,NV102620,NC202118,2026-02-24,BC,15395,0.12,True,Lender B (Prime),8.79,72.0,3000.0,16692.0,119.0,True,2450.0,1274.0,False,0.0,0.0,848,4,565.0,395,False,,,0.0
NS302119,NV102621,NC202119,2026-04-22,ON,12795,0.13,True,Lender D (Subprime),19.03,60.0,1300.0,13158.0,219.0,False,0.0,0.0,False,0.0,0.0,154,4,197.0,0,False,,,0.0
NS302120,NV102622,NC202120,2026-09-05,ON,16095,0.13,False,,,,,,0.0,True,2800.0,1456.0,False,0.0,0.0,3264,9,1942.0,1395,False,,,0.0
NS302121,NV102623,NC202121,2025-09-17,AB,12895,0.05,True,Lender A (Prime),7.61,60.0,2300.0,11240.0,88.0,False,0.0,0.0,False,0.0,0.0,3329,7,1728.0,1395,False,,,0.0
NS302122,NV102624,NC202122,2026-06-28,ON,15995,0.13,True,Lender A (Prime),9.04,72.0,700.0,17374.0,108.0,False,0.0,0.0,False,0.0,0.0,144,4,206.0,0,True,2026-07-05,Vehicle condition not as expected,952.0
NS302123,NV102625,NC202123,2025-05-23,ON,16395,0.13,False,,,,,,0.0,True,1200.0,624.0,False,0.0,0.0,2767,6,1462.0,1395,False,,,0.0
NS302124,NV102626,NC202124,2026-08-04,NB,15395,0.15,True,Lender D (Subprime),20.6,72.0,500.0,20404.0,112.0,True,3200.0,1664.0,False,0.0,0.0,1470,5,870.0,795,False,,,0.0
NS302125,NV102627,NC202125,2026-06-24,BC,29895,0.12,True,Lender A (Prime),8.63,72.0,3400.0,31032.0,193.0,False,0.0,0.0,True,950.0,380.0,4838,9,2978.0,1395,False,,,0.0
NS302126,NV102628,NC202126,2025-11-02,BC,12095,0.12,True,Lender B (Prime),8.46,72.0,1000.0,12546.0,68.0,False,0.0,0.0,False,0.0,0.0,730,5,491.0,395,False,,,0.0
NS302127,NV102629,NC202127,2024-11-24,BC,21595,0.12,False,,,,,,0.0,False,0.0,0.0,False,0.0,0.0,788,4,582.0,395,False,,,0.0
NS302128,NV102632,NC202128,2026-04-12,ON,41895,0.13,False,,,,,,0.0,True,1450.0,754.0,False,0.0,0.0,152,4,189.0,0,False,,,0.0
NS302129,NV102633,NC202129,2026-03-29,ON,14195,0.13,True,Lender C (Near-Prime),13.37,72.0,2200.0,16990.0,129.0,True,3150.0,1638.0,False,0.0,0.0,141,4,199.0,0,False,,,0.0
NS302130,NV102634,NC202130,2025-07-22,ON,27395,0.13,False,,,,,,0.0,False,0.0,0.0,False,0.0,0.0,556,2,432.0,395,False,,,0.0
NS302131,NV102636,NC202131,2024-10-26,MB,19295,0.12,False,,,,,,0.0,True,3000.0,1560.0,False,0.0,0.0,2446,5,1358.0,795,False,,,0.0
NS302132,NV102639,NC202132,2026-02-23,QC,19095,0.14975,True,Lender C (Near-Prime),13.17,72.0,3300.0,22054.0,119.0,True,3400.0,1768.0,False,0.0,0.0,440,3,351.0,395,False,,,0.0
NS302133,NV102640,NC202133,2026-04-06,AB,23995,0.05,False,,,,,,0.0,False,0.0,0.0,False,0.0,0.0,3297,9,1773.0,1395,False,,,0.0
NS302134,NV102641,NC202134,2024-04-24,QC,29495,0.14975,False,,,,,,0.0,True,2650.0,1378.0,False,0.0,0.0,549,2,374.0,395,False,,,0.0
NS302135,NV102642,NC202135,2024-04-13,MB,24395,0.12,True,Lender A (Prime),9.92,48.0,4700.0,26672.0,496.0,True,3050.0,1586.0,True,1000.0,400.0,2384,6,1292.0,795,False,,,0.0
NS302136,NV102643,NC202136,2025-04-04,ON,30395,0.13,False,,,,,,0.0,False,0.0,0.0,False,0.0,0.0,140,2,197.0,0,False,,,0.0
NS302137,NV102644,NC202137,2026-07-17,MB,13295,0.12,False,,,,,,0.0,False,0.0,0.0,False,0.0,0.0,2207,6,1220.0,795,False,,,0.0
NS302138,NV102647,NC202138,2026-07-14,ON,15195,0.13,True,Lender D (Subprime),19.77,48.0,2900.0,14270.0,97.0,False,0.0,0.0,False,0.0,0.0,157,2,209.0,0,False,,,0.0
NS302139,NV102648,NC202139,2026-05-05,ON,14395,0.13,True,Lender B (Prime),7.59,72.0,1400.0,19016.0,175.0,True,3350.0,1742.0,True,800.0,320.0,3886,7,2490.0,1395,False,,,0.0
NS302140,NV102649,NC202140,2025-02-05,ON,24195,0.13,False,,,,,,0.0,False,0.0,0.0,False,0.0,0.0,153,3,206.0,0,False,,,0.0
NS302141,NV102650,NC202141,2025-02-26,ON,25095,0.13,False,,,,,,0.0,True,1750.0,910.0,False,0.0,0.0,166,3,203.0,0,False,,,0.0
NS302142,NV102651,NC202142,2025-02-05,MB,20995,0.12,False,,,,,,0.0,False,0.0,0.0,False,0.0,0.0,2572,7,1347.0,1395,False,,,0.0
NS302143,NV102652,NC202143,2026-09-22,BC,23395,0.12,False,,,,,,0.0,False,0.0,0.0,False,0.0,0.0,722,4,496.0,395,False,,,0.0
NS302144,NV102653,NC202144,2025-09-27,ON,22395,0.13,True,Lender D (Subprime),17.86,84.0,3800.0,21506.0,236.0,False,0.0,0.0,False,0.0,0.0,137,3,200.0,0,False,,,0.0
NS302145,NV102654,NC202145,2025-02-19,BC,19295,0.12,False,,,,,,0.0,False,0.0,0.0,False,0.0,0.0,4603,10,2530.0,1395,False,,,0.0
NS302146,NV102655,NC202146,2025-06-23,QC,27795,0.14975,True,Lender D (Subprime),23.71,84.0,1500.0,32807.0,297.0,True,2350.0,1222.0,False,0.0,0.0,212,3,218.0,0,False,,,0.0
NS302147,NV102657,NC202147,2025-04-16,ON,16795,0.13,True,Lender D (Subprime),15.9,60.0,2100.0,18828.0,192.0,True,1950.0,1014.0,False,0.0,0.0,183,3,220.0,0,False,,,0.0
NS302148,NV102659,NC202148,2025-09-08,ON,23295,0.13,True,Lender D (Subprime),20.5,60.0,500.0,28473.0,158.0,True,1350.0,702.0,True,1300.0,520.0,147,4,195.0,0,False,,,0.0
NS302149,NV102660,NC202149,2024-06-02,ON,14095,0.13,True,Lender D (Subprime),23.6,84.0,2000.0,16927.0,245.0,True,1700.0,884.0,True,1300.0,520.0,3949,8,1998.0,1395,False,,,0.0
NS302150,NV102661,NC202150,2025-12-06,ON,21395,0.13,False,,,,,,0.0,False,0.0,0.0,False,0.0,0.0,501,2,353.0,395,False,,,0.0
NS302151,NV102662,NC202151,2024-07-23,ON,29495,0.13,False,,,,,,0.0,False,0.0,0.0,False,0.0,0.0,566,3,421.0,395,False,,,0.0
NS302152,NV102663,NC202152,2026-09-07,ON,24595,0.13,True,Lender C (Near-Prime),16.0,48.0,1200.0,26592.0,246.0,False,0.0,0.0,False,0.0,0.0,137,4,193.0,0,False,,,0.0
NS302153,NV102664,NC202153,2026-06-12,ON,9195,0.13,False,,,,,,0.0,True,2600.0,1352.0,False,0.0,0.0,144,4,199.0,0,False,,,0.0
NS302154,NV102665,NC202154,2024-11-22,ON,21495,0.13,False,,,,,,0.0,False,0.0,0.0,False,0.0,0.0,562,3,378.0,395,False,,,0.0
NS302155,NV102666,NC202155,2024-05-08,SK,20795,0.11,False,,,,,,0.0,False,0.0,0.0,False,0.0,0.0,704,5,491.0,395,False,,,0.0
NS302156,NV102667,NC202156,2024-04-09,ON,18495,0.13,True,Lender D (Subprime),15.0,84.0,2900.0,21199.0,321.0,True,3200.0,1664.0,False,0.0,0.0,151,3,198.0,0,False,,,0.0
NS302157,NV102668,NC202157,2024-09-14,QC,25895,0.14975,True,Lender C (Near-Prime),12.95,84.0,3100.0,26673.0,193.0,False,0.0,0.0,False,0.0,0.0,563,3,418.0,395,False,,,0.0
NS302158,NV102669,NC202158,2026-01-23,ON,18795,0.13,True,Lender A (Prime),7.49,72.0,2500.0,18738.0,239.0,False,0.0,0.0,False,0.0,0.0,556,2,436.0,395,False,,,0.0
NS302159,NV102671,NC202159,2026-09-19,ON,18395,0.13,True,Lender D (Subprime),20.07,72.0,3300.0,17486.0,178.0,False,0.0,0.0,False,0.0,0.0,3737,9,1890.0,1395,False,,,0.0
NS302160,NV102672,NC202160,2025-06-06,BC,15595,0.12,True,Lender C (Near-Prime),13.38,72.0,1200.0,18166.0,147.0,True,1900.0,988.0,False,0.0,0.0,717,5,442.0,395,False,,,0.0
NS302161,NV102673,NC202161,2024-07-05,NS,13295,0.14,True,Lender D (Subprime),19.19,60.0,900.0,14256.0,83.0,False,0.0,0.0,False,0.0,0.0,1261,3,858.0,795,False,,,0.0
NS302162,NV102674,NC202162,2025-03-25,ON,30995,0.13,True,Lender D (Subprime),22.46,60.0,2900.0,34774.0,470.0,True,1700.0,884.0,True,950.0,380.0,558,3,431.0,395,False,,,0.0
NS302163,NV102675,NC202163,2026-05-06,ON,15995,0.13,True,Lender D (Subprime),17.53,60.0,2200.0,15874.0,296.0,False,0.0,0.0,False,0.0,0.0,150,4,205.0,0,False,,,0.0
NS302164,NV102676,NC202164,2026-02-06,AB,23395,0.05,True,Lender C (Near-Prime),13.42,84.0,2300.0,24115.0,235.0,True,1850.0,962.0,False,0.0,0.0,3133,7,1914.0,1395,False,,,0.0
NS302165,NV102678,NC202165,2024-05-15,ON,34195,0.13,True,Lender A (Prime),5.92,84.0,1700.0,39140.0,669.0,True,1350.0,702.0,True,850.0,340.0,147,3,193.0,0,False,,,0.0
NS302166,NV102679,NC202166,2024-02-07,NB,19095,0.15,True,Lender B (Prime),7.48,72.0,600.0,24359.0,237.0,True,3000.0,1560.0,False,0.0,0.0,1551,6,803.0,795,False,,,0.0
NS302167,NV102680,NC202167,2024-09-15,NB,30795,0.15,False,,,,,,0.0,False,0.0,0.0,False,0.0,0.0,4386,10,2194.0,1395,True,2024-09-18,Found another vehicle,4248.0
NS302168,NV102681,NC202168,2025-03-06,QC,15095,0.14975,False,,,,,,0.0,False,0.0,0.0,False,0.0,0.0,538,2,398.0,395,False,,,0.0
NS302169,NV102683,NC202169,2024-09-20,AB,21995,0.05,False,,,,,,0.0,False,0.0,0.0,False,0.0,0.0,249,3,234.0,0,False,,,0.0
NS302170,NV102684,NC202170,2025-10-18,ON,18095,0.13,True,Lender A (Prime),8.32,84.0,600.0,21147.0,386.0,True,1300.0,676.0,False,0.0,0.0,172,4,220.0,0,False,,,0.0
NS302171,NV102686,NC202171,2024-08-08,ON,29695,0.13,True,Lender B (Prime),8.86,84.0,3000.0,32005.0,628.0,True,1450.0,754.0,False,0.0,0.0,561,3,392.0,395,True,2024-08-09,Vehicle condition not as expected,1739.0
NS302172,NV102687,NC202172,2026-04-05,AB,28295,0.05,True,Lender A (Prime),10.21,60.0,2400.0,29060.0,275.0,True,1750.0,910.0,False,0.0,0.0,291,2,248.0,0,False,,,0.0
NS302173,NV102688,NC202173,2025-07-30,MB,31495,0.12,True,Lender D (Subprime),19.76,72.0,3400.0,31874.0,391.0,False,0.0,0.0,False,0.0,0.0,1314,4,876.0,795,False,,,0.0
NS302174,NV102689,NC202174,2024-07-13,AB,22195,0.05,True,Lender B (Prime),6.54,84.0,3300.0,20005.0,260.0,False,0.0,0.0,False,0.0,0.0,324,2,284.0,395,False,,,0.0
NS302175,NV102690,NC202175,2024-11-21,AB,13695,0.05,True,Lender A (Prime),10.18,84.0,1300.0,13080.0,133.0,False,0.0,0.0,False,0.0,0.0,276,2,249.0,0,True,2024-11-30,Vehicle condition not as expected,2484.0
NS302176,NV102691,NC202176,2025-06-08,AB,37595,0.05,False,,,,,,0.0,False,0.0,0.0,False,0.0,0.0,315,2,304.0,395,False,,,0.0
NS302177,NV102694,NC202177,2026-09-15,SK,10695,0.11,False,,,,,,0.0,False,0.0,0.0,False,0.0,0.0,3035,7,1633.0,1395,False,,,0.0
NS302178,NV102695,NC202178,2024-12-13,MB,33395,0.12,False,,,,,,0.0,False,0.0,0.0,False,0.0,0.0,2403,7,1453.0,795,False,,,0.0
NS302179,NV102696,NC202179,2026-03-27,ON,18495,0.13,True,Lender D (Subprime),16.53,72.0,2700.0,18199.0,165.0,False,0.0,0.0,False,0.0,0.0,626,3,458.0,395,False,,,0.0
NS302180,NV102697,NC202180,2024-05-12,MB,18695,0.12,False,,,,,,0.0,True,3350.0,1742.0,False,0.0,0.0,1346,4,828.0,795,False,,,0.0
NS302181,NV102698,NC202181,2026-01-07,ON,16595,0.13,False,,,,,,0.0,True,2800.0,1456.0,False,0.0,0.0,148,2,187.0,0,False,,,0.0
NS302182,NV102699,NC202182,2025-12-05,ON,15895,0.13,True,Lender A (Prime),8.39,72.0,2500.0,15461.0,123.0,False,0.0,0.0,False,0.0,0.0,151,3,208.0,0,False,,,0.0
NS302183,NV102700,NC202183,2026-03-16,AB,23495,0.05,True,Lender C (Near-Prime),13.39,84.0,1200.0,23470.0,280.0,False,0.0,0.0,False,0.0,0.0,294,4,284.0,0,False,,,0.0
NS302184,NV102701,NC202184,2025-12-24,ON,29395,0.13,True,Lender C (Near-Prime),10.97,84.0,1800.0,31416.0,516.0,False,0.0,0.0,False,0.0,0.0,3523,8,1846.0,1395,False,,,0.0
NS302185,NV102702,NC202185,2025-07-20,ON,21295,0.13,False,,,,,,0.0,True,2400.0,1248.0,False,0.0,0.0,157,2,197.0,0,False,,,0.0
NS302186,NV102703,NC202186,2025-07-16,ON,29395,0.13,True,Lender A (Prime),8.97,60.0,4500.0,29816.0,353.0,False,0.0,0.0,True,1100.0,440.0,148,4,195.0,0,False,,,0.0
NS302187,NV102704,NC202187,2024-09-30,AB,8295,0.05,True,Lender C (Near-Prime),14.33,60.0,900.0,10510.0,62.0,True,2700.0,1404.0,False,0.0,0.0,300,3,265.0,0,False,,,0.0
NS302188,NV102705,NC202188,2025-07-30,ON,16395,0.13,True,Lender A (Prime),9.35,48.0,2500.0,19426.0,326.0,True,3400.0,1768.0,False,0.0,0.0,3726,9,2060.0,1395,False,,,0.0
NS302189,NV102706,NC202189,2025-04-12,QC,13795,0.14975,True,Lender B (Prime),7.62,72.0,2700.0,13161.0,205.0,False,0.0,0.0,False,0.0,0.0,557,4,399.0,395,False,,,0.0
NS302190,NV102707,NC202190,2026-05-28,ON,17895,0.13,True,Lender B (Prime),8.38,72.0,1400.0,22921.0,359.0,True,2900.0,1508.0,True,1200.0,480.0,182,3,207.0,0,False,,,0.0
NS302191,NV102708,NC202191,2025-04-15,ON,9995,0.13,False,,,,,,0.0,True,3250.0,1690.0,False,0.0,0.0,128,4,197.0,0,False,,,0.0
NS302192,NV102709,NC202192,2026-04-27,ON,14495,0.13,False,,,,,,0.0,False,0.0,0.0,False,0.0,0.0,137,4,209.0,0,False,,,0.0
NS302193,NV102710,NC202193,2025-09-30,ON,15495,0.13,False,,,,,,0.0,True,3350.0,1742.0,False,0.0,0.0,153,2,199.0,0,False,,,0.0
NS302194,NV102711,NC202194,2026-02-27,NS,11695,0.14,True,Lender D (Subprime),22.6,60.0,2100.0,11232.0,163.0,False,0.0,0.0,False,0.0,0.0,1921,6,1107.0,795,False,,,0.0
NS302195,NV102712,NC202195,2025-10-11,BC,12795,0.12,True,Lender A (Prime),8.74,60.0,1400.0,15580.0,141.0,True,1750.0,910.0,True,900.0,360.0,4588,11,2457.0,1395,False,,,0.0
NS302196,NV102714,NC202196,2026-03-25,AB,31595,0.05,False,,,,,,0.0,False,0.0,0.0,False,0.0,0.0,3348,9,1801.0,1395,False,,,0.0
NS302197,NV102715,NC202197,2024-08-12,ON,11695,0.13,False,,,,,,0.0,False,0.0,0.0,False,0.0,0.0,145,3,190.0,0,False,,,0.0
NS302198,NV102716,NC202198,2025-02-03,BC,18195,0.12,True,Lender A (Prime),8.23,48.0,3600.0,18028.0,154.0,False,0.0,0.0,True,1250.0,500.0,5336,11,2707.0,1395,True,2025-02-09,Financing fell through,3673.0
NS302199,NV102717,NC202199,2024-11-23,QC,20695,0.14975,False,,,,,,0.0,False,0.0,0.0,False,0.0,0.0,237,4,265.0,0,False,,,0.0
NS302200,NV102720,NC202200,2024-11-04,ON,19195,0.13,True,Lender A (Prime),7.22,60.0,1200.0,20490.0,231.0,False,0.0,0.0,False,0.0,0.0,562,4,387.0,395,False,,,0.0
NS302201,NV102721,NC202201,2026-03-09,NB,24895,0.15,True,Lender B (Prime),8.86,60.0,600.0,29229.0,149.0,False,0.0,0.0,True,1200.0,480.0,1430,5,775.0,795,False,,,0.0
NS302202,NV102722,NC202202,2025-03-05,QC,12295,0.14975,False,,,,,,0.0,True,1800.0,936.0,False,0.0,0.0,607,4,446.0,395,False,,,0.0
NS302203,NV102724,NC202203,2024-10-06,ON,24595,0.13,True,Lender B (Prime),8.54,72.0,3200.0,27592.0,477.0,True,3000.0,1560.0,False,0.0,0.0,197,4,218.0,0,False,,,0.0
NS302204,NV102725,NC202204,2026-08-26,MB,14195,0.12,False,,,,,,0.0,False,0.0,0.0,False,0.0,0.0,2235,5,1412.0,795,False,,,0.0
NS302205,NV102726,NC202205,2026-05-30,ON,17595,0.13,False,,,,,,0.0,True,3000.0,1560.0,False,0.0,0.0,132,4,194.0,0,False,,,0.0
NS302206,NV102728,NC202206,2024-11-28,ON,23795,0.13,True,Lender B (Prime),7.75,72.0,3000.0,26688.0,454.0,True,2800.0,1456.0,False,0.0,0.0,3407,9,2008.0,1395,False,,,0.0
NS302207,NV102729,NC202207,2025-09-01,ON,13195,0.13,True,Lender A (Prime),7.87,60.0,600.0,14310.0,239.0,False,0.0,0.0,False,0.0,0.0,498,2,397.0,395,False,,,0.0
NS302208,NV102731,NC202208,2025-03-30,QC,17395,0.14975,False,,,,,,0.0,False,0.0,0.0,False,0.0,0.0,566,3,438.0,395,False,,,0.0
NS302209,NV102732,NC202209,2026-03-25,ON,10095,0.13,True,Lender A (Prime),8.23,72.0,200.0,14007.0,264.0,True,2800.0,1456.0,False,0.0,0.0,4750,11,2732.0,1395,False,,,0.0
NS302210,NV102733,NC202210,2024-09-23,ON,16595,0.13,True,Lender D (Subprime),18.68,60.0,300.0,18452.0,302.0,False,0.0,0.0,False,0.0,0.0,162,3,206.0,0,False,,,0.0
NS302211,NV102737,NC202211,2026-06-04,ON,12095,0.13,True,Lender C (Near-Prime),11.89,72.0,2100.0,11567.0,70.0,False,0.0,0.0,False,0.0,0.0,175,2,209.0,0,False,,,0.0
NS302212,NV102738,NC202212,2024-08-20,ON,23795,0.13,True,Lender D (Subprime),19.31,60.0,900.0,25988.0,411.0,False,0.0,0.0,False,0.0,0.0,128,4,187.0,0,False,,,0.0
NS302213,NV102739,NC202213,2026-06-22,ON,16895,0.13,False,,,,,,0.0,False,0.0,0.0,False,0.0,0.0,144,2,203.0,0,False,,,0.0
NS302214,NV102741,NC202214,2025-03-21,ON,21595,0.13,False,,,,,,0.0,False,0.0,0.0,False,0.0,0.0,151,3,205.0,0,False,,,0.0
NS302215,NV102742,NC202215,2026-08-31,QC,20695,0.14975,True,Lender C (Near-Prime),10.5,72.0,2400.0,21394.0,227.0,False,0.0,0.0,False,0.0,0.0,227,3,228.0,0,False,,,0.0
NS302216,NV102743,NC202216,2025-07-08,AB,28395,0.05,True,Lender B (Prime),9.84,72.0,3600.0,26215.0,291.0,False,0.0,0.0,False,0.0,0.0,266,2,269.0,0,False,,,0.0
NS302217,NV102744,NC202217,2025-08-15,BC,10495,0.12,True,Lender C (Near-Prime),13.83,72.0,2000.0,13104.0,183.0,True,2250.0,1170.0,True,1100.0,440.0,706,5,546.0,395,False,,,0.0
NS302218,NV102745,NC202218,2024-05-31,NB,37895,0.15,True,Lender B (Prime),9.84,60.0,6300.0,37279.0,233.0,False,0.0,0.0,False,0.0,0.0,4440,8,2604.0,1395,False,,,0.0
NS302219,NV102746,NC202219,2024-04-07,ON,27595,0.13,True,Lender C (Near-Prime),13.28,84.0,5000.0,26182.0,338.0,False,0.0,0.0,False,0.0,0.0,140,3,196.0,0,False,,,0.0
NS302220,NV102747,NC202220,2026-09-04,NB,45795,0.15,False,,,,,,0.0,True,1600.0,832.0,False,0.0,0.0,1471,5,872.0,795,False,,,0.0
NS302221,NV102748,NC202221,2026-01-12,ON,13895,0.13,True,Lender B (Prime),8.34,60.0,2700.0,13001.0,165.0,False,0.0,0.0,False,0.0,0.0,150,3,201.0,0,False,,,0.0
NS302222,NV102750,NC202222,2025-04-09,ON,15595,0.13,True,Lender B (Prime),9.34,60.0,1000.0,18572.0,145.0,True,1950.0,1014.0,False,0.0,0.0,138,4,178.0,0,False,,,0.0
NS302223,NV102751,NC202223,2026-08-19,NL,16295,0.15,False,,,,,,0.0,False,0.0,0.0,False,0.0,0.0,2984,8,2095.0,1395,False,,,0.0
NS302224,NV102752,NC202224,2024-07-07,AB,26395,0.05,False,,,,,,0.0,False,0.0,0.0,False,0.0,0.0,3055,8,1640.0,1395,False,,,0.0
NS302225,NV102754,NC202225,2024-01-27,ON,37595,0.13,True,Lender C (Near-Prime),13.63,84.0,2400.0,40082.0,222.0,False,0.0,0.0,False,0.0,0.0,129,4,186.0,0,False,,,0.0
NS302226,NV102755,NC202226,2025-05-15,AB,13095,0.05,True,Lender C (Near-Prime),13.35,48.0,1000.0,12750.0,78.0,False,0.0,0.0,False,0.0,0.0,242,3,254.0,0,False,,,0.0
NS302227,NV102756,NC202227,2026-01-17,ON,15495,0.13,True,Lender D (Subprime),17.91,72.0,1400.0,16109.0,278.0,False,0.0,0.0,False,0.0,0.0,141,3,193.0,0,False,,,0.0
NS302228,NV102757,NC202228,2026-08-08,ON,23495,0.13,False,,,,,,0.0,False,0.0,0.0,False,0.0,0.0,3680,9,1949.0,1395,False,,,0.0
NS302229,NV102758,NC202229,2025-05-12,ON,30295,0.13,True,Lender A (Prime),7.02,60.0,1900.0,36183.0,222.0,True,2500.0,1300.0,True,1350.0,540.0,117,2,175.0,0,False,,,0.0
NS302230,NV102759,NC202230,2024-06-23,ON,13495,0.13,True,Lender C (Near-Prime),12.66,84.0,300.0,16449.0,322.0,True,1500.0,780.0,False,0.0,0.0,142,4,182.0,0,False,,,0.0
NS302231,NV102760,NC202231,2025-06-26,QC,21095,0.14975,False,,,,,,0.0,True,2700.0,1404.0,False,0.0,0.0,641,3,505.0,395,False,,,0.0
NS302232,NV102762,NC202232,2025-04-12,ON,30195,0.13,False,,,,,,0.0,False,0.0,0.0,False,0.0,0.0,3002,7,1700.0,1395,False,,,0.0
NS302233,NV102763,NC202233,2026-08-08,AB,12395,0.05,True,Lender D (Subprime),23.05,84.0,800.0,15915.0,181.0,True,2750.0,1430.0,True,950.0,380.0,4014,8,2284.0,1395,True,2026-08-14,Found another vehicle,3453.0
NS302234,NV102764,NC202234,2026-08-11,ON,24595,0.13,False,,,,,,0.0,False,0.0,0.0,False,0.0,0.0,130,3,193.0,0,False,,,0.0
NS302235,NV102766,NC202235,2025-10-29,BC,26795,0.12,True,Lender C (Near-Prime),14.94,72.0,200.0,33210.0,372.0,True,2200.0,1144.0,True,1200.0,480.0,5337,11,2555.0,1395,False,,,0.0
NS302236,NV102767,NC202236,2024-05-12,ON,24595,0.13,True,Lender B (Prime),6.98,72.0,2500.0,25292.0,388.0,False,0.0,0.0,False,0.0,0.0,138,2,198.0,0,False,,,0.0
NS302237,NV102768,NC202237,2026-06-15,MB,13295,0.12,True,Lender C (Near-Prime),12.99,72.0,1800.0,13840.0,249.0,False,0.0,0.0,True,750.0,300.0,1631,6,975.0,795,False,,,0.0
NS302238,NV102769,NC202238,2026-08-14,ON,30095,0.13,True,Lender D (Subprime),21.24,84.0,1700.0,33657.0,344.0,False,0.0,0.0,True,1350.0,540.0,2847,6,1452.0,1395,False,,,0.0
NS302239,NV102770,NC202239,2025-10-10,NS,21595,0.14,True,Lender C (Near-Prime),11.49,72.0,3000.0,24618.0,283.0,True,3000.0,1560.0,False,0.0,0.0,2047,7,1149.0,795,False,,,0.0
NS302240,NV102771,NC202240,2026-05-02,AB,21595,0.05,False,,,,,,0.0,False,0.0,0.0,False,0.0,0.0,3880,9,2058.0,1395,False,,,0.0
NS302241,NV102772,NC202241,2024-09-14,SK,44395,0.11,True,Lender D (Subprime),21.77,60.0,1300.0,47978.0,584.0,False,0.0,0.0,False,0.0,0.0,914,5,559.0,395,False,,,0.0
NS302242,NV102773,NC202242,2026-07-07,ON,19695,0.13,False,,,,,,0.0,False,0.0,0.0,False,0.0,0.0,147,3,207.0,0,False,,,0.0
NS302243,NV102774,NC202243,2026-05-07,ON,18795,0.13,True,Lender B (Prime),8.22,72.0,700.0,20538.0,189.0,False,0.0,0.0,False,0.0,0.0,167,4,210.0,0,False,,,0.0
NS302244,NV102775,NC202244,2024-10-22,NL,23795,0.15,True,Lender A (Prime),8.02,84.0,3900.0,26314.0,381.0,True,2850.0,1482.0,False,0.0,0.0,5790,11,4136.0,1395,False,,,0.0
NS302245,NV102776,NC202245,2024-10-27,ON,34995,0.13,False,,,,,,0.0,True,1650.0,858.0,False,0.0,0.0,565,3,421.0,395,False,,,0.0
NS302246,NV102777,NC202246,2026-04-04,AB,12895,0.05,True,Lender B (Prime),9.39,72.0,2000.0,11540.0,63.0,False,0.0,0.0,False,0.0,0.0,2713,8,1423.0,1395,False,,,0.0
NS302247,NV102778,NC202247,2025-08-31,SK,15995,0.11,False,,,,,,0.0,True,2350.0,1222.0,False,0.0,0.0,2933,7,1532.0,1395,False,,,0.0
NS302248,NV102779,NC202248,2026-04-17,SK,20895,0.11,False,,,,,,0.0,True,2800.0,1456.0,False,0.0,0.0,867,3,582.0,395,False,,,0.0
NS302249,NV102780,NC202249,2025-10-27,AB,26395,0.05,True,Lender B (Prime),7.65,60.0,2300.0,25415.0,140.0,False,0.0,0.0,False,0.0,0.0,295,3,273.0,0,False,,,0.0
NS302250,NV102782,NC202250,2026-06-06,ON,20795,0.13,True,Lender C (Near-Prime),14.23,72.0,3500.0,23248.0,397.0,True,3250.0,1690.0,False,0.0,0.0,4141,10,2612.0,1395,False,,,0.0
NS302251,NV102783,NC202251,2025-01-01,NB,18895,0.15,True,Lender B (Prime),8.47,84.0,2300.0,21579.0,297.0,True,1200.0,624.0,True,950.0,380.0,1010,3,723.0,795,False,,,0.0
NS302252,NV102784,NC202252,2026-05-08,PE,16895,0.15,True,Lender B (Prime),8.17,72.0,900.0,20829.0,184.0,True,2300.0,1196.0,False,0.0,0.0,1956,7,1162.0,795,False,,,0.0
NS302253,NV102785,NC202253,2025-03-27,ON,21595,0.13,True,Lender B (Prime),10.35,60.0,1000.0,23402.0,260.0,False,0.0,0.0,False,0.0,0.0,152,2,194.0,0,False,,,0.0
NS302254,NV102786,NC202254,2026-03-01,QC,17595,0.14975,True,Lender C (Near-Prime),12.35,84.0,800.0,19430.0,104.0,False,0.0,0.0,False,0.0,0.0,3241,7,1781.0,1395,False,,,0.0
NS302255,NV102787,NC202255,2025-02-27,ON,23995,0.13,True,Lender C (Near-Prime),10.74,60.0,3300.0,24664.0,470.0,False,0.0,0.0,True,850.0,340.0,3326,9,1672.0,1395,False,,,0.0
NS302256,NV102788,NC202256,2025-10-15,NS,13495,0.14,False,,,,,,0.0,False,0.0,0.0,False,0.0,0.0,4997,9,2794.0,1395,False,,,0.0
NS302257,NV102789,NC202257,2026-09-27,NL,13695,0.15,True,Lender B (Prime),7.76,60.0,1600.0,15799.0,123.0,True,1650.0,858.0,False,0.0,0.0,5361,12,3286.0,1395,False,,,0.0
NS302258,NV102790,NC202258,2026-05-04,QC,19295,0.14975,False,,,,,,0.0,False,0.0,0.0,False,0.0,0.0,217,2,220.0,0,False,,,0.0
NS302259,NV102791,NC202259,2026-05-09,ON,26595,0.13,False,,,,,,0.0,False,0.0,0.0,False,0.0,0.0,154,2,203.0,0,False,,,0.0
NS302260,NV102792,NC202260,2024-07-13,ON,30495,0.13,False,,,,,,0.0,True,1450.0,754.0,False,0.0,0.0,126,4,186.0,0,False,,,0.0
NS302261,NV102793,NC202261,2026-02-24,ON,10595,0.13,True,Lender C (Near-Prime),15.98,60.0,1800.0,10172.0,71.0,False,0.0,0.0,False,0.0,0.0,3706,9,1901.0,1395,False,,,0.0
NS302262,NV102794,NC202262,2025-06-17,ON,24495,0.13,True,Lender C (Near-Prime),13.82,84.0,2700.0,24979.0,196.0,False,0.0,0.0,False,0.0,0.0,754,4,460.0,395,False,,,0.0
NS302263,NV102796,NC202263,2026-07-28,ON,15395,0.13,True,Lender D (Subprime),20.92,60.0,2200.0,17546.0,274.0,True,2350.0,1222.0,False,0.0,0.0,137,4,205.0,0,False,,,0.0
NS302264,NV102797,NC202264,2024-04-01,ON,11595,0.13,True,Lender D (Subprime),20.06,84.0,1600.0,13152.0,66.0,True,1650.0,858.0,False,0.0,0.0,141,4,197.0,0,True,2024-04-02,Changed mind,1352.0
NS302265,NV102798,NC202265,2025-05-19,ON,15995,0.13,True,Lender C (Near-Prime),15.58,48.0,400.0,20524.0,318.0,True,2850.0,1482.0,False,0.0,0.0,738,4,496.0,395,False,,,0.0
NS302266,NV102799,NC202266,2026-02-09,ON,16395,0.13,True,Lender D (Subprime),19.44,60.0,3200.0,15326.0,293.0,False,0.0,0.0,False,0.0,0.0,147,2,182.0,0,False,,,0.0
NS302267,NV102801,NC202267,2025-05-02,ON,26795,0.13,False,,,,,,0.0,False,0.0,0.0,False,0.0,0.0,3911,9,1803.0,1395,False,,,0.0
NS302268,NV102802,NC202268,2024-08-06,NS,19195,0.14,True,Lender D (Subprime),19.37,72.0,2400.0,20932.0,181.0,True,1450.0,754.0,False,0.0,0.0,1196,3,875.0,795,False,,,0.0
NS302269,NV102803,NC202269,2026-04-11,NB,19595,0.15,False,,,,,,0.0,False,0.0,0.0,False,0.0,0.0,1581,5,907.0,795,False,,,0.0
NS302270,NV102804,NC202270,2026-08-24,AB,12995,0.05,True,Lender B (Prime),8.24,72.0,1700.0,13445.0,268.0,True,1500.0,780.0,False,0.0,0.0,317,4,282.0,395,True,2026-08-30,Changed mind,1694.0
NS302271,NV102805,NC202271,2025-06-13,ON,22295,0.13,True,Lender B (Prime),7.6,84.0,400.0,25943.0,312.0,False,0.0,0.0,True,1150.0,460.0,115,2,183.0,0,False,,,0.0
NS302272,NV102806,NC202272,2025-05-05,MB,25195,0.12,False,,,,,,0.0,False,0.0,0.0,False,0.0,0.0,1965,7,1201.0,795,False,,,0.0
NS302273,NV102807,NC202273,2024-10-28,ON,10695,0.13,True,Lender C (Near-Prime),12.39,84.0,1400.0,10685.0,102.0,False,0.0,0.0,False,0.0,0.0,151,3,209.0,0,True,2024-11-07,Changed mind,1858.0
NS302274,NV102808,NC202274,2025-07-18,AB,31195,0.05,False,,,,,,0.0,False,0.0,0.0,False,0.0,0.0,3634,9,1793.0,1395,False,,,0.0
NS302275,NV102810,NC202275,2026-08-12,ON,18495,0.13,False,,,,,,0.0,True,2950.0,1534.0,False,0.0,0.0,151,4,198.0,0,True,2026-08-20,Changed mind,1693.0
NS302276,NV102812,NC202276,2024-08-09,ON,16495,0.13,True,Lender D (Subprime),21.61,60.0,2100.0,17939.0,100.0,True,1400.0,728.0,False,0.0,0.0,3893,8,1886.0,1395,False,,,0.0
NS302277,NV102813,NC202277,2026-06-17,QC,28895,0.14975,True,Lender C (Near-Prime),16.0,72.0,5500.0,27722.0,221.0,False,0.0,0.0,False,0.0,0.0,551,2,405.0,395,False,,,0.0
NS302278,NV102814,NC202278,2024-08-05,ON,17195,0.13,True,Lender A (Prime),7.92,48.0,2300.0,19280.0,137.0,True,2150.0,1118.0,False,0.0,0.0,159,3,204.0,0,True,2024-08-12,Changed mind,1729.0
NS302279,NV102817,NC202279,2025-11-06,SK,29395,0.11,True,Lender B (Prime),6.95,84.0,2800.0,31028.0,400.0,False,0.0,0.0,True,1200.0,480.0,2768,8,1677.0,1395,False,,,0.0
NS302280,NV102818,NC202280,2025-02-19,NS,20995,0.14,False,,,,,,0.0,False,0.0,0.0,True,750.0,300.0,1188,3,804.0,795,False,,,0.0
NS302281,NV102819,NC202281,2026-03-11,QC,14795,0.14975,False,,,,,,0.0,True,3300.0,1716.0,False,0.0,0.0,224,4,246.0,0,False,,,0.0
NS302282,NV102820,NC202282,2026-04-17,ON,13295,0.13,True,Lender A (Prime),7.21,84.0,1200.0,13823.0,183.0,False,0.0,0.0,False,0.0,0.0,3008,6,1672.0,1395,True,2026-04-19,Changed mind,3593.0
NS302283,NV102821,NC202283,2025-07-19,ON,25395,0.13,True,Lender D (Subprime),21.35,60.0,3900.0,24796.0,292.0,False,0.0,0.0,False,0.0,0.0,2851,8,1422.0,1395,False,,,0.0
NS302284,NV102822,NC202284,2024-05-16,NS,19695,0.14,True,Lender B (Prime),9.13,84.0,1000.0,21452.0,192.0,False,0.0,0.0,False,0.0,0.0,4733,9,2420.0,1395,False,,,0.0
NS302285,NV102823,NC202285,2026-05-17,ON,15495,0.13,True,Lender C (Near-Prime),10.5,72.0,2700.0,16409.0,321.0,True,1600.0,832.0,False,0.0,0.0,154,3,202.0,0,True,2026-05-18,Vehicle condition not as expected,1333.0
NS302286,NV102824,NC202286,2026-05-18,ON,16495,0.13,False,,,,,,0.0,True,1900.0,988.0,False,0.0,0.0,162,4,208.0,0,False,,,0.0
NS302287,NV102825,NC202287,2026-02-24,ON,18195,0.13,False,,,,,,0.0,False,0.0,0.0,False,0.0,0.0,148,3,198.0,0,False,,,0.0
NS302288,NV102826,NC202288,2025-04-29,QC,17695,0.14975,False,,,,,,0.0,False,0.0,0.0,False,0.0,0.0,526,4,382.0,395,False,,,0.0
NS302289,NV102828,NC202289,2025-04-06,AB,24695,0.05,True,Lender A (Prime),8.07,60.0,3700.0,24030.0,396.0,True,1800.0,936.0,False,0.0,0.0,3962,8,2186.0,1395,False,,,0.0
NS302290,NV102829,NC202290,2025-05-27,MB,20395,0.12,True,Lender B (Prime),8.91,84.0,1500.0,21342.0,190.0,False,0.0,0.0,False,0.0,0.0,1229,3,730.0,795,False,,,0.0
NS302291,NV102830,NC202291,2025-06-22,MB,31295,0.12,True,Lender A (Prime),8.17,84.0,3100.0,31950.0,306.0,False,0.0,0.0,False,0.0,0.0,1318,6,648.0,795,False,,,0.0
NS302292,NV102831,NC202292,2026-05-31,NS,22195,0.14,True,Lender C (Near-Prime),10.5,84.0,3000.0,22302.0,123.0,False,0.0,0.0,False,0.0,0.0,1776,6,1144.0,795,False,,,0.0
NS302293,NV102832,NC202293,2024-06-09,AB,27795,0.05,True,Lender A (Prime),9.15,72.0,1100.0,31435.0,534.0,True,3350.0,1742.0,False,0.0,0.0,3341,7,2015.0,1395,False,,,0.0
NS302294,NV102833,NC202294,2024-11-18,MB,29695,0.12,False,,,,,,0.0,True,2600.0,1352.0,False,0.0,0.0,2038,7,1208.0,795,False,,,0.0
NS302295,NV102834,NC202295,2025-11-11,ON,12695,0.13,True,Lender B (Prime),8.5,84.0,1700.0,15495.0,87.0,True,2850.0,1482.0,False,0.0,0.0,189,2,214.0,0,False,,,0.0
NS302296,NV102835,NC202296,2024-08-08,QC,19295,0.14975,True,Lender D (Subprime),17.38,60.0,2100.0,20084.0,392.0,False,0.0,0.0,False,0.0,0.0,241,2,248.0,0,False,,,0.0
NS302297,NV102836,NC202297,2024-05-14,ON,21395,0.13,True,Lender C (Near-Prime),14.54,72.0,3300.0,20876.0,158.0,False,0.0,0.0,False,0.0,0.0,135,3,197.0,0,False,,,0.0
NS302298,NV102837,NC202298,2024-09-16,AB,17595,0.05,False,,,,,,0.0,True,1600.0,832.0,False,0.0,0.0,3087,8,1544.0,1395,False,,,0.0
NS302299,NV102839,NC202299,2024-08-01,AB,10995,0.05,True,Lender A (Prime),7.7,60.0,500.0,11045.0,218.0,False,0.0,0.0,False,0.0,0.0,316,2,277.0,395,False,,,0.0
NS302300,NV102841,NC202300,2026-08-06,ON,22695,0.13,False,,,,,,0.0,True,3150.0,1638.0,False,0.0,0.0,151,2,199.0,0,False,,,0.0
NS302301,NV102842,NC202301,2024-10-10,ON,29295,0.13,True,Lender A (Prime),7.85,72.0,2100.0,32203.0,547.0,False,0.0,0.0,True,1200.0,480.0,162,3,199.0,0,False,,,0.0
NS302302,NV102843,NC202302,2025-08-06,ON,22695,0.13,False,,,,,,0.0,False,0.0,0.0,False,0.0,0.0,158,4,192.0,0,True,2025-08-08,Changed mind,1596.0
NS302303,NV102844,NC202303,2025-06-19,ON,20995,0.13,True,Lender D (Subprime),17.46,72.0,700.0,24374.0,143.0,False,0.0,0.0,True,1350.0,540.0,139,3,187.0,0,False,,,0.0
NS302304,NV102845,NC202304,2025-03-25,QC,41795,0.14975,True,Lender B (Prime),8.5,84.0,6000.0,42054.0,288.0,False,0.0,0.0,False,0.0,0.0,599,2,437.0,395,False,,,0.0
NS302305,NV102846,NC202305,2025-08-23,ON,17295,0.13,False,,,,,,0.0,True,2650.0,1378.0,False,0.0,0.0,146,2,190.0,0,False,,,0.0
NS302306,NV102847,NC202306,2025-02-09,ON,24595,0.13,False,,,,,,0.0,False,0.0,0.0,False,0.0,0.0,155,3,199.0,0,False,,,0.0
NS302307,NV102849,NC202307,2025-01-21,QC,50195,0.14975,True,Lender C (Near-Prime),14.5,60.0,3500.0,54212.0,1067.0,False,0.0,0.0,False,0.0,0.0,599,4,471.0,395,False,,,0.0
NS302308,NV102852,NC202308,2025-07-30,ON,32895,0.13,True,Lender B (Prime),7.22,48.0,2000.0,36721.0,710.0,True,1550.0,806.0,False,0.0,0.0,146,4,198.0,0,False,,,0.0
NS302309,NV102853,NC202309,2025-03-20,ON,22795,0.13,False,,,,,,0.0,False,0.0,0.0,False,0.0,0.0,628,4,477.0,395,False,,,0.0
NS302310,NV102854,NC202310,2026-01-31,ON,16595,0.13,True,Lender C (Near-Prime),11.08,48.0,1000.0,20402.0,175.0,True,2650.0,1378.0,False,0.0,0.0,141,3,180.0,0,False,,,0.0
NS302311,NV102855,NC202311,2024-03-15,ON,20495,0.13,True,Lender D (Subprime),19.73,60.0,1900.0,22109.0,288.0,False,0.0,0.0,True,850.0,340.0,138,3,184.0,0,False,,,0.0
NS302312,NV102858,NC202312,2026-02-20,QC,20895,0.14975,False,,,,,,0.0,True,2200.0,1144.0,False,0.0,0.0,226,4,233.0,0,False,,,0.0
NS302313,NV102859,NC202313,2025-11-26,ON,11295,0.13,True,Lender B (Prime),8.52,72.0,100.0,14613.0,116.0,True,1950.0,1014.0,False,0.0,0.0,147,4,190.0,0,False,,,0.0
NS302314,NV102861,NC202314,2026-03-27,ON,13495,0.13,False,,,,,,0.0,False,0.0,0.0,False,0.0,0.0,142,3,191.0,0,False,,,0.0
NS302315,NV102864,NC202315,2025-11-08,NB,14295,0.15,True,Lender A (Prime),8.39,60.0,2500.0,13939.0,234.0,False,0.0,0.0,False,0.0,0.0,1564,4,796.0,795,True,2025-11-11,Changed mind,2660.0
NS302316,NV102865,NC202316,2024-12-06,ON,12995,0.13,False,,,,,,0.0,False,0.0,0.0,False,0.0,0.0,147,4,183.0,0,False,,,0.0
NS302317,NV102868,NC202317,2026-02-27,AB,30295,0.05,True,Lender A (Prime),6.28,60.0,1300.0,33610.0,307.0,True,3100.0,1612.0,False,0.0,0.0,317,4,287.0,395,False,,,0.0
NS302318,NV102869,NC202318,2026-07-22,QC,24995,0.14975,True,Lender A (Prime),8.63,48.0,3400.0,27038.0,384.0,True,1700.0,884.0,False,0.0,0.0,595,4,417.0,395,False,,,0.0
NS302319,NV102870,NC202319,2025-08-29,QC,16695,0.14975,True,Lender B (Prime),7.8,72.0,2900.0,17695.0,241.0,False,0.0,0.0,True,1400.0,560.0,528,4,413.0,395,False,,,0.0
NS302320,NV102872,NC202320,2025-05-05,ON,17695,0.13,True,Lender C (Near-Prime),14.35,72.0,1700.0,18295.0,164.0,False,0.0,0.0,False,0.0,0.0,151,4,201.0,0,False,,,0.0
NS302321,NV102873,NC202321,2025-05-15,ON,26095,0.13,True,Lender A (Prime),8.66,72.0,5000.0,24487.0,142.0,False,0.0,0.0,False,0.0,0.0,153,3,193.0,0,True,2025-05-25,Financing fell through,1365.0
NS302322,NV102874,NC202322,2026-01-01,ON,23695,0.13,True,Lender D (Subprime),19.2,60.0,2200.0,24575.0,311.0,False,0.0,0.0,False,0.0,0.0,3410,7,1991.0,1395,False,,,0.0
NS302323,NV102875,NC202323,2026-04-14,AB,24195,0.05,True,Lender A (Prime),8.45,84.0,4600.0,23805.0,353.0,True,3000.0,1560.0,False,0.0,0.0,3034,7,1450.0,1395,False,,,0.0
NS302324,NV102876,NC202324,2026-07-21,AB,11995,0.05,False,,,,,,0.0,False,0.0,0.0,False,0.0,0.0,293,2,263.0,0,True,2026-07-25,Vehicle condition not as expected,1819.0
NS302325,NV102877,NC202325,2024-09-03,QC,31395,0.14975,True,Lender D (Subprime),17.02,84.0,1500.0,34596.0,427.0,False,0.0,0.0,False,0.0,0.0,593,4,485.0,395,False,,,0.0
NS302326,NV102879,NC202326,2024-09-11,ON,16095,0.13,True,Lender A (Prime),9.09,60.0,100.0,18087.0,203.0,False,0.0,0.0,False,0.0,0.0,126,4,172.0,0,True,2024-09-18,Vehicle condition not as expected,1912.0
NS302327,NV102880,NC202327,2026-08-20,BC,25295,0.12,False,,,,,,0.0,False,0.0,0.0,False,0.0,0.0,784,5,555.0,395,False,,,0.0
NS302328,NV102881,NC202328,2024-09-26,QC,14095,0.14975,True,Lender D (Subprime),20.46,60.0,600.0,15606.0,204.0,False,0.0,0.0,False,0.0,0.0,499,2,347.0,395,False,,,0.0
NS302329,NV102882,NC202329,2024-07-15,BC,44395,0.12,True,Lender D (Subprime),20.39,84.0,3400.0,46322.0,644.0,False,0.0,0.0,False,0.0,0.0,4343,9,2299.0,1395,False,,,0.0
NS302330,NV102883,NC202330,2026-06-25,ON,15795,0.13,True,Lender C (Near-Prime),10.5,48.0,0.0,18798.0,261.0,False,0.0,0.0,True,950.0,380.0,157,2,204.0,0,False,,,0.0
NS302331,NV102884,NC202331,2026-05-07,ON,9495,0.13,True,Lender D (Subprime),21.73,60.0,1700.0,10429.0,130.0,True,1400.0,728.0,False,0.0,0.0,556,4,436.0,395,False,,,0.0
NS302332,NV102887,NC202332,2025-03-16,ON,33595,0.13,True,Lender D (Subprime),23.24,48.0,2400.0,38312.0,399.0,True,2750.0,1430.0,False,0.0,0.0,160,2,213.0,0,False,,,0.0
NS302333,NV102888,NC202333,2025-05-12,NL,20095,0.15,True,Lender A (Prime),9.0,72.0,3200.0,19909.0,226.0,False,0.0,0.0,False,0.0,0.0,2818,8,2088.0,1395,False,,,0.0
NS302334,NV102889,NC202334,2024-04-29,ON,18895,0.13,False,,,,,,0.0,True,2550.0,1326.0,False,0.0,0.0,3559,7,2324.0,1395,False,,,0.0
NS302335,NV102890,NC202335,2025-09-04,ON,16495,0.13,False,,,,,,0.0,False,0.0,0.0,False,0.0,0.0,528,2,365.0,395,False,,,0.0
NS302336,NV102891,NC202336,2026-04-05,ON,17695,0.13,True,Lender C (Near-Prime),11.79,48.0,900.0,21745.0,214.0,True,2650.0,1378.0,False,0.0,0.0,545,3,351.0,395,False,,,0.0
NS302337,NV102893,NC202337,2025-10-31,AB,16995,0.05,True,Lender A (Prime),6.44,72.0,100.0,17745.0,234.0,False,0.0,0.0,False,0.0,0.0,2928,8,1629.0,1395,False,,,0.0
NS302338,NV102894,NC202338,2026-05-13,NL,33895,0.15,True,Lender A (Prime),9.47,84.0,500.0,38479.0,581.0,False,0.0,0.0,False,0.0,0.0,5814,11,3442.0,1395,False,,,0.0
NS302339,NV102895,NC202339,2025-10-01,AB,20895,0.05,True,Lender B (Prime),8.58,72.0,3200.0,18740.0,96.0,False,0.0,0.0,False,0.0,0.0,283,3,274.0,0,False,,,0.0
NS302340,NV102896,NC202340,2024-05-22,AB,53795,0.05,True,Lender D (Subprime),19.76,48.0,8700.0,47785.0,638.0,False,0.0,0.0,False,0.0,0.0,241,2,236.0,0,False,,,0.0
NS302341,NV102897,NC202341,2025-03-27,ON,22995,0.13,False,,,,,,0.0,False,0.0,0.0,False,0.0,0.0,3047,6,1887.0,1395,False,,,0.0
NS302342,NV102898,NC202342,2024-06-22,ON,33295,0.13,True,Lender C (Near-Prime),13.6,84.0,2800.0,36873.0,379.0,True,2050.0,1066.0,False,0.0,0.0,143,4,188.0,0,False,,,0.0
NS302343,NV102899,NC202343,2024-11-22,NS,17095,0.14,True,Lender B (Prime),8.15,72.0,300.0,19188.0,170.0,False,0.0,0.0,False,0.0,0.0,1887,5,1126.0,795,False,,,0.0
NS302344,NV102900,NC202344,2024-06-12,BC,24995,0.12,True,Lender A (Prime),8.36,72.0,1800.0,26194.0,507.0,False,0.0,0.0,False,0.0,0.0,691,3,480.0,395,True,2024-06-17,Vehicle condition not as expected,1795.0
NS302345,NV102901,NC202345,2026-06-21,ON,26695,0.13,True,Lender A (Prime),9.39,84.0,1300.0,28865.0,147.0,False,0.0,0.0,False,0.0,0.0,3149,6,1957.0,1395,False,,,0.0
NS302346,NV102902,NC202346,2026-03-08,ON,22395,0.13,False,,,,,,0.0,False,0.0,0.0,False,0.0,0.0,158,3,210.0,0,False,,,0.0
NS302347,NV102903,NC202347,2024-08-14,ON,21695,0.13,True,Lender B (Prime),7.34,48.0,1200.0,23315.0,200.0,False,0.0,0.0,False,0.0,0.0,3168,6,1546.0,1395,False,,,0.0
NS302348,NV102904,NC202348,2024-10-05,ON,18595,0.13,True,Lender A (Prime),8.61,48.0,1400.0,22912.0,413.0,True,3300.0,1716.0,False,0.0,0.0,153,3,206.0,0,False,,,0.0
NS302349,NV102907,NC202349,2026-02-17,AB,21695,0.05,True,Lender A (Prime),7.59,84.0,400.0,24180.0,174.0,True,1800.0,936.0,False,0.0,0.0,314,3,262.0,395,False,,,0.0
NS302350,NV102908,NC202350,2026-04-13,NS,22495,0.14,True,Lender C (Near-Prime),13.87,72.0,600.0,25044.0,393.0,False,0.0,0.0,False,0.0,0.0,4503,10,2563.0,1395,False,,,0.0
NS302351,NV102909,NC202351,2026-09-02,SK,20995,0.11,False,,,,,,0.0,False,0.0,0.0,False,0.0,0.0,2852,7,1733.0,1395,False,,,0.0
NS302352,NV102910,NC202352,2025-12-21,AB,21095,0.05,False,,,,,,0.0,False,0.0,0.0,False,0.0,0.0,280,3,272.0,0,False,,,0.0
NS302353,NV102912,NC202353,2025-06-25,ON,21495,0.13,True,Lender C (Near-Prime),11.82,60.0,1500.0,22789.0,288.0,False,0.0,0.0,False,0.0,0.0,171,3,202.0,0,True,2025-06-30,Mechanical issue,1132.0
NS302354,NV102914,NC202354,2026-06-24,NS,13895,0.14,False,,,,,,0.0,False,0.0,0.0,False,0.0,0.0,4726,11,2438.0,1395,False,,,0.0
NS302355,NV102915,NC202355,2026-01-28,ON,11195,0.13,True,Lender A (Prime),7.3,84.0,2000.0,10650.0,144.0,False,0.0,0.0,False,0.0,0.0,2888,8,1575.0,1395,False,,,0.0
NS302356,NV102918,NC202356,2024-10-05,ON,22395,0.13,True,Lender A (Prime),7.44,84.0,2500.0,22806.0,240.0,False,0.0,0.0,False,0.0,0.0,2931,8,1759.0,1395,False,,,0.0
NS302357,NV102919,NC202357,2025-02-16,ON,28195,0.13,False,,,,,,0.0,True,3400.0,1768.0,False,0.0,0.0,163,4,213.0,0,False,,,0.0
NS302358,NV102920,NC202358,2025-04-20,ON,21595,0.13,True,Lender C (Near-Prime),12.55,60.0,2800.0,21602.0,152.0,False,0.0,0.0,False,0.0,0.0,3452,8,2138.0,1395,False,,,0.0
NS302359,NV102921,NC202359,2026-04-22,NS,10295,0.14,False,,,,,,0.0,False,0.0,0.0,False,0.0,0.0,1203,5,634.0,795,False,,,0.0
NS302360,NV102922,NC202360,2026-06-11,MB,20595,0.12,True,Lender A (Prime),8.24,72.0,2100.0,20966.0,154.0,False,0.0,0.0,False,0.0,0.0,2481,7,1514.0,795,False,,,0.0
NS302361,NV102923,NC202361,2026-03-15,ON,26695,0.13,True,Lender B (Prime),9.35,60.0,1000.0,30215.0,277.0,False,0.0,0.0,True,1050.0,420.0,147,4,183.0,0,False,,,0.0
NS302362,NV102924,NC202362,2024-02-13,AB,45995,0.05,False,,,,,,0.0,True,1700.0,884.0,False,0.0,0.0,3348,9,2095.0,1395,False,,,0.0
NS302363,NV102926,NC202363,2026-05-04,BC,22995,0.12,True,Lender C (Near-Prime),13.13,72.0,2300.0,23454.0,168.0,False,0.0,0.0,False,0.0,0.0,4790,9,2368.0,1395,False,,,0.0
NS302364,NV102927,NC202364,2026-01-14,ON,22295,0.13,True,Lender C (Near-Prime),11.12,84.0,1800.0,24143.0,479.0,False,0.0,0.0,True,750.0,300.0,3951,10,2245.0,1395,False,,,0.0
NS302365,NV102928,NC202365,2026-08-26,QC,19495,0.14975,False,,,,,,0.0,True,2100.0,1092.0,False,0.0,0.0,586,3,482.0,395,False,,,0.0
NS302366,NV102930,NC202366,2025-10-10,MB,19695,0.12,True,Lender A (Prime),8.23,84.0,100.0,21958.0,224.0,False,0.0,0.0,False,0.0,0.0,2595,6,1508.0,1395,False,,,0.0
NS302367,NV102931,NC202367,2026-07-11,ON,25295,0.13,True,Lender C (Near-Prime),11.74,60.0,4900.0,23683.0,415.0,False,0.0,0.0,False,0.0,0.0,147,4,195.0,0,False,,,0.0
NS302368,NV102932,NC202368,2024-12-15,AB,15395,0.05,True,Lender C (Near-Prime),13.41,84.0,900.0,19165.0,346.0,True,3100.0,1612.0,True,800.0,320.0,254,2,240.0,0,False,,,0.0
NS302369,NV102933,NC202369,2026-09-22,SK,14595,0.11,False,,,,,,0.0,False,0.0,0.0,False,0.0,0.0,2883,6,1422.0,1395,False,,,0.0
NS302370,NV102934,NC202370,2025-02-22,ON,14795,0.13,False,,,,,,0.0,True,2500.0,1300.0,False,0.0,0.0,129,4,186.0,0,False,,,0.0
NS302371,NV102935,NC202371,2025-12-12,ON,9695,0.13,True,Lender C (Near-Prime),12.52,72.0,1500.0,9455.0,120.0,False,0.0,0.0,False,0.0,0.0,165,4,203.0,0,False,,,0.0
NS302372,NV102936,NC202372,2026-06-20,AB,23495,0.05,False,,,,,,0.0,False,0.0,0.0,False,0.0,0.0,3336,8,2148.0,1395,False,,,0.0
NS302373,NV102937,NC202373,2025-01-07,NS,21995,0.14,False,,,,,,0.0,True,2950.0,1534.0,False,0.0,0.0,1977,6,1135.0,795,False,,,0.0
NS302374,NV102938,NC202374,2024-09-24,BC,19395,0.12,True,Lender C (Near-Prime),12.1,84.0,3700.0,19772.0,293.0,True,1750.0,910.0,False,0.0,0.0,686,3,486.0,395,False,,,0.0
NS302375,NV102939,NC202375,2025-06-16,AB,26095,0.05,False,,,,,,0.0,True,1400.0,728.0,False,0.0,0.0,300,3,259.0,0,False,,,0.0
NS302376,NV102940,NC202376,2024-06-12,AB,43695,0.05,False,,,,,,0.0,True,2400.0,1248.0,False,0.0,0.0,3681,7,2015.0,1395,False,,,0.0
NS302377,NV102941,NC202377,2025-11-13,ON,29095,0.13,True,Lender C (Near-Prime),13.17,84.0,200.0,32677.0,492.0,False,0.0,0.0,False,0.0,0.0,145,2,195.0,0,False,,,0.0
NS302378,NV102942,NC202378,2024-05-30,ON,12895,0.13,False,,,,,,0.0,False,0.0,0.0,False,0.0,0.0,3698,9,1951.0,1395,False,,,0.0
NS302379,NV102943,NC202379,2026-01-16,ON,22195,0.13,True,Lender D (Subprime),19.51,72.0,1500.0,26680.0,400.0,True,3100.0,1612.0,False,0.0,0.0,167,2,215.0,0,False,,,0.0
NS302380,NV102944,NC202380,2026-02-28,ON,19095,0.13,False,,,,,,0.0,True,1600.0,832.0,False,0.0,0.0,138,4,204.0,0,False,,,0.0
NS302381,NV102945,NC202381,2024-03-11,QC,20295,0.14975,False,,,,,,0.0,True,1950.0,1014.0,False,0.0,0.0,229,4,250.0,0,False,,,0.0
NS302382,NV102946,NC202382,2026-07-20,NB,14395,0.15,True,Lender A (Prime),8.64,60.0,1400.0,15154.0,193.0,False,0.0,0.0,False,0.0,0.0,1613,6,980.0,795,False,,,0.0
NS302383,NV102948,NC202383,2025-02-24,ON,13195,0.13,False,,,,,,0.0,True,1750.0,910.0,False,0.0,0.0,134,2,198.0,0,False,,,0.0
NS302384,NV102949,NC202384,2026-03-28,ON,29195,0.13,True,Lender C (Near-Prime),12.79,72.0,400.0,32590.0,405.0,False,0.0,0.0,False,0.0,0.0,158,4,196.0,0,False,,,0.0
NS302385,NV102950,NC202385,2025-04-24,QC,26295,0.14975,True,Lender C (Near-Prime),11.49,48.0,3500.0,29383.0,537.0,True,2650.0,1378.0,False,0.0,0.0,199,4,218.0,0,False,,,0.0
NS302386,NV102951,NC202386,2025-01-17,ON,14695,0.13,True,Lender C (Near-Prime),13.02,84.0,2500.0,17055.0,318.0,True,2950.0,1534.0,False,0.0,0.0,148,2,210.0,0,True,2025-01-20,Financing fell through,1308.0
NS302387,NV102952,NC202387,2024-10-16,AB,20995,0.05,False,,,,,,0.0,False,0.0,0.0,False,0.0,0.0,230,2,230.0,0,False,,,0.0
NS302388,NV102953,NC202388,2024-05-01,QC,53995,0.14975,True,Lender B (Prime),8.02,60.0,4700.0,59581.0,1088.0,True,2200.0,1144.0,False,0.0,0.0,559,3,361.0,395,False,,,0.0
NS302389,NV102954,NC202389,2026-03-03,ON,8295,0.13,False,,,,,,0.0,False,0.0,0.0,False,0.0,0.0,129,3,194.0,0,False,,,0.0
NS302390,NV102956,NC202390,2025-11-18,ON,17895,0.13,True,Lender A (Prime),6.98,60.0,3000.0,18671.0,225.0,True,1450.0,754.0,False,0.0,0.0,3133,6,1963.0,1395,True,2025-11-26,Financing fell through,3631.0
NS302391,NV102957,NC202391,2026-06-24,BC,17595,0.12,True,Lender D (Subprime),21.52,84.0,3200.0,17606.0,277.0,False,0.0,0.0,True,1100.0,440.0,719,5,521.0,395,False,,,0.0
NS302392,NV102958,NC202392,2026-08-17,ON,10895,0.13,True,Lender B (Prime),9.17,48.0,700.0,13711.0,132.0,True,2100.0,1092.0,False,0.0,0.0,153,2,196.0,0,False,,,0.0
NS302393,NV102959,NC202393,2026-08-21,ON,11695,0.13,True,Lender A (Prime),7.22,84.0,600.0,12615.0,208.0,False,0.0,0.0,False,0.0,0.0,172,4,218.0,0,False,,,0.0
NS302394,NV102961,NC202394,2025-12-24,AB,10895,0.05,True,Lender D (Subprime),21.34,84.0,2100.0,9340.0,102.0,False,0.0,0.0,False,0.0,0.0,294,4,267.0,0,False,,,0.0
NS302395,NV102962,NC202395,2026-07-27,ON,12595,0.13,True,Lender C (Near-Prime),10.5,60.0,500.0,13732.0,182.0,False,0.0,0.0,False,0.0,0.0,568,2,430.0,395,False,,,0.0
NS302396,NV102964,NC202396,2024-12-02,ON,28895,0.13,True,Lender C (Near-Prime),10.63,60.0,2500.0,31751.0,284.0,True,1600.0,832.0,False,0.0,0.0,143,4,199.0,0,False,,,0.0
NS302397,NV102965,NC202397,2024-05-30,ON,24695,0.13,False,,,,,,0.0,False,0.0,0.0,False,0.0,0.0,154,3,195.0,0,False,,,0.0
NS302398,NV102966,NC202398,2025-01-23,QC,23895,0.14975,True,Lender A (Prime),6.77,84.0,3400.0,24073.0,270.0,False,0.0,0.0,False,0.0,0.0,214,3,208.0,0,False,,,0.0
NS302399,NV102967,NC202399,2025-10-10,ON,13895,0.13,True,Lender A (Prime),8.6,72.0,2300.0,13401.0,70.0,False,0.0,0.0,False,0.0,0.0,173,4,218.0,0,False,,,0.0
NS302400,NV102968,NC202400,2026-02-13,QC,33495,0.14975,True,Lender B (Prime),7.57,84.0,5200.0,35561.0,669.0,True,1500.0,780.0,True,750.0,300.0,527,2,387.0,395,False,,,0.0
NS302401,NV102969,NC202401,2026-05-06,ON,21695,0.13,True,Lender C (Near-Prime),15.05,60.0,3500.0,22315.0,244.0,False,0.0,0.0,True,1300.0,520.0,183,4,215.0,0,False,,,0.0
NS302402,NV102971,NC202402,2026-06-15,ON,36495,0.13,True,Lender A (Prime),8.5,60.0,6500.0,34739.0,415.0,False,0.0,0.0,False,0.0,0.0,128,3,184.0,0,False,,,0.0
NS302403,NV102972,NC202403,2024-04-09,AB,13995,0.05,True,Lender C (Near-Prime),14.23,84.0,300.0,14395.0,129.0,False,0.0,0.0,False,0.0,0.0,285,4,250.0,0,False,,,0.0
NS302404,NV102973,NC202404,2026-08-16,ON,19495,0.13,False,,,,,,0.0,True,1600.0,832.0,False,0.0,0.0,108,2,169.0,0,False,,,0.0
NS302405,NV102974,NC202405,2024-05-12,QC,17495,0.14975,True,Lender B (Prime),9.25,84.0,1600.0,20615.0,407.0,True,2100.0,1092.0,False,0.0,0.0,456,3,399.0,395,False,,,0.0
NS302406,NV102975,NC202406,2024-08-01,ON,18595,0.13,True,Lender C (Near-Prime),11.83,48.0,1000.0,21812.0,214.0,True,1800.0,936.0,False,0.0,0.0,642,3,421.0,395,False,,,0.0
NS302407,NV102976,NC202407,2025-03-24,ON,16995,0.13,False,,,,,,0.0,False,0.0,0.0,False,0.0,0.0,154,3,185.0,0,False,,,0.0
NS302408,NV102978,NC202408,2025-06-25,QC,11495,0.14975,True,Lender C (Near-Prime),11.48,72.0,300.0,14966.0,137.0,True,2050.0,1066.0,False,0.0,0.0,605,3,464.0,395,False,,,0.0
NS302409,NV102979,NC202409,2025-03-27,ON,18095,0.13,True,Lender C (Near-Prime),12.51,60.0,1900.0,21897.0,120.0,True,3350.0,1742.0,False,0.0,0.0,167,2,212.0,0,False,,,0.0
NS302410,NV102980,NC202410,2026-07-23,ON,27895,0.13,True,Lender C (Near-Prime),10.89,84.0,2400.0,29121.0,379.0,False,0.0,0.0,False,0.0,0.0,146,3,196.0,0,False,,,0.0
NS302411,NV102981,NC202411,2025-07-27,SK,18195,0.11,False,,,,,,0.0,False,0.0,0.0,False,0.0,0.0,948,4,715.0,395,False,,,0.0
NS302412,NV102982,NC202412,2024-07-30,ON,11995,0.13,True,Lender A (Prime),8.31,84.0,2000.0,13154.0,234.0,True,1600.0,832.0,False,0.0,0.0,152,2,200.0,0,False,,,0.0
NS302413,NV102983,NC202413,2025-10-01,ON,15595,0.13,False,,,,,,0.0,True,2750.0,1430.0,False,0.0,0.0,129,3,211.0,0,False,,,0.0
NS302414,NV102985,NC202414,2024-09-01,QC,16295,0.14975,False,,,,,,0.0,True,2450.0,1274.0,False,0.0,0.0,3580,8,1866.0,1395,False,,,0.0
NS302415,NV102987,NC202415,2025-06-11,ON,10295,0.13,True,Lender B (Prime),6.87,84.0,1500.0,11383.0,120.0,False,0.0,0.0,True,1250.0,500.0,145,3,185.0,0,True,2025-06-16,Changed mind,1245.0
NS302416,NV102988,NC202416,2026-09-06,ON,19495,0.13,True,Lender A (Prime),6.4,72.0,700.0,21329.0,216.0,False,0.0,0.0,False,0.0,0.0,533,4,346.0,395,False,,,0.0
NS302417,NV102990,NC202417,2026-03-30,ON,14395,0.13,True,Lender D (Subprime),19.12,72.0,700.0,15566.0,144.0,False,0.0,0.0,False,0.0,0.0,4201,9,2124.0,1395,False,,,0.0
NS302418,NV102992,NC202418,2025-09-25,ON,20495,0.13,False,,,,,,0.0,False,0.0,0.0,False,0.0,0.0,138,4,192.0,0,False,,,0.0
NS302419,NV102993,NC202419,2025-08-11,ON,30195,0.13,True,Lender C (Near-Prime),12.23,72.0,3400.0,30720.0,324.0,False,0.0,0.0,False,0.0,0.0,159,3,203.0,0,False,,,0.0
NS302420,NV102994,NC202420,2025-10-05,NL,23795,0.15,False,,,,,,0.0,True,3300.0,1716.0,False,0.0,0.0,2255,5,1723.0,795,False,,,0.0
NS302421,NV102996,NC202421,2026-09-20,BC,13195,0.12,True,Lender C (Near-Prime),14.04,72.0,1800.0,16328.0,199.0,True,3350.0,1742.0,False,0.0,0.0,4119,9,2349.0,1395,False,,,0.0
NS302422,NV102997,NC202422,2024-10-04,BC,14595,0.12,True,Lender A (Prime),8.7,60.0,2200.0,17296.0,147.0,True,3150.0,1638.0,False,0.0,0.0,634,3,465.0,395,False,,,0.0
NS302423,NV102998,NC202423,2025-03-16,BC,10895,0.12,True,Lender A (Prime),7.97,60.0,2000.0,10202.0,117.0,False,0.0,0.0,False,0.0,0.0,4786,10,2753.0,1395,False,,,0.0
NS302424,NV102999,NC202424,2025-08-31,QC,11095,0.14975,False,,,,,,0.0,False,0.0,0.0,False,0.0,0.0,529,4,354.0,395,False,,,0.0
NS302425,NV103000,NC202425,2026-02-26,ON,26095,0.13,False,,,,,,0.0,False,0.0,0.0,False,0.0,0.0,146,3,194.0,0,False,,,0.0
NS302426,NV103001,NC202426,2025-11-23,SK,24195,0.11,True,Lender B (Prime),7.57,60.0,2100.0,25706.0,217.0,False,0.0,0.0,True,950.0,380.0,612,2,465.0,395,False,,,0.0
NS302427,NV103002,NC202427,2024-11-05,ON,14895,0.13,False,,,,,,0.0,True,1300.0,676.0,False,0.0,0.0,156,2,195.0,0,False,,,0.0
NS302428,NV103003,NC202428,2025-02-04,ON,12195,0.13,False,,,,,,0.0,False,0.0,0.0,False,0.0,0.0,541,3,441.0,395,False,,,0.0
NS302429,NV103004,NC202429,2026-02-09,QC,19295,0.14975,True,Lender B (Prime),7.64,72.0,600.0,24684.0,167.0,True,3100.0,1612.0,False,0.0,0.0,622,3,366.0,395,False,,,0.0
NS302430,NV103005,NC202430,2025-03-23,ON,18995,0.13,True,Lender C (Near-Prime),13.17,72.0,1900.0,19564.0,165.0,False,0.0,0.0,False,0.0,0.0,542,4,393.0,395,False,,,0.0
NS302431,NV103006,NC202431,2026-06-04,QC,14395,0.14975,True,Lender B (Prime),9.11,72.0,1300.0,15251.0,213.0,False,0.0,0.0,False,0.0,0.0,3828,9,1897.0,1395,False,,,0.0
NS302432,NV103008,NC202432,2025-07-17,ON,24895,0.13,True,Lender D (Subprime),21.95,72.0,2600.0,26831.0,284.0,True,1300.0,676.0,False,0.0,0.0,147,4,203.0,0,False,,,0.0
NS302433,NV103009,NC202433,2024-04-07,AB,27195,0.05,False,,,,,,0.0,False,0.0,0.0,False,0.0,0.0,3504,9,2212.0,1395,False,,,0.0
NS302434,NV103010,NC202434,2025-09-26,AB,25795,0.05,False,,,,,,0.0,False,0.0,0.0,False,0.0,0.0,288,2,269.0,0,False,,,0.0
NS302435,NV103011,NC202435,2025-07-16,ON,11195,0.13,True,Lender B (Prime),7.54,72.0,800.0,14700.0,125.0,True,1500.0,780.0,True,1350.0,540.0,495,2,359.0,395,False,,,0.0
NS302436,NV103012,NC202436,2025-11-11,ON,31395,0.13,True,Lender C (Near-Prime),12.87,84.0,700.0,34776.0,334.0,False,0.0,0.0,False,0.0,0.0,565,3,395.0,395,False,,,0.0
NS302437,NV103013,NC202437,2025-09-25,ON,17295,0.13,True,Lender C (Near-Prime),11.53,60.0,1400.0,20643.0,269.0,True,2500.0,1300.0,False,0.0,0.0,144,3,189.0,0,False,,,0.0
NS302438,NV103014,NC202438,2025-03-03,AB,30995,0.05,False,,,,,,0.0,False,0.0,0.0,False,0.0,0.0,2823,6,1596.0,1395,False,,,0.0
NS302439,NV103015,NC202439,2024-08-02,NS,22595,0.14,True,Lender D (Subprime),21.25,84.0,3700.0,24308.0,223.0,True,2250.0,1170.0,False,0.0,0.0,1830,5,1190.0,795,False,,,0.0
NS302440,NV103016,NC202440,2024-10-28,ON,23295,0.13,True,Lender B (Prime),8.88,72.0,4500.0,21823.0,252.0,False,0.0,0.0,False,0.0,0.0,461,4,360.0,395,False,,,0.0
NS302441,NV103017,NC202441,2026-06-04,ON,16495,0.13,True,Lender B (Prime),9.23,72.0,1000.0,18539.0,213.0,False,0.0,0.0,True,900.0,360.0,3739,9,1890.0,1395,False,,,0.0
NS302442,NV103018,NC202442,2026-01-05,ON,33695,0.13,False,,,,,,0.0,True,2650.0,1378.0,True,750.0,300.0,176,4,234.0,0,False,,,0.0
NS302443,NV103019,NC202443,2025-10-22,QC,26095,0.14975,False,,,,,,0.0,False,0.0,0.0,False,0.0,0.0,509,3,365.0,395,False,,,0.0
NS302444,NV103021,NC202444,2024-10-12,ON,16395,0.13,True,Lender C (Near-Prime),12.07,60.0,400.0,18126.0,214.0,False,0.0,0.0,False,0.0,0.0,144,2,194.0,0,False,,,0.0
NS302445,NV103023,NC202445,2025-06-27,ON,23095,0.13,True,Lender B (Prime),9.09,72.0,2000.0,24097.0,314.0,False,0.0,0.0,False,0.0,0.0,3190,8,1733.0,1395,False,,,0.0
NS302446,NV103025,NC202446,2026-03-06,SK,11995,0.11,True,Lender D (Subprime),16.59,72.0,900.0,12414.0,243.0,False,0.0,0.0,False,0.0,0.0,771,3,506.0,395,False,,,0.0
NS302447,NV103026,NC202447,2024-08-09,ON,42695,0.13,False,,,,,,0.0,False,0.0,0.0,False,0.0,0.0,3463,7,1928.0,1395,False,,,0.0
NS302448,NV103027,NC202448,2024-03-26,QC,27795,0.14975,False,,,,,,0.0,True,3100.0,1612.0,False,0.0,0.0,573,2,439.0,395,False,,,0.0
NS302449,NV103028,NC202449,2025-06-17,ON,15695,0.13,False,,,,,,0.0,False,0.0,0.0,False,0.0,0.0,137,4,204.0,0,False,,,0.0
NS302450,NV103029,NC202450,2025-07-27,ON,40995,0.13,False,,,,,,0.0,False,0.0,0.0,False,0.0,0.0,137,4,190.0,0,False,,,0.0
NS302451,NV103030,NC202451,2024-09-25,ON,21795,0.13,False,,,,,,0.0,False,0.0,0.0,False,0.0,0.0,138,4,202.0,0,False,,,0.0
NS302452,NV103031,NC202452,2026-07-25,ON,19895,0.13,False,,,,,,0.0,True,1900.0,988.0,False,0.0,0.0,566,4,375.0,395,False,,,0.0
NS302453,NV103034,NC202453,2026-04-14,ON,30795,0.13,False,,,,,,0.0,False,0.0,0.0,False,0.0,0.0,556,4,431.0,395,False,,,0.0
NS302454,NV103035,NC202454,2025-10-09,QC,17695,0.14975,False,,,,,,0.0,True,3050.0,1586.0,False,0.0,0.0,223,2,226.0,0,False,,,0.0
NS302455,NV103037,NC202455,2024-08-01,ON,32295,0.13,True,Lender C (Near-Prime),13.81,72.0,600.0,35893.0,621.0,False,0.0,0.0,False,0.0,0.0,143,3,202.0,0,False,,,0.0
NS302456,NV103038,NC202456,2026-01-26,ON,33995,0.13,True,Lender B (Prime),8.39,72.0,3300.0,38414.0,658.0,True,3300.0,1716.0,False,0.0,0.0,592,3,418.0,395,False,,,0.0
NS302457,NV103039,NC202457,2026-01-19,AB,41095,0.05,False,,,,,,0.0,False,0.0,0.0,False,0.0,0.0,284,2,266.0,0,False,,,0.0
NS302458,NV103040,NC202458,2026-09-25,AB,18795,0.05,True,Lender C (Near-Prime),11.99,72.0,2000.0,21985.0,385.0,True,3300.0,1716.0,True,950.0,380.0,3793,9,2084.0,1395,False,,,0.0
NS302459,NV103041,NC202459,2024-03-07,BC,20295,0.12,False,,,,,,0.0,False,0.0,0.0,False,0.0,0.0,4124,10,2484.0,1395,False,,,0.0
NS302460,NV103042,NC202460,2026-09-22,ON,25395,0.13,True,Lender C (Near-Prime),12.99,60.0,1600.0,27096.0,180.0,False,0.0,0.0,False,0.0,0.0,152,4,213.0,0,False,,,0.0
NS302461,NV103043,NC202461,2025-07-09,ON,18295,0.13,False,,,,,,0.0,False,0.0,0.0,True,1150.0,460.0,562,2,432.0,395,False,,,0.0
NS302462,NV103044,NC202462,2025-08-16,MB,27795,0.12,False,,,,,,0.0,False,0.0,0.0,False,0.0,0.0,1982,5,1168.0,795,False,,,0.0
NS302463,NV103045,NC202463,2025-01-03,ON,10795,0.13,False,,,,,,0.0,False,0.0,0.0,False,0.0,0.0,126,4,192.0,0,False,,,0.0
NS302464,NV103046,NC202464,2026-09-06,QC,18795,0.14975,True,Lender D (Subprime),19.23,72.0,200.0,21410.0,144.0,False,0.0,0.0,False,0.0,0.0,549,4,445.0,395,False,,,0.0
NS302465,NV103047,NC202465,2026-02-10,QC,20195,0.14975,True,Lender B (Prime),9.05,48.0,1500.0,21719.0,245.0,False,0.0,0.0,False,0.0,0.0,505,2,391.0,395,False,,,0.0
NS302466,NV103048,NC202466,2024-12-08,AB,34095,0.05,False,,,,,,0.0,True,3300.0,1716.0,False,0.0,0.0,290,4,287.0,0,False,,,0.0
NS302467,NV103049,NC202467,2024-08-25,BC,18595,0.12,True,Lender A (Prime),7.82,60.0,3300.0,19576.0,103.0,True,2050.0,1066.0,False,0.0,0.0,646,2,425.0,395,False,,,0.0
NS302468,NV103050,NC202468,2026-06-29,QC,28895,0.14975,True,Lender A (Prime),7.36,60.0,4100.0,29122.0,486.0,False,0.0,0.0,False,0.0,0.0,446,4,358.0,395,False,,,0.0
NS302469,NV103052,NC202469,2024-11-12,ON,27095,0.13,True,Lender C (Near-Prime),13.96,72.0,4400.0,26217.0,492.0,False,0.0,0.0,False,0.0,0.0,574,4,467.0,395,False,,,0.0
NS302470,NV103054,NC202470,2026-04-03,ON,18495,0.13,True,Lender B (Prime),7.62,84.0,2600.0,18299.0,251.0,False,0.0,0.0,False,0.0,0.0,152,4,199.0,0,False,,,0.0
NS302471,NV103055,NC202471,2024-09-24,ON,20595,0.13,True,Lender C (Near-Prime),12.15,84.0,3600.0,20772.0,182.0,False,0.0,0.0,True,1100.0,440.0,128,3,189.0,0,False,,,0.0
NS302472,NV103056,NC202472,2025-09-07,ON,11095,0.13,False,,,,,,0.0,False,0.0,0.0,False,0.0,0.0,712,4,508.0,395,False,,,0.0
NS302473,NV103057,NC202473,2025-04-11,BC,24995,0.12,True,Lender D (Subprime),18.88,84.0,1100.0,29494.0,299.0,True,2600.0,1352.0,False,0.0,0.0,4401,9,2239.0,1395,False,,,0.0
NS302474,NV103058,NC202474,2025-09-04,ON,28995,0.13,True,Lender A (Prime),8.05,60.0,3800.0,30864.0,394.0,True,1900.0,988.0,False,0.0,0.0,132,3,201.0,0,False,,,0.0
NS302475,NV103059,NC202475,2025-10-31,NB,16995,0.15,True,Lender B (Prime),6.71,72.0,800.0,18744.0,207.0,False,0.0,0.0,False,0.0,0.0,1673,5,969.0,795,False,,,0.0
NS302476,NV103060,NC202476,2026-07-19,ON,28595,0.13,False,,,,,,0.0,False,0.0,0.0,False,0.0,0.0,148,2,200.0,0,False,,,0.0
NS302477,NV103061,NC202477,2024-04-26,ON,15595,0.13,False,,,,,,0.0,False,0.0,0.0,False,0.0,0.0,153,4,210.0,0,False,,,0.0
NS302478,NV103062,NC202478,2025-08-06,MB,30495,0.12,False,,,,,,0.0,False,0.0,0.0,False,0.0,0.0,1371,4,870.0,795,False,,,0.0
NS302479,NV103063,NC202479,2026-09-16,AB,29695,0.05,False,,,,,,0.0,False,0.0,0.0,False,0.0,0.0,285,3,257.0,0,True,2026-09-17,Vehicle condition not as expected,1525.0
NS302480,NV103064,NC202480,2026-06-21,ON,25595,0.13,True,Lender C (Near-Prime),14.41,84.0,4100.0,24822.0,148.0,False,0.0,0.0,False,0.0,0.0,177,4,207.0,0,False,,,0.0
NS302481,NV103065,NC202481,2026-08-12,ON,17295,0.13,True,Lender A (Prime),9.07,60.0,2200.0,17343.0,251.0,False,0.0,0.0,False,0.0,0.0,133,3,194.0,0,False,,,0.0
NS302482,NV103066,NC202482,2025-06-12,ON,16195,0.13,False,,,,,,0.0,True,2050.0,1066.0,False,0.0,0.0,160,2,207.0,0,False,,,0.0
NS302483,NV103067,NC202483,2025-09-04,NS,30695,0.14,True,Lender D (Subprime),24.99,72.0,4700.0,30292.0,540.0,False,0.0,0.0,False,0.0,0.0,2022,5,1258.0,795,False,,,0.0
NS302484,NV103068,NC202484,2025-12-17,ON,13695,0.13,False,,,,,,0.0,False,0.0,0.0,False,0.0,0.0,489,3,402.0,395,False,,,0.0
NS302485,NV103069,NC202485,2026-04-27,ON,14495,0.13,False,,,,,,0.0,True,3200.0,1664.0,False,0.0,0.0,138,2,194.0,0,False,,,0.0
NS302486,NV103071,NC202486,2024-09-21,QC,18195,0.14975,False,,,,,,0.0,False,0.0,0.0,False,0.0,0.0,511,4,393.0,395,False,,,0.0
NS302487,NV103072,NC202487,2024-07-29,ON,14595,0.13,False,,,,,,0.0,False,0.0,0.0,False,0.0,0.0,570,4,430.0,395,False,,,0.0
NS302488,NV103073,NC202488,2026-06-16,MB,37295,0.12,True,Lender C (Near-Prime),12.58,84.0,5000.0,39570.0,711.0,True,2800.0,1456.0,False,0.0,0.0,2122,7,1355.0,795,False,,,0.0
NS302489,NV103074,NC202489,2024-04-01,NS,20895,0.14,True,Lender B (Prime),8.0,72.0,4000.0,22970.0,160.0,True,1800.0,936.0,True,1350.0,540.0,1491,4,908.0,795,False,,,0.0
NS302490,NV103075,NC202490,2025-05-13,SK,21895,0.11,True,Lender D (Subprime),20.11,72.0,2100.0,22203.0,214.0,False,0.0,0.0,False,0.0,0.0,2761,7,1481.0,1395,False,,,0.0
NS302491,NV103076,NC202491,2025-03-31,ON,25195,0.13,False,,,,,,0.0,True,3350.0,1742.0,False,0.0,0.0,441,3,316.0,395,False,,,0.0
NS302492,NV103077,NC202492,2024-05-23,QC,25895,0.14975,False,,,,,,0.0,False,0.0,0.0,False,0.0,0.0,565,2,429.0,395,False,,,0.0
NS302493,NV103079,NC202493,2025-07-08,ON,16895,0.13,True,Lender A (Prime),8.88,84.0,2900.0,18141.0,141.0,True,1950.0,1014.0,False,0.0,0.0,141,2,191.0,0,False,,,0.0
NS302494,NV103080,NC202494,2024-08-21,ON,37595,0.13,True,Lender C (Near-Prime),11.15,60.0,6700.0,38482.0,286.0,True,1700.0,884.0,True,1000.0,400.0,129,4,186.0,0,False,,,0.0
NS302495,NV103082,NC202495,2026-07-29,QC,12195,0.14975,True,Lender C (Near-Prime),12.46,72.0,700.0,13321.0,75.0,False,0.0,0.0,False,0.0,0.0,510,4,377.0,395,False,,,0.0
NS302496,NV103084,NC202496,2024-07-09,ON,13995,0.13,True,Lender B (Prime),7.7,60.0,2300.0,13514.0,188.0,False,0.0,0.0,False,0.0,0.0,124,3,178.0,0,False,,,0.0
NS302497,NV103085,NC202497,2025-09-23,QC,19795,0.14975,False,,,,,,0.0,True,2950.0,1534.0,False,0.0,0.0,207,2,227.0,0,False,,,0.0
NS302498,NV103086,NC202498,2026-04-15,NS,13095,0.14,True,Lender B (Prime),7.82,60.0,1900.0,14478.0,95.0,True,1450.0,754.0,False,0.0,0.0,1731,6,1002.0,795,False,,,0.0
NS302499,NV103087,NC202499,2026-01-13,ON,22195,0.13,True,Lender D (Subprime),22.56,84.0,2800.0,25230.0,242.0,True,2950.0,1534.0,False,0.0,0.0,3386,7,1748.0,1395,False,,,0.0
NS302500,NV103088,NC202500,2024-07-06,ON,26195,0.13,True,Lender D (Subprime),20.68,72.0,4800.0,24800.0,169.0,False,0.0,0.0,False,0.0,0.0,137,3,191.0,0,False,,,0.0
NS302501,NV103089,NC202501,2025-05-28,QC,12995,0.14975,True,Lender C (Near-Prime),11.39,72.0,1900.0,13041.0,166.0,False,0.0,0.0,False,0.0,0.0,4139,9,2653.0,1395,False,,,0.0
NS302502,NV103090,NC202502,2025-08-04,ON,26295,0.13,False,,,,,,0.0,False,0.0,0.0,False,0.0,0.0,149,4,202.0,0,False,,,0.0
NS302503,NV103091,NC202503,2026-01-22,QC,26595,0.14975,False,,,,,,0.0,True,3350.0,1742.0,False,0.0,0.0,216,3,228.0,0,False,,,0.0
NS302504,NV103092,NC202504,2024-12-25,ON,8395,0.13,True,Lender C (Near-Prime),13.92,48.0,1500.0,7986.0,70.0,False,0.0,0.0,False,0.0,0.0,135,2,200.0,0,False,,,0.0
NS302505,NV103093,NC202505,2025-07-18,ON,28695,0.13,True,Lender B (Prime),10.5,72.0,4900.0,27525.0,323.0,False,0.0,0.0,False,0.0,0.0,3331,8,1805.0,1395,False,,,0.0
NS302506,NV103094,NC202506,2026-07-12,ON,12395,0.13,False,,,,,,0.0,False,0.0,0.0,False,0.0,0.0,173,4,203.0,0,False,,,0.0
NS302507,NV103095,NC202507,2025-06-08,BC,16995,0.12,True,Lender C (Near-Prime),11.92,72.0,1100.0,20134.0,274.0,True,2200.0,1144.0,False,0.0,0.0,713,3,466.0,395,False,,,0.0
NS302508,NV103096,NC202508,2024-06-26,BC,22395,0.12,True,Lender D (Subprime),16.67,60.0,400.0,24682.0,279.0,False,0.0,0.0,False,0.0,0.0,4351,8,2307.0,1395,False,,,0.0
NS302509,NV103097,NC202509,2026-05-17,AB,10895,0.05,True,Lender C (Near-Prime),13.15,72.0,1900.0,9540.0,161.0,False,0.0,0.0,False,0.0,0.0,3233,6,1650.0,1395,False,,,0.0
NS302510,NV103099,NC202510,2025-09-30,ON,20995,0.13,False,,,,,,0.0,False,0.0,0.0,False,0.0,0.0,3344,7,1769.0,1395,False,,,0.0
NS302511,NV103100,NC202511,2026-01-09,MB,19595,0.12,False,,,,,,0.0,True,1700.0,884.0,False,0.0,0.0,1944,5,1194.0,795,False,,,0.0
NS302512,NV103101,NC202512,2026-07-09,MB,18695,0.12,False,,,,,,0.0,True,1850.0,962.0,False,0.0,0.0,1540,6,986.0,795,False,,,0.0
NS302513,NV103102,NC202513,2024-03-23,ON,26195,0.13,True,Lender D (Subprime),20.89,60.0,2900.0,26700.0,152.0,False,0.0,0.0,False,0.0,0.0,3455,8,1639.0,1395,False,,,0.0
NS302514,NV103103,NC202514,2024-10-28,AB,25395,0.05,True,Lender A (Prime),9.57,84.0,5000.0,21665.0,219.0,False,0.0,0.0,False,0.0,0.0,293,4,291.0,0,True,2024-10-29,Changed mind,2732.0
NS302515,NV103104,NC202515,2024-10-30,NS,17995,0.14,True,Lender B (Prime),9.23,60.0,200.0,20314.0,241.0,False,0.0,0.0,False,0.0,0.0,1202,4,744.0,795,False,,,0.0
NS302516,NV103105,NC202516,2025-06-12,ON,24695,0.13,True,Lender B (Prime),9.35,84.0,4800.0,23105.0,412.0,False,0.0,0.0,False,0.0,0.0,122,2,177.0,0,False,,,0.0
NS302517,NV103107,NC202517,2026-04-26,ON,14595,0.13,True,Lender C (Near-Prime),13.02,48.0,700.0,18792.0,206.0,True,3000.0,1560.0,False,0.0,0.0,3028,7,1841.0,1395,False,,,0.0
NS302518,NV103108,NC202518,2025-07-16,BC,22795,0.12,True,Lender D (Subprime),19.61,72.0,1900.0,26630.0,235.0,True,3000.0,1560.0,False,0.0,0.0,798,4,525.0,395,False,,,0.0
NS302519,NV103110,NC202519,2026-03-10,ON,19695,0.13,False,,,,,,0.0,False,0.0,0.0,False,0.0,0.0,146,2,190.0,0,False,,,0.0
NS302520,NV103111,NC202520,2024-12-03,BC,15795,0.12,True,Lender A (Prime),8.49,60.0,2100.0,18440.0,311.0,True,2850.0,1482.0,False,0.0,0.0,640,4,438.0,395,False,,,0.0
NS302521,NV103112,NC202521,2025-03-16,ON,17895,0.13,True,Lender C (Near-Prime),13.31,48.0,600.0,20521.0,255.0,False,0.0,0.0,True,900.0,360.0,503,3,355.0,395,False,,,0.0
NS302522,NV103113,NC202522,2024-06-07,ON,25195,0.13,True,Lender A (Prime),6.48,60.0,1900.0,29370.0,452.0,True,2050.0,1066.0,True,750.0,300.0,174,4,202.0,0,False,,,0.0
NS302523,NV103114,NC202523,2026-03-25,QC,14695,0.14975,False,,,,,,0.0,False,0.0,0.0,False,0.0,0.0,544,3,405.0,395,False,,,0.0
NS302524,NV103115,NC202524,2026-07-14,AB,33495,0.05,True,Lender D (Subprime),19.03,48.0,2400.0,35820.0,243.0,True,3050.0,1586.0,False,0.0,0.0,286,2,256.0,0,False,,,0.0
NS302525,NV103116,NC202525,2025-11-27,BC,16595,0.12,True,Lender C (Near-Prime),14.16,84.0,800.0,17786.0,129.0,False,0.0,0.0,False,0.0,0.0,4395,10,2784.0,1395,False,,,0.0
NS302526,NV103117,NC202526,2025-06-13,ON,16995,0.13,True,Lender D (Subprime),20.68,60.0,400.0,21954.0,422.0,True,3150.0,1638.0,False,0.0,0.0,140,3,202.0,0,False,,,0.0
NS302527,NV103118,NC202527,2024-08-12,ON,37095,0.13,False,,,,,,0.0,False,0.0,0.0,False,0.0,0.0,137,4,194.0,0,False,,,0.0
NS302528,NV103119,NC202528,2025-05-24,ON,16395,0.13,False,,,,,,0.0,False,0.0,0.0,True,1200.0,480.0,154,3,200.0,0,False,,,0.0
NS302529,NV103120,NC202529,2026-08-12,ON,14995,0.13,True,Lender C (Near-Prime),12.45,72.0,2400.0,17444.0,337.0,True,2900.0,1508.0,False,0.0,0.0,146,4,197.0,0,False,,,0.0
NS302530,NV103121,NC202530,2026-08-30,ON,14095,0.13,True,Lender B (Prime),7.42,72.0,1700.0,14227.0,78.0,False,0.0,0.0,False,0.0,0.0,151,3,215.0,0,False,,,0.0
NS302531,NV103122,NC202531,2026-02-01,ON,48395,0.13,True,Lender B (Prime),8.94,84.0,1800.0,52886.0,1019.0,False,0.0,0.0,False,0.0,0.0,596,2,397.0,395,False,,,0.0
NS302532,NV103123,NC202532,2025-12-15,ON,12495,0.13,True,Lender A (Prime),9.06,72.0,1300.0,14069.0,161.0,True,1250.0,650.0,False,0.0,0.0,141,4,195.0,0,False,,,0.0
NS302533,NV103124,NC202533,2026-04-11,QC,15895,0.14975,True,Lender C (Near-Prime),13.77,60.0,2800.0,15475.0,265.0,False,0.0,0.0,False,0.0,0.0,542,2,365.0,395,False,,,0.0
NS302534,NV103125,NC202534,2026-02-07,ON,20795,0.13,True,Lender C (Near-Prime),10.55,60.0,3900.0,20698.0,278.0,False,0.0,0.0,True,1100.0,440.0,157,4,211.0,0,False,,,0.0
NS302535,NV103126,NC202535,2025-09-26,ON,13495,0.13,True,Lender B (Prime),9.65,60.0,2200.0,17549.0,221.0,True,3150.0,1638.0,True,1350.0,540.0,177,3,214.0,0,False,,,0.0
NS302536,NV103128,NC202536,2024-09-22,ON,23995,0.13,True,Lender C (Near-Prime),12.17,72.0,3300.0,24664.0,219.0,False,0.0,0.0,True,850.0,340.0,660,3,460.0,395,False,,,0.0
NS302537,NV103129,NC202537,2024-04-05,ON,32995,0.13,False,,,,,,0.0,False,0.0,0.0,False,0.0,0.0,155,3,205.0,0,False,,,0.0
NS302538,NV103131,NC202538,2026-04-26,ON,13395,0.13,True,Lender C (Near-Prime),13.81,72.0,2000.0,15336.0,106.0,True,2200.0,1144.0,False,0.0,0.0,129,4,186.0,0,False,,,0.0
NS302539,NV103132,NC202539,2025-08-09,NS,16795,0.14,False,,,,,,0.0,False,0.0,0.0,False,0.0,0.0,2027,5,1141.0,795,False,,,0.0
NS302540,NV103133,NC202540,2024-06-17,BC,54595,0.12,True,Lender B (Prime),8.04,48.0,1600.0,59546.0,1139.0,False,0.0,0.0,False,0.0,0.0,771,4,499.0,395,False,,,0.0
NS302541,NV103134,NC202541,2025-10-11,SK,16395,0.11,True,Lender C (Near-Prime),14.56,72.0,400.0,17798.0,169.0,False,0.0,0.0,False,0.0,0.0,713,5,472.0,395,False,,,0.0
NS302542,NV103135,NC202542,2024-05-28,ON,30295,0.13,True,Lender D (Subprime),16.22,72.0,3800.0,30433.0,369.0,False,0.0,0.0,False,0.0,0.0,136,3,173.0,0,False,,,0.0
NS302543,NV103136,NC202543,2024-12-27,AB,24095,0.05,True,Lender A (Prime),9.24,72.0,3200.0,22100.0,325.0,False,0.0,0.0,False,0.0,0.0,328,3,280.0,395,False,,,0.0
NS302544,NV103137,NC202544,2025-02-24,ON,13595,0.13,True,Lender C (Near-Prime),10.5,60.0,2500.0,15162.0,221.0,True,2300.0,1196.0,False,0.0,0.0,157,3,202.0,0,False,,,0.0
NS302545,NV103138,NC202545,2024-07-16,ON,32695,0.13,False,,,,,,0.0,True,1550.0,806.0,False,0.0,0.0,506,4,395.0,395,False,,,0.0
NS302546,NV103139,NC202546,2025-08-24,ON,12195,0.13,True,Lender C (Near-Prime),16.0,72.0,200.0,13580.0,135.0,False,0.0,0.0,False,0.0,0.0,140,3,181.0,0,False,,,0.0
NS302547,NV103141,NC202547,2026-04-14,ON,22895,0.13,False,,,,,,0.0,True,1600.0,832.0,False,0.0,0.0,142,4,191.0,0,False,,,0.0
NS302548,NV103144,NC202548,2025-04-09,ON,14495,0.13,True,Lender C (Near-Prime),13.34,72.0,2300.0,16279.0,227.0,True,2200.0,1144.0,False,0.0,0.0,186,2,210.0,0,False,,,0.0
NS302549,NV103148,NC202549,2026-08-03,QC,22195,0.14975,False,,,,,,0.0,False,0.0,0.0,False,0.0,0.0,537,2,403.0,395,False,,,0.0
NS302550,NV103150,NC202550,2026-09-13,QC,10995,0.14975,False,,,,,,0.0,False,0.0,0.0,False,0.0,0.0,527,4,385.0,395,False,,,0.0
NS302551,NV103152,NC202551,2025-12-31,QC,21495,0.14975,True,Lender B (Prime),8.8,60.0,2400.0,22314.0,406.0,False,0.0,0.0,False,0.0,0.0,3383,9,1929.0,1395,False,,,0.0
NS302552,NV103153,NC202552,2024-02-14,ON,47095,0.13,True,Lender A (Prime),9.32,48.0,4700.0,48517.0,587.0,False,0.0,0.0,False,0.0,0.0,3200,6,1711.0,1395,False,,,0.0
NS302553,NV103154,NC202553,2026-09-15,ON,10095,0.13,True,Lender C (Near-Prime),11.01,84.0,1600.0,9807.0,188.0,False,0.0,0.0,False,0.0,0.0,161,2,218.0,0,False,,,0.0
NS302554,NV103155,NC202554,2024-03-10,ON,19995,0.13,True,Lender A (Prime),9.45,60.0,3200.0,23794.0,220.0,True,3100.0,1612.0,True,1300.0,520.0,599,2,439.0,395,False,,,0.0
NS302555,NV103156,NC202555,2024-10-24,BC,24495,0.12,True,Lender C (Near-Prime),12.13,72.0,300.0,28634.0,223.0,True,1500.0,780.0,False,0.0,0.0,4382,8,2592.0,1395,False,,,0.0
NS302556,NV103157,NC202556,2026-06-26,ON,39895,0.13,True,Lender B (Prime),8.49,84.0,3700.0,41381.0,754.0,False,0.0,0.0,False,0.0,0.0,134,3,184.0,0,False,,,0.0
NS302557,NV103158,NC202557,2026-09-12,ON,16295,0.13,True,Lender D (Subprime),23.9,72.0,0.0,18413.0,324.0,False,0.0,0.0,False,0.0,0.0,675,5,445.0,395,False,,,0.0
NS302558,NV103159,NC202558,2025-03-29,QC,13295,0.14975,True,Lender A (Prime),9.21,72.0,2400.0,12886.0,214.0,False,0.0,0.0,False,0.0,0.0,198,2,221.0,0,False,,,0.0
NS302559,NV103160,NC202559,2025-09-21,ON,22695,0.13,True,Lender D (Subprime),20.18,48.0,2000.0,23645.0,419.0,False,0.0,0.0,False,0.0,0.0,3262,7,1569.0,1395,False,,,0.0
NS302560,NV103161,NC202560,2026-04-05,NB,16995,0.15,True,Lender C (Near-Prime),13.17,60.0,3100.0,16444.0,295.0,False,0.0,0.0,False,0.0,0.0,1729,5,907.0,795,False,,,0.0
NS302561,NV103162,NC202561,2026-05-25,ON,19695,0.13,True,Lender B (Prime),8.3,84.0,1100.0,21155.0,373.0,False,0.0,0.0,False,0.0,0.0,153,2,197.0,0,True,2026-05-30,Vehicle condition not as expected,1432.0
NS302562,NV103163,NC202562,2026-06-03,AB,11895,0.05,False,,,,,,0.0,False,0.0,0.0,False,0.0,0.0,245,3,251.0,0,False,,,0.0
NS302563,NV103164,NC202563,2026-02-02,ON,18195,0.13,True,Lender A (Prime),7.82,60.0,200.0,20360.0,278.0,False,0.0,0.0,False,0.0,0.0,159,2,192.0,0,False,,,0.0
NS302564,NV103166,NC202564,2025-12-03,ON,38695,0.13,True,Lender C (Near-Prime),14.32,84.0,200.0,44575.0,700.0,False,0.0,0.0,True,1050.0,420.0,3857,7,1905.0,1395,False,,,0.0
NS302565,NV103168,NC202565,2026-07-22,MB,20595,0.12,False,,,,,,0.0,False,0.0,0.0,False,0.0,0.0,1121,5,678.0,795,False,,,0.0
NS302566,NV103169,NC202566,2026-06-03,ON,11895,0.13,True,Lender C (Near-Prime),12.82,72.0,400.0,14591.0,290.0,True,1550.0,806.0,False,0.0,0.0,152,4,206.0,0,False,,,0.0
NS302567,NV103170,NC202567,2026-03-22,NS,15695,0.14,True,Lender C (Near-Prime),12.48,84.0,200.0,17692.0,166.0,False,0.0,0.0,False,0.0,0.0,1922,6,1250.0,795,False,,,0.0
NS302568,NV103171,NC202568,2025-11-11,ON,18595,0.13,False,,,,,,0.0,True,2200.0,1144.0,False,0.0,0.0,145,3,185.0,0,False,,,0.0
NS302569,NV103172,NC202569,2024-05-20,ON,33495,0.13,False,,,,,,0.0,False,0.0,0.0,False,0.0,0.0,162,3,216.0,0,False,,,0.0
NS302570,NV103173,NC202570,2024-05-02,NS,16295,0.14,False,,,,,,0.0,False,0.0,0.0,True,800.0,320.0,2140,6,1218.0,795,False,,,0.0
NS302571,NV103174,NC202571,2026-09-03,BC,19295,0.12,True,Lender A (Prime),7.49,72.0,2600.0,19010.0,172.0,False,0.0,0.0,False,0.0,0.0,4717,9,2539.0,1395,False,,,0.0
NS302572,NV103175,NC202572,2026-08-23,ON,14595,0.13,True,Lender D (Subprime),17.61,48.0,400.0,16092.0,82.0,False,0.0,0.0,False,0.0,0.0,3921,8,2295.0,1395,False,,,0.0
NS302573,NV103176,NC202573,2024-07-28,NL,18895,0.15,False,,,,,,0.0,True,1400.0,728.0,False,0.0,0.0,5654,12,4030.0,1395,False,,,0.0
NS302574,NV103177,NC202574,2024-06-24,ON,19095,0.13,True,Lender A (Prime),9.25,48.0,2200.0,22677.0,404.0,True,2550.0,1326.0,True,750.0,300.0,131,2,193.0,0,False,,,0.0
NS302575,NV103178,NC202575,2026-07-11,AB,24695,0.05,True,Lender D (Subprime),17.24,60.0,3200.0,22730.0,362.0,False,0.0,0.0,False,0.0,0.0,3211,6,1647.0,1395,False,,,0.0
NS302576,NV103180,NC202576,2025-02-22,NL,10495,0.15,True,Lender B (Prime),7.79,72.0,1100.0,13219.0,163.0,True,2250.0,1170.0,False,0.0,0.0,2824,7,2045.0,1395,True,2025-02-25,Mechanical issue,3349.0
NS302577,NV103181,NC202577,2026-05-11,ON,16795,0.13,False,,,,,,0.0,True,1250.0,650.0,False,0.0,0.0,3358,8,2014.0,1395,False,,,0.0
NS302578,NV103182,NC202578,2026-09-28,SK,20595,0.11,True,Lender C (Near-Prime),12.66,60.0,300.0,23610.0,369.0,False,0.0,0.0,True,1050.0,420.0,716,3,452.0,395,False,,,0.0
NS302579,NV103183,NC202579,2025-12-15,ON,29195,0.13,True,Lender A (Prime),7.41,60.0,800.0,33240.0,177.0,False,0.0,0.0,True,1050.0,420.0,165,2,205.0,0,False,,,0.0
NS302580,NV103184,NC202580,2026-01-27,AB,23295,0.05,True,Lender C (Near-Prime),13.83,48.0,1800.0,22660.0,398.0,False,0.0,0.0,False,0.0,0.0,2987,8,1599.0,1395,False,,,0.0
NS302581,NV103185,NC202581,2025-03-20,ON,36095,0.13,True,Lender D (Subprime),20.4,60.0,4600.0,37087.0,239.0,False,0.0,0.0,True,900.0,360.0,563,3,465.0,395,False,,,0.0
NS302582,NV103187,NC202582,2026-08-04,ON,24395,0.13,True,Lender A (Prime),6.73,72.0,2100.0,25466.0,347.0,False,0.0,0.0,False,0.0,0.0,163,4,207.0,0,False,,,0.0
NS302583,NV103188,NC202583,2025-08-04,ON,10895,0.13,True,Lender B (Prime),8.69,72.0,1300.0,11011.0,121.0,False,0.0,0.0,False,0.0,0.0,3091,6,1835.0,1395,False,,,0.0
NS302584,NV103189,NC202584,2026-03-02,ON,24595,0.13,True,Lender B (Prime),8.65,72.0,2600.0,25192.0,346.0,False,0.0,0.0,False,0.0,0.0,131,4,188.0,0,False,,,0.0
NS302585,NV103191,NC202585,2024-04-25,ON,36595,0.13,True,Lender A (Prime),8.48,60.0,7100.0,36502.0,218.0,True,2250.0,1170.0,False,0.0,0.0,136,3,190.0,0,False,,,0.0
NS302586,NV103192,NC202586,2024-10-02,ON,13795,0.13,True,Lender C (Near-Prime),12.08,72.0,700.0,14888.0,269.0,False,0.0,0.0,False,0.0,0.0,171,4,213.0,0,False,,,0.0
NS302587,NV103193,NC202587,2024-03-26,BC,25495,0.12,True,Lender D (Subprime),18.81,60.0,4200.0,27754.0,500.0,True,3400.0,1768.0,False,0.0,0.0,671,5,419.0,395,False,,,0.0
NS302588,NV103194,NC202588,2024-08-12,ON,40195,0.13,True,Lender D (Subprime),21.54,72.0,7900.0,37520.0,479.0,False,0.0,0.0,False,0.0,0.0,138,4,208.0,0,False,,,0.0
NS302589,NV103195,NC202589,2025-11-20,AB,28195,0.05,True,Lender B (Prime),9.4,72.0,5600.0,24005.0,383.0,False,0.0,0.0,False,0.0,0.0,269,3,282.0,0,False,,,0.0
NS302590,NV103196,NC202590,2025-01-31,AB,25195,0.05,False,,,,,,0.0,False,0.0,0.0,False,0.0,0.0,3377,8,1747.0,1395,False,,,0.0
NS302591,NV103197,NC202591,2024-06-01,ON,27595,0.13,False,,,,,,0.0,False,0.0,0.0,False,0.0,0.0,529,2,351.0,395,False,,,0.0
NS302592,NV103199,NC202592,2026-01-09,ON,22295,0.13,True,Lender C (Near-Prime),12.76,60.0,3300.0,25243.0,199.0,True,3350.0,1742.0,False,0.0,0.0,153,3,200.0,0,False,,,0.0
NS302593,NV103200,NC202593,2026-07-22,ON,32595,0.13,True,Lender C (Near-Prime),12.93,60.0,5300.0,31532.0,492.0,False,0.0,0.0,False,0.0,0.0,3526,7,2004.0,1395,False,,,0.0
NS302594,NV103201,NC202594,2024-12-11,MB,20295,0.12,True,Lender C (Near-Prime),13.94,72.0,1600.0,21130.0,333.0,False,0.0,0.0,False,0.0,0.0,2121,7,1119.0,795,False,,,0.0
NS302595,NV103202,NC202595,2025-11-01,ON,22295,0.13,True,Lender B (Prime),7.73,84.0,2200.0,24543.0,276.0,True,1550.0,806.0,False,0.0,0.0,678,4,514.0,395,False,,,0.0
NS302596,NV103203,NC202596,2025-11-20,ON,20895,0.13,True,Lender B (Prime),7.77,84.0,3500.0,20111.0,129.0,False,0.0,0.0,False,0.0,0.0,149,2,195.0,0,False,,,0.0
NS302597,NV103204,NC202597,2025-07-12,ON,22495,0.13,False,,,,,,0.0,False,0.0,0.0,False,0.0,0.0,135,2,198.0,0,False,,,0.0
NS302598,NV103206,NC202598,2024-05-26,ON,15895,0.13,True,Lender C (Near-Prime),10.89,72.0,400.0,20861.0,142.0,True,3300.0,1716.0,False,0.0,0.0,141,3,195.0,0,False,,,0.0
NS302599,NV103207,NC202599,2024-04-07,ON,17095,0.13,True,Lender B (Prime),8.73,60.0,2200.0,18367.0,181.0,False,0.0,0.0,True,1250.0,500.0,146,4,197.0,0,False,,,0.0
NS302600,NV103208,NC202600,2025-08-14,ON,13195,0.13,True,Lender C (Near-Prime),13.36,60.0,1700.0,13210.0,230.0,False,0.0,0.0,False,0.0,0.0,534,4,471.0,395,True,2025-08-17,Changed mind,2736.0
NS302601,NV103210,NC202601,2026-06-12,ON,14595,0.13,True,Lender A (Prime),5.9,72.0,700.0,17292.0,312.0,True,1500.0,780.0,False,0.0,0.0,158,3,198.0,0,True,2026-06-19,Vehicle condition not as expected,2444.0
NS302602,NV103211,NC202602,2025-12-22,SK,46295,0.11,False,,,,,,0.0,False,0.0,0.0,False,0.0,0.0,2486,6,1483.0,795,False,,,0.0
NS302603,NV103212,NC202603,2026-02-01,BC,35795,0.12,True,Lender A (Prime),6.22,72.0,5500.0,36040.0,522.0,True,1450.0,754.0,False,0.0,0.0,784,5,526.0,395,False,,,0.0
NS302604,NV103214,NC202604,2025-01-24,PE,20795,0.15,True,Lender A (Prime),8.15,72.0,3800.0,20114.0,388.0,False,0.0,0.0,False,0.0,0.0,4533,9,2561.0,1395,False,,,0.0
NS302605,NV103215,NC202605,2024-07-22,BC,21495,0.12,True,Lender B (Prime),6.2,72.0,2200.0,21874.0,153.0,False,0.0,0.0,False,0.0,0.0,4073,9,1879.0,1395,False,,,0.0
NS302606,NV103216,NC202606,2026-08-20,BC,30595,0.12,True,Lender C (Near-Prime),11.78,72.0,1800.0,32466.0,553.0,False,0.0,0.0,False,0.0,0.0,4604,9,2621.0,1395,False,,,0.0
NS302607,NV103217,NC202607,2025-12-05,ON,25795,0.13,False,,,,,,0.0,False,0.0,0.0,False,0.0,0.0,149,2,200.0,0,False,,,0.0
NS302608,NV103218,NC202608,2024-07-12,ON,46395,0.13,True,Lender C (Near-Prime),13.28,48.0,3100.0,51076.0,590.0,True,1750.0,910.0,False,0.0,0.0,564,3,365.0,395,False,,,0.0
NS302609,NV103219,NC202609,2026-05-02,MB,12795,0.12,False,,,,,,0.0,True,3200.0,1664.0,False,0.0,0.0,1139,3,711.0,795,False,,,0.0
NS302610,NV103220,NC202610,2026-09-07,ON,37895,0.13,True,Lender C (Near-Prime),10.5,60.0,5900.0,38421.0,379.0,True,1500.0,780.0,False,0.0,0.0,122,4,183.0,0,False,,,0.0
NS302611,NV103222,NC202611,2026-07-27,SK,17095,0.11,True,Lender A (Prime),7.88,72.0,400.0,18575.0,108.0,False,0.0,0.0,False,0.0,0.0,2989,7,1648.0,1395,False,,,0.0
NS302612,NV103223,NC202612,2026-07-14,ON,17195,0.13,True,Lender C (Near-Prime),12.58,72.0,600.0,19680.0,156.0,False,0.0,0.0,True,850.0,340.0,152,3,198.0,0,False,,,0.0
NS302613,NV103224,NC202613,2026-03-23,SK,18695,0.11,False,,,,,,0.0,True,2900.0,1508.0,False,0.0,0.0,3108,6,1818.0,1395,False,,,0.0
NS302614,NV103225,NC202614,2025-01-23,AB,59195,0.05,False,,,,,,0.0,False,0.0,0.0,True,800.0,320.0,265,4,250.0,0,False,,,0.0
NS302615,NV103226,NC202615,2025-01-27,AB,11395,0.05,True,Lender C (Near-Prime),10.5,72.0,1200.0,13265.0,244.0,True,2500.0,1300.0,False,0.0,0.0,301,2,288.0,395,False,,,0.0
NS302616,NV103227,NC202616,2026-07-20,ON,20895,0.13,False,,,,,,0.0,True,2750.0,1430.0,False,0.0,0.0,3081,6,1749.0,1395,False,,,0.0
NS302617,NV103228,NC202617,2025-07-09,MB,26995,0.12,True,Lender C (Near-Prime),10.5,84.0,200.0,30034.0,423.0,False,0.0,0.0,False,0.0,0.0,2318,6,1294.0,795,False,,,0.0
NS302618,NV103229,NC202618,2025-12-19,SK,27895,0.11,False,,,,,,0.0,False,0.0,0.0,False,0.0,0.0,760,5,555.0,395,False,,,0.0
NS302619,NV103231,NC202619,2024-08-20,ON,20795,0.13,True,Lender B (Prime),6.42,48.0,3800.0,21748.0,124.0,True,2050.0,1066.0,False,0.0,0.0,131,4,191.0,0,False,,,0.0
NS302620,NV103232,NC202620,2026-09-01,ON,27395,0.13,True,Lender C (Near-Prime),13.53,72.0,800.0,34606.0,583.0,True,3400.0,1768.0,True,1050.0,420.0,145,2,217.0,0,False,,,0.0
NS302621,NV103233,NC202621,2026-07-14,BC,17995,0.12,True,Lender A (Prime),9.05,72.0,900.0,21104.0,291.0,True,1850.0,962.0,False,0.0,0.0,698,3,509.0,395,False,,,0.0
NS302622,NV103234,NC202622,2026-09-21,ON,10495,0.13,True,Lender D (Subprime),19.87,72.0,1300.0,10559.0,75.0,False,0.0,0.0,False,0.0,0.0,129,2,200.0,0,False,,,0.0
NS302623,NV103235,NC202623,2025-06-15,ON,15795,0.13,True,Lender A (Prime),6.7,72.0,2000.0,15848.0,107.0,False,0.0,0.0,False,0.0,0.0,155,4,200.0,0,False,,,0.0
NS302624,NV103236,NC202624,2025-03-15,PE,24195,0.15,True,Lender D (Subprime),20.7,72.0,4200.0,23624.0,124.0,False,0.0,0.0,False,0.0,0.0,1809,4,1130.0,795,False,,,0.0
NS302625,NV103239,NC202625,2025-07-11,NL,14895,0.15,True,Lender B (Prime),9.81,72.0,300.0,17929.0,235.0,False,0.0,0.0,True,1100.0,440.0,5559,11,3183.0,1395,False,,,0.0
NS302626,NV103240,NC202626,2025-05-25,MB,15295,0.12,True,Lender C (Near-Prime),10.79,72.0,3000.0,14130.0,258.0,False,0.0,0.0,False,0.0,0.0,1989,6,1048.0,795,False,,,0.0
NS302627,NV103241,NC202627,2026-06-12,ON,43895,0.13,True,Lender A (Prime),8.1,60.0,1200.0,49951.0,637.0,True,1550.0,806.0,False,0.0,0.0,3580,7,1648.0,1395,False,,,0.0
NS302628,NV103243,NC202628,2026-04-20,SK,13995,0.11,True,Lender B (Prime),7.43,60.0,1400.0,14134.0,128.0,False,0.0,0.0,False,0.0,0.0,865,5,569.0,395,False,,,0.0
NS302629,NV103244,NC202629,2025-06-24,ON,12795,0.13,False,,,,,,0.0,True,2700.0,1404.0,False,0.0,0.0,163,4,194.0,0,False,,,0.0
NS302630,NV103247,NC202630,2025-03-18,QC,21195,0.14975,True,Lender C (Near-Prime),12.23,60.0,0.0,27319.0,307.0,True,2950.0,1534.0,False,0.0,0.0,529,2,423.0,395,False,,,0.0
NS302631,NV103249,NC202631,2025-05-31,ON,25495,0.13,False,,,,,,0.0,False,0.0,0.0,False,0.0,0.0,165,3,212.0,0,False,,,0.0
NS302632,NV103250,NC202632,2024-04-21,QC,30195,0.14975,True,Lender D (Subprime),18.63,72.0,5600.0,29117.0,548.0,False,0.0,0.0,False,0.0,0.0,3848,8,2379.0,1395,False,,,0.0
NS302633,NV103251,NC202633,2025-05-15,NS,16295,0.14,True,Lender C (Near-Prime),14.43,84.0,700.0,17876.0,303.0,False,0.0,0.0,False,0.0,0.0,1619,5,967.0,795,False,,,0.0
NS302634,NV103252,NC202634,2025-02-28,NL,10495,0.15,True,Lender B (Prime),8.05,84.0,1100.0,10969.0,99.0,False,0.0,0.0,False,0.0,0.0,5410,12,3359.0,1395,False,,,0.0
NS302635,NV103253,NC202635,2025-10-20,SK,23495,0.11,False,,,,,,0.0,True,2300.0,1196.0,False,0.0,0.0,805,3,562.0,395,False,,,0.0
NS302636,NV103254,NC202636,2025-05-01,NS,28795,0.14,True,Lender B (Prime),7.36,72.0,5000.0,27826.0,347.0,False,0.0,0.0,False,0.0,0.0,4812,11,2568.0,1395,False,,,0.0
NS302637,NV103256,NC202637,2025-08-20,ON,20495,0.13,False,,,,,,0.0,False,0.0,0.0,False,0.0,0.0,162,4,212.0,0,False,,,0.0
NS302638,NV103257,NC202638,2025-05-17,NS,25895,0.14,True,Lender D (Subprime),21.0,60.0,1600.0,27920.0,518.0,False,0.0,0.0,False,0.0,0.0,4229,9,2379.0,1395,False,,,0.0
NS302639,NV103258,NC202639,2026-07-12,ON,13195,0.13,True,Lender B (Prime),5.99,72.0,200.0,18910.0,367.0,True,3350.0,1742.0,True,850.0,340.0,142,4,188.0,0,False,,,0.0
NS302640,NV103259,NC202640,2026-04-28,ON,16195,0.13,True,Lender A (Prime),8.92,48.0,300.0,19950.0,193.0,True,1950.0,1014.0,False,0.0,0.0,169,3,195.0,0,False,,,0.0
NS302641,NV103260,NC202641,2025-04-07,ON,29495,0.13,True,Lender B (Prime),9.91,84.0,800.0,32529.0,302.0,False,0.0,0.0,False,0.0,0.0,159,3,190.0,0,False,,,0.0
NS302642,NV103262,NC202642,2026-05-11,ON,26595,0.13,True,Lender D (Subprime),18.61,72.0,1900.0,29252.0,413.0,False,0.0,0.0,True,1100.0,440.0,651,3,412.0,395,False,,,0.0
NS302643,NV103265,NC202643,2025-05-01,AB,19995,0.05,False,,,,,,0.0,False,0.0,0.0,False,0.0,0.0,277,2,267.0,0,False,,,0.0
NS302644,NV103266,NC202644,2025-11-15,ON,17595,0.13,True,Lender A (Prime),9.47,48.0,800.0,21382.0,257.0,True,2300.0,1196.0,False,0.0,0.0,132,3,188.0,0,False,,,0.0
NS302645,NV103267,NC202645,2024-04-27,AB,20595,0.05,False,,,,,,0.0,True,1250.0,650.0,False,0.0,0.0,280,4,280.0,0,False,,,0.0
NS302646,NV103268,NC202646,2025-08-14,QC,14995,0.14975,True,Lender B (Prime),8.68,84.0,2500.0,16041.0,299.0,True,1300.0,676.0,False,0.0,0.0,478,4,394.0,395,True,2025-08-20,Changed mind,1905.0
NS302647,NV103270,NC202647,2026-03-17,SK,18595,0.11,True,Lender D (Subprime),22.7,60.0,1400.0,19240.0,291.0,False,0.0,0.0,False,0.0,0.0,3130,8,1793.0,1395,False,,,0.0
NS302648,NV103271,NC202648,2025-12-20,ON,9195,0.13,True,Lender D (Subprime),18.06,84.0,1300.0,12090.0,91.0,True,2000.0,1040.0,True,1000.0,400.0,138,4,200.0,0,False,,,0.0
NS302649,NV103272,NC202649,2025-11-04,BC,26595,0.12,False,,,,,,0.0,True,2350.0,1222.0,False,0.0,0.0,4158,9,2289.0,1395,False,,,0.0
NS302650,NV103273,NC202650,2026-01-27,AB,21395,0.05,True,Lender A (Prime),7.6,72.0,4300.0,21365.0,166.0,True,3200.0,1664.0,False,0.0,0.0,3551,7,1922.0,1395,False,,,0.0
NS302651,NV103274,NC202651,2026-03-12,NB,33895,0.15,True,Lender B (Prime),6.27,84.0,3700.0,35279.0,253.0,False,0.0,0.0,False,0.0,0.0,1212,5,739.0,795,False,,,0.0
NS302652,NV103275,NC202652,2025-02-19,ON,17895,0.13,True,Lender A (Prime),7.48,60.0,1200.0,19021.0,138.0,False,0.0,0.0,False,0.0,0.0,154,2,200.0,0,False,,,0.0
NS302653,NV103276,NC202653,2024-12-19,AB,22295,0.05,True,Lender C (Near-Prime),13.33,84.0,600.0,24610.0,309.0,True,1800.0,936.0,False,0.0,0.0,287,3,274.0,0,True,2024-12-28,Mechanical issue,1886.0
NS302654,NV103277,NC202654,2024-04-20,SK,29395,0.11,True,Lender C (Near-Prime),10.84,48.0,5700.0,26928.0,493.0,False,0.0,0.0,False,0.0,0.0,2378,7,1427.0,795,False,,,0.0
NS302655,NV103279,NC202655,2025-04-22,ON,21595,0.13,True,Lender C (Near-Prime),15.4,72.0,4100.0,20302.0,404.0,False,0.0,0.0,False,0.0,0.0,159,2,188.0,0,False,,,0.0
NS302656,NV103280,NC202656,2025-07-22,AB,20695,0.05,True,Lender A (Prime),8.49,84.0,1700.0,20030.0,212.0,False,0.0,0.0,False,0.0,0.0,280,4,275.0,0,False,,,0.0
NS302657,NV103283,NC202657,2026-04-16,ON,14295,0.13,True,Lender A (Prime),9.5,72.0,2100.0,14053.0,175.0,False,0.0,0.0,False,0.0,0.0,2984,8,1605.0,1395,False,,,0.0
NS302658,NV103284,NC202658,2025-07-18,BC,20695,0.12,True,Lender A (Prime),6.66,72.0,4000.0,22178.0,126.0,True,3000.0,1560.0,False,0.0,0.0,4564,11,3284.0,1395,False,,,0.0
NS302659,NV103285,NC202659,2025-02-23,AB,19195,0.05,False,,,,,,0.0,False,0.0,0.0,False,0.0,0.0,3392,9,1967.0,1395,False,,,0.0
NS302660,NV103287,NC202660,2025-09-23,ON,14195,0.13,True,Lender B (Prime),7.51,72.0,800.0,16490.0,199.0,True,1250.0,650.0,False,0.0,0.0,166,2,197.0,0,False,,,0.0
NS302661,NV103289,NC202661,2026-07-21,BC,25395,0.12,False,,,,,,0.0,False,0.0,0.0,False,0.0,0.0,756,4,478.0,395,False,,,0.0
NS302662,NV103290,NC202662,2024-06-28,BC,12695,0.12,False,,,,,,0.0,True,1250.0,650.0,False,0.0,0.0,601,4,417.0,395,False,,,0.0
NS302663,NV103291,NC202663,2025-09-20,ON,13795,0.13,True,Lender A (Prime),7.97,72.0,2500.0,13088.0,229.0,False,0.0,0.0,False,0.0,0.0,141,4,198.0,0,False,,,0.0
NS302664,NV103292,NC202664,2024-12-22,AB,20995,0.05,True,Lender A (Prime),6.17,72.0,400.0,24295.0,347.0,True,1300.0,676.0,True,1350.0,540.0,279,2,272.0,0,False,,,0.0
NS302665,NV103293,NC202665,2025-05-12,BC,18895,0.12,False,,,,,,0.0,True,2700.0,1404.0,False,0.0,0.0,4425,10,2260.0,1395,False,,,0.0
NS302666,NV103295,NC202666,2024-10-16,QC,12195,0.14975,True,Lender D (Subprime),19.36,48.0,600.0,13421.0,131.0,False,0.0,0.0,False,0.0,0.0,479,3,374.0,395,False,,,0.0
NS302667,NV103296,NC202667,2025-10-10,ON,20095,0.13,False,,,,,,0.0,True,2350.0,1222.0,False,0.0,0.0,133,3,182.0,0,False,,,0.0
NS302668,NV103297,NC202668,2025-11-01,ON,22195,0.13,True,Lender D (Subprime),22.59,60.0,100.0,24980.0,461.0,False,0.0,0.0,False,0.0,0.0,137,3,189.0,0,False,,,0.0
NS302669,NV103298,NC202669,2024-12-07,ON,39195,0.13,True,Lender D (Subprime),20.18,60.0,4700.0,39590.0,338.0,False,0.0,0.0,False,0.0,0.0,642,3,431.0,395,False,,,0.0
NS302670,NV103299,NC202670,2024-08-07,ON,14495,0.13,True,Lender C (Near-Prime),16.0,60.0,300.0,17829.0,123.0,True,1750.0,910.0,False,0.0,0.0,151,3,191.0,0,False,,,0.0
NS302671,NV103300,NC202671,2024-09-07,ON,16295,0.13,True,Lender A (Prime),10.39,72.0,1700.0,17763.0,96.0,False,0.0,0.0,True,1050.0,420.0,151,3,199.0,0,False,,,0.0
NS302672,NV103302,NC202672,2024-08-24,AB,16595,0.05,False,,,,,,0.0,True,2400.0,1248.0,False,0.0,0.0,293,3,258.0,0,False,,,0.0
NS302673,NV103303,NC202673,2026-07-04,ON,18695,0.13,True,Lender B (Prime),7.84,60.0,1400.0,19725.0,229.0,False,0.0,0.0,False,0.0,0.0,169,4,212.0,0,False,,,0.0
NS302674,NV103304,NC202674,2025-04-28,MB,13995,0.12,True,Lender C (Near-Prime),12.1,84.0,900.0,14774.0,169.0,False,0.0,0.0,False,0.0,0.0,2548,5,1123.0,1395,False,,,0.0
NS302675,NV103307,NC202675,2026-06-05,ON,24495,0.13,True,Lender B (Prime),8.52,60.0,2300.0,25379.0,183.0,False,0.0,0.0,False,0.0,0.0,3421,7,1729.0,1395,False,,,0.0
NS302676,NV103308,NC202676,2024-02-17,AB,20095,0.05,True,Lender C (Near-Prime),13.21,60.0,1400.0,21450.0,368.0,True,1750.0,910.0,False,0.0,0.0,3919,8,2275.0,1395,False,,,0.0
NS302677,NV103309,NC202677,2024-07-16,AB,39695,0.05,True,Lender C (Near-Prime),12.44,48.0,2400.0,40080.0,728.0,False,0.0,0.0,True,800.0,320.0,251,4,256.0,0,False,,,0.0
NS302678,NV103310,NC202678,2025-08-22,NB,17595,0.15,True,Lender C (Near-Prime),12.77,84.0,1200.0,20434.0,307.0,True,1400.0,728.0,False,0.0,0.0,1626,5,1019.0,795,False,,,0.0
NS302679,NV103311,NC202679,2025-06-04,QC,11395,0.14975,False,,,,,,0.0,True,2900.0,1508.0,False,0.0,0.0,3925,10,2394.0,1395,False,,,0.0
NS302680,NV103312,NC202680,2025-10-30,QC,31495,0.14975,True,Lender A (Prime),7.91,72.0,4000.0,33311.0,402.0,False,0.0,0.0,True,1100.0,440.0,627,3,468.0,395,False,,,0.0
NS302681,NV103313,NC202681,2025-02-01,ON,25395,0.13,False,,,,,,0.0,False,0.0,0.0,False,0.0,0.0,618,2,422.0,395,False,,,0.0
NS302682,NV103314,NC202682,2025-11-30,ON,14995,0.13,False,,,,,,0.0,True,2650.0,1378.0,False,0.0,0.0,162,2,207.0,0,False,,,0.0
NS302683,NV103315,NC202683,2024-09-07,ON,21495,0.13,False,,,,,,0.0,False,0.0,0.0,False,0.0,0.0,164,3,208.0,0,False,,,0.0
NS302684,NV103317,NC202684,2026-02-24,ON,21895,0.13,True,Lender C (Near-Prime),12.98,60.0,500.0,26491.0,148.0,True,1500.0,780.0,True,750.0,300.0,3496,8,2033.0,1395,False,,,0.0
NS302685,NV103318,NC202685,2025-09-18,NS,16995,0.14,False,,,,,,0.0,True,2100.0,1092.0,False,0.0,0.0,4212,8,2069.0,1395,False,,,0.0
NS302686,NV103319,NC202686,2025-10-07,NB,34295,0.15,False,,,,,,0.0,True,2000.0,1040.0,False,0.0,0.0,3922,9,2024.0,1395,False,,,0.0
NS302687,NV103321,NC202687,2026-06-21,NB,16495,0.15,False,,,,,,0.0,False,0.0,0.0,False,0.0,0.0,1566,4,941.0,795,False,,,0.0
NS302688,NV103322,NC202688,2024-12-11,BC,25195,0.12,True,Lender B (Prime),8.37,84.0,4200.0,25268.0,160.0,True,1250.0,650.0,False,0.0,0.0,4039,10,2126.0,1395,False,,,0.0
NS302689,NV103323,NC202689,2026-04-12,ON,16395,0.13,False,,,,,,0.0,True,1200.0,624.0,False,0.0,0.0,152,2,215.0,0,False,,,0.0
NS302690,NV103324,NC202690,2026-03-28,ON,12395,0.13,True,Lender A (Prime),7.64,84.0,900.0,14256.0,165.0,False,0.0,0.0,True,1150.0,460.0,177,3,220.0,0,False,,,0.0
NS302691,NV103327,NC202691,2024-07-22,MB,26195,0.12,False,,,,,,0.0,True,3100.0,1612.0,False,0.0,0.0,1336,4,674.0,795,False,,,0.0
NS302692,NV103328,NC202692,2025-06-30,ON,12895,0.13,True,Lender A (Prime),8.88,72.0,2300.0,13721.0,248.0,True,1450.0,754.0,False,0.0,0.0,156,3,203.0,0,False,,,0.0
NS302693,NV103329,NC202693,2025-04-25,ON,26695,0.13,False,,,,,,0.0,False,0.0,0.0,False,0.0,0.0,481,2,365.0,395,False,,,0.0
NS302694,NV103330,NC202694,2024-11-01,ON,18395,0.13,False,,,,,,0.0,False,0.0,0.0,False,0.0,0.0,3378,7,2007.0,1395,False,,,0.0
NS302695,NV103331,NC202695,2026-07-19,ON,22295,0.13,True,Lender A (Prime),8.71,48.0,900.0,24293.0,213.0,False,0.0,0.0,False,0.0,0.0,162,3,187.0,0,False,,,0.0
NS302696,NV103332,NC202696,2024-05-08,BC,24995,0.12,True,Lender B (Prime),7.8,48.0,4100.0,25544.0,307.0,True,1650.0,858.0,False,0.0,0.0,747,5,560.0,395,False,,,0.0
NS302697,NV103333,NC202697,2026-05-16,ON,23195,0.13,True,Lender C (Near-Prime),13.39,60.0,1500.0,26310.0,520.0,True,1600.0,832.0,False,0.0,0.0,3509,8,1896.0,1395,False,,,0.0
NS302698,NV103334,NC202698,2025-01-05,ON,19895,0.13,True,Lender C (Near-Prime),12.78,72.0,2000.0,22631.0,193.0,True,2150.0,1118.0,False,0.0,0.0,561,3,407.0,395,False,,,0.0
NS302699,NV103335,NC202699,2026-01-30,ON,23495,0.13,True,Lender B (Prime),7.53,48.0,2400.0,24149.0,402.0,False,0.0,0.0,False,0.0,0.0,159,4,216.0,0,False,,,0.0
NS302700,NV103336,NC202700,2024-03-28,SK,24395,0.11,True,Lender C (Near-Prime),12.57,60.0,300.0,28128.0,273.0,False,0.0,0.0,True,1350.0,540.0,857,4,544.0,395,False,,,0.0
NS302701,NV103337,NC202701,2025-09-22,ON,15595,0.13,True,Lender C (Near-Prime),14.0,60.0,2300.0,16422.0,137.0,False,0.0,0.0,True,1100.0,440.0,142,4,203.0,0,False,,,0.0
NS302702,NV103338,NC202702,2026-07-12,QC,9595,0.14975,True,Lender A (Prime),7.76,84.0,1300.0,9732.0,55.0,False,0.0,0.0,False,0.0,0.0,3293,7,1734.0,1395,False,,,0.0
NS302703,NV103339,NC202703,2025-06-11,AB,11495,0.05,True,Lender D (Subprime),19.26,72.0,1500.0,10570.0,192.0,False,0.0,0.0,False,0.0,0.0,3088,8,1728.0,1395,False,,,0.0
NS302704,NV103341,NC202704,2026-04-03,AB,11295,0.05,True,Lender A (Prime),9.33,72.0,1300.0,10560.0,186.0,False,0.0,0.0,False,0.0,0.0,3749,9,2252.0,1395,False,,,0.0
NS302705,NV103342,NC202705,2025-09-11,ON,17595,0.13,True,Lender B (Prime),6.62,72.0,600.0,19282.0,124.0,False,0.0,0.0,False,0.0,0.0,172,2,206.0,0,False,,,0.0
NS302706,NV103343,NC202706,2024-07-17,AB,14195,0.05,False,,,,,,0.0,False,0.0,0.0,False,0.0,0.0,304,3,276.0,395,False,,,0.0
NS302707,NV103344,NC202707,2024-12-19,BC,28795,0.12,False,,,,,,0.0,False,0.0,0.0,False,0.0,0.0,721,5,496.0,395,False,,,0.0
NS302708,NV103346,NC202708,2026-04-18,ON,22695,0.13,True,Lender D (Subprime),20.53,48.0,4100.0,21545.0,423.0,False,0.0,0.0,False,0.0,0.0,169,4,201.0,0,False,,,0.0
NS302709,NV103348,NC202709,2026-04-28,ON,18395,0.13,True,Lender A (Prime),10.15,72.0,700.0,21336.0,210.0,True,1250.0,650.0,False,0.0,0.0,565,2,403.0,395,False,,,0.0
NS302710,NV103349,NC202710,2024-12-03,ON,38795,0.13,True,Lender B (Prime),7.25,60.0,2800.0,41038.0,779.0,False,0.0,0.0,False,0.0,0.0,143,2,181.0,0,False,,,0.0
NS302711,NV103350,NC202711,2024-05-22,ON,21195,0.13,False,,,,,,0.0,False,0.0,0.0,False,0.0,0.0,3796,9,1774.0,1395,True,2024-05-30,Financing fell through,3340.0
NS302712,NV103351,NC202712,2025-09-27,ON,21395,0.13,True,Lender B (Prime),7.66,60.0,4200.0,19976.0,189.0,False,0.0,0.0,False,0.0,0.0,145,3,212.0,0,False,,,0.0
NS302713,NV103352,NC202713,2026-05-23,AB,25195,0.05,False,,,,,,0.0,False,0.0,0.0,False,0.0,0.0,3152,8,1721.0,1395,False,,,0.0
NS302714,NV103353,NC202714,2025-06-25,QC,35195,0.14975,True,Lender D (Subprime),21.91,84.0,2500.0,40565.0,628.0,True,2600.0,1352.0,False,0.0,0.0,541,2,424.0,395,False,,,0.0
NS302715,NV103354,NC202715,2026-07-27,ON,23395,0.13,True,Lender C (Near-Prime),14.47,84.0,300.0,26936.0,331.0,False,0.0,0.0,True,800.0,320.0,3296,9,1598.0,1395,False,,,0.0
NS302716,NV103355,NC202716,2026-08-11,ON,27895,0.13,False,,,,,,0.0,True,2000.0,1040.0,False,0.0,0.0,155,2,211.0,0,False,,,0.0
NS302717,NV103356,NC202717,2026-06-07,ON,13295,0.13,True,Lender A (Prime),8.71,72.0,2600.0,16223.0,153.0,True,2700.0,1404.0,True,1100.0,440.0,3069,7,1425.0,1395,False,,,0.0
NS302718,NV103357,NC202718,2025-11-27,ON,31395,0.13,True,Lender D (Subprime),19.54,60.0,3300.0,33376.0,359.0,False,0.0,0.0,True,1200.0,480.0,542,4,386.0,395,False,,,0.0
NS302719,NV103359,NC202719,2025-10-18,MB,16095,0.12,False,,,,,,0.0,False,0.0,0.0,True,1250.0,500.0,1145,3,791.0,795,False,,,0.0
NS302720,NV103361,NC202720,2026-03-18,ON,27295,0.13,True,Lender C (Near-Prime),11.98,60.0,5400.0,25443.0,280.0,False,0.0,0.0,False,0.0,0.0,136,3,191.0,0,False,,,0.0
NS302721,NV103362,NC202721,2026-04-27,ON,13595,0.13,True,Lender B (Prime),8.25,60.0,1800.0,15812.0,189.0,True,2250.0,1170.0,False,0.0,0.0,153,3,201.0,0,False,,,0.0
NS302722,NV103363,NC202722,2025-08-16,NL,15495,0.15,True,Lender A (Prime),9.4,72.0,3100.0,18019.0,260.0,True,3300.0,1716.0,False,0.0,0.0,2880,6,1854.0,1395,False,,,0.0
NS302723,NV103365,NC202723,2026-03-15,BC,20495,0.12,True,Lender D (Subprime),17.36,60.0,1700.0,21254.0,361.0,False,0.0,0.0,False,0.0,0.0,744,4,483.0,395,False,,,0.0
NS302724,NV103366,NC202724,2026-07-30,ON,21395,0.13,True,Lender C (Near-Prime),12.02,72.0,2800.0,21376.0,284.0,False,0.0,0.0,False,0.0,0.0,600,4,394.0,395,False,,,0.0
NS302725,NV103367,NC202725,2026-09-17,ON,19595,0.13,True,Lender D (Subprime),19.55,72.0,3400.0,23192.0,420.0,True,3300.0,1716.0,True,1150.0,460.0,476,2,368.0,395,False,,,0.0
NS302726,NV103368,NC202726,2025-10-06,ON,20595,0.13,True,Lender D (Subprime),16.96,72.0,2200.0,21072.0,251.0,False,0.0,0.0,False,0.0,0.0,138,2,199.0,0,False,,,0.0
NS302727,NV103369,NC202727,2024-09-09,ON,15095,0.13,True,Lender D (Subprime),20.87,72.0,2400.0,14657.0,93.0,False,0.0,0.0,False,0.0,0.0,169,3,216.0,0,False,,,0.0
NS302728,NV103370,NC202728,2025-08-16,ON,34195,0.13,False,,,,,,0.0,True,2350.0,1222.0,False,0.0,0.0,156,4,204.0,0,False,,,0.0
NS302729,NV103371,NC202729,2026-06-29,MB,16095,0.12,True,Lender A (Prime),9.24,72.0,1000.0,17026.0,122.0,False,0.0,0.0,False,0.0,0.0,2465,7,1207.0,795,False,,,0.0
NS302730,NV103372,NC202730,2026-07-08,ON,22295,0.13,True,Lender B (Prime),8.92,48.0,400.0,24793.0,433.0,False,0.0,0.0,False,0.0,0.0,3151,6,1876.0,1395,False,,,0.0
NS302731,NV103373,NC202731,2025-10-30,ON,14895,0.13,True,Lender D (Subprime),20.9,72.0,1000.0,17581.0,161.0,True,1750.0,910.0,False,0.0,0.0,153,4,206.0,0,False,,,0.0
NS302732,NV103376,NC202732,2026-07-13,QC,24495,0.14975,True,Lender A (Prime),7.94,72.0,1800.0,26363.0,511.0,False,0.0,0.0,False,0.0,0.0,592,3,437.0,395,False,,,0.0
NS302733,NV103377,NC202733,2025-10-02,ON,21395,0.13,True,Lender B (Prime),9.18,48.0,4100.0,20076.0,326.0,False,0.0,0.0,False,0.0,0.0,3764,8,1716.0,1395,False,,,0.0
NS302734,NV103378,NC202734,2026-08-02,ON,16295,0.13,True,Lender C (Near-Prime),11.81,60.0,3000.0,15413.0,227.0,False,0.0,0.0,False,0.0,0.0,161,4,195.0,0,False,,,0.0
NS302735,NV103380,NC202735,2024-09-08,ON,23695,0.13,True,Lender C (Near-Prime),13.69,72.0,3700.0,23075.0,272.0,False,0.0,0.0,False,0.0,0.0,170,3,221.0,0,False,,,0.0
NS302736,NV103381,NC202736,2025-08-11,ON,12195,0.13,True,Lender C (Near-Prime),14.87,48.0,1600.0,12180.0,185.0,False,0.0,0.0,False,0.0,0.0,161,2,216.0,0,False,,,0.0
NS302737,NV103383,NC202737,2026-05-29,ON,14895,0.13,True,Lender B (Prime),7.29,84.0,2100.0,16831.0,85.0,True,2100.0,1092.0,False,0.0,0.0,160,4,206.0,0,False,,,0.0
NS302738,NV103385,NC202738,2025-04-27,ON,20595,0.13,False,,,,,,0.0,False,0.0,0.0,False,0.0,0.0,577,2,415.0,395,False,,,0.0
NS302739,NV103386,NC202739,2026-02-17,ON,26395,0.13,True,Lender C (Near-Prime),10.67,84.0,4700.0,28176.0,464.0,True,2150.0,1118.0,True,900.0,360.0,133,4,190.0,0,False,,,0.0
NS302740,NV103387,NC202740,2025-03-29,QC,37195,0.14975,True,Lender D (Subprime),19.3,72.0,500.0,42265.0,661.0,False,0.0,0.0,False,0.0,0.0,462,2,331.0,395,False,,,0.0
NS302741,NV103388,NC202741,2025-05-11,BC,21095,0.12,True,Lender C (Near-Prime),13.13,60.0,1600.0,24976.0,429.0,True,2950.0,1534.0,False,0.0,0.0,734,4,472.0,395,False,,,0.0
NS302742,NV103389,NC202742,2025-10-09,ON,18695,0.13,False,,,,,,0.0,False,0.0,0.0,False,0.0,0.0,151,2,215.0,0,False,,,0.0
NS302743,NV103390,NC202743,2026-03-01,MB,22495,0.12,True,Lender C (Near-Prime),12.66,72.0,2300.0,22894.0,198.0,False,0.0,0.0,False,0.0,0.0,1490,4,933.0,795,False,,,0.0
NS302744,NV103391,NC202744,2026-01-03,QC,20895,0.14975,True,Lender B (Prime),6.81,48.0,2800.0,22774.0,403.0,True,1550.0,806.0,False,0.0,0.0,593,3,468.0,395,False,,,0.0
NS302745,NV103392,NC202745,2025-04-30,QC,29795,0.14975,False,,,,,,0.0,False,0.0,0.0,False,0.0,0.0,230,2,240.0,0,False,,,0.0
NS302746,NV103395,NC202746,2025-08-29,BC,20895,0.12,True,Lender B (Prime),9.7,60.0,3500.0,20602.0,186.0,False,0.0,0.0,True,700.0,280.0,743,3,515.0,395,False,,,0.0
NS302747,NV103396,NC202747,2026-05-02,ON,28895,0.13,True,Lender B (Prime),10.5,72.0,3600.0,29051.0,498.0,False,0.0,0.0,False,0.0,0.0,4045,8,1901.0,1395,False,,,0.0
NS302748,NV103397,NC202748,2024-08-06,ON,25095,0.13,True,Lender A (Prime),9.25,72.0,500.0,29257.0,346.0,False,0.0,0.0,True,1400.0,560.0,135,2,198.0,0,False,,,0.0
NS302749,NV103398,NC202749,2026-04-04,BC,34895,0.12,True,Lender C (Near-Prime),12.44,72.0,3600.0,39182.0,472.0,True,2450.0,1274.0,True,1250.0,500.0,4584,10,2459.0,1395,False,,,0.0
NS302750,NV103399,NC202750,2026-08-01,QC,14395,0.14975,True,Lender C (Near-Prime),10.97,48.0,1200.0,15351.0,77.0,False,0.0,0.0,False,0.0,0.0,506,2,399.0,395,False,,,0.0
NS302751,NV103400,NC202751,2025-07-10,ON,11295,0.13,True,Lender C (Near-Prime),14.41,84.0,1900.0,10863.0,141.0,False,0.0,0.0,False,0.0,0.0,161,3,196.0,0,False,,,0.0
NS302752,NV103401,NC202752,2026-07-15,BC,15495,0.12,True,Lender A (Prime),8.5,84.0,2500.0,17004.0,276.0,True,2150.0,1118.0,False,0.0,0.0,3691,9,2058.0,1395,False,,,0.0
NS302753,NV103402,NC202753,2025-11-16,AB,13495,0.05,True,Lender A (Prime),7.26,84.0,500.0,15070.0,105.0,False,0.0,0.0,True,1400.0,560.0,3947,9,2272.0,1395,False,,,0.0
NS302754,NV103404,NC202754,2026-07-22,BC,27095,0.12,False,,,,,,0.0,True,2200.0,1144.0,False,0.0,0.0,727,3,515.0,395,False,,,0.0
NS302755,NV103405,NC202755,2025-10-31,MB,15395,0.12,True,Lender D (Subprime),21.1,72.0,3100.0,15392.0,288.0,False,0.0,0.0,True,1250.0,500.0,1441,4,881.0,795,False,,,0.0
NS302756,NV103406,NC202756,2024-10-22,MB,17495,0.12,True,Lender B (Prime),8.07,72.0,300.0,19294.0,261.0,False,0.0,0.0,False,0.0,0.0,2386,6,1302.0,795,False,,,0.0
NS302757,NV103407,NC202757,2025-11-23,SK,20595,0.11,True,Lender C (Near-Prime),13.07,84.0,3600.0,21710.0,280.0,True,2450.0,1274.0,False,0.0,0.0,864,5,604.0,395,False,,,0.0
NS302758,NV103408,NC202758,2025-01-02,NB,23995,0.15,True,Lender D (Subprime),20.59,60.0,2500.0,26194.0,354.0,False,0.0,0.0,True,1100.0,440.0,1516,5,912.0,795,False,,,0.0
NS302759,NV103410,NC202759,2025-09-11,ON,23295,0.13,False,,,,,,0.0,False,0.0,0.0,False,0.0,0.0,3439,9,1823.0,1395,False,,,0.0
NS302760,NV103412,NC202760,2025-06-24,ON,15795,0.13,False,,,,,,0.0,False,0.0,0.0,False,0.0,0.0,154,4,194.0,0,False,,,0.0
NS302761,NV103413,NC202761,2026-04-11,ON,20695,0.13,True,Lender B (Prime),9.09,60.0,3700.0,19685.0,171.0,False,0.0,0.0,False,0.0,0.0,175,2,217.0,0,False,,,0.0
NS302762,NV103414,NC202762,2026-01-21,BC,13695,0.12,True,Lender B (Prime),8.61,72.0,600.0,17138.0,192.0,True,2400.0,1248.0,False,0.0,0.0,909,3,625.0,395,False,,,0.0
NS302763,NV103415,NC202763,2026-05-01,BC,27895,0.12,True,Lender B (Prime),8.39,60.0,1500.0,31692.0,473.0,True,1950.0,1014.0,False,0.0,0.0,805,5,553.0,395,False,,,0.0
NS302764,NV103416,NC202764,2025-06-09,ON,19195,0.13,False,,,,,,0.0,True,1700.0,884.0,False,0.0,0.0,741,3,486.0,395,False,,,0.0
NS302765,NV103417,NC202765,2025-03-26,ON,23995,0.13,True,Lender B (Prime),9.26,72.0,700.0,27514.0,520.0,False,0.0,0.0,True,1100.0,440.0,2940,6,1739.0,1395,False,,,0.0
NS302766,NV103418,NC202766,2026-06-26,ON,22895,0.13,False,,,,,,0.0,True,2000.0,1040.0,False,0.0,0.0,148,4,199.0,0,False,,,0.0
NS302767,NV103419,NC202767,2025-10-08,ON,22195,0.13,True,Lender D (Subprime),23.66,60.0,900.0,24180.0,238.0,False,0.0,0.0,False,0.0,0.0,136,4,199.0,0,False,,,0.0
NS302768,NV103420,NC202768,2024-07-18,ON,15395,0.13,True,Lender A (Prime),7.84,84.0,2600.0,17396.0,251.0,True,1550.0,806.0,True,1050.0,420.0,615,3,447.0,395,False,,,0.0
NS302769,NV103421,NC202769,2025-04-07,BC,16595,0.12,False,,,,,,0.0,True,1650.0,858.0,False,0.0,0.0,4867,11,3183.0,1395,False,,,0.0
NS302770,NV103422,NC202770,2024-03-16,ON,37195,0.13,True,Lender C (Near-Prime),12.9,72.0,6400.0,36630.0,679.0,False,0.0,0.0,True,1000.0,400.0,156,3,194.0,0,False,,,0.0
NS302771,NV103423,NC202771,2026-06-15,ON,19095,0.13,True,Lender D (Subprime),19.76,84.0,2300.0,20427.0,132.0,False,0.0,0.0,True,1150.0,460.0,158,4,203.0,0,False,,,0.0
NS302772,NV103424,NC202772,2026-08-31,BC,37195,0.12,False,,,,,,0.0,False,0.0,0.0,False,0.0,0.0,549,2,365.0,395,False,,,0.0
NS302773,NV103425,NC202773,2025-01-28,ON,31195,0.13,True,Lender C (Near-Prime),10.79,48.0,5100.0,31400.0,382.0,True,1250.0,650.0,False,0.0,0.0,3144,8,1581.0,1395,False,,,0.0
NS302774,NV103426,NC202774,2025-05-10,ON,11395,0.13,True,Lender B (Prime),8.62,72.0,1200.0,11676.0,152.0,False,0.0,0.0,False,0.0,0.0,534,4,363.0,395,False,,,0.0
NS302775,NV103427,NC202775,2024-05-29,MB,15395,0.12,False,,,,,,0.0,True,2150.0,1118.0,False,0.0,0.0,1442,4,791.0,795,False,,,0.0
NS302776,NV103428,NC202776,2025-06-08,ON,15995,0.13,True,Lender C (Near-Prime),14.36,84.0,2400.0,15674.0,143.0,False,0.0,0.0,False,0.0,0.0,123,3,183.0,0,False,,,0.0
NS302777,NV103430,NC202777,2025-03-14,ON,19695,0.13,True,Lender C (Near-Prime),12.9,84.0,1400.0,20855.0,111.0,False,0.0,0.0,False,0.0,0.0,156,4,200.0,0,False,,,0.0
NS302778,NV103431,NC202778,2026-02-21,BC,18595,0.12,True,Lender C (Near-Prime),10.5,60.0,2800.0,22176.0,366.0,True,3100.0,1612.0,True,1050.0,420.0,654,3,442.0,395,False,,,0.0
NS302779,NV103432,NC202779,2025-03-29,NB,18695,0.15,True,Lender B (Prime),8.21,84.0,0.0,24049.0,213.0,True,1550.0,806.0,True,1000.0,400.0,942,4,596.0,395,False,,,0.0
NS302780,NV103433,NC202780,2026-03-31,AB,17295,0.05,True,Lender D (Subprime),20.25,84.0,1700.0,17710.0,319.0,True,1250.0,650.0,False,0.0,0.0,279,2,274.0,0,False,,,0.0
NS302781,NV103434,NC202781,2026-07-26,ON,27295,0.13,True,Lender D (Subprime),15.73,72.0,900.0,29943.0,296.0,False,0.0,0.0,False,0.0,0.0,3056,6,1658.0,1395,False,,,0.0
NS302782,NV103435,NC202782,2026-03-31,NS,32995,0.14,False,,,,,,0.0,True,2700.0,1404.0,False,0.0,0.0,2022,5,1172.0,795,False,,,0.0
NS302783,NV103436,NC202783,2025-06-10,AB,16595,0.05,True,Lender A (Prime),9.71,72.0,600.0,19675.0,278.0,True,2850.0,1482.0,False,0.0,0.0,258,4,261.0,0,False,,,0.0
NS302784,NV103437,NC202784,2026-05-07,AB,24795,0.05,False,,,,,,0.0,False,0.0,0.0,False,0.0,0.0,314,3,237.0,395,False,,,0.0
NS302785,NV103438,NC202785,2025-10-01,SK,17995,0.11,False,,,,,,0.0,False,0.0,0.0,False,0.0,0.0,645,3,436.0,395,False,,,0.0
NS302786,NV103440,NC202786,2025-07-22,AB,20195,0.05,True,Lender A (Prime),6.09,72.0,2000.0,19205.0,307.0,False,0.0,0.0,False,0.0,0.0,229,2,271.0,0,False,,,0.0
NS302787,NV103441,NC202787,2026-07-12,AB,22495,0.05,False,,,,,,0.0,False,0.0,0.0,False,0.0,0.0,304,3,265.0,395,False,,,0.0
NS302788,NV103443,NC202788,2024-06-15,ON,27695,0.13,False,,,,,,0.0,False,0.0,0.0,False,0.0,0.0,139,4,191.0,0,False,,,0.0
NS302789,NV103444,NC202789,2024-12-08,ON,41095,0.13,False,,,,,,0.0,True,1900.0,988.0,False,0.0,0.0,179,3,227.0,0,False,,,0.0
NS302790,NV103446,NC202790,2025-11-30,AB,13195,0.05,True,Lender B (Prime),9.4,72.0,1200.0,15005.0,158.0,True,2350.0,1222.0,False,0.0,0.0,300,3,272.0,0,False,,,0.0
NS302791,NV103447,NC202791,2026-05-13,AB,16795,0.05,True,Lender B (Prime),8.35,60.0,2400.0,15235.0,144.0,False,0.0,0.0,False,0.0,0.0,308,2,300.0,395,False,,,0.0
NS302792,NV103449,NC202792,2026-05-15,BC,12895,0.12,True,Lender C (Near-Prime),13.34,72.0,200.0,14242.0,202.0,False,0.0,0.0,False,0.0,0.0,831,4,545.0,395,False,,,0.0
NS302793,NV103450,NC202793,2025-03-18,AB,15495,0.05,True,Lender B (Prime),10.0,60.0,2200.0,14070.0,150.0,False,0.0,0.0,False,0.0,0.0,299,3,271.0,0,False,,,0.0
NS302794,NV103451,NC202794,2025-05-26,ON,24395,0.13,False,,,,,,0.0,False,0.0,0.0,False,0.0,0.0,171,3,218.0,0,False,,,0.0
NS302795,NV103452,NC202795,2026-01-13,NB,45995,0.15,True,Lender C (Near-Prime),13.06,72.0,5100.0,52294.0,678.0,True,3250.0,1690.0,True,1250.0,500.0,1309,5,859.0,795,False,,,0.0
NS302796,NV103454,NC202796,2026-09-14,AB,26495,0.05,False,,,,,,0.0,True,2100.0,1092.0,False,0.0,0.0,3281,7,1977.0,1395,False,,,0.0
NS302797,NV103455,NC202797,2026-06-26,NB,22395,0.15,True,Lender D (Subprime),18.4,60.0,900.0,24854.0,183.0,False,0.0,0.0,False,0.0,0.0,4829,11,2517.0,1395,False,,,0.0
NS302798,NV103456,NC202798,2025-09-25,NB,12995,0.15,True,Lender D (Subprime),20.41,60.0,1700.0,14644.0,278.0,False,0.0,0.0,True,1400.0,560.0,1261,3,758.0,795,False,,,0.0
NS302799,NV103458,NC202799,2024-08-16,SK,18295,0.11,True,Lender B (Prime),9.93,84.0,2200.0,20057.0,322.0,True,1950.0,1014.0,False,0.0,0.0,2949,7,1592.0,1395,False,,,0.0
NS302800,NV103459,NC202800,2026-09-05,SK,15095,0.11,False,,,,,,0.0,False,0.0,0.0,False,0.0,0.0,653,5,484.0,395,False,,,0.0
NS302801,NV103461,NC202801,2025-09-10,AB,24895,0.05,True,Lender D (Subprime),21.0,84.0,1600.0,25690.0,252.0,False,0.0,0.0,True,1150.0,460.0,253,3,233.0,0,True,2025-09-19,Vehicle condition not as expected,2877.0
NS302802,NV103463,NC202802,2026-04-03,BC,15095,0.12,True,Lender B (Prime),8.16,60.0,2800.0,14106.0,134.0,False,0.0,0.0,False,0.0,0.0,638,4,422.0,395,False,,,0.0
NS302803,NV103464,NC202803,2026-05-13,ON,30995,0.13,True,Lender B (Prime),9.56,72.0,5800.0,32474.0,475.0,True,2100.0,1092.0,True,1150.0,460.0,158,3,190.0,0,False,,,0.0
NS302804,NV103468,NC202804,2025-06-03,AB,31295,0.05,False,,,,,,0.0,True,3400.0,1768.0,False,0.0,0.0,289,2,260.0,0,False,,,0.0
NS302805,NV103469,NC202805,2024-07-15,ON,32795,0.13,False,,,,,,0.0,False,0.0,0.0,False,0.0,0.0,4042,8,2324.0,1395,False,,,0.0
NS302806,NV103471,NC202806,2025-06-17,NS,16995,0.14,True,Lender A (Prime),8.35,60.0,100.0,20174.0,203.0,False,0.0,0.0,True,900.0,360.0,4651,10,2752.0,1395,False,,,0.0
NS302807,NV103472,NC202807,2026-08-15,AB,37295,0.05,True,Lender C (Near-Prime),13.88,72.0,500.0,38660.0,494.0,False,0.0,0.0,False,0.0,0.0,292,3,266.0,0,False,,,0.0
NS302808,NV103473,NC202808,2026-05-16,QC,12895,0.14975,True,Lender A (Prime),6.27,72.0,2100.0,12726.0,176.0,False,0.0,0.0,False,0.0,0.0,573,4,407.0,395,False,,,0.0
NS302809,NV103474,NC202809,2025-06-27,BC,26095,0.12,False,,,,,,0.0,True,3200.0,1664.0,True,1250.0,500.0,4407,10,2461.0,1395,False,,,0.0
NS302810,NV103475,NC202810,2024-04-10,BC,13895,0.12,True,Lender B (Prime),8.03,72.0,2300.0,15362.0,122.0,True,2100.0,1092.0,False,0.0,0.0,597,4,388.0,395,False,,,0.0
NS302811,NV103476,NC202811,2026-08-15,AB,14995,0.05,True,Lender A (Prime),7.52,72.0,1700.0,17195.0,264.0,True,3150.0,1638.0,False,0.0,0.0,295,4,263.0,0,False,,,0.0
NS302812,NV103477,NC202812,2024-05-31,ON,9895,0.13,True,Lender B (Prime),8.11,72.0,900.0,10281.0,91.0,False,0.0,0.0,False,0.0,0.0,488,3,374.0,395,False,,,0.0
NS302813,NV103479,NC202813,2024-11-28,AB,51095,0.05,True,Lender C (Near-Prime),11.77,84.0,4500.0,49150.0,934.0,False,0.0,0.0,False,0.0,0.0,273,3,258.0,0,False,,,0.0
NS302814,NV103482,NC202814,2025-04-07,NB,16795,0.15,True,Lender D (Subprime),22.46,84.0,1800.0,18264.0,173.0,False,0.0,0.0,True,750.0,300.0,1281,3,757.0,795,True,2025-04-11,Mechanical issue,3023.0
NS302815,NV103483,NC202815,2024-10-14,BC,27895,0.12,False,,,,,,0.0,False,0.0,0.0,False,0.0,0.0,4946,11,2867.0,1395,False,,,0.0
NS302816,NV103484,NC202816,2024-10-02,QC,41195,0.14975,True,Lender C (Near-Prime),12.53,72.0,3100.0,44264.0,460.0,False,0.0,0.0,False,0.0,0.0,609,3,428.0,395,False,,,0.0
NS302817,NV103485,NC202817,2024-04-10,BC,21095,0.12,True,Lender B (Prime),9.04,60.0,4200.0,19426.0,264.0,False,0.0,0.0,False,0.0,0.0,4253,10,2242.0,1395,False,,,0.0
NS302818,NV103486,NC202818,2025-02-05,BC,11495,0.12,False,,,,,,0.0,False,0.0,0.0,False,0.0,0.0,3922,10,2102.0,1395,False,,,0.0
NS302819,NV103487,NC202819,2025-07-31,AB,16295,0.05,True,Lender C (Near-Prime),12.77,60.0,800.0,16310.0,127.0,False,0.0,0.0,False,0.0,0.0,3937,9,2422.0,1395,False,,,0.0
NS302820,NV103488,NC202820,2025-07-12,NB,33795,0.15,False,,,,,,0.0,True,3250.0,1690.0,False,0.0,0.0,1609,6,910.0,795,False,,,0.0
NS302821,NV103489,NC202821,2026-03-29,AB,41095,0.05,True,Lender D (Subprime),19.39,48.0,100.0,43050.0,397.0,False,0.0,0.0,False,0.0,0.0,3611,7,1657.0,1395,False,,,0.0
NS302822,NV103490,NC202822,2024-06-27,AB,17695,0.05,False,,,,,,0.0,False,0.0,0.0,False,0.0,0.0,325,2,290.0,395,False,,,0.0
NS302823,NV103491,NC202823,2024-08-13,SK,12995,0.11,True,Lender B (Prime),6.44,60.0,2500.0,11924.0,160.0,False,0.0,0.0,False,0.0,0.0,2488,5,1328.0,795,False,,,0.0
NS302824,NV103493,NC202824,2024-07-03,ON,47195,0.13,True,Lender D (Subprime),17.19,72.0,4300.0,49030.0,958.0,False,0.0,0.0,False,0.0,0.0,139,3,195.0,0,False,,,0.0
NS302825,NV103494,NC202825,2025-03-31,ON,36795,0.13,True,Lender D (Subprime),16.82,60.0,2300.0,39278.0,545.0,False,0.0,0.0,False,0.0,0.0,133,3,196.0,0,False,,,0.0
NS302826,NV103497,NC202826,2025-07-21,ON,19895,0.13,True,Lender C (Near-Prime),15.07,72.0,1600.0,22431.0,298.0,True,1550.0,806.0,False,0.0,0.0,3197,8,1660.0,1395,False,,,0.0
NS302827,NV103498,NC202827,2026-02-28,ON,12095,0.13,True,Lender C (Near-Prime),14.58,84.0,1500.0,13517.0,88.0,True,1350.0,702.0,False,0.0,0.0,150,2,210.0,0,False,,,0.0
NS302828,NV103499,NC202828,2026-01-08,NB,15395,0.15,False,,,,,,0.0,False,0.0,0.0,False,0.0,0.0,1325,4,838.0,795,False,,,0.0
NS302829,NV103500,NC202829,2026-05-31,ON,22795,0.13,False,,,,,,0.0,False,0.0,0.0,False,0.0,0.0,127,4,190.0,0,False,,,0.0
NS302830,NV103502,NC202830,2025-11-05,MB,29195,0.12,True,Lender A (Prime),7.24,60.0,3400.0,29298.0,338.0,False,0.0,0.0,False,0.0,0.0,2071,7,1109.0,795,False,,,0.0
NS302831,NV103504,NC202831,2025-05-10,AB,17995,0.05,True,Lender C (Near-Prime),10.5,48.0,400.0,20395.0,203.0,True,1900.0,988.0,False,0.0,0.0,262,4,243.0,0,False,,,0.0
NS302832,NV103506,NC202832,2025-05-19,ON,16095,0.13,True,Lender A (Prime),8.24,72.0,2900.0,15287.0,243.0,False,0.0,0.0,False,0.0,0.0,131,2,185.0,0,False,,,0.0
NS302833,NV103507,NC202833,2026-01-27,ON,29195,0.13,True,Lender A (Prime),8.06,60.0,3300.0,29690.0,571.0,False,0.0,0.0,False,0.0,0.0,504,2,404.0,395,False,,,0.0
NS302834,NV103508,NC202834,2026-08-07,ON,12695,0.13,True,Lender A (Prime),8.52,84.0,1000.0,16395.0,162.0,True,3050.0,1586.0,False,0.0,0.0,134,3,191.0,0,False,,,0.0
NS302835,NV103509,NC202835,2026-02-19,QC,15795,0.14975,True,Lender C (Near-Prime),14.05,60.0,1100.0,19760.0,122.0,True,2700.0,1404.0,False,0.0,0.0,259,4,251.0,0,False,,,0.0
NS302836,NV103510,NC202836,2026-05-06,ON,24395,0.13,True,Lender C (Near-Prime),15.2,60.0,1400.0,28666.0,329.0,True,2500.0,1300.0,False,0.0,0.0,3041,8,1436.0,1395,True,2026-05-10,Vehicle condition not as expected,3162.0
NS302837,NV103511,NC202837,2024-06-28,AB,10195,0.05,True,Lender A (Prime),8.37,72.0,300.0,10405.0,60.0,False,0.0,0.0,False,0.0,0.0,264,4,261.0,0,False,,,0.0
NS302838,NV103512,NC202838,2026-03-27,NS,14095,0.14,True,Lender D (Subprime),20.52,72.0,1000.0,16568.0,219.0,True,1500.0,780.0,False,0.0,0.0,1940,5,1122.0,795,False,,,0.0
NS302839,NV103513,NC202839,2024-07-21,QC,36995,0.14975,True,Lender A (Prime),7.25,84.0,6200.0,38035.0,599.0,True,1700.0,884.0,False,0.0,0.0,226,4,247.0,0,True,2024-07-30,Vehicle condition not as expected,1781.0
NS302840,NV103515,NC202840,2025-06-15,MB,21395,0.12,False,,,,,,0.0,False,0.0,0.0,False,0.0,0.0,1125,5,697.0,795,False,,,0.0
NS302841,NV103516,NC202841,2024-11-01,ON,18095,0.13,True,Lender D (Subprime),18.03,72.0,1500.0,21747.0,382.0,True,2800.0,1456.0,False,0.0,0.0,167,2,201.0,0,True,2024-11-10,Found another vehicle,1321.0
NS302842,NV103517,NC202842,2025-12-21,SK,23495,0.11,False,,,,,,0.0,False,0.0,0.0,False,0.0,0.0,2990,8,1702.0,1395,False,,,0.0
NS302843,NV103518,NC202843,2025-07-23,NS,20895,0.14,True,Lender D (Subprime),20.15,60.0,100.0,24520.0,423.0,False,0.0,0.0,True,800.0,320.0,1671,6,1085.0,795,False,,,0.0
NS302844,NV103519,NC202844,2024-12-15,ON,22895,0.13,True,Lender A (Prime),6.63,84.0,400.0,27221.0,214.0,True,1750.0,910.0,False,0.0,0.0,144,3,200.0,0,False,,,0.0
NS302845,NV103520,NC202845,2024-04-24,AB,18895,0.05,False,,,,,,0.0,False,0.0,0.0,False,0.0,0.0,3547,8,2140.0,1395,False,,,0.0
NS302846,NV103521,NC202846,2024-03-25,ON,26995,0.13,True,Lender A (Prime),8.02,72.0,200.0,31504.0,348.0,False,0.0,0.0,True,1200.0,480.0,163,4,192.0,0,False,,,0.0
NS302847,NV103522,NC202847,2025-09-09,ON,15295,0.13,True,Lender C (Near-Prime),10.5,60.0,2800.0,16283.0,324.0,True,1800.0,936.0,False,0.0,0.0,172,2,201.0,0,False,,,0.0
NS302848,NV103523,NC202848,2025-03-26,BC,28795,0.12,False,,,,,,0.0,False,0.0,0.0,False,0.0,0.0,696,5,464.0,395,False,,,0.0
NS302849,NV103524,NC202849,2024-04-13,ON,36595,0.13,True,Lender A (Prime),8.71,60.0,2100.0,39252.0,662.0,False,0.0,0.0,False,0.0,0.0,133,3,196.0,0,False,,,0.0
NS302850,NV103525,NC202850,2026-08-24,ON,20595,0.13,True,Lender C (Near-Prime),12.78,72.0,900.0,22372.0,373.0,False,0.0,0.0,False,0.0,0.0,3162,8,1663.0,1395,False,,,0.0
NS302851,NV103526,NC202851,2024-07-17,QC,20895,0.14975,True,Lender C (Near-Prime),13.54,72.0,1700.0,22324.0,219.0,False,0.0,0.0,False,0.0,0.0,204,3,217.0,0,False,,,0.0
NS302852,NV103528,NC202852,2026-06-11,ON,18795,0.13,False,,,,,,0.0,False,0.0,0.0,False,0.0,0.0,147,4,208.0,0,False,,,0.0
NS302853,NV103529,NC202853,2026-03-03,AB,47095,0.05,False,,,,,,0.0,True,1400.0,728.0,False,0.0,0.0,279,3,269.0,0,True,2026-03-12,Found another vehicle,2947.0
NS302854,NV103530,NC202854,2026-02-18,ON,12695,0.13,True,Lender C (Near-Prime),11.61,72.0,2500.0,11845.0,98.0,False,0.0,0.0,False,0.0,0.0,4107,10,2466.0,1395,False,,,0.0
NS302855,NV103531,NC202855,2026-05-07,ON,16795,0.13,False,,,,,,0.0,False,0.0,0.0,False,0.0,0.0,189,3,216.0,0,False,,,0.0
NS302856,NV103532,NC202856,2025-12-15,ON,15995,0.13,True,Lender D (Subprime),21.31,84.0,2600.0,17124.0,130.0,True,1650.0,858.0,False,0.0,0.0,162,2,206.0,0,False,,,0.0
NS302857,NV103533,NC202857,2025-08-05,ON,15695,0.13,True,Lender B (Prime),8.59,84.0,2100.0,15635.0,173.0,False,0.0,0.0,False,0.0,0.0,529,3,387.0,395,False,,,0.0
NS302858,NV103535,NC202858,2024-06-19,ON,17395,0.13,False,,,,,,0.0,True,2300.0,1196.0,False,0.0,0.0,523,2,378.0,395,False,,,0.0
NS302859,NV103536,NC202859,2024-08-29,ON,16795,0.13,True,Lender C (Near-Prime),10.5,60.0,700.0,19078.0,191.0,False,0.0,0.0,True,800.0,320.0,130,3,202.0,0,False,,,0.0
NS302860,NV103537,NC202860,2026-08-18,ON,26795,0.13,True,Lender A (Prime),9.31,60.0,1200.0,31028.0,186.0,True,1950.0,1014.0,False,0.0,0.0,3186,6,1741.0,1395,False,,,0.0
NS302861,NV103538,NC202861,2025-06-22,ON,16095,0.13,False,,,,,,0.0,False,0.0,0.0,False,0.0,0.0,144,4,189.0,0,False,,,0.0
NS302862,NV103539,NC202862,2026-01-12,ON,25195,0.13,True,Lender D (Subprime),21.49,84.0,1100.0,27370.0,317.0,False,0.0,0.0,False,0.0,0.0,148,4,213.0,0,False,,,0.0
NS302863,NV103541,NC202863,2025-06-24,NS,25495,0.14,True,Lender C (Near-Prime),12.55,84.0,1000.0,29364.0,360.0,True,1300.0,676.0,False,0.0,0.0,1700,6,978.0,795,False,,,0.0
NS302864,NV103542,NC202864,2025-09-24,ON,22795,0.13,True,Lender C (Near-Prime),10.5,72.0,2500.0,23258.0,278.0,False,0.0,0.0,False,0.0,0.0,163,4,195.0,0,False,,,0.0
NS302865,NV103543,NC202865,2026-09-25,AB,28695,0.05,False,,,,,,0.0,True,2450.0,1274.0,False,0.0,0.0,294,3,274.0,0,False,,,0.0
NS302866,NV103544,NC202866,2026-09-01,NS,6895,0.14,False,,,,,,0.0,False,0.0,0.0,False,0.0,0.0,4701,10,2310.0,1395,False,,,0.0
NS302867,NV103545,NC202867,2026-04-28,MB,25895,0.12,False,,,,,,0.0,True,2450.0,1274.0,False,0.0,0.0,2799,7,1533.0,1395,False,,,0.0
NS302868,NV103546,NC202868,2026-08-05,ON,18095,0.13,True,Lender C (Near-Prime),14.3,72.0,300.0,20147.0,153.0,False,0.0,0.0,False,0.0,0.0,162,3,199.0,0,False,,,0.0
NS302869,NV103547,NC202869,2024-08-19,ON,21495,0.13,False,,,,,,0.0,False,0.0,0.0,False,0.0,0.0,147,4,190.0,0,False,,,0.0
NS302870,NV103548,NC202870,2024-06-27,ON,23895,0.13,False,,,,,,0.0,True,1450.0,754.0,False,0.0,0.0,582,2,427.0,395,False,,,0.0
NS302871,NV103549,NC202871,2025-12-19,QC,39395,0.14975,True,Lender C (Near-Prime),11.12,72.0,5700.0,39594.0,529.0,False,0.0,0.0,False,0.0,0.0,215,4,219.0,0,False,,,0.0
NS302872,NV103550,NC202872,2026-09-19,ON,11895,0.13,True,Lender C (Near-Prime),14.16,72.0,400.0,13041.0,182.0,False,0.0,0.0,False,0.0,0.0,523,3,443.0,395,False,,,0.0
NS302873,NV103551,NC202873,2024-02-06,MB,18295,0.12,True,Lender D (Subprime),19.32,84.0,1500.0,18990.0,223.0,False,0.0,0.0,False,0.0,0.0,1475,5,925.0,795,False,,,0.0
NS302874,NV103552,NC202874,2026-08-26,ON,11095,0.13,True,Lender A (Prime),8.48,60.0,1300.0,14487.0,93.0,True,2400.0,1248.0,True,850.0,340.0,154,3,210.0,0,False,,,0.0
NS302875,NV103554,NC202875,2025-05-19,ON,17395,0.13,True,Lender A (Prime),6.94,48.0,2600.0,19456.0,104.0,True,1500.0,780.0,True,900.0,360.0,557,4,426.0,395,False,,,0.0
NS302876,NV103555,NC202876,2025-11-10,ON,18595,0.13,True,Lender B (Prime),9.0,84.0,3500.0,21562.0,301.0,True,2750.0,1430.0,True,1300.0,520.0,3479,8,2189.0,1395,False,,,0.0
NS302877,NV103557,NC202877,2025-06-15,MB,28295,0.12,False,,,,,,0.0,True,2350.0,1222.0,False,0.0,0.0,2407,7,1385.0,795,False,,,0.0
NS302878,NV103558,NC202878,2024-12-23,SK,21295,0.11,True,Lender B (Prime),7.68,48.0,1600.0,26137.0,362.0,True,3350.0,1742.0,True,750.0,300.0,2914,7,1619.0,1395,False,,,0.0
NS302879,NV103559,NC202879,2026-03-28,ON,10895,0.13,False,,,,,,0.0,False,0.0,0.0,False,0.0,0.0,140,4,199.0,0,False,,,0.0
NS302880,NV103560,NC202880,2025-07-08,MB,33495,0.12,False,,,,,,0.0,True,2050.0,1066.0,False,0.0,0.0,2333,7,1330.0,795,True,2025-07-16,Vehicle condition not as expected,2591.0
NS302881,NV103562,NC202881,2026-07-23,ON,17495,0.13,True,Lender C (Near-Prime),12.91,72.0,600.0,22169.0,205.0,True,3000.0,1560.0,False,0.0,0.0,2826,7,1446.0,1395,False,,,0.0
NS302882,NV103564,NC202882,2026-01-09,NB,13395,0.15,True,Lender B (Prime),9.49,72.0,600.0,16604.0,224.0,True,1800.0,936.0,False,0.0,0.0,1412,5,848.0,795,False,,,0.0
NS302883,NV103566,NC202883,2025-06-12,AB,17195,0.05,True,Lender D (Subprime),18.72,84.0,3100.0,14955.0,200.0,False,0.0,0.0,False,0.0,0.0,251,4,235.0,0,False,,,0.0
NS302884,NV103567,NC202884,2026-07-25,AB,32695,0.05,True,Lender C (Near-Prime),11.14,60.0,4500.0,31880.0,376.0,True,2050.0,1066.0,False,0.0,0.0,3606,7,1905.0,1395,False,,,0.0
NS302885,NV103568,NC202885,2026-03-10,ON,14495,0.13,True,Lender D (Subprime),21.2,72.0,1400.0,18129.0,125.0,True,3150.0,1638.0,False,0.0,0.0,514,3,384.0,395,False,,,0.0
NS302886,NV103569,NC202886,2026-08-27,QC,20695,0.14975,True,Lender C (Near-Prime),13.34,48.0,100.0,23694.0,194.0,False,0.0,0.0,False,0.0,0.0,522,4,384.0,395,False,,,0.0
NS302887,NV103570,NC202887,2024-03-23,AB,46795,0.05,True,Lender A (Prime),9.12,84.0,1600.0,47535.0,815.0,False,0.0,0.0,False,0.0,0.0,283,2,262.0,0,False,,,0.0
NS302888,NV103571,NC202888,2024-05-03,ON,55295,0.13,True,Lender B (Prime),8.3,60.0,6600.0,55883.0,935.0,False,0.0,0.0,False,0.0,0.0,171,2,206.0,0,False,,,0.0
NS302889,NV103572,NC202889,2025-11-04,ON,41495,0.13,True,Lender D (Subprime),17.86,72.0,3600.0,44839.0,292.0,True,1550.0,806.0,False,0.0,0.0,4260,10,2608.0,1395,False,,,0.0
NS302890,NV103573,NC202890,2025-02-28,ON,20695,0.13,True,Lender C (Near-Prime),11.48,60.0,900.0,22485.0,168.0,False,0.0,0.0,False,0.0,0.0,532,2,391.0,395,False,,,0.0
NS302891,NV103575,NC202891,2025-03-19,ON,30595,0.13,False,,,,,,0.0,False,0.0,0.0,False,0.0,0.0,151,2,197.0,0,False,,,0.0
NS302892,NV103576,NC202892,2024-06-10,NS,17795,0.14,True,Lender C (Near-Prime),14.78,84.0,700.0,22436.0,360.0,True,2850.0,1482.0,False,0.0,0.0,1775,4,890.0,795,False,,,0.0
NS302893,NV103577,NC202893,2024-07-29,ON,9595,0.13,True,Lender D (Subprime),19.79,60.0,100.0,12192.0,171.0,True,1450.0,754.0,False,0.0,0.0,128,2,193.0,0,False,,,0.0
NS302894,NV103578,NC202894,2026-03-21,NL,16995,0.15,True,Lender A (Prime),9.26,84.0,2300.0,19194.0,202.0,True,1950.0,1014.0,False,0.0,0.0,3224,6,2079.0,1395,False,,,0.0
NS302895,NV103579,NC202895,2025-10-23,ON,13495,0.13,False,,,,,,0.0,True,1450.0,754.0,False,0.0,0.0,153,2,204.0,0,False,,,0.0
NS302896,NV103580,NC202896,2024-09-12,ON,21895,0.13,True,Lender C (Near-Prime),13.15,72.0,1500.0,23241.0,268.0,False,0.0,0.0,False,0.0,0.0,3327,7,1553.0,1395,False,,,0.0
NS302897,NV103581,NC202897,2024-07-18,ON,32895,0.13,False,,,,,,0.0,False,0.0,0.0,False,0.0,0.0,164,2,191.0,0,False,,,0.0
NS302898,NV103582,NC202898,2025-06-17,ON,33095,0.13,True,Lender B (Prime),9.0,84.0,500.0,36897.0,633.0,False,0.0,0.0,False,0.0,0.0,135,4,194.0,0,True,2025-06-18,Changed mind,1600.0
NS302899,NV103583,NC202899,2026-08-06,ON,20495,0.13,True,Lender D (Subprime),18.41,72.0,1000.0,24359.0,174.0,True,2200.0,1144.0,False,0.0,0.0,535,4,462.0,395,False,,,0.0
NS302900,NV103584,NC202900,2025-12-23,AB,33095,0.05,False,,,,,,0.0,False,0.0,0.0,False,0.0,0.0,283,3,275.0,0,False,,,0.0
NS302901,NV103585,NC202901,2025-11-04,NB,14395,0.15,False,,,,,,0.0,True,3300.0,1716.0,False,0.0,0.0,4800,10,2534.0,1395,False,,,0.0
NS302902,NV103586,NC202902,2025-02-19,QC,12695,0.14975,False,,,,,,0.0,False,0.0,0.0,False,0.0,0.0,4461,9,2442.0,1395,False,,,0.0
NS302903,NV103587,NC202903,2026-07-27,ON,17095,0.13,True,Lender C (Near-Prime),14.99,60.0,3100.0,16217.0,224.0,False,0.0,0.0,False,0.0,0.0,141,2,195.0,0,False,,,0.0
NS302904,NV103588,NC202904,2026-07-28,ON,13295,0.13,True,Lender A (Prime),9.47,60.0,2300.0,12723.0,212.0,False,0.0,0.0,False,0.0,0.0,530,3,391.0,395,False,,,0.0
NS302905,NV103589,NC202905,2024-12-24,SK,29295,0.11,False,,,,,,0.0,False,0.0,0.0,False,0.0,0.0,818,4,558.0,395,False,,,0.0
NS302906,NV103590,NC202906,2026-05-23,ON,14695,0.13,False,,,,,,0.0,False,0.0,0.0,False,0.0,0.0,3199,7,1986.0,1395,False,,,0.0
NS302907,NV103591,NC202907,2025-01-25,ON,18595,0.13,True,Lender A (Prime),10.5,72.0,1000.0,22812.0,263.0,True,2800.0,1456.0,False,0.0,0.0,166,2,206.0,0,False,,,0.0
NS302908,NV103593,NC202908,2024-08-02,ON,28395,0.13,True,Lender D (Subprime),19.27,72.0,3700.0,28386.0,401.0,False,0.0,0.0,False,0.0,0.0,137,4,192.0,0,False,,,0.0
NS302909,NV103594,NC202909,2025-12-15,ON,13895,0.13,False,,,,,,0.0,True,2550.0,1326.0,False,0.0,0.0,161,3,201.0,0,False,,,0.0
NS302910,NV103595,NC202910,2026-05-29,NS,23295,0.14,False,,,,,,0.0,True,1950.0,1014.0,False,0.0,0.0,1506,4,861.0,795,False,,,0.0
NS302911,NV103596,NC202911,2024-04-01,ON,13395,0.13,True,Lender B (Prime),7.48,72.0,300.0,17186.0,234.0,True,2350.0,1222.0,False,0.0,0.0,563,2,345.0,395,False,,,0.0
NS302912,NV103597,NC202912,2026-06-11,ON,18095,0.13,False,,,,,,0.0,True,1250.0,650.0,False,0.0,0.0,144,3,196.0,0,False,,,0.0
NS302913,NV103598,NC202913,2025-07-20,ON,18795,0.13,True,Lender D (Subprime),22.43,60.0,2100.0,19138.0,371.0,False,0.0,0.0,False,0.0,0.0,147,4,193.0,0,False,,,0.0
NS302914,NV103600,NC202914,2026-09-26,ON,11395,0.13,False,,,,,,0.0,True,1500.0,780.0,False,0.0,0.0,164,3,195.0,0,False,,,0.0
NS302915,NV103601,NC202915,2025-07-16,ON,17495,0.13,True,Lender B (Prime),7.42,72.0,1700.0,20869.0,276.0,True,2800.0,1456.0,False,0.0,0.0,160,4,198.0,0,False,,,0.0
NS302916,NV103603,NC202916,2026-09-29,ON,17795,0.13,True,Lender C (Near-Prime),13.38,60.0,3400.0,16708.0,177.0,False,0.0,0.0,False,0.0,0.0,172,2,229.0,0,False,,,0.0
NS302917,NV103605,NC202917,2026-07-14,ON,12095,0.13,True,Lender B (Prime),9.61,60.0,1500.0,14867.0,241.0,True,2700.0,1404.0,False,0.0,0.0,143,4,218.0,0,False,,,0.0
NS302918,NV103609,NC202918,2025-08-22,AB,24295,0.05,True,Lender C (Near-Prime),12.47,72.0,1300.0,24210.0,190.0,False,0.0,0.0,False,0.0,0.0,226,2,229.0,0,False,,,0.0
NS302919,NV103612,NC202919,2025-11-23,ON,36995,0.13,False,,,,,,0.0,False,0.0,0.0,False,0.0,0.0,149,3,198.0,0,False,,,0.0
NS302920,NV103613,NC202920,2026-01-08,ON,23995,0.13,True,Lender A (Prime),9.67,84.0,4500.0,25914.0,306.0,True,3300.0,1716.0,False,0.0,0.0,556,4,394.0,395,False,,,0.0
NS302921,NV103615,NC202921,2025-09-21,ON,9995,0.13,False,,,,,,0.0,True,2650.0,1378.0,False,0.0,0.0,172,3,225.0,0,False,,,0.0
NS302922,NV103616,NC202922,2024-12-24,ON,20995,0.13,True,Lender D (Subprime),18.69,60.0,1400.0,22324.0,296.0,False,0.0,0.0,False,0.0,0.0,138,3,190.0,0,False,,,0.0
NS302923,NV103617,NC202923,2024-11-30,QC,15495,0.14975,True,Lender D (Subprime),23.06,60.0,1700.0,16115.0,232.0,False,0.0,0.0,False,0.0,0.0,239,4,253.0,0,False,,,0.0
NS302924,NV103618,NC202924,2026-03-11,ON,21395,0.13,True,Lender B (Prime),7.67,60.0,600.0,23576.0,373.0,False,0.0,0.0,False,0.0,0.0,166,4,200.0,0,False,,,0.0
NS302925,NV103620,NC202925,2026-06-26,ON,23395,0.13,True,Lender C (Near-Prime),10.73,72.0,4000.0,22436.0,283.0,False,0.0,0.0,False,0.0,0.0,162,4,203.0,0,False,,,0.0
NS302926,NV103621,NC202926,2025-07-31,ON,14395,0.13,True,Lender B (Prime),9.16,60.0,1300.0,16966.0,326.0,True,2000.0,1040.0,False,0.0,0.0,137,4,186.0,0,False,,,0.0
NS302927,NV103624,NC202927,2026-01-02,AB,24095,0.05,False,,,,,,0.0,True,3300.0,1716.0,False,0.0,0.0,3718,9,2040.0,1395,False,,,0.0
NS302928,NV103625,NC202928,2026-05-20,ON,13995,0.13,True,Lender D (Subprime),21.04,48.0,1100.0,14714.0,134.0,False,0.0,0.0,False,0.0,0.0,3689,8,2170.0,1395,False,,,0.0
NS302929,NV103626,NC202929,2024-09-25,ON,33095,0.13,True,Lender D (Subprime),21.64,72.0,5000.0,34147.0,680.0,True,1750.0,910.0,False,0.0,0.0,152,2,207.0,0,False,,,0.0
NS302930,NV103627,NC202930,2025-12-04,NS,17595,0.14,True,Lender A (Prime),7.57,48.0,3100.0,16958.0,156.0,False,0.0,0.0,False,0.0,0.0,1130,3,794.0,795,False,,,0.0
NS302931,NV103628,NC202931,2025-04-27,AB,11295,0.05,True,Lender A (Prime),9.49,84.0,1400.0,10460.0,66.0,False,0.0,0.0,False,0.0,0.0,284,3,297.0,0,False,,,0.0
NS302932,NV103629,NC202932,2025-12-14,ON,18395,0.13,False,,,,,,0.0,False,0.0,0.0,False,0.0,0.0,139,2,188.0,0,False,,,0.0
NS302933,NV103630,NC202933,2025-02-17,NS,28695,0.14,False,,,,,,0.0,True,3050.0,1586.0,False,0.0,0.0,1462,4,816.0,795,False,,,0.0
NS302934,NV103631,NC202934,2025-11-03,ON,21995,0.13,True,Lender A (Prime),6.92,72.0,1100.0,23754.0,429.0,False,0.0,0.0,False,0.0,0.0,2695,6,1797.0,1395,False,,,0.0
NS302935,NV103632,NC202935,2026-01-09,ON,20595,0.13,False,,,,,,0.0,False,0.0,0.0,False,0.0,0.0,179,4,212.0,0,False,,,0.0
NS302936,NV103633,NC202936,2024-07-05,ON,30695,0.13,True,Lender D (Subprime),17.53,60.0,6100.0,31385.0,509.0,True,2800.0,1456.0,False,0.0,0.0,141,4,194.0,0,False,,,0.0
NS302937,NV103634,NC202937,2025-05-16,ON,25095,0.13,True,Lender C (Near-Prime),14.46,72.0,1800.0,26557.0,360.0,False,0.0,0.0,False,0.0,0.0,3152,8,1785.0,1395,False,,,0.0
NS302938,NV103635,NC202938,2024-07-21,AB,13495,0.05,False,,,,,,0.0,True,2400.0,1248.0,False,0.0,0.0,295,2,298.0,0,False,,,0.0
NS302939,NV103637,NC202939,2025-07-25,NS,15995,0.14,True,Lender A (Prime),8.34,84.0,3100.0,18084.0,190.0,True,2950.0,1534.0,False,0.0,0.0,1370,5,851.0,795,True,2025-07-31,Changed mind,3367.0
NS302940,NV103639,NC202940,2026-01-08,NB,20695,0.15,True,Lender B (Prime),8.97,60.0,3400.0,20399.0,255.0,False,0.0,0.0,False,0.0,0.0,1205,3,704.0,795,False,,,0.0
NS302941,NV103641,NC202941,2025-03-16,ON,32595,0.13,True,Lender B (Prime),6.76,60.0,400.0,36432.0,530.0,False,0.0,0.0,False,0.0,0.0,152,3,204.0,0,False,,,0.0
NS302942,NV103642,NC202942,2025-05-22,ON,15695,0.13,True,Lender C (Near-Prime),13.22,48.0,0.0,20835.0,380.0,True,3100.0,1612.0,False,0.0,0.0,160,4,216.0,0,False,,,0.0
NS302943,NV103643,NC202943,2026-09-28,ON,12895,0.13,True,Lender C (Near-Prime),16.0,72.0,1700.0,15571.0,236.0,True,2700.0,1404.0,False,0.0,0.0,152,3,198.0,0,False,,,0.0
NS302944,NV103645,NC202944,2025-07-03,ON,22495,0.13,False,,,,,,0.0,False,0.0,0.0,False,0.0,0.0,568,4,405.0,395,False,,,0.0
NS302945,NV103646,NC202945,2025-08-06,ON,19495,0.13,False,,,,,,0.0,False,0.0,0.0,False,0.0,0.0,151,4,217.0,0,False,,,0.0
NS302946,NV103647,NC202946,2025-12-02,AB,14095,0.05,True,Lender B (Prime),8.36,72.0,2700.0,12100.0,162.0,False,0.0,0.0,False,0.0,0.0,3295,7,1987.0,1395,False,,,0.0
NS302947,NV103648,NC202947,2025-09-22,NL,23595,0.15,False,,,,,,0.0,True,1400.0,728.0,False,0.0,0.0,3401,8,2233.0,1395,False,,,0.0
NS302948,NV103649,NC202948,2025-09-16,ON,15295,0.13,True,Lender C (Near-Prime),12.42,60.0,500.0,19683.0,165.0,True,2900.0,1508.0,False,0.0,0.0,134,4,195.0,0,False,,,0.0
NS302949,NV103651,NC202949,2026-06-27,ON,14395,0.13,True,Lender B (Prime),10.5,84.0,700.0,17366.0,205.0,True,1800.0,936.0,False,0.0,0.0,2975,8,1563.0,1395,False,,,0.0
NS302950,NV103652,NC202950,2024-05-07,ON,19395,0.13,True,Lender C (Near-Prime),11.0,84.0,800.0,21116.0,370.0,False,0.0,0.0,False,0.0,0.0,159,3,210.0,0,False,,,0.0
NS302951,NV103653,NC202951,2025-11-07,NL,23195,0.15,True,Lender A (Prime),8.2,72.0,2200.0,24474.0,349.0,False,0.0,0.0,False,0.0,0.0,3403,7,2298.0,1395,False,,,0.0
NS302952,NV103655,NC202952,2024-04-25,ON,23295,0.13,True,Lender D (Subprime),17.6,60.0,2200.0,24123.0,368.0,False,0.0,0.0,False,0.0,0.0,160,4,201.0,0,False,,,0.0
NS302953,NV103656,NC202953,2024-11-15,AB,22595,0.05,True,Lender D (Subprime),18.17,84.0,3800.0,21675.0,336.0,True,1750.0,910.0,False,0.0,0.0,3362,7,2251.0,1395,False,,,0.0
NS302954,NV103657,NC202954,2026-09-04,ON,13795,0.13,True,Lender C (Near-Prime),12.1,84.0,1000.0,17288.0,219.0,True,2700.0,1404.0,False,0.0,0.0,129,3,185.0,0,False,,,0.0
NS302955,NV103658,NC202955,2025-10-23,ON,9995,0.13,True,Lender B (Prime),6.71,60.0,1400.0,9894.0,117.0,False,0.0,0.0,False,0.0,0.0,158,2,202.0,0,False,,,0.0
NS302956,NV103659,NC202956,2026-08-03,ON,11795,0.13,True,Lender C (Near-Prime),14.83,48.0,500.0,15278.0,298.0,True,2450.0,1274.0,False,0.0,0.0,178,3,214.0,0,False,,,0.0
NS302957,NV103660,NC202957,2024-05-31,ON,36495,0.13,True,Lender C (Near-Prime),13.28,72.0,5600.0,35639.0,339.0,False,0.0,0.0,False,0.0,0.0,161,3,198.0,0,False,,,0.0
NS302958,NV103661,NC202958,2025-11-12,ON,15995,0.13,True,Lender A (Prime),8.46,60.0,1200.0,19724.0,187.0,True,2850.0,1482.0,False,0.0,0.0,546,2,409.0,395,False,,,0.0
NS302959,NV103663,NC202959,2025-07-13,ON,12595,0.13,True,Lender B (Prime),8.76,84.0,2300.0,12932.0,159.0,False,0.0,0.0,True,1000.0,400.0,155,4,207.0,0,False,,,0.0
NS302960,NV103664,NC202960,2024-07-11,ON,15395,0.13,True,Lender C (Near-Prime),13.59,72.0,2100.0,17946.0,116.0,True,2650.0,1378.0,False,0.0,0.0,189,2,191.0,0,False,,,0.0
NS302961,NV103666,NC202961,2024-08-11,ON,33895,0.13,True,Lender C (Near-Prime),12.06,72.0,1800.0,37601.0,335.0,False,0.0,0.0,True,1100.0,440.0,3928,9,1857.0,1395,False,,,0.0
NS302962,NV103667,NC202962,2024-02-28,AB,29795,0.05,True,Lender B (Prime),8.54,72.0,100.0,34485.0,455.0,True,3300.0,1716.0,False,0.0,0.0,3541,9,1878.0,1395,False,,,0.0
NS302963,NV103668,NC202963,2025-03-10,AB,17495,0.05,False,,,,,,0.0,False,0.0,0.0,False,0.0,0.0,3634,8,1814.0,1395,False,,,0.0
NS302964,NV103669,NC202964,2026-05-30,ON,29595,0.13,False,,,,,,0.0,False,0.0,0.0,False,0.0,0.0,161,4,201.0,0,False,,,0.0
NS302965,NV103673,NC202965,2026-01-27,ON,14795,0.13,True,Lender A (Prime),9.09,84.0,1800.0,17018.0,138.0,True,2100.0,1092.0,False,0.0,0.0,148,4,205.0,0,False,,,0.0
NS302966,NV103674,NC202966,2025-03-07,PE,13495,0.15,False,,,,,,0.0,False,0.0,0.0,False,0.0,0.0,1777,5,997.0,795,False,,,0.0
NS302967,NV103675,NC202967,2024-10-18,ON,13095,0.13,True,Lender B (Prime),8.35,72.0,700.0,14097.0,234.0,False,0.0,0.0,False,0.0,0.0,554,4,473.0,395,False,,,0.0
NS302968,NV103676,NC202968,2024-09-22,ON,16295,0.13,False,,,,,,0.0,False,0.0,0.0,False,0.0,0.0,157,2,199.0,0,False,,,0.0
NS302969,NV103677,NC202969,2026-05-31,AB,16795,0.05,True,Lender A (Prime),7.36,60.0,700.0,20085.0,293.0,True,3150.0,1638.0,False,0.0,0.0,310,4,283.0,395,False,,,0.0
NS302970,NV103678,NC202970,2026-03-22,ON,25995,0.13,True,Lender C (Near-Prime),15.26,60.0,4900.0,25524.0,208.0,False,0.0,0.0,True,1050.0,420.0,3864,9,1797.0,1395,False,,,0.0
NS302971,NV103679,NC202971,2025-11-26,ON,11995,0.13,True,Lender A (Prime),8.15,60.0,800.0,12754.0,223.0,False,0.0,0.0,False,0.0,0.0,171,4,212.0,0,False,,,0.0
NS302972,NV103680,NC202972,2025-09-20,ON,15495,0.13,True,Lender D (Subprime),16.32,72.0,1600.0,19209.0,330.0,True,2000.0,1040.0,True,1300.0,520.0,157,2,186.0,0,False,,,0.0
NS302973,NV103682,NC202973,2026-09-18,BC,10895,0.12,True,Lender B (Prime),7.38,60.0,1300.0,12752.0,151.0,True,1850.0,962.0,False,0.0,0.0,4169,10,2338.0,1395,False,,,0.0
NS302974,NV103684,NC202974,2025-08-07,ON,46395,0.13,False,,,,,,0.0,True,3150.0,1638.0,False,0.0,0.0,133,2,201.0,0,False,,,0.0
NS302975,NV103685,NC202975,2026-09-05,ON,16295,0.13,False,,,,,,0.0,True,3400.0,1768.0,False,0.0,0.0,163,3,200.0,0,False,,,0.0
NS302976,NV103686,NC202976,2026-08-17,ON,37395,0.13,False,,,,,,0.0,False,0.0,0.0,False,0.0,0.0,680,3,429.0,395,False,,,0.0
NS302977,NV103687,NC202977,2025-08-10,BC,21095,0.12,False,,,,,,0.0,True,2650.0,1378.0,False,0.0,0.0,751,4,504.0,395,False,,,0.0
NS302978,NV103688,NC202978,2025-07-09,AB,15695,0.05,True,Lender A (Prime),9.03,84.0,900.0,15580.0,279.0,False,0.0,0.0,False,0.0,0.0,240,4,255.0,0,False,,,0.0
NS302979,NV103689,NC202979,2025-03-13,NB,14395,0.15,False,,,,,,0.0,False,0.0,0.0,False,0.0,0.0,4829,9,2808.0,1395,False,,,0.0
NS302980,NV103690,NC202980,2024-06-07,ON,11595,0.13,False,,,,,,0.0,True,1850.0,962.0,False,0.0,0.0,169,2,197.0,0,False,,,0.0
NS302981,NV103694,NC202981,2026-06-17,ON,13995,0.13,True,Lender C (Near-Prime),14.96,60.0,900.0,14914.0,227.0,False,0.0,0.0,False,0.0,0.0,151,3,202.0,0,False,,,0.0
NS302982,NV103695,NC202982,2026-05-21,NS,34895,0.14,False,,,,,,0.0,False,0.0,0.0,False,0.0,0.0,1822,5,914.0,795,False,,,0.0
NS302983,NV103696,NC202983,2025-05-15,BC,25295,0.12,True,Lender B (Prime),8.66,60.0,2200.0,26130.0,402.0,False,0.0,0.0,False,0.0,0.0,4450,9,2489.0,1395,False,,,0.0
NS302984,NV103697,NC202984,2025-05-18,ON,17495,0.13,True,Lender D (Subprime),16.16,72.0,2300.0,17469.0,236.0,False,0.0,0.0,False,0.0,0.0,157,2,211.0,0,False,,,0.0
NS302985,NV103698,NC202985,2026-05-02,ON,13995,0.13,True,Lender C (Near-Prime),13.04,72.0,1500.0,16114.0,146.0,True,1800.0,936.0,False,0.0,0.0,138,3,193.0,0,False,,,0.0
NS302986,NV103699,NC202986,2026-06-01,NS,20595,0.14,False,,,,,,0.0,False,0.0,0.0,False,0.0,0.0,4117,10,2292.0,1395,True,2026-06-07,Found another vehicle,4119.0
NS302987,NV103700,NC202987,2025-05-18,ON,23295,0.13,True,Lender B (Prime),8.31,72.0,700.0,26573.0,476.0,False,0.0,0.0,True,950.0,380.0,145,4,199.0,0,False,,,0.0
NS302988,NV103701,NC202988,2026-06-16,QC,21495,0.14975,True,Lender C (Near-Prime),13.35,72.0,1800.0,22914.0,134.0,False,0.0,0.0,False,0.0,0.0,606,3,445.0,395,False,,,0.0
NS302989,NV103704,NC202989,2026-09-06,NS,15195,0.14,True,Lender B (Prime),7.69,60.0,2500.0,17822.0,282.0,True,3000.0,1560.0,False,0.0,0.0,1709,4,1110.0,795,False,,,0.0
NS302990,NV103705,NC202990,2025-05-07,BC,15895,0.12,False,,,,,,0.0,False,0.0,0.0,False,0.0,0.0,4877,11,2519.0,1395,False,,,0.0
NS302991,NV103706,NC202991,2024-10-20,ON,21095,0.13,True,Lender A (Prime),8.59,72.0,2500.0,23287.0,433.0,True,1950.0,1014.0,False,0.0,0.0,147,2,196.0,0,False,,,0.0
NS302992,NV103708,NC202992,2026-01-31,ON,28695,0.13,True,Lender B (Prime),6.72,60.0,4700.0,30775.0,477.0,True,3050.0,1586.0,False,0.0,0.0,3235,7,1557.0,1395,False,,,0.0
NS302993,NV103709,NC202993,2024-09-05,QC,31295,0.14975,False,,,,,,0.0,True,2150.0,1118.0,False,0.0,0.0,591,3,402.0,395,False,,,0.0
NS302994,NV103710,NC202994,2024-03-05,ON,11795,0.13,False,,,,,,0.0,True,3150.0,1638.0,False,0.0,0.0,3526,8,1938.0,1395,False,,,0.0
NS302995,NV103711,NC202995,2025-10-24,ON,23395,0.13,True,Lender D (Subprime),20.67,72.0,1000.0,25436.0,241.0,False,0.0,0.0,False,0.0,0.0,160,3,195.0,0,False,,,0.0
NS302996,NV103715,NC202996,2025-05-24,MB,11895,0.12,True,Lender B (Prime),8.51,72.0,800.0,14772.0,177.0,True,2250.0,1170.0,False,0.0,0.0,2274,5,1290.0,795,False,,,0.0
NS302997,NV103716,NC202997,2024-07-06,QC,18395,0.14975,False,,,,,,0.0,False,0.0,0.0,False,0.0,0.0,492,2,376.0,395,False,,,0.0
NS302998,NV103717,NC202998,2025-06-19,MB,20395,0.12,False,,,,,,0.0,False,0.0,0.0,False,0.0,0.0,1917,6,958.0,795,False,,,0.0
NS302999,NV103719,NC202999,2026-09-10,ON,22195,0.13,True,Lender A (Prime),8.01,84.0,4200.0,20880.0,206.0,False,0.0,0.0,False,0.0,0.0,156,3,218.0,0,False,,,0.0
NS303000,NV103720,NC203000,2025-10-12,BC,25895,0.12,True,Lender B (Prime),9.2,60.0,2400.0,29252.0,304.0,True,2650.0,1378.0,False,0.0,0.0,741,4,509.0,395,False,,,0.0
NS303001,NV103721,NC203001,2025-05-22,AB,24595,0.05,True,Lender C (Near-Prime),12.57,60.0,200.0,26825.0,311.0,False,0.0,0.0,True,1200.0,480.0,290,2,251.0,0,False,,,0.0
NS303002,NV103722,NC203002,2026-08-23,NS,18995,0.14,True,Lender C (Near-Prime),12.21,48.0,3300.0,21054.0,184.0,True,2700.0,1404.0,False,0.0,0.0,2046,5,1035.0,795,False,,,0.0
NS303003,NV103723,NC203003,2024-06-05,AB,20495,0.05,True,Lender A (Prime),8.09,48.0,1600.0,21770.0,290.0,True,1850.0,962.0,False,0.0,0.0,256,4,262.0,0,False,,,0.0
NS303004,NV103724,NC203004,2025-12-11,ON,20795,0.13,True,Lender C (Near-Prime),10.5,48.0,2400.0,21098.0,236.0,False,0.0,0.0,False,0.0,0.0,137,2,187.0,0,False,,,0.0
NS303005,NV103725,NC203005,2024-10-14,ON,30695,0.13,False,,,,,,0.0,False,0.0,0.0,False,0.0,0.0,3147,8,1784.0,1395,False,,,0.0
NS303006,NV103726,NC203006,2025-10-02,ON,30095,0.13,True,Lender A (Prime),9.25,84.0,1900.0,35157.0,514.0,True,3050.0,1586.0,False,0.0,0.0,156,2,208.0,0,True,2025-10-05,Vehicle condition not as expected,1556.0
NS303007,NV103727,NC203007,2026-07-02,ON,13295,0.13,True,Lender A (Prime),6.95,84.0,1400.0,14673.0,151.0,False,0.0,0.0,True,1050.0,420.0,127,3,184.0,0,False,,,0.0
NS303008,NV103729,NC203008,2026-02-02,ON,22495,0.13,True,Lender D (Subprime),20.83,60.0,600.0,24819.0,322.0,False,0.0,0.0,False,0.0,0.0,151,3,197.0,0,False,,,0.0
NS303009,NV103730,NC203009,2026-03-22,QC,23595,0.14975,True,Lender D (Subprime),19.41,60.0,3200.0,23928.0,147.0,False,0.0,0.0,False,0.0,0.0,4061,8,2355.0,1395,False,,,0.0
NS303010,NV103732,NC203010,2025-12-03,ON,16595,0.13,True,Lender B (Prime),9.35,84.0,500.0,18252.0,280.0,False,0.0,0.0,False,0.0,0.0,147,3,208.0,0,False,,,0.0
NS303011,NV103733,NC203011,2026-07-28,BC,25895,0.12,True,Lender D (Subprime),22.7,60.0,1700.0,27302.0,374.0,False,0.0,0.0,False,0.0,0.0,5092,10,2623.0,1395,False,,,0.0
NS303012,NV103734,NC203012,2026-04-26,ON,15295,0.13,False,,,,,,0.0,False,0.0,0.0,False,0.0,0.0,500,4,359.0,395,True,2026-05-04,Vehicle condition not as expected,1406.0
NS303013,NV103735,NC203013,2024-03-17,AB,23695,0.05,True,Lender C (Near-Prime),12.51,60.0,3500.0,21380.0,362.0,False,0.0,0.0,False,0.0,0.0,280,3,248.0,0,False,,,0.0
NS303014,NV103736,NC203014,2025-02-18,BC,25295,0.12,True,Lender A (Prime),7.63,60.0,5000.0,23330.0,287.0,False,0.0,0.0,False,0.0,0.0,5196,9,2979.0,1395,False,,,0.0
NS303015,NV103737,NC203015,2026-06-05,ON,28295,0.13,True,Lender C (Near-Prime),15.0,84.0,5100.0,26873.0,418.0,False,0.0,0.0,False,0.0,0.0,167,4,206.0,0,False,,,0.0
NS303016,NV103738,NC203016,2026-08-05,SK,29595,0.11,True,Lender B (Prime),8.31,84.0,2600.0,32250.0,342.0,True,2000.0,1040.0,False,0.0,0.0,2767,7,1481.0,1395,False,,,0.0
NS303017,NV103739,NC203017,2026-01-15,ON,20495,0.13,True,Lender C (Near-Prime),11.51,72.0,3400.0,19759.0,146.0,False,0.0,0.0,False,0.0,0.0,740,3,564.0,395,True,2026-01-24,Vehicle condition not as expected,1811.0
NS303018,NV103740,NC203018,2025-04-30,AB,24295,0.05,False,,,,,,0.0,False,0.0,0.0,False,0.0,0.0,3884,8,2128.0,1395,True,2025-05-08,Financing fell through,3567.0
NS303019,NV103741,NC203019,2026-05-08,AB,17195,0.05,True,Lender D (Subprime),17.85,48.0,2900.0,16305.0,291.0,False,0.0,0.0,True,1150.0,460.0,300,2,254.0,0,False,,,0.0
NS303020,NV103742,NC203020,2024-03-26,ON,19195,0.13,True,Lender C (Near-Prime),12.03,84.0,2600.0,21240.0,129.0,True,2150.0,1118.0,False,0.0,0.0,154,4,199.0,0,False,,,0.0
NS303021,NV103743,NC203021,2024-03-06,ON,29795,0.13,True,Lender B (Prime),8.29,48.0,4000.0,29668.0,270.0,False,0.0,0.0,False,0.0,0.0,132,3,181.0,0,False,,,0.0
NS303022,NV103744,NC203022,2024-02-09,BC,26795,0.12,False,,,,,,0.0,True,1800.0,936.0,True,1200.0,480.0,3761,9,2041.0,1395,False,,,0.0
NS303023,NV103746,NC203023,2026-02-26,BC,17795,0.12,False,,,,,,0.0,False,0.0,0.0,True,750.0,300.0,4251,10,2299.0,1395,False,,,0.0
NS303024,NV103747,NC203024,2024-03-09,ON,36895,0.13,False,,,,,,0.0,True,1250.0,650.0,False,0.0,0.0,141,2,202.0,0,False,,,0.0
NS303025,NV103750,NC203025,2024-03-12,ON,38295,0.13,False,,,,,,0.0,True,2600.0,1352.0,False,0.0,0.0,154,4,190.0,0,False,,,0.0
NS303026,NV103752,NC203026,2026-02-03,ON,11795,0.13,True,Lender D (Subprime),23.0,84.0,600.0,12728.0,232.0,False,0.0,0.0,False,0.0,0.0,519,4,365.0,395,False,,,0.0
NS303027,NV103754,NC203027,2026-01-11,ON,23195,0.13,True,Lender B (Prime),7.6,60.0,3500.0,25810.0,185.0,True,3100.0,1612.0,False,0.0,0.0,125,3,180.0,0,False,,,0.0
NS303028,NV103755,NC203028,2025-04-28,ON,19295,0.13,False,,,,,,0.0,False,0.0,0.0,False,0.0,0.0,148,4,186.0,0,False,,,0.0
NS303029,NV103757,NC203029,2024-10-28,ON,12995,0.13,False,,,,,,0.0,False,0.0,0.0,False,0.0,0.0,3410,9,1710.0,1395,False,,,0.0
NS303030,NV103758,NC203030,2024-05-12,MB,17395,0.12,True,Lender C (Near-Prime),15.02,72.0,1500.0,19932.0,147.0,True,1950.0,1014.0,False,0.0,0.0,2005,5,1140.0,795,False,,,0.0
NS303031,NV103759,NC203031,2025-11-14,ON,32295,0.13,True,Lender B (Prime),7.75,72.0,4300.0,33343.0,289.0,False,0.0,0.0,True,1150.0,460.0,146,2,191.0,0,False,,,0.0
NS303032,NV103760,NC203032,2024-06-27,ON,23495,0.13,True,Lender A (Prime),7.86,60.0,2900.0,25399.0,371.0,True,1750.0,910.0,False,0.0,0.0,145,3,211.0,0,False,,,0.0
NS303033,NV103761,NC203033,2025-05-25,ON,41795,0.13,True,Lender A (Prime),8.18,72.0,3300.0,43928.0,730.0,False,0.0,0.0,False,0.0,0.0,505,4,360.0,395,False,,,0.0
NS303034,NV103762,NC203034,2024-08-19,ON,27995,0.13,True,Lender D (Subprime),19.03,72.0,500.0,31134.0,279.0,False,0.0,0.0,False,0.0,0.0,553,4,396.0,395,True,2024-08-23,Mechanical issue,1762.0
NS303035,NV103764,NC203035,2026-06-11,AB,9995,0.05,False,,,,,,0.0,False,0.0,0.0,False,0.0,0.0,273,3,275.0,0,False,,,0.0
NS303036,NV103765,NC203036,2025-05-03,MB,17595,0.12,True,Lender B (Prime),6.58,60.0,1000.0,20006.0,103.0,True,1300.0,676.0,False,0.0,0.0,2071,5,1119.0,795,False,,,0.0
NS303037,NV103766,NC203037,2024-03-07,ON,27195,0.13,True,Lender A (Prime),8.61,72.0,800.0,30680.0,283.0,False,0.0,0.0,True,750.0,300.0,160,3,205.0,0,False,,,0.0
NS303038,NV103767,NC203038,2025-06-09,ON,18895,0.13,False,,,,,,0.0,True,3050.0,1586.0,False,0.0,0.0,620,3,424.0,395,False,,,0.0
NS303039,NV103768,NC203039,2025-08-25,ON,14695,0.13,False,,,,,,0.0,False,0.0,0.0,False,0.0,0.0,160,4,189.0,0,False,,,0.0
NS303040,NV103769,NC203040,2025-10-17,ON,18295,0.13,True,Lender A (Prime),7.59,84.0,2300.0,20523.0,319.0,True,2150.0,1118.0,False,0.0,0.0,145,4,194.0,0,False,,,0.0
NS303041,NV103770,NC203041,2025-08-01,ON,10195,0.13,True,Lender A (Prime),7.21,72.0,500.0,11020.0,162.0,False,0.0,0.0,False,0.0,0.0,155,2,212.0,0,False,,,0.0
NS303042,NV103771,NC203042,2026-01-03,ON,16295,0.13,False,,,,,,0.0,False,0.0,0.0,False,0.0,0.0,509,4,386.0,395,False,,,0.0
NS303043,NV103772,NC203043,2026-06-01,BC,12595,0.12,True,Lender A (Prime),8.04,84.0,1200.0,16006.0,309.0,True,3100.0,1612.0,False,0.0,0.0,775,3,545.0,395,False,,,0.0
NS303044,NV103773,NC203044,2025-07-17,MB,23495,0.12,True,Lender B (Prime),8.38,60.0,200.0,26114.0,403.0,False,0.0,0.0,False,0.0,0.0,2009,5,1113.0,795,False,,,0.0
NS303045,NV103774,NC203045,2024-12-21,ON,17895,0.13,True,Lender D (Subprime),19.76,84.0,2300.0,17921.0,147.0,False,0.0,0.0,False,0.0,0.0,153,3,203.0,0,False,,,0.0
NS303046,NV103775,NC203046,2026-01-25,AB,21195,0.05,False,,,,,,0.0,False,0.0,0.0,False,0.0,0.0,316,4,299.0,395,True,2026-02-03,Changed mind,2085.0
NS303047,NV103776,NC203047,2026-01-13,ON,20895,0.13,True,Lender C (Near-Prime),11.94,48.0,2500.0,21111.0,197.0,False,0.0,0.0,False,0.0,0.0,159,3,212.0,0,False,,,0.0
NS303048,NV103777,NC203048,2025-06-19,ON,38395,0.13,True,Lender C (Near-Prime),11.65,48.0,7100.0,36286.0,321.0,False,0.0,0.0,False,0.0,0.0,144,3,207.0,0,False,,,0.0
NS303049,NV103778,NC203049,2025-05-28,SK,21595,0.11,True,Lender D (Subprime),18.86,72.0,1400.0,22570.0,125.0,False,0.0,0.0,False,0.0,0.0,868,3,486.0,395,False,,,0.0
NS303050,NV103779,NC203050,2025-09-16,QC,10595,0.14975,True,Lender C (Near-Prime),11.09,84.0,1200.0,10982.0,101.0,False,0.0,0.0,False,0.0,0.0,555,2,432.0,395,False,,,0.0
NS303051,NV103780,NC203051,2026-01-25,MB,36395,0.12,False,,,,,,0.0,True,1400.0,728.0,False,0.0,0.0,2304,6,1257.0,795,False,,,0.0
NS303052,NV103781,NC203052,2025-03-16,BC,42195,0.12,False,,,,,,0.0,False,0.0,0.0,False,0.0,0.0,4652,9,2304.0,1395,False,,,0.0
NS303053,NV103784,NC203053,2024-07-11,AB,30095,0.05,True,Lender C (Near-Prime),12.19,48.0,500.0,33450.0,364.0,True,2350.0,1222.0,False,0.0,0.0,4113,9,2230.0,1395,False,,,0.0
NS303054,NV103785,NC203054,2024-02-04,ON,29195,0.13,True,Lender A (Prime),6.55,84.0,3200.0,31840.0,245.0,True,2050.0,1066.0,False,0.0,0.0,572,3,416.0,395,False,,,0.0
NS303055,NV103786,NC203055,2026-06-05,QC,14295,0.14975,True,Lender D (Subprime),20.41,60.0,1400.0,16036.0,280.0,False,0.0,0.0,True,1000.0,400.0,3917,8,1926.0,1395,True,2026-06-11,Vehicle condition not as expected,4010.0
NS303056,NV103790,NC203056,2025-10-22,ON,16395,0.13,False,,,,,,0.0,False,0.0,0.0,False,0.0,0.0,148,2,189.0,0,False,,,0.0
NS303057,NV103791,NC203057,2025-05-26,BC,10195,0.12,False,,,,,,0.0,False,0.0,0.0,False,0.0,0.0,3967,8,1950.0,1395,False,,,0.0
NS303058,NV103792,NC203058,2025-02-15,MB,19195,0.12,True,Lender B (Prime),7.22,72.0,2200.0,21848.0,247.0,True,2550.0,1326.0,False,0.0,0.0,1816,6,1154.0,795,False,,,0.0
NS303059,NV103793,NC203059,2024-12-07,QC,14495,0.14975,False,,,,,,0.0,False,0.0,0.0,False,0.0,0.0,207,4,219.0,0,False,,,0.0
NS303060,NV103794,NC203060,2024-03-30,MB,18395,0.12,True,Lender B (Prime),8.39,72.0,900.0,19702.0,117.0,False,0.0,0.0,False,0.0,0.0,2476,6,1482.0,795,False,,,0.0
NS303061,NV103795,NC203061,2025-02-01,NB,10595,0.15,True,Lender D (Subprime),17.54,60.0,300.0,14834.0,101.0,True,2950.0,1534.0,False,0.0,0.0,1433,4,776.0,795,False,,,0.0
NS303062,NV103796,NC203062,2025-05-09,ON,34495,0.13,False,,,,,,0.0,False,0.0,0.0,False,0.0,0.0,123,4,189.0,0,False,,,0.0
NS303063,NV103797,NC203063,2024-04-22,ON,20495,0.13,True,Lender C (Near-Prime),12.46,72.0,2100.0,21059.0,115.0,False,0.0,0.0,False,0.0,0.0,157,3,194.0,0,False,,,0.0
NS303064,NV103798,NC203064,2024-10-23,ON,18495,0.13,True,Lender C (Near-Prime),15.52,48.0,1500.0,21549.0,233.0,True,2150.0,1118.0,False,0.0,0.0,143,2,194.0,0,False,,,0.0
NS303065,NV103799,NC203065,2024-11-02,ON,31095,0.13,True,Lender C (Near-Prime),14.07,60.0,5500.0,32237.0,334.0,True,2600.0,1352.0,False,0.0,0.0,162,4,190.0,0,True,2024-11-03,Changed mind,1569.0
NS303066,NV103800,NC203066,2024-08-03,ON,33695,0.13,True,Lender C (Near-Prime),11.82,60.0,6400.0,34925.0,693.0,True,1900.0,988.0,True,1350.0,540.0,547,2,391.0,395,False,,,0.0
NS303067,NV103801,NC203067,2025-06-30,MB,29995,0.12,True,Lender B (Prime),9.25,84.0,4200.0,29394.0,167.0,False,0.0,0.0,False,0.0,0.0,2457,7,1437.0,795,False,,,0.0
NS303068,NV103802,NC203068,2026-05-06,ON,10995,0.13,False,,,,,,0.0,True,3300.0,1716.0,False,0.0,0.0,3345,9,1817.0,1395,False,,,0.0
NS303069,NV103803,NC203069,2026-07-24,BC,25495,0.12,True,Lender A (Prime),6.67,60.0,4000.0,25354.0,493.0,False,0.0,0.0,True,800.0,320.0,704,5,470.0,395,False,,,0.0
NS303070,NV103804,NC203070,2025-08-31,NB,26595,0.15,True,Lender D (Subprime),20.93,72.0,3300.0,27284.0,209.0,False,0.0,0.0,False,0.0,0.0,5374,10,2744.0,1395,False,,,0.0
NS303071,NV103805,NC203071,2026-05-30,AB,15095,0.05,True,Lender B (Prime),7.4,72.0,100.0,16650.0,249.0,False,0.0,0.0,True,900.0,360.0,301,4,275.0,395,False,,,0.0
NS303072,NV103806,NC203072,2025-07-13,AB,12995,0.05,False,,,,,,0.0,True,1700.0,884.0,False,0.0,0.0,292,2,277.0,0,False,,,0.0
NS303073,NV103807,NC203073,2026-02-10,ON,22895,0.13,True,Lender C (Near-Prime),10.5,84.0,1000.0,24871.0,350.0,False,0.0,0.0,False,0.0,0.0,161,4,208.0,0,False,,,0.0
NS303074,NV103809,NC203074,2026-02-23,ON,10895,0.13,False,,,,,,0.0,False,0.0,0.0,False,0.0,0.0,150,3,201.0,0,False,,,0.0
NS303075,NV103811,NC203075,2024-11-13,ON,19995,0.13,True,Lender B (Prime),7.35,84.0,3600.0,22094.0,357.0,True,1950.0,1014.0,True,1150.0,460.0,147,2,201.0,0,False,,,0.0
NS303076,NV103812,NC203076,2025-06-10,ON,17995,0.13,True,Lender A (Prime),8.04,72.0,500.0,22084.0,404.0,True,1350.0,702.0,True,900.0,360.0,489,3,411.0,395,False,,,0.0
NS303077,NV103813,NC203077,2025-09-29,BC,13195,0.12,True,Lender D (Subprime),18.04,72.0,1900.0,14678.0,235.0,True,1800.0,936.0,False,0.0,0.0,800,5,604.0,395,True,2025-10-06,Vehicle condition not as expected,1967.0
NS303078,NV103814,NC203078,2024-11-10,SK,27595,0.11,True,Lender C (Near-Prime),11.93,84.0,5300.0,25330.0,328.0,False,0.0,0.0,False,0.0,0.0,671,3,476.0,395,False,,,0.0
NS303079,NV103815,NC203079,2026-08-05,ON,16595,0.13,False,,,,,,0.0,False,0.0,0.0,False,0.0,0.0,126,2,184.0,0,False,,,0.0
NS303080,NV103816,NC203080,2025-03-08,QC,14895,0.14975,True,Lender B (Prime),8.71,72.0,900.0,18126.0,162.0,True,1900.0,988.0,False,0.0,0.0,586,3,448.0,395,False,,,0.0
NS303081,NV103818,NC203081,2026-03-15,ON,14095,0.13,True,Lender B (Prime),7.66,60.0,2000.0,17127.0,130.0,True,3200.0,1664.0,False,0.0,0.0,3576,9,2401.0,1395,False,,,0.0
NS303082,NV103819,NC203082,2025-01-17,ON,16595,0.13,True,Lender C (Near-Prime),13.08,72.0,1100.0,17652.0,349.0,False,0.0,0.0,False,0.0,0.0,152,3,192.0,0,False,,,0.0
NS303083,NV103820,NC203083,2024-12-20,ON,28095,0.13,True,Lender D (Subprime),18.07,48.0,1100.0,31897.0,389.0,True,1250.0,650.0,False,0.0,0.0,531,2,402.0,395,False,,,0.0
NS303084,NV103821,NC203084,2026-08-27,AB,11095,0.05,False,,,,,,0.0,True,1700.0,884.0,False,0.0,0.0,3563,9,1907.0,1395,False,,,0.0
NS303085,NV103822,NC203085,2026-02-01,BC,8695,0.12,True,Lender B (Prime),6.5,60.0,1600.0,8138.0,156.0,False,0.0,0.0,False,0.0,0.0,706,5,545.0,395,False,,,0.0
NS303086,NV103823,NC203086,2024-07-15,ON,27795,0.13,True,Lender A (Prime),9.16,72.0,800.0,30608.0,520.0,False,0.0,0.0,False,0.0,0.0,170,2,215.0,0,True,2024-07-21,Financing fell through,2265.0
NS303087,NV103824,NC203087,2025-10-17,ON,23595,0.13,True,Lender A (Prime),10.08,72.0,2200.0,24462.0,374.0,False,0.0,0.0,False,0.0,0.0,151,2,206.0,0,True,2025-10-19,Vehicle condition not as expected,2487.0
NS303088,NV103826,NC203088,2026-09-07,QC,12395,0.14975,True,Lender B (Prime),9.23,84.0,2200.0,12051.0,94.0,False,0.0,0.0,False,0.0,0.0,559,2,443.0,395,False,,,0.0
NS303089,NV103827,NC203089,2025-09-17,AB,10895,0.05,True,Lender D (Subprime),20.47,60.0,800.0,10640.0,185.0,False,0.0,0.0,False,0.0,0.0,315,3,284.0,395,False,,,0.0
NS303090,NV103828,NC203090,2025-11-25,MB,21495,0.12,False,,,,,,0.0,False,0.0,0.0,False,0.0,0.0,1365,6,834.0,795,False,,,0.0
NS303091,NV103829,NC203091,2025-05-24,ON,25195,0.13,True,Lender A (Prime),9.24,60.0,1100.0,30620.0,309.0,True,3250.0,1690.0,False,0.0,0.0,146,2,202.0,0,False,,,0.0
NS303092,NV103830,NC203092,2026-06-18,ON,13195,0.13,False,,,,,,0.0,True,2450.0,1274.0,False,0.0,0.0,557,3,421.0,395,False,,,0.0
NS303093,NV103831,NC203093,2026-03-13,AB,32195,0.05,True,Lender B (Prime),9.28,72.0,2100.0,34705.0,355.0,True,3000.0,1560.0,False,0.0,0.0,300,2,279.0,0,False,,,0.0
NS303094,NV103832,NC203094,2025-02-05,ON,27795,0.13,True,Lender D (Subprime),21.16,60.0,1800.0,29608.0,470.0,False,0.0,0.0,False,0.0,0.0,3441,7,1830.0,1395,True,2025-02-11,Vehicle condition not as expected,3430.0
NS303095,NV103835,NC203095,2025-06-28,ON,12595,0.13,False,,,,,,0.0,False,0.0,0.0,False,0.0,0.0,662,3,481.0,395,False,,,0.0
NS303096,NV103839,NC203096,2026-02-22,ON,10695,0.13,True,Lender A (Prime),7.21,84.0,1400.0,14335.0,279.0,True,2750.0,1430.0,True,900.0,360.0,575,3,441.0,395,False,,,0.0
NS303097,NV103840,NC203097,2025-06-02,QC,14295,0.14975,True,Lender D (Subprime),23.01,72.0,1600.0,17536.0,177.0,True,2700.0,1404.0,False,0.0,0.0,228,2,232.0,0,False,,,0.0
NS303098,NV103841,NC203098,2026-03-25,ON,24995,0.13,True,Lender C (Near-Prime),15.2,48.0,1900.0,26344.0,367.0,False,0.0,0.0,False,0.0,0.0,160,4,199.0,0,False,,,0.0
NS303099,NV103842,NC203099,2025-07-16,AB,27695,0.05,True,Lender B (Prime),9.38,84.0,3600.0,25480.0,334.0,False,0.0,0.0,False,0.0,0.0,297,3,271.0,0,False,,,0.0
NS303100,NV103843,NC203100,2025-04-29,ON,36695,0.13,True,Lender B (Prime),8.7,60.0,2700.0,38765.0,587.0,False,0.0,0.0,False,0.0,0.0,183,4,213.0,0,False,,,0.0
NS303101,NV103844,NC203101,2026-09-06,AB,12895,0.05,True,Lender B (Prime),9.75,48.0,900.0,15340.0,229.0,True,2700.0,1404.0,False,0.0,0.0,3142,7,1817.0,1395,False,,,0.0
NS303102,NV103845,NC203102,2025-08-23,BC,21295,0.12,True,Lender D (Subprime),15.74,48.0,2700.0,21150.0,328.0,False,0.0,0.0,False,0.0,0.0,711,4,476.0,395,False,,,0.0
NS303103,NV103846,NC203103,2026-03-26,ON,19995,0.13,True,Lender A (Prime),9.46,84.0,3300.0,19294.0,369.0,False,0.0,0.0,False,0.0,0.0,136,2,186.0,0,False,,,0.0
NS303104,NV103847,NC203104,2025-04-15,ON,19795,0.13,True,Lender D (Subprime),17.02,60.0,2900.0,19468.0,333.0,False,0.0,0.0,False,0.0,0.0,160,3,211.0,0,False,,,0.0
NS303105,NV103848,NC203105,2025-07-12,MB,17895,0.12,True,Lender B (Prime),7.96,72.0,2100.0,17942.0,244.0,False,0.0,0.0,False,0.0,0.0,1601,6,1019.0,795,False,,,0.0
NS303106,NV103851,NC203106,2026-05-10,MB,16595,0.12,True,Lender C (Near-Prime),11.56,72.0,800.0,17786.0,194.0,False,0.0,0.0,False,0.0,0.0,2098,5,1323.0,795,False,,,0.0
NS303107,NV103852,NC203107,2026-01-11,NS,16395,0.14,True,Lender B (Prime),7.24,60.0,2100.0,19890.0,319.0,True,2500.0,1300.0,True,800.0,320.0,1867,4,1083.0,795,False,,,0.0
NS303108,NV103853,NC203108,2026-05-12,QC,19195,0.14975,False,,,,,,0.0,False,0.0,0.0,False,0.0,0.0,207,3,231.0,0,False,,,0.0
NS303109,NV103854,NC203109,2026-02-06,BC,36495,0.12,True,Lender B (Prime),8.66,72.0,2900.0,37974.0,751.0,False,0.0,0.0,False,0.0,0.0,724,4,505.0,395,False,,,0.0
NS303110,NV103855,NC203110,2026-07-03,BC,11895,0.12,True,Lender A (Prime),8.43,60.0,1100.0,12972.0,203.0,False,0.0,0.0,True,750.0,300.0,646,4,487.0,395,False,,,0.0
NS303111,NV103857,NC203111,2026-05-10,NB,10795,0.15,False,,,,,,0.0,False,0.0,0.0,False,0.0,0.0,4220,10,2215.0,1395,False,,,0.0
NS303112,NV103858,NC203112,2025-10-20,ON,28795,0.13,True,Lender C (Near-Prime),13.46,84.0,5400.0,30338.0,541.0,True,3200.0,1664.0,False,0.0,0.0,131,2,199.0,0,False,,,0.0
NS303113,NV103859,NC203113,2026-05-26,AB,12995,0.05,True,Lender D (Subprime),19.68,60.0,1600.0,13495.0,180.0,True,1450.0,754.0,False,0.0,0.0,263,3,237.0,0,False,,,0.0
NS303114,NV103861,NC203114,2025-03-16,ON,21395,0.13,True,Lender B (Prime),9.35,48.0,2600.0,21576.0,339.0,False,0.0,0.0,False,0.0,0.0,137,3,183.0,0,False,,,0.0
NS303115,NV103862,NC203115,2026-09-07,MB,20595,0.12,True,Lender D (Subprime),16.53,72.0,1100.0,24316.0,238.0,True,1400.0,728.0,True,950.0,380.0,2058,7,1280.0,795,False,,,0.0
NS303116,NV103863,NC203116,2024-08-16,ON,38395,0.13,False,,,,,,0.0,True,2200.0,1144.0,False,0.0,0.0,647,2,491.0,395,False,,,0.0
NS303117,NV103864,NC203117,2025-12-10,ON,13695,0.13,True,Lender C (Near-Prime),13.49,48.0,1800.0,13675.0,90.0,False,0.0,0.0,False,0.0,0.0,133,2,187.0,0,False,,,0.0
NS303118,NV103865,NC203118,2025-04-20,SK,20995,0.11,True,Lender D (Subprime),21.64,84.0,1300.0,22004.0,151.0,False,0.0,0.0,False,0.0,0.0,780,5,508.0,395,False,,,0.0
NS303119,NV103866,NC203119,2025-06-28,ON,10995,0.13,True,Lender A (Prime),6.7,60.0,1400.0,12924.0,244.0,True,1900.0,988.0,False,0.0,0.0,129,4,180.0,0,False,,,0.0
NS303120,NV103868,NC203120,2026-08-30,ON,18895,0.13,True,Lender B (Prime),6.92,48.0,1100.0,24551.0,444.0,True,3350.0,1742.0,True,950.0,380.0,142,3,183.0,0,False,,,0.0
NS303121,NV103870,NC203121,2025-11-03,ON,13795,0.13,True,Lender D (Subprime),18.39,60.0,500.0,17938.0,214.0,True,2850.0,1482.0,False,0.0,0.0,166,4,216.0,0,False,,,0.0
NS303122,NV103872,NC203122,2025-06-05,ON,15895,0.13,False,,,,,,0.0,False,0.0,0.0,False,0.0,0.0,635,2,436.0,395,False,,,0.0
NS303123,NV103873,NC203123,2025-09-26,ON,12695,0.13,True,Lender C (Near-Prime),14.37,72.0,100.0,17495.0,320.0,True,3250.0,1690.0,False,0.0,0.0,156,4,196.0,0,False,,,0.0
NS303124,NV103874,NC203124,2025-07-23,ON,26695,0.13,True,Lender D (Subprime),21.07,84.0,4600.0,28315.0,347.0,True,2000.0,1040.0,True,750.0,300.0,143,3,207.0,0,False,,,0.0
NS303125,NV103875,NC203125,2026-02-24,NL,10895,0.15,False,,,,,,0.0,False,0.0,0.0,False,0.0,0.0,6298,12,4157.0,1395,True,2026-02-28,Mechanical issue,4969.0
NS303126,NV103876,NC203126,2025-09-07,ON,23095,0.13,False,,,,,,0.0,False,0.0,0.0,False,0.0,0.0,146,4,201.0,0,False,,,0.0
NS303127,NV103877,NC203127,2024-08-04,MB,45395,0.12,True,Lender C (Near-Prime),13.33,84.0,2900.0,51842.0,813.0,True,2800.0,1456.0,True,1100.0,440.0,2769,8,1917.0,1395,False,,,0.0
NS303128,NV103880,NC203128,2025-09-01,AB,19995,0.05,True,Lender D (Subprime),20.39,60.0,2200.0,18795.0,211.0,False,0.0,0.0,False,0.0,0.0,2944,6,1660.0,1395,False,,,0.0
NS303129,NV103881,NC203129,2024-12-02,ON,23895,0.13,True,Lender A (Prime),7.13,60.0,1600.0,25401.0,323.0,False,0.0,0.0,False,0.0,0.0,124,3,179.0,0,False,,,0.0
NS303130,NV103882,NC203130,2026-01-20,PE,14095,0.15,True,Lender A (Prime),7.89,72.0,600.0,16909.0,99.0,True,1300.0,676.0,False,0.0,0.0,1770,5,1118.0,795,False,,,0.0
NS303131,NV103883,NC203131,2025-03-07,ON,39295,0.13,True,Lender D (Subprime),21.87,72.0,4800.0,40953.0,280.0,False,0.0,0.0,True,1350.0,540.0,141,3,192.0,0,False,,,0.0
NS303132,NV103884,NC203132,2026-06-04,ON,25795,0.13,False,,,,,,0.0,True,2150.0,1118.0,False,0.0,0.0,3307,7,1762.0,1395,False,,,0.0
NS303133,NV103886,NC203133,2024-05-19,ON,40795,0.13,False,,,,,,0.0,False,0.0,0.0,False,0.0,0.0,128,4,196.0,0,False,,,0.0
NS303134,NV103887,NC203134,2026-07-12,ON,27095,0.13,True,Lender B (Prime),7.4,84.0,2800.0,28767.0,548.0,False,0.0,0.0,True,950.0,380.0,151,4,200.0,0,False,,,0.0
NS303135,NV103888,NC203135,2025-07-05,ON,13495,0.13,False,,,,,,0.0,True,1450.0,754.0,False,0.0,0.0,535,3,387.0,395,False,,,0.0
NS303136,NV103889,NC203136,2025-09-21,ON,18195,0.13,True,Lender D (Subprime),20.45,60.0,100.0,20460.0,111.0,False,0.0,0.0,False,0.0,0.0,155,4,191.0,0,False,,,0.0
NS303137,NV103890,NC203137,2024-07-05,ON,19295,0.13,True,Lender D (Subprime),19.95,60.0,3800.0,19353.0,315.0,True,1350.0,702.0,False,0.0,0.0,3408,7,1954.0,1395,False,,,0.0
NS303138,NV103891,NC203138,2024-04-27,BC,35995,0.12,True,Lender A (Prime),9.23,72.0,2800.0,40164.0,696.0,True,2650.0,1378.0,False,0.0,0.0,615,4,448.0,395,False,,,0.0
NS303139,NV103892,NC203139,2026-07-08,BC,12795,0.12,True,Lender C (Near-Prime),10.5,84.0,2000.0,12330.0,75.0,False,0.0,0.0,False,0.0,0.0,783,4,452.0,395,False,,,0.0
NS303140,NV103893,NC203140,2025-07-28,ON,10595,0.13,True,Lender C (Near-Prime),10.5,60.0,1000.0,10972.0,195.0,False,0.0,0.0,False,0.0,0.0,555,4,379.0,395,False,,,0.0
NS303141,NV103894,NC203141,2024-12-22,ON,21395,0.13,True,Lender D (Subprime),21.81,72.0,2800.0,23276.0,329.0,True,1900.0,988.0,False,0.0,0.0,145,3,189.0,0,False,,,0.0
NS303142,NV103895,NC203142,2026-05-07,ON,46895,0.13,False,,,,,,0.0,True,2100.0,1092.0,False,0.0,0.0,159,4,195.0,0,False,,,0.0
NS303143,NV103896,NC203143,2026-01-09,ON,17895,0.13,True,Lender C (Near-Prime),13.39,60.0,1200.0,19021.0,96.0,False,0.0,0.0,False,0.0,0.0,161,3,214.0,0,False,,,0.0
NS303144,NV103897,NC203144,2026-05-20,AB,18495,0.05,True,Lender B (Prime),9.53,60.0,2800.0,16620.0,198.0,False,0.0,0.0,False,0.0,0.0,3458,7,1842.0,1395,False,,,0.0
NS303145,NV103898,NC203145,2025-09-16,NL,12895,0.15,True,Lender C (Near-Prime),12.71,60.0,1500.0,15979.0,193.0,True,2650.0,1378.0,False,0.0,0.0,3312,7,2546.0,1395,False,,,0.0
NS303146,NV103899,NC203146,2025-07-15,ON,14895,0.13,True,Lender D (Subprime),17.17,84.0,600.0,16231.0,161.0,False,0.0,0.0,False,0.0,0.0,560,3,387.0,395,False,,,0.0
NS303147,NV103900,NC203147,2026-05-24,ON,19895,0.13,False,,,,,,0.0,False,0.0,0.0,False,0.0,0.0,3410,7,1635.0,1395,False,,,0.0
NS303148,NV103901,NC203148,2025-12-07,ON,21595,0.13,True,Lender C (Near-Prime),14.99,72.0,1000.0,23402.0,442.0,False,0.0,0.0,False,0.0,0.0,158,3,207.0,0,False,,,0.0
NS303149,NV103902,NC203149,2025-12-11,ON,30995,0.13,False,,,,,,0.0,True,2650.0,1378.0,False,0.0,0.0,142,3,188.0,0,False,,,0.0
NS303150,NV103903,NC203150,2025-03-31,AB,35295,0.05,True,Lender A (Prime),8.94,60.0,7100.0,29960.0,553.0,False,0.0,0.0,False,0.0,0.0,321,3,278.0,395,False,,,0.0
NS303151,NV103904,NC203151,2025-09-14,QC,19095,0.14975,False,,,,,,0.0,True,2000.0,1040.0,False,0.0,0.0,612,3,468.0,395,False,,,0.0
NS303152,NV103905,NC203152,2025-06-28,BC,11195,0.12,True,Lender A (Prime),8.45,60.0,300.0,14138.0,91.0,True,1900.0,988.0,False,0.0,0.0,4596,11,2982.0,1395,True,2025-07-05,Financing fell through,3934.0
NS303153,NV103906,NC203153,2025-05-24,ON,35595,0.13,True,Lender A (Prime),8.37,60.0,1800.0,41472.0,662.0,True,3050.0,1586.0,False,0.0,0.0,144,2,195.0,0,False,,,0.0
NS303154,NV103909,NC203154,2025-04-10,AB,11195,0.05,True,Lender D (Subprime),20.06,48.0,1300.0,11355.0,101.0,False,0.0,0.0,True,900.0,360.0,3439,9,1873.0,1395,False,,,0.0
NS303155,NV103910,NC203155,2026-09-09,ON,26395,0.13,True,Lender D (Subprime),19.98,72.0,2300.0,30576.0,229.0,True,2100.0,1092.0,True,950.0,380.0,149,2,192.0,0,False,,,0.0
NS303156,NV103911,NC203156,2026-06-04,ON,26895,0.13,True,Lender C (Near-Prime),13.61,60.0,600.0,32741.0,184.0,True,2950.0,1534.0,False,0.0,0.0,174,2,227.0,0,False,,,0.0
NS303157,NV103912,NC203157,2024-07-10,BC,11495,0.12,False,,,,,,0.0,True,2400.0,1248.0,False,0.0,0.0,661,4,420.0,395,False,,,0.0
NS303158,NV103915,NC203158,2026-09-06,QC,14795,0.14975,False,,,,,,0.0,True,1950.0,1014.0,False,0.0,0.0,233,2,234.0,0,False,,,0.0
NS303159,NV103917,NC203159,2025-07-20,AB,20795,0.05,True,Lender A (Prime),8.27,72.0,1200.0,20635.0,301.0,False,0.0,0.0,False,0.0,0.0,283,2,279.0,0,True,2025-07-26,Mechanical issue,1998.0
NS303160,NV103918,NC203160,2026-07-17,ON,21595,0.13,True,Lender B (Prime),7.69,72.0,1900.0,23352.0,415.0,False,0.0,0.0,True,850.0,340.0,128,3,210.0,0,False,,,0.0
NS303161,NV103919,NC203161,2025-05-25,MB,23095,0.12,True,Lender A (Prime),9.26,48.0,1800.0,24066.0,205.0,False,0.0,0.0,False,0.0,0.0,2065,7,1280.0,795,True,2025-05-31,Vehicle condition not as expected,2550.0
NS303162,NV103923,NC203162,2025-05-22,QC,16295,0.14975,True,Lender B (Prime),6.81,60.0,1300.0,18735.0,336.0,False,0.0,0.0,True,1300.0,520.0,542,3,355.0,395,False,,,0.0
NS303163,NV103928,NC203163,2024-07-18,BC,22295,0.12,True,Lender D (Subprime),16.93,48.0,500.0,27170.0,436.0,True,1300.0,676.0,True,1400.0,560.0,732,5,605.0,395,False,,,0.0
NS303164,NV103929,NC203164,2025-01-14,QC,18695,0.14975,True,Lender C (Near-Prime),10.5,60.0,800.0,20695.0,287.0,False,0.0,0.0,False,0.0,0.0,577,4,437.0,395,False,,,0.0
NS303165,NV103930,NC203165,2025-07-17,NS,23995,0.14,True,Lender C (Near-Prime),11.95,72.0,1000.0,29704.0,368.0,True,3350.0,1742.0,False,0.0,0.0,1868,6,1087.0,795,False,,,0.0
NS303166,NV103931,NC203166,2024-05-26,NS,23895,0.14,True,Lender A (Prime),8.17,72.0,2000.0,25240.0,372.0,False,0.0,0.0,False,0.0,0.0,4394,10,2392.0,1395,False,,,0.0
NS303167,NV103932,NC203167,2026-07-09,ON,22595,0.13,True,Lender C (Near-Prime),11.7,60.0,1200.0,24332.0,377.0,False,0.0,0.0,False,0.0,0.0,3589,8,2273.0,1395,False,,,0.0
NS303168,NV103933,NC203168,2026-04-29,ON,23395,0.13,True,Lender C (Near-Prime),13.94,84.0,1500.0,27736.0,438.0,True,2050.0,1066.0,True,750.0,300.0,167,2,199.0,0,False,,,0.0
NS303169,NV103934,NC203169,2025-08-01,ON,18995,0.13,True,Lender C (Near-Prime),12.55,84.0,2500.0,22814.0,222.0,True,2800.0,1456.0,True,1050.0,420.0,574,4,394.0,395,False,,,0.0
NS303170,NV103935,NC203170,2025-10-28,ON,16595,0.13,False,,,,,,0.0,True,3250.0,1690.0,False,0.0,0.0,3274,9,1761.0,1395,True,2025-10-31,Changed mind,3127.0
NS303171,NV103936,NC203171,2026-02-05,QC,18895,0.14975,True,Lender C (Near-Prime),12.5,60.0,600.0,21125.0,187.0,False,0.0,0.0,False,0.0,0.0,521,3,436.0,395,False,,,0.0
NS303172,NV103937,NC203172,2024-04-01,SK,16295,0.11,True,Lender C (Near-Prime),11.28,60.0,1500.0,18737.0,196.0,True,2150.0,1118.0,False,0.0,0.0,2609,6,1543.0,1395,False,,,0.0
NS303173,NV103938,NC203173,2025-06-07,AB,19795,0.05,True,Lender D (Subprime),19.13,72.0,2000.0,21085.0,220.0,True,2300.0,1196.0,False,0.0,0.0,275,3,265.0,0,False,,,0.0
NS303174,NV103939,NC203174,2025-07-10,SK,22595,0.11,True,Lender C (Near-Prime),12.99,72.0,1600.0,26680.0,360.0,True,3200.0,1664.0,False,0.0,0.0,748,4,470.0,395,False,,,0.0
NS303175,NV103940,NC203175,2024-03-10,ON,18295,0.13,True,Lender A (Prime),8.8,84.0,700.0,19973.0,225.0,False,0.0,0.0,False,0.0,0.0,3242,6,1796.0,1395,False,,,0.0
NS303176,NV103941,NC203176,2024-07-22,ON,18495,0.13,True,Lender A (Prime),9.27,84.0,1100.0,22049.0,366.0,True,2250.0,1170.0,False,0.0,0.0,3302,9,1653.0,1395,False,,,0.0
NS303177,NV103943,NC203177,2026-09-22,ON,18895,0.13,True,Lender C (Near-Prime),14.27,60.0,2500.0,19751.0,205.0,False,0.0,0.0,True,900.0,360.0,139,4,214.0,0,False,,,0.0
NS303178,NV103945,NC203178,2026-07-06,BC,24395,0.12,True,Lender D (Subprime),16.92,72.0,1100.0,27172.0,229.0,False,0.0,0.0,True,950.0,380.0,4202,10,2020.0,1395,False,,,0.0
NS303179,NV103946,NC203179,2024-12-20,AB,26595,0.05,False,,,,,,0.0,False,0.0,0.0,False,0.0,0.0,372,2,306.0,395,False,,,0.0
NS303180,NV103949,NC203180,2026-01-02,BC,33495,0.12,False,,,,,,0.0,False,0.0,0.0,False,0.0,0.0,4818,11,2510.0,1395,False,,,0.0
NS303181,NV103950,NC203181,2025-05-12,NS,20595,0.14,False,,,,,,0.0,False,0.0,0.0,False,0.0,0.0,1951,7,1250.0,795,False,,,0.0
NS303182,NV103951,NC203182,2026-08-21,BC,20795,0.12,True,Lender A (Prime),9.14,72.0,1900.0,21390.0,218.0,False,0.0,0.0,False,0.0,0.0,657,5,459.0,395,False,,,0.0
NS303183,NV103952,NC203183,2026-07-18,AB,23895,0.05,True,Lender C (Near-Prime),12.4,84.0,2300.0,24790.0,137.0,True,2000.0,1040.0,False,0.0,0.0,291,2,286.0,0,False,,,0.0
NS303184,NV103953,NC203184,2025-10-15,ON,14395,0.13,False,,,,,,0.0,False,0.0,0.0,False,0.0,0.0,164,3,221.0,0,False,,,0.0
NS303185,NV103954,NC203185,2025-07-14,ON,24495,0.13,True,Lender D (Subprime),16.87,72.0,2200.0,25479.0,262.0,False,0.0,0.0,False,0.0,0.0,144,4,195.0,0,False,,,0.0
NS303186,NV103955,NC203186,2025-11-19,ON,30095,0.13,False,,,,,,0.0,False,0.0,0.0,False,0.0,0.0,588,4,431.0,395,False,,,0.0
NS303187,NV103956,NC203187,2026-01-30,BC,13695,0.12,True,Lender A (Prime),7.54,72.0,1000.0,16838.0,223.0,True,2500.0,1300.0,False,0.0,0.0,5029,10,2886.0,1395,False,,,0.0
NS303188,NV103957,NC203188,2024-12-08,ON,20295,0.13,False,,,,,,0.0,False,0.0,0.0,False,0.0,0.0,637,4,437.0,395,False,,,0.0
NS303189,NV103958,NC203189,2024-08-02,ON,29795,0.13,True,Lender D (Subprime),20.14,72.0,2700.0,35318.0,342.0,True,3050.0,1586.0,True,1300.0,520.0,140,3,202.0,0,False,,,0.0
NS303190,NV103959,NC203190,2026-03-14,ON,10295,0.13,True,Lender D (Subprime),20.86,60.0,200.0,13883.0,176.0,True,2450.0,1274.0,False,0.0,0.0,157,2,210.0,0,False,,,0.0
NS303191,NV103962,NC203191,2025-10-24,ON,37895,0.13,False,,,,,,0.0,True,2400.0,1248.0,False,0.0,0.0,180,4,205.0,0,True,2025-11-01,Changed mind,2592.0
NS303192,NV103963,NC203192,2024-09-17,ON,15795,0.13,True,Lender A (Prime),9.44,60.0,800.0,17048.0,95.0,False,0.0,0.0,False,0.0,0.0,144,3,187.0,0,False,,,0.0
NS303193,NV103964,NC203193,2025-09-11,AB,27595,0.05,True,Lender D (Subprime),18.97,60.0,200.0,30325.0,227.0,True,1550.0,806.0,False,0.0,0.0,261,4,269.0,0,False,,,0.0
NS303194,NV103966,NC203194,2024-04-08,NL,21795,0.15,True,Lender C (Near-Prime),14.12,72.0,2300.0,22764.0,247.0,False,0.0,0.0,False,0.0,0.0,3024,6,2150.0,1395,True,2024-04-11,Financing fell through,5159.0
NS303195,NV103967,NC203195,2026-04-29,ON,21795,0.13,True,Lender A (Prime),9.63,72.0,3100.0,24778.0,212.0,True,3250.0,1690.0,False,0.0,0.0,166,3,214.0,0,False,,,0.0
NS303196,NV103968,NC203196,2025-04-11,AB,34295,0.05,False,,,,,,0.0,False,0.0,0.0,False,0.0,0.0,314,3,301.0,395,True,2025-04-15,Financing fell through,1470.0
NS303197,NV103969,NC203197,2026-06-12,QC,20595,0.14975,False,,,,,,0.0,True,3200.0,1664.0,False,0.0,0.0,3029,6,1606.0,1395,False,,,0.0
NS303198,NV103970,NC203198,2025-06-03,SK,23995,0.11,False,,,,,,0.0,False,0.0,0.0,False,0.0,0.0,2714,8,1522.0,1395,False,,,0.0
NS303199,NV103971,NC203199,2025-11-18,ON,27195,0.13,True,Lender A (Prime),9.43,72.0,3800.0,26930.0,444.0,False,0.0,0.0,False,0.0,0.0,153,4,197.0,0,False,,,0.0
NS303200,NV103972,NC203200,2025-02-14,ON,15495,0.13,True,Lender B (Prime),7.42,72.0,3000.0,14509.0,272.0,False,0.0,0.0,False,0.0,0.0,146,3,188.0,0,False,,,0.0
NS303201,NV103974,NC203201,2024-07-11,BC,40895,0.12,True,Lender C (Near-Prime),10.5,84.0,6300.0,39502.0,213.0,False,0.0,0.0,False,0.0,0.0,4548,10,2488.0,1395,False,,,0.0
NS303202,NV103975,NC203202,2025-09-04,ON,13895,0.13,False,,,,,,0.0,True,1750.0,910.0,False,0.0,0.0,143,3,208.0,0,False,,,0.0
NS303203,NV103976,NC203203,2025-11-04,NB,21795,0.15,False,,,,,,0.0,True,2050.0,1066.0,False,0.0,0.0,4259,9,2640.0,1395,False,,,0.0
NS303204,NV103977,NC203204,2025-02-11,ON,22295,0.13,True,Lender B (Prime),7.18,60.0,1900.0,23293.0,346.0,False,0.0,0.0,False,0.0,0.0,458,4,346.0,395,False,,,0.0
NS303205,NV103978,NC203205,2025-05-30,ON,23095,0.13,True,Lender A (Prime),7.36,60.0,4600.0,24647.0,316.0,True,1900.0,988.0,True,1250.0,500.0,609,4,433.0,395,False,,,0.0
NS303206,NV103979,NC203206,2026-09-29,ON,33395,0.13,True,Lender C (Near-Prime),13.46,84.0,5300.0,32436.0,268.0,False,0.0,0.0,False,0.0,0.0,139,3,178.0,0,False,,,0.0
NS303207,NV103980,NC203207,2025-09-12,NS,35695,0.14,False,,,,,,0.0,False,0.0,0.0,False,0.0,0.0,1563,5,776.0,795,False,,,0.0
NS303208,NV103981,NC203208,2026-06-16,MB,27395,0.12,True,Lender A (Prime),5.9,60.0,1300.0,31532.0,177.0,True,2150.0,1118.0,False,0.0,0.0,2279,5,1475.0,795,False,,,0.0
NS303209,NV103982,NC203209,2026-09-05,AB,13495,0.05,False,,,,,,0.0,True,2650.0,1378.0,False,0.0,0.0,327,4,283.0,395,False,,,0.0
NS303210,NV103983,NC203210,2025-08-16,ON,26195,0.13,True,Lender D (Subprime),19.16,60.0,4500.0,28100.0,410.0,True,3000.0,1560.0,False,0.0,0.0,3228,8,1836.0,1395,False,,,0.0
NS303211,NV103984,NC203211,2026-06-04,ON,30995,0.13,True,Lender D (Subprime),23.03,72.0,400.0,34624.0,225.0,False,0.0,0.0,False,0.0,0.0,3126,7,1644.0,1395,False,,,0.0
NS303212,NV103985,NC203212,2024-04-17,ON,21395,0.13,True,Lender B (Prime),9.2,48.0,3100.0,21076.0,233.0,False,0.0,0.0,False,0.0,0.0,156,3,219.0,0,False,,,0.0
NS303213,NV103987,NC203213,2025-07-29,ON,15895,0.13,True,Lender D (Subprime),19.53,72.0,2000.0,16661.0,211.0,False,0.0,0.0,True,700.0,280.0,595,3,440.0,395,True,2025-07-31,Mechanical issue,1644.0
NS303214,NV103988,NC203214,2025-01-20,ON,22895,0.13,True,Lender C (Near-Prime),14.11,84.0,2600.0,26471.0,284.0,True,3200.0,1664.0,False,0.0,0.0,137,4,175.0,0,False,,,0.0
NS303215,NV103989,NC203215,2024-06-15,ON,12195,0.13,True,Lender D (Subprime),19.71,72.0,1000.0,12780.0,83.0,False,0.0,0.0,False,0.0,0.0,134,2,195.0,0,False,,,0.0
NS303216,NV103990,NC203216,2025-06-28,BC,22395,0.12,False,,,,,,0.0,False,0.0,0.0,False,0.0,0.0,3765,9,2170.0,1395,False,,,0.0
NS303217,NV103991,NC203217,2025-09-23,ON,21195,0.13,True,Lender A (Prime),8.63,84.0,3100.0,23900.0,444.0,True,3050.0,1586.0,False,0.0,0.0,3686,8,1781.0,1395,False,,,0.0
NS303218,NV103992,NC203218,2026-06-30,ON,39195,0.13,True,Lender D (Subprime),18.73,84.0,3000.0,41290.0,801.0,False,0.0,0.0,False,0.0,0.0,152,3,219.0,0,False,,,0.0
NS303219,NV103994,NC203219,2025-03-22,ON,9495,0.13,True,Lender B (Prime),7.88,72.0,900.0,9829.0,95.0,False,0.0,0.0,False,0.0,0.0,3705,9,2059.0,1395,False,,,0.0
NS303220,NV103996,NC203220,2025-08-08,BC,31995,0.12,False,,,,,,0.0,True,2800.0,1456.0,False,0.0,0.0,669,5,413.0,395,False,,,0.0
NS303221,NV103999,NC203221,2024-03-23,ON,12495,0.13,True,Lender D (Subprime),19.6,72.0,2400.0,11719.0,111.0,False,0.0,0.0,False,0.0,0.0,122,4,189.0,0,False,,,0.0
NS303222,NV104000,NC203222,2024-10-20,ON,34095,0.13,True,Lender A (Prime),8.43,60.0,2700.0,39027.0,255.0,True,3200.0,1664.0,False,0.0,0.0,158,3,205.0,0,False,,,0.0
NS303223,NV104001,NC203223,2025-11-10,ON,16695,0.13,False,,,,,,0.0,False,0.0,0.0,False,0.0,0.0,167,2,207.0,0,False,,,0.0
NS303224,NV104002,NC203224,2025-07-31,BC,32595,0.12,True,Lender A (Prime),7.89,72.0,5900.0,30606.0,235.0,False,0.0,0.0,False,0.0,0.0,6050,12,3366.0,1395,False,,,0.0
NS303225,NV104003,NC203225,2024-07-16,MB,35595,0.12,True,Lender A (Prime),10.02,72.0,3000.0,38866.0,614.0,True,2000.0,1040.0,False,0.0,0.0,2769,8,1737.0,1395,False,,,0.0
NS303226,NV104004,NC203226,2025-06-03,AB,22695,0.05,False,,,,,,0.0,False,0.0,0.0,False,0.0,0.0,285,4,268.0,0,False,,,0.0
NS303227,NV104005,NC203227,2025-08-08,AB,37495,0.05,False,,,,,,0.0,False,0.0,0.0,False,0.0,0.0,248,2,272.0,0,False,,,0.0
NS303228,NV104007,NC203228,2024-05-02,NL,20495,0.15,True,Lender B (Prime),8.75,60.0,3900.0,19669.0,106.0,False,0.0,0.0,False,0.0,0.0,3239,6,2268.0,1395,False,,,0.0
NS303229,NV104008,NC203229,2026-06-29,AB,16095,0.05,True,Lender A (Prime),10.06,60.0,3100.0,16700.0,193.0,True,2900.0,1508.0,False,0.0,0.0,3676,8,2114.0,1395,False,,,0.0
NS303230,NV104010,NC203230,2026-04-30,ON,17395,0.13,False,,,,,,0.0,True,2300.0,1196.0,False,0.0,0.0,3638,7,1811.0,1395,True,2026-05-09,Changed mind,3676.0
NS303231,NV104011,NC203231,2024-08-20,MB,24795,0.12,True,Lender C (Near-Prime),14.57,60.0,2400.0,27270.0,223.0,True,1900.0,988.0,False,0.0,0.0,1587,4,961.0,795,False,,,0.0
NS303232,NV104012,NC203232,2026-08-17,ON,22695,0.13,True,Lender D (Subprime),21.08,60.0,4200.0,21445.0,336.0,False,0.0,0.0,False,0.0,0.0,571,3,407.0,395,False,,,0.0
NS303233,NV104014,NC203233,2024-03-14,ON,45195,0.13,False,,,,,,0.0,True,3250.0,1690.0,False,0.0,0.0,189,3,203.0,0,False,,,0.0
NS303234,NV104015,NC203234,2025-02-10,ON,20895,0.13,True,Lender A (Prime),9.08,72.0,3600.0,22411.0,365.0,True,2400.0,1248.0,False,0.0,0.0,147,4,191.0,0,False,,,0.0
NS303235,NV104016,NC203235,2024-06-14,NS,18495,0.14,True,Lender B (Prime),8.92,84.0,300.0,20784.0,284.0,False,0.0,0.0,False,0.0,0.0,1823,5,1144.0,795,False,,,0.0
NS303236,NV104018,NC203236,2026-08-27,BC,18495,0.12,True,Lender A (Prime),7.04,72.0,3500.0,17964.0,231.0,False,0.0,0.0,True,750.0,300.0,689,4,453.0,395,False,,,0.0
NS303237,NV104019,NC203237,2025-06-03,BC,32295,0.12,False,,,,,,0.0,True,3250.0,1690.0,False,0.0,0.0,4477,9,2416.0,1395,False,,,0.0
NS303238,NV104020,NC203238,2024-07-12,ON,21395,0.13,True,Lender C (Near-Prime),13.83,60.0,2500.0,23276.0,191.0,True,1600.0,832.0,False,0.0,0.0,122,3,187.0,0,False,,,0.0
NS303239,NV104023,NC203239,2026-08-07,ON,14695,0.13,True,Lender C (Near-Prime),13.13,48.0,800.0,18905.0,177.0,True,3100.0,1612.0,False,0.0,0.0,624,2,424.0,395,False,,,0.0
NS303240,NV104024,NC203240,2026-05-25,NB,15095,0.15,False,,,,,,0.0,True,1450.0,754.0,True,900.0,360.0,1515,6,981.0,795,False,,,0.0
NS303241,NV104025,NC203241,2026-08-25,NS,24795,0.14,True,Lender B (Prime),6.24,60.0,4800.0,26166.0,184.0,True,2700.0,1404.0,False,0.0,0.0,1264,5,665.0,795,False,,,0.0
NS303242,NV104026,NC203242,2026-08-07,ON,21795,0.13,True,Lender C (Near-Prime),11.39,84.0,1300.0,23328.0,200.0,False,0.0,0.0,False,0.0,0.0,138,2,192.0,0,False,,,0.0
NS303243,NV104027,NC203243,2026-04-13,PE,17795,0.15,False,,,,,,0.0,True,1650.0,858.0,False,0.0,0.0,1917,6,1221.0,795,True,2026-04-19,Vehicle condition not as expected,3444.0
NS303244,NV104028,NC203244,2026-05-10,AB,22395,0.05,True,Lender B (Prime),8.13,48.0,2300.0,21215.0,336.0,False,0.0,0.0,False,0.0,0.0,3240,8,1771.0,1395,False,,,0.0
NS303245,NV104029,NC203245,2024-02-22,AB,22295,0.05,True,Lender C (Near-Prime),12.79,84.0,3800.0,19610.0,212.0,False,0.0,0.0,False,0.0,0.0,331,3,271.0,395,False,,,0.0
NS303246,NV104032,NC203246,2025-12-08,ON,15595,0.13,False,,,,,,0.0,False,0.0,0.0,False,0.0,0.0,165,4,208.0,0,False,,,0.0
NS303247,NV104033,NC203247,2024-06-12,PE,18595,0.15,True,Lender B (Prime),6.26,60.0,3200.0,18184.0,309.0,False,0.0,0.0,False,0.0,0.0,1785,6,929.0,795,False,,,0.0
NS303248,NV104035,NC203248,2025-02-23,AB,22595,0.05,True,Lender B (Prime),8.32,60.0,2000.0,21725.0,367.0,False,0.0,0.0,False,0.0,0.0,275,2,265.0,0,False,,,0.0
NS303249,NV104036,NC203249,2026-02-06,NS,17195,0.14,True,Lender C (Near-Prime),12.68,48.0,900.0,20702.0,405.0,True,2000.0,1040.0,False,0.0,0.0,1986,6,1164.0,795,False,,,0.0
NS303250,NV104037,NC203250,2025-09-02,ON,23495,0.13,True,Lender A (Prime),7.83,72.0,2400.0,24149.0,310.0,False,0.0,0.0,False,0.0,0.0,541,2,375.0,395,False,,,0.0
NS303251,NV104038,NC203251,2025-12-02,ON,18195,0.13,False,,,,,,0.0,True,2550.0,1326.0,False,0.0,0.0,149,3,196.0,0,False,,,0.0
NS303252,NV104039,NC203252,2025-08-19,QC,11395,0.14975,True,Lender C (Near-Prime),11.24,72.0,1000.0,12901.0,172.0,False,0.0,0.0,True,800.0,320.0,3909,9,2335.0,1395,False,,,0.0
NS303253,NV104040,NC203253,2026-03-24,ON,22495,0.13,False,,,,,,0.0,False,0.0,0.0,False,0.0,0.0,160,3,197.0,0,False,,,0.0
NS303254,NV104041,NC203254,2026-03-21,MB,15095,0.12,True,Lender A (Prime),7.04,72.0,1600.0,15306.0,235.0,False,0.0,0.0,False,0.0,0.0,2211,5,1053.0,795,False,,,0.0
NS303255,NV104043,NC203255,2026-06-01,ON,36095,0.13,False,,,,,,0.0,True,2350.0,1222.0,False,0.0,0.0,166,4,209.0,0,False,,,0.0
NS303256,NV104044,NC203256,2025-05-04,ON,16395,0.13,True,Lender D (Subprime),20.29,48.0,2600.0,15926.0,217.0,False,0.0,0.0,False,0.0,0.0,594,2,474.0,395,False,,,0.0
NS303257,NV104045,NC203257,2024-09-06,NS,13795,0.14,True,Lender A (Prime),6.02,84.0,2600.0,13126.0,166.0,False,0.0,0.0,False,0.0,0.0,4101,8,2201.0,1395,True,2024-09-08,Vehicle condition not as expected,3927.0
NS303258,NV104046,NC203258,2026-05-19,ON,31495,0.13,True,Lender D (Subprime),19.92,60.0,2300.0,33289.0,641.0,False,0.0,0.0,False,0.0,0.0,164,2,206.0,0,False,,,0.0
NS303259,NV104047,NC203259,2025-08-08,ON,26795,0.13,True,Lender A (Prime),6.47,84.0,4300.0,25978.0,380.0,False,0.0,0.0,False,0.0,0.0,164,3,188.0,0,False,,,0.0
NS303260,NV104048,NC203260,2026-05-13,BC,24095,0.12,True,Lender A (Prime),7.57,72.0,4200.0,26236.0,380.0,True,2500.0,1300.0,True,950.0,380.0,729,4,525.0,395,False,,,0.0
NS303261,NV104049,NC203261,2024-10-27,ON,24295,0.13,True,Lender A (Prime),7.05,84.0,1900.0,25553.0,295.0,False,0.0,0.0,False,0.0,0.0,174,3,215.0,0,False,,,0.0
NS303262,NV104051,NC203262,2025-08-16,ON,22495,0.13,False,,,,,,0.0,True,2150.0,1118.0,False,0.0,0.0,149,4,191.0,0,False,,,0.0
NS303263,NV104052,NC203263,2026-01-03,SK,13495,0.11,True,Lender C (Near-Prime),13.46,72.0,700.0,15379.0,110.0,False,0.0,0.0,True,1100.0,440.0,782,5,513.0,395,False,,,0.0
NS303264,NV104053,NC203264,2025-10-22,ON,9895,0.13,True,Lender C (Near-Prime),13.55,60.0,1900.0,9281.0,63.0,False,0.0,0.0,False,0.0,0.0,2718,7,1388.0,1395,False,,,0.0
NS303265,NV104054,NC203265,2026-04-16,AB,27195,0.05,False,,,,,,0.0,False,0.0,0.0,False,0.0,0.0,3794,8,2133.0,1395,False,,,0.0
NS303266,NV104055,NC203266,2024-12-24,ON,28795,0.13,True,Lender A (Prime),8.55,72.0,2800.0,29738.0,548.0,False,0.0,0.0,False,0.0,0.0,653,3,444.0,395,False,,,0.0
NS303267,NV104056,NC203267,2026-07-19,NL,19495,0.15,True,Lender A (Prime),9.42,72.0,2400.0,21119.0,329.0,False,0.0,0.0,True,1100.0,440.0,3174,6,2080.0,1395,False,,,0.0
NS303268,NV104057,NC203268,2026-01-11,ON,14895,0.13,True,Lender D (Subprime),19.73,72.0,2900.0,16031.0,277.0,True,2100.0,1092.0,False,0.0,0.0,167,2,220.0,0,False,,,0.0
NS303269,NV104058,NC203269,2025-04-03,AB,30595,0.05,True,Lender C (Near-Prime),11.82,60.0,2800.0,29325.0,256.0,False,0.0,0.0,False,0.0,0.0,272,4,236.0,0,False,,,0.0
NS303270,NV104061,NC203270,2025-02-25,ON,17695,0.13,True,Lender C (Near-Prime),13.13,60.0,1800.0,19895.0,145.0,True,1700.0,884.0,False,0.0,0.0,2970,6,1763.0,1395,False,,,0.0
NS303271,NV104062,NC203271,2024-08-02,ON,14395,0.13,True,Lender A (Prime),8.96,72.0,1100.0,15166.0,288.0,False,0.0,0.0,False,0.0,0.0,154,4,202.0,0,True,2024-08-09,Mechanical issue,2308.0
NS303272,NV104063,NC203272,2026-04-20,AB,18095,0.05,True,Lender C (Near-Prime),13.11,60.0,2900.0,16100.0,231.0,False,0.0,0.0,False,0.0,0.0,299,3,312.0,0,False,,,0.0
NS303273,NV104064,NC203273,2025-11-25,ON,16495,0.13,True,Lender A (Prime),10.43,72.0,500.0,18139.0,320.0,False,0.0,0.0,False,0.0,0.0,589,3,371.0,395,False,,,0.0
NS303274,NV104065,NC203274,2025-04-03,AB,28295,0.05,True,Lender B (Prime),8.48,72.0,4200.0,25510.0,196.0,False,0.0,0.0,False,0.0,0.0,303,4,268.0,395,False,,,0.0
NS303275,NV104066,NC203275,2025-04-21,ON,43595,0.13,True,Lender A (Prime),10.21,60.0,1800.0,50762.0,662.0,True,3300.0,1716.0,False,0.0,0.0,134,2,179.0,0,False,,,0.0
NS303276,NV104067,NC203276,2026-01-28,ON,33095,0.13,True,Lender B (Prime),7.57,72.0,5000.0,34697.0,199.0,True,2300.0,1196.0,False,0.0,0.0,143,2,192.0,0,False,,,0.0
NS303277,NV104068,NC203277,2025-03-08,AB,23595,0.05,False,,,,,,0.0,False,0.0,0.0,False,0.0,0.0,249,3,270.0,0,False,,,0.0
NS303278,NV104069,NC203278,2024-12-20,ON,28695,0.13,False,,,,,,0.0,False,0.0,0.0,False,0.0,0.0,137,4,196.0,0,False,,,0.0
NS303279,NV104070,NC203279,2025-08-10,AB,33395,0.05,True,Lender B (Prime),9.86,72.0,6400.0,28665.0,229.0,False,0.0,0.0,False,0.0,0.0,244,2,238.0,0,False,,,0.0
NS303280,NV104071,NC203280,2025-07-24,ON,23095,0.13,False,,,,,,0.0,True,3400.0,1768.0,False,0.0,0.0,133,4,194.0,0,False,,,0.0
NS303281,NV104074,NC203281,2025-06-01,SK,28895,0.11,True,Lender B (Prime),8.41,72.0,900.0,31173.0,582.0,False,0.0,0.0,False,0.0,0.0,920,4,619.0,395,False,,,0.0
NS303282,NV104075,NC203282,2026-08-22,ON,13795,0.13,False,,,,,,0.0,False,0.0,0.0,False,0.0,0.0,148,4,188.0,0,False,,,0.0
NS303283,NV104076,NC203283,2026-06-03,ON,21395,0.13,True,Lender A (Prime),8.41,72.0,1700.0,26376.0,510.0,True,3000.0,1560.0,True,900.0,360.0,3229,6,1851.0,1395,False,,,0.0
NS303284,NV104077,NC203284,2026-04-28,AB,27295,0.05,False,,,,,,0.0,True,3100.0,1612.0,False,0.0,0.0,327,2,279.0,395,False,,,0.0
NS303285,NV104078,NC203285,2026-06-21,ON,19595,0.13,True,Lender D (Subprime),21.14,84.0,1500.0,22342.0,129.0,True,1700.0,884.0,False,0.0,0.0,556,4,359.0,395,False,,,0.0
NS303286,NV104079,NC203286,2025-04-07,ON,10795,0.13,True,Lender A (Prime),7.09,72.0,600.0,13648.0,223.0,True,2050.0,1066.0,False,0.0,0.0,602,2,472.0,395,False,,,0.0
NS303287,NV104080,NC203287,2024-05-14,AB,27395,0.05,True,Lender D (Subprime),23.02,48.0,1700.0,27065.0,522.0,False,0.0,0.0,False,0.0,0.0,287,4,258.0,0,False,,,0.0
NS303288,NV104081,NC203288,2024-12-07,ON,28295,0.13,True,Lender C (Near-Prime),13.98,72.0,4600.0,29123.0,284.0,True,1750.0,910.0,False,0.0,0.0,3555,7,2268.0,1395,False,,,0.0
NS303289,NV104082,NC203289,2026-07-12,ON,23595,0.13,True,Lender C (Near-Prime),13.98,72.0,2700.0,25262.0,460.0,True,1300.0,676.0,False,0.0,0.0,169,3,216.0,0,False,,,0.0
NS303290,NV104083,NC203290,2025-05-16,ON,42295,0.13,True,Lender A (Prime),7.63,48.0,7200.0,40593.0,215.0,False,0.0,0.0,False,0.0,0.0,142,4,192.0,0,False,,,0.0
NS303291,NV104084,NC203291,2026-07-28,ON,13395,0.13,False,,,,,,0.0,False,0.0,0.0,False,0.0,0.0,496,2,372.0,395,False,,,0.0
NS303292,NV104085,NC203292,2025-09-29,ON,10295,0.13,False,,,,,,0.0,False,0.0,0.0,False,0.0,0.0,610,2,465.0,395,False,,,0.0
NS303293,NV104087,NC203293,2025-09-09,ON,22495,0.13,True,Lender C (Near-Prime),13.89,48.0,4200.0,21219.0,178.0,False,0.0,0.0,False,0.0,0.0,150,2,214.0,0,False,,,0.0
NS303294,NV104090,NC203294,2024-08-26,BC,22695,0.12,True,Lender D (Subprime),19.23,72.0,4000.0,21418.0,165.0,False,0.0,0.0,False,0.0,0.0,806,3,549.0,395,False,,,0.0
NS303295,NV104091,NC203295,2026-01-06,AB,17595,0.05,False,,,,,,0.0,False,0.0,0.0,False,0.0,0.0,232,3,237.0,0,False,,,0.0
NS303296,NV104092,NC203296,2026-01-21,BC,13695,0.12,True,Lender C (Near-Prime),14.61,72.0,1500.0,16588.0,286.0,True,2750.0,1430.0,False,0.0,0.0,5405,12,2488.0,1395,False,,,0.0
NS303297,NV104094,NC203297,2025-03-18,QC,23695,0.14975,False,,,,,,0.0,True,3400.0,1768.0,False,0.0,0.0,611,2,428.0,395,False,,,0.0
NS303298,NV104096,NC203298,2026-08-05,AB,12295,0.05,True,Lender C (Near-Prime),12.63,72.0,1200.0,13810.0,75.0,True,2100.0,1092.0,False,0.0,0.0,3100,7,1771.0,1395,False,,,0.0
NS303299,NV104097,NC203299,2024-11-28,AB,21395,0.05,True,Lender D (Subprime),16.55,84.0,2700.0,21815.0,136.0,True,2050.0,1066.0,False,0.0,0.0,4119,10,1911.0,1395,False,,,0.0
NS303300,NV104098,NC203300,2026-07-19,BC,32195,0.12,True,Lender C (Near-Prime),15.2,60.0,3400.0,32658.0,387.0,False,0.0,0.0,False,0.0,0.0,726,5,470.0,395,False,,,0.0
NS303301,NV104099,NC203301,2026-07-25,ON,27895,0.13,False,,,,,,0.0,False,0.0,0.0,False,0.0,0.0,138,3,195.0,0,False,,,0.0
NS303302,NV104100,NC203302,2025-06-11,ON,17095,0.13,False,,,,,,0.0,False,0.0,0.0,False,0.0,0.0,3894,9,2074.0,1395,False,,,0.0
NS303303,NV104101,NC203303,2026-05-13,NS,19995,0.14,True,Lender D (Subprime),24.35,60.0,400.0,22394.0,240.0,False,0.0,0.0,False,0.0,0.0,4893,11,3072.0,1395,False,,,0.0
NS303304,NV104102,NC203304,2026-08-25,BC,18395,0.12,True,Lender A (Prime),8.08,72.0,1700.0,21852.0,109.0,True,2050.0,1066.0,True,900.0,360.0,4401,8,2332.0,1395,False,,,0.0
NS303305,NV104104,NC203305,2025-09-20,AB,17995,0.05,True,Lender A (Prime),8.6,60.0,2600.0,16295.0,308.0,False,0.0,0.0,False,0.0,0.0,272,4,265.0,0,False,,,0.0
NS303306,NV104106,NC203306,2026-06-18,ON,15095,0.13,True,Lender D (Subprime),19.37,84.0,2300.0,14757.0,230.0,False,0.0,0.0,False,0.0,0.0,152,3,203.0,0,False,,,0.0
NS303307,NV104107,NC203307,2026-06-08,AB,27595,0.05,False,,,,,,0.0,False,0.0,0.0,False,0.0,0.0,251,2,254.0,0,False,,,0.0
NS303308,NV104108,NC203308,2026-05-15,MB,37495,0.12,False,,,,,,0.0,True,1450.0,754.0,False,0.0,0.0,1491,5,873.0,795,False,,,0.0
NS303309,NV104110,NC203309,2026-02-18,ON,19195,0.13,True,Lender A (Prime),9.22,72.0,2000.0,19690.0,220.0,False,0.0,0.0,False,0.0,0.0,161,4,201.0,0,False,,,0.0
NS303310,NV104113,NC203310,2024-06-15,ON,13895,0.13,False,,,,,,0.0,False,0.0,0.0,False,0.0,0.0,643,2,459.0,395,False,,,0.0
NS303311,NV104114,NC203311,2025-10-24,ON,17995,0.13,False,,,,,,0.0,True,1300.0,676.0,False,0.0,0.0,152,3,206.0,0,True,2025-10-26,Vehicle condition not as expected,1822.0
NS303312,NV104115,NC203312,2026-07-04,QC,15695,0.14975,True,Lender B (Prime),8.95,72.0,1300.0,19645.0,344.0,True,2900.0,1508.0,False,0.0,0.0,592,4,414.0,395,False,,,0.0
NS303313,NV104116,NC203313,2025-08-07,SK,39795,0.11,True,Lender C (Near-Prime),13.93,60.0,100.0,44072.0,614.0,False,0.0,0.0,False,0.0,0.0,3177,7,1482.0,1395,False,,,0.0
NS303314,NV104117,NC203314,2025-01-25,QC,22995,0.14975,True,Lender C (Near-Prime),11.16,72.0,200.0,26239.0,298.0,False,0.0,0.0,False,0.0,0.0,500,4,418.0,395,False,,,0.0
NS303315,NV104118,NC203315,2024-06-15,ON,13595,0.13,False,,,,,,0.0,False,0.0,0.0,False,0.0,0.0,549,4,436.0,395,False,,,0.0
NS303316,NV104119,NC203316,2025-04-23,PE,20595,0.15,True,Lender C (Near-Prime),14.52,84.0,800.0,24884.0,494.0,True,2000.0,1040.0,False,0.0,0.0,5147,11,2731.0,1395,False,,,0.0
NS303317,NV104120,NC203317,2026-08-26,BC,15795,0.12,False,,,,,,0.0,False,0.0,0.0,False,0.0,0.0,670,4,510.0,395,False,,,0.0
NS303318,NV104121,NC203318,2024-10-09,ON,21995,0.13,True,Lender B (Prime),8.61,60.0,1700.0,25804.0,423.0,True,2650.0,1378.0,False,0.0,0.0,635,2,383.0,395,False,,,0.0
NS303319,NV104122,NC203319,2025-03-24,ON,21695,0.13,False,,,,,,0.0,True,3150.0,1638.0,False,0.0,0.0,169,2,200.0,0,False,,,0.0
NS303320,NV104123,NC203320,2025-04-23,ON,27795,0.13,True,Lender C (Near-Prime),13.39,72.0,500.0,30908.0,164.0,False,0.0,0.0,False,0.0,0.0,151,2,196.0,0,False,,,0.0
NS303321,NV104124,NC203321,2024-02-16,MB,26095,0.12,True,Lender B (Prime),6.88,72.0,2100.0,27126.0,370.0,False,0.0,0.0,False,0.0,0.0,1469,4,761.0,795,False,,,0.0
NS303322,NV104125,NC203322,2025-10-15,AB,15595,0.05,False,,,,,,0.0,False,0.0,0.0,False,0.0,0.0,3484,9,1729.0,1395,False,,,0.0
NS303323,NV104127,NC203323,2024-06-16,ON,9695,0.13,False,,,,,,0.0,False,0.0,0.0,False,0.0,0.0,163,2,215.0,0,False,,,0.0
NS303324,NV104128,NC203324,2026-08-22,MB,16495,0.12,False,,,,,,0.0,False,0.0,0.0,False,0.0,0.0,1163,5,739.0,795,False,,,0.0
NS303325,NV104130,NC203325,2025-03-19,ON,21695,0.13,True,Lender A (Prime),10.5,72.0,2900.0,25915.0,417.0,True,3350.0,1742.0,True,950.0,380.0,603,3,487.0,395,False,,,0.0
NS303326,NV104131,NC203326,2025-08-24,ON,36595,0.13,True,Lender B (Prime),7.97,60.0,1200.0,40952.0,474.0,False,0.0,0.0,True,800.0,320.0,132,4,184.0,0,False,,,0.0
NS303327,NV104132,NC203327,2025-11-17,AB,12995,0.05,True,Lender B (Prime),8.19,48.0,2400.0,13295.0,91.0,True,2050.0,1066.0,False,0.0,0.0,298,4,265.0,0,False,,,0.0
NS303328,NV104133,NC203328,2026-04-21,ON,35695,0.13,True,Lender C (Near-Prime),14.7,60.0,800.0,39535.0,697.0,False,0.0,0.0,False,0.0,0.0,135,4,197.0,0,False,,,0.0
NS303329,NV104134,NC203329,2025-11-20,ON,21395,0.13,True,Lender D (Subprime),18.71,60.0,1800.0,22376.0,423.0,False,0.0,0.0,False,0.0,0.0,183,3,210.0,0,False,,,0.0
NS303330,NV104135,NC203330,2025-06-24,ON,23595,0.13,True,Lender C (Near-Prime),14.9,84.0,500.0,27612.0,302.0,True,1450.0,754.0,False,0.0,0.0,624,4,460.0,395,False,,,0.0
NS303331,NV104136,NC203331,2026-07-18,ON,16295,0.13,False,,,,,,0.0,True,1250.0,650.0,False,0.0,0.0,143,2,184.0,0,False,,,0.0
NS303332,NV104137,NC203332,2026-04-12,AB,24595,0.05,True,Lender D (Subprime),21.67,60.0,4000.0,21825.0,161.0,False,0.0,0.0,False,0.0,0.0,258,3,252.0,0,False,,,0.0
NS303333,NV104138,NC203333,2026-07-18,ON,27195,0.13,True,Lender D (Subprime),18.11,84.0,1100.0,29630.0,315.0,False,0.0,0.0,False,0.0,0.0,163,4,201.0,0,False,,,0.0
NS303334,NV104139,NC203334,2026-05-22,ON,14795,0.13,True,Lender C (Near-Prime),13.54,84.0,2200.0,15318.0,220.0,False,0.0,0.0,True,800.0,320.0,158,4,201.0,0,False,,,0.0
NS303335,NV104141,NC203335,2025-10-18,ON,15795,0.13,False,,,,,,0.0,False,0.0,0.0,False,0.0,0.0,140,2,183.0,0,False,,,0.0
NS303336,NV104142,NC203336,2025-06-15,AB,14995,0.05,True,Lender C (Near-Prime),12.19,48.0,1200.0,16495.0,129.0,True,1950.0,1014.0,False,0.0,0.0,257,3,252.0,0,False,,,0.0
NS303337,NV104143,NC203337,2024-02-21,NS,24595,0.14,True,Lender D (Subprime),18.72,72.0,3400.0,28038.0,222.0,True,3400.0,1768.0,False,0.0,0.0,1239,3,811.0,795,False,,,0.0
NS303338,NV104145,NC203338,2024-04-22,ON,28195,0.13,True,Lender D (Subprime),17.8,60.0,5000.0,28810.0,233.0,True,1950.0,1014.0,False,0.0,0.0,533,2,361.0,395,False,,,0.0
NS303339,NV104146,NC203339,2025-08-24,BC,20495,0.12,True,Lender A (Prime),7.32,84.0,100.0,25404.0,453.0,True,2550.0,1326.0,False,0.0,0.0,4148,10,2245.0,1395,False,,,0.0
NS303340,NV104147,NC203340,2026-06-01,AB,21595,0.05,False,,,,,,0.0,True,2700.0,1404.0,False,0.0,0.0,3539,8,2180.0,1395,True,2026-06-04,Changed mind,3906.0
NS303341,NV104148,NC203341,2025-08-16,ON,19895,0.13,False,,,,,,0.0,False,0.0,0.0,False,0.0,0.0,151,3,201.0,0,False,,,0.0
NS303342,NV104149,NC203342,2025-11-10,ON,22995,0.13,True,Lender C (Near-Prime),12.01,72.0,3200.0,24634.0,349.0,True,1850.0,962.0,False,0.0,0.0,154,2,201.0,0,False,,,0.0
NS303343,NV104150,NC203343,2026-02-11,QC,16895,0.14975,True,Lender D (Subprime),19.12,60.0,3300.0,16125.0,276.0,False,0.0,0.0,False,0.0,0.0,585,4,452.0,395,False,,,0.0
NS303344,NV104152,NC203344,2024-04-27,QC,15395,0.14975,False,,,,,,0.0,False,0.0,0.0,False,0.0,0.0,4044,10,2319.0,1395,False,,,0.0
NS303345,NV104153,NC203345,2025-01-22,ON,19695,0.13,True,Lender A (Prime),7.2,72.0,400.0,24005.0,393.0,True,2150.0,1118.0,False,0.0,0.0,4307,10,2516.0,1395,False,,,0.0
NS303346,NV104154,NC203346,2024-07-03,ON,20295,0.13,False,,,,,,0.0,False,0.0,0.0,False,0.0,0.0,126,4,194.0,0,False,,,0.0
NS303347,NV104155,NC203347,2024-07-14,ON,17595,0.13,True,Lender D (Subprime),18.79,72.0,2800.0,19832.0,193.0,True,2750.0,1430.0,False,0.0,0.0,172,2,221.0,0,False,,,0.0
NS303348,NV104156,NC203348,2025-12-03,NS,30195,0.14,True,Lender D (Subprime),19.41,60.0,5300.0,29122.0,192.0,False,0.0,0.0,False,0.0,0.0,1380,6,921.0,795,False,,,0.0
NS303349,NV104158,NC203349,2025-04-23,AB,31895,0.05,True,Lender D (Subprime),20.08,72.0,5400.0,28090.0,193.0,False,0.0,0.0,False,0.0,0.0,303,3,263.0,395,False,,,0.0
NS303350,NV104159,NC203350,2026-08-11,NS,16395,0.14,True,Lender B (Prime),10.26,48.0,2400.0,16290.0,196.0,False,0.0,0.0,False,0.0,0.0,1709,4,843.0,795,False,,,0.0
NS303351,NV104160,NC203351,2024-03-16,ON,27295,0.13,True,Lender A (Prime),8.95,84.0,1200.0,29643.0,473.0,False,0.0,0.0,False,0.0,0.0,150,3,199.0,0,False,,,0.0
NS303352,NV104161,NC203352,2024-10-11,AB,9395,0.05,False,,,,,,0.0,True,2100.0,1092.0,True,1350.0,540.0,3809,7,2372.0,1395,True,2024-10-19,Changed mind,4268.0
NS303353,NV104162,NC203353,2025-10-08,NB,20695,0.15,True,Lender D (Subprime),18.41,60.0,1700.0,24449.0,397.0,True,2350.0,1222.0,False,0.0,0.0,944,5,546.0,395,False,,,0.0
NS303354,NV104163,NC203354,2024-10-11,BC,25395,0.12,False,,,,,,0.0,True,1500.0,780.0,False,0.0,0.0,704,4,439.0,395,False,,,0.0
NS303355,NV104164,NC203355,2025-11-26,ON,14095,0.13,True,Lender B (Prime),8.16,48.0,1300.0,14627.0,292.0,False,0.0,0.0,False,0.0,0.0,148,2,195.0,0,False,,,0.0
NS303356,NV104165,NC203356,2025-05-05,MB,39895,0.12,False,,,,,,0.0,False,0.0,0.0,False,0.0,0.0,1215,4,787.0,795,False,,,0.0
NS303357,NV104166,NC203357,2026-01-06,AB,14395,0.05,True,Lender B (Prime),7.9,60.0,1900.0,17015.0,328.0,True,2500.0,1300.0,True,1300.0,520.0,3157,7,1619.0,1395,False,,,0.0
NS303358,NV104167,NC203358,2024-05-31,NS,22195,0.14,True,Lender D (Subprime),22.48,84.0,1000.0,24302.0,311.0,False,0.0,0.0,False,0.0,0.0,5330,10,2877.0,1395,False,,,0.0
NS303359,NV104168,NC203359,2024-05-25,ON,26295,0.13,True,Lender D (Subprime),20.13,60.0,200.0,29513.0,341.0,False,0.0,0.0,False,0.0,0.0,150,3,192.0,0,False,,,0.0
NS303360,NV104169,NC203360,2024-05-05,ON,29395,0.13,True,Lender C (Near-Prime),14.14,72.0,1300.0,31916.0,497.0,False,0.0,0.0,False,0.0,0.0,128,2,184.0,0,False,,,0.0
NS303361,NV104171,NC203361,2025-10-30,ON,26495,0.13,False,,,,,,0.0,True,3300.0,1716.0,False,0.0,0.0,123,3,180.0,0,False,,,0.0
NS303362,NV104172,NC203362,2026-05-15,AB,15195,0.05,True,Lender A (Prime),6.54,72.0,1100.0,14855.0,90.0,False,0.0,0.0,False,0.0,0.0,4305,10,2286.0,1395,False,,,0.0
NS303363,NV104175,NC203363,2025-10-27,AB,37495,0.05,True,Lender A (Prime),10.5,72.0,3900.0,38420.0,416.0,True,2950.0,1534.0,False,0.0,0.0,4039,10,2316.0,1395,False,,,0.0
NS303364,NV104177,NC203364,2026-07-25,ON,13695,0.13,True,Lender D (Subprime),17.87,60.0,1800.0,13675.0,124.0,False,0.0,0.0,False,0.0,0.0,3979,9,2192.0,1395,False,,,0.0
NS303365,NV104178,NC203365,2026-05-30,ON,12895,0.13,True,Lender A (Prime),8.95,72.0,2200.0,12371.0,130.0,False,0.0,0.0,False,0.0,0.0,504,2,420.0,395,False,,,0.0
NS303366,NV104179,NC203366,2026-08-15,NS,14595,0.14,True,Lender D (Subprime),21.1,72.0,1000.0,15638.0,270.0,False,0.0,0.0,False,0.0,0.0,4590,11,2669.0,1395,False,,,0.0
NS303367,NV104181,NC203367,2026-07-24,ON,22595,0.13,True,Lender A (Prime),9.47,60.0,3200.0,26532.0,354.0,True,3150.0,1638.0,True,1050.0,420.0,3856,9,1820.0,1395,False,,,0.0
NS303368,NV104182,NC203368,2026-08-12,ON,26295,0.13,True,Lender C (Near-Prime),16.0,84.0,1900.0,28663.0,359.0,False,0.0,0.0,True,850.0,340.0,553,2,389.0,395,False,,,0.0
NS303369,NV104183,NC203369,2026-05-06,NS,12395,0.14,False,,,,,,0.0,True,3400.0,1768.0,False,0.0,0.0,2271,6,1213.0,795,False,,,0.0
NS303370,NV104185,NC203370,2026-06-02,ON,12995,0.13,False,,,,,,0.0,False,0.0,0.0,False,0.0,0.0,122,3,189.0,0,False,,,0.0
NS303371,NV104186,NC203371,2025-03-26,AB,15495,0.05,False,,,,,,0.0,True,2000.0,1040.0,False,0.0,0.0,2655,7,1470.0,1395,False,,,0.0
NS303372,NV104187,NC203372,2025-12-26,ON,10095,0.13,True,Lender A (Prime),8.54,60.0,1200.0,10207.0,170.0,False,0.0,0.0,False,0.0,0.0,137,2,199.0,0,False,,,0.0
NS303373,NV104188,NC203373,2026-08-01,AB,19295,0.05,False,,,,,,0.0,True,2350.0,1222.0,False,0.0,0.0,261,4,261.0,0,False,,,0.0
NS303374,NV104189,NC203374,2024-09-11,ON,20195,0.13,True,Lender A (Prime),8.41,48.0,1100.0,21720.0,183.0,False,0.0,0.0,False,0.0,0.0,145,3,179.0,0,False,,,0.0
NS303375,NV104190,NC203375,2025-08-22,PE,28995,0.15,False,,,,,,0.0,True,1200.0,624.0,False,0.0,0.0,2176,5,1295.0,795,False,,,0.0
NS303376,NV104193,NC203376,2025-01-07,ON,33695,0.13,False,,,,,,0.0,True,1750.0,910.0,False,0.0,0.0,158,4,187.0,0,False,,,0.0
NS303377,NV104194,NC203377,2025-12-18,ON,26595,0.13,True,Lender C (Near-Prime),11.42,60.0,1700.0,31402.0,417.0,True,3050.0,1586.0,False,0.0,0.0,165,4,199.0,0,False,,,0.0
NS303378,NV104195,NC203378,2024-06-24,ON,14395,0.13,True,Lender C (Near-Prime),10.92,72.0,1400.0,14866.0,78.0,False,0.0,0.0,False,0.0,0.0,146,3,193.0,0,False,,,0.0
NS303379,NV104197,NC203379,2024-05-03,AB,24695,0.05,True,Lender C (Near-Prime),10.63,48.0,4600.0,24330.0,223.0,True,3000.0,1560.0,False,0.0,0.0,4093,9,2696.0,1395,False,,,0.0
NS303380,NV104198,NC203380,2025-08-08,AB,13595,0.05,False,,,,,,0.0,True,2600.0,1352.0,True,1100.0,440.0,3670,9,2275.0,1395,False,,,0.0
NS303381,NV104199,NC203381,2025-02-26,BC,18095,0.12,False,,,,,,0.0,True,2950.0,1534.0,False,0.0,0.0,704,5,497.0,395,False,,,0.0
NS303382,NV104200,NC203382,2025-11-29,AB,24795,0.05,True,Lender B (Prime),9.38,60.0,3400.0,22635.0,267.0,False,0.0,0.0,False,0.0,0.0,3325,9,1752.0,1395,True,2025-12-02,Vehicle condition not as expected,2979.0
NS303383,NV104202,NC203383,2026-01-14,ON,17895,0.13,True,Lender D (Subprime),16.96,84.0,1300.0,18921.0,100.0,False,0.0,0.0,False,0.0,0.0,161,2,208.0,0,False,,,0.0
NS303384,NV104203,NC203384,2026-03-19,QC,17195,0.14975,False,,,,,,0.0,False,0.0,0.0,False,0.0,0.0,547,3,398.0,395,False,,,0.0
NS303385,NV104205,NC203385,2024-10-03,AB,22395,0.05,True,Lender C (Near-Prime),10.88,60.0,3900.0,21265.0,257.0,True,1650.0,858.0,False,0.0,0.0,3220,8,1835.0,1395,False,,,0.0
NS303386,NV104206,NC203386,2026-01-29,BC,15895,0.12,True,Lender D (Subprime),18.66,72.0,600.0,18952.0,254.0,True,1750.0,910.0,False,0.0,0.0,4989,9,3094.0,1395,False,,,0.0
NS303387,NV104207,NC203387,2026-02-16,AB,36695,0.05,True,Lender C (Near-Prime),13.32,84.0,400.0,38130.0,346.0,False,0.0,0.0,False,0.0,0.0,312,3,290.0,395,False,,,0.0
NS303388,NV104208,NC203388,2026-09-15,ON,14995,0.13,False,,,,,,0.0,False,0.0,0.0,False,0.0,0.0,148,2,191.0,0,False,,,0.0
NS303389,NV104209,NC203389,2026-08-07,SK,17695,0.11,False,,,,,,0.0,False,0.0,0.0,False,0.0,0.0,806,5,503.0,395,False,,,0.0
NS303390,NV104210,NC203390,2025-09-20,NB,19395,0.15,False,,,,,,0.0,True,2150.0,1118.0,False,0.0,0.0,1374,4,776.0,795,False,,,0.0
NS303391,NV104211,NC203391,2025-03-11,ON,35995,0.13,True,Lender C (Near-Prime),12.79,84.0,0.0,41524.0,295.0,False,0.0,0.0,True,850.0,340.0,578,3,435.0,395,True,2025-03-19,Vehicle condition not as expected,1675.0
NS303392,NV104212,NC203392,2026-02-08,QC,16995,0.14975,False,,,,,,0.0,True,3300.0,1716.0,False,0.0,0.0,522,4,369.0,395,False,,,0.0
NS303393,NV104213,NC203393,2025-04-04,ON,11795,0.13,True,Lender B (Prime),9.81,84.0,1500.0,11828.0,225.0,False,0.0,0.0,False,0.0,0.0,169,4,203.0,0,False,,,0.0
NS303394,NV104214,NC203394,2026-04-30,SK,10495,0.11,False,,,,,,0.0,False,0.0,0.0,False,0.0,0.0,3087,7,1556.0,1395,False,,,0.0
NS303395,NV104215,NC203395,2025-05-15,NB,15295,0.15,True,Lender C (Near-Prime),11.46,84.0,1100.0,16489.0,167.0,False,0.0,0.0,False,0.0,0.0,1291,5,765.0,795,False,,,0.0
NS303396,NV104217,NC203396,2026-07-01,NS,14395,0.14,True,Lender D (Subprime),22.95,72.0,1500.0,17310.0,225.0,True,2400.0,1248.0,False,0.0,0.0,1857,5,1097.0,795,False,,,0.0
NS303397,NV104219,NC203397,2024-08-13,ON,37595,0.13,True,Lender B (Prime),7.02,60.0,3400.0,41232.0,618.0,True,2150.0,1118.0,False,0.0,0.0,150,4,199.0,0,False,,,0.0
NS303398,NV104220,NC203398,2025-09-09,ON,20695,0.13,False,,,,,,0.0,True,2350.0,1222.0,False,0.0,0.0,159,4,203.0,0,False,,,0.0
NS303399,NV104221,NC203399,2025-12-27,NB,41595,0.15,True,Lender D (Subprime),21.02,84.0,2400.0,45434.0,237.0,False,0.0,0.0,False,0.0,0.0,1620,5,1138.0,795,False,,,0.0
NS303400,NV104222,NC203400,2024-10-02,AB,18195,0.05,False,,,,,,0.0,True,2250.0,1170.0,False,0.0,0.0,311,2,275.0,395,True,2024-10-12,Mechanical issue,1477.0
NS303401,NV104223,NC203401,2025-04-20,NS,21195,0.14,True,Lender C (Near-Prime),12.04,60.0,1200.0,22962.0,242.0,False,0.0,0.0,False,0.0,0.0,1992,5,1368.0,795,False,,,0.0
NS303402,NV104224,NC203402,2025-08-07,AB,15095,0.05,False,,,,,,0.0,False,0.0,0.0,False,0.0,0.0,3476,8,1944.0,1395,True,2025-08-16,Vehicle condition not as expected,4293.0
NS303403,NV104225,NC203403,2024-05-12,BC,19695,0.12,True,Lender C (Near-Prime),16.0,72.0,100.0,21958.0,368.0,False,0.0,0.0,False,0.0,0.0,741,5,552.0,395,False,,,0.0
NS303404,NV104226,NC203404,2026-08-05,ON,13295,0.13,True,Lender D (Subprime),18.02,60.0,1000.0,14023.0,152.0,False,0.0,0.0,False,0.0,0.0,135,2,194.0,0,False,,,0.0
NS303405,NV104227,NC203405,2024-11-27,ON,20495,0.13,True,Lender A (Prime),8.8,48.0,400.0,22759.0,453.0,False,0.0,0.0,False,0.0,0.0,148,4,190.0,0,False,,,0.0
NS303406,NV104228,NC203406,2025-04-21,ON,19395,0.13,True,Lender A (Prime),7.04,60.0,2100.0,22316.0,190.0,True,2500.0,1300.0,False,0.0,0.0,163,4,198.0,0,False,,,0.0
NS303407,NV104229,NC203407,2026-06-29,QC,20595,0.14975,True,Lender B (Prime),7.86,60.0,0.0,26279.0,285.0,True,2600.0,1352.0,False,0.0,0.0,3754,8,2325.0,1395,False,,,0.0
NS303408,NV104230,NC203408,2024-08-30,QC,34995,0.14975,False,,,,,,0.0,False,0.0,0.0,False,0.0,0.0,3754,7,1946.0,1395,False,,,0.0
NS303409,NV104231,NC203409,2025-08-17,BC,21195,0.12,True,Lender A (Prime),6.65,60.0,2200.0,21538.0,357.0,False,0.0,0.0,False,0.0,0.0,4333,9,2562.0,1395,False,,,0.0
NS303410,NV104232,NC203410,2024-02-12,ON,23295,0.13,True,Lender C (Near-Prime),11.55,60.0,3300.0,23023.0,190.0,False,0.0,0.0,False,0.0,0.0,149,3,203.0,0,False,,,0.0
NS303411,NV104233,NC203411,2026-08-12,ON,17395,0.13,False,,,,,,0.0,False,0.0,0.0,False,0.0,0.0,160,3,199.0,0,False,,,0.0
NS303412,NV104234,NC203412,2026-08-04,BC,10295,0.12,True,Lender D (Subprime),22.75,72.0,1600.0,12430.0,80.0,True,1300.0,676.0,True,1200.0,480.0,765,5,540.0,395,False,,,0.0
NS303413,NV104235,NC203413,2026-07-16,NB,12295,0.15,True,Lender D (Subprime),17.79,72.0,2100.0,12039.0,188.0,False,0.0,0.0,False,0.0,0.0,852,5,544.0,395,False,,,0.0
NS303414,NV104236,NC203414,2024-08-08,NS,29795,0.14,False,,,,,,0.0,True,2450.0,1274.0,False,0.0,0.0,2327,7,1557.0,795,False,,,0.0
NS303415,NV104237,NC203415,2026-05-23,AB,33195,0.05,False,,,,,,0.0,True,1750.0,910.0,False,0.0,0.0,3541,8,1735.0,1395,False,,,0.0
NS303416,NV104238,NC203416,2025-02-14,ON,18295,0.13,True,Lender B (Prime),7.43,48.0,300.0,23123.0,124.0,True,2750.0,1430.0,False,0.0,0.0,3618,9,1887.0,1395,False,,,0.0
NS303417,NV104240,NC203417,2025-10-02,AB,23495,0.05,True,Lender B (Prime),7.16,60.0,3300.0,22720.0,142.0,False,0.0,0.0,True,1350.0,540.0,3357,8,1818.0,1395,False,,,0.0
NS303418,NV104241,NC203418,2025-04-26,QC,21895,0.14975,True,Lender B (Prime),7.56,60.0,0.0,28474.0,569.0,True,2500.0,1300.0,True,800.0,320.0,656,4,450.0,395,False,,,0.0
NS303419,NV104243,NC203419,2026-06-15,ON,24395,0.13,True,Lender C (Near-Prime),11.28,48.0,1800.0,26916.0,172.0,False,0.0,0.0,True,1150.0,460.0,520,3,400.0,395,False,,,0.0
NS303420,NV104244,NC203420,2024-08-11,SK,44295,0.11,True,Lender B (Prime),8.02,72.0,3900.0,46217.0,749.0,False,0.0,0.0,True,950.0,380.0,2789,8,1394.0,1395,True,2024-08-12,Changed mind,2777.0
NS303421,NV104245,NC203421,2024-03-29,AB,18295,0.05,True,Lender A (Prime),8.88,60.0,3000.0,16210.0,199.0,False,0.0,0.0,False,0.0,0.0,3720,9,1900.0,1395,False,,,0.0
NS303422,NV104246,NC203422,2025-12-07,ON,25595,0.13,True,Lender D (Subprime),15.37,72.0,100.0,28822.0,215.0,False,0.0,0.0,False,0.0,0.0,179,2,219.0,0,False,,,0.0
NS303423,NV104247,NC203423,2025-09-27,ON,10995,0.13,False,,,,,,0.0,True,2700.0,1404.0,False,0.0,0.0,151,2,199.0,0,False,,,0.0
NS303424,NV104249,NC203424,2024-02-25,ON,16995,0.13,False,,,,,,0.0,False,0.0,0.0,False,0.0,0.0,145,3,187.0,0,False,,,0.0
NS303425,NV104250,NC203425,2025-05-26,ON,11495,0.13,False,,,,,,0.0,False,0.0,0.0,False,0.0,0.0,3033,6,1532.0,1395,False,,,0.0
NS303426,NV104251,NC203426,2026-07-06,AB,18095,0.05,True,Lender D (Subprime),17.73,72.0,3600.0,16200.0,224.0,False,0.0,0.0,True,800.0,320.0,277,3,246.0,0,True,2026-07-11,Vehicle condition not as expected,1874.0
NS303427,NV104252,NC203427,2025-10-27,ON,21095,0.13,False,,,,,,0.0,False,0.0,0.0,False,0.0,0.0,147,4,198.0,0,False,,,0.0
NS303428,NV104253,NC203428,2024-12-17,ON,8295,0.13,True,Lender C (Near-Prime),10.5,72.0,100.0,11173.0,144.0,True,1900.0,988.0,False,0.0,0.0,166,2,221.0,0,False,,,0.0
NS303429,NV104255,NC203429,2026-03-30,ON,44695,0.13,True,Lender C (Near-Prime),11.01,84.0,7300.0,44655.0,758.0,True,1450.0,754.0,False,0.0,0.0,154,4,211.0,0,False,,,0.0
NS303430,NV104256,NC203430,2026-05-02,ON,14995,0.13,True,Lender B (Prime),7.31,60.0,2600.0,14344.0,237.0,False,0.0,0.0,False,0.0,0.0,155,3,202.0,0,False,,,0.0
NS303431,NV104257,NC203431,2024-03-28,SK,11495,0.11,True,Lender B (Prime),7.41,60.0,1700.0,11059.0,153.0,False,0.0,0.0,False,0.0,0.0,2945,8,1454.0,1395,False,,,0.0
NS303432,NV104258,NC203432,2024-09-21,ON,12795,0.13,True,Lender B (Prime),7.45,84.0,1000.0,14958.0,282.0,True,1500.0,780.0,False,0.0,0.0,158,3,227.0,0,False,,,0.0
NS303433,NV104259,NC203433,2025-09-24,ON,32595,0.13,False,,,,,,0.0,False,0.0,0.0,False,0.0,0.0,3685,9,1981.0,1395,False,,,0.0
NS303434,NV104260,NC203434,2025-07-04,ON,41295,0.13,True,Lender C (Near-Prime),12.78,72.0,1400.0,49013.0,677.0,True,2400.0,1248.0,True,1350.0,540.0,152,4,190.0,0,False,,,0.0
NS303435,NV104263,NC203435,2024-08-27,ON,10495,0.13,False,,,,,,0.0,True,1450.0,754.0,False,0.0,0.0,153,2,201.0,0,False,,,0.0
NS303436,NV104265,NC203436,2025-01-30,AB,11795,0.05,False,,,,,,0.0,True,3000.0,1560.0,False,0.0,0.0,3251,9,1854.0,1395,False,,,0.0
NS303437,NV104267,NC203437,2026-01-03,ON,51895,0.13,True,Lender A (Prime),7.02,72.0,4300.0,54341.0,286.0,False,0.0,0.0,False,0.0,0.0,150,3,187.0,0,False,,,0.0
NS303438,NV104268,NC203438,2024-12-30,AB,35595,0.05,True,Lender A (Prime),9.69,60.0,1000.0,37775.0,264.0,False,0.0,0.0,True,1400.0,560.0,3536,8,2041.0,1395,False,,,0.0
NS303439,NV104269,NC203439,2025-05-21,ON,29395,0.13,False,,,,,,0.0,True,1700.0,884.0,False,0.0,0.0,3819,9,1956.0,1395,False,,,0.0
NS303440,NV104270,NC203440,2026-07-10,ON,14995,0.13,False,,,,,,0.0,False,0.0,0.0,False,0.0,0.0,141,3,201.0,0,False,,,0.0
NS303441,NV104271,NC203441,2025-10-26,ON,33095,0.13,True,Lender B (Prime),7.9,72.0,5200.0,33547.0,643.0,True,1350.0,702.0,False,0.0,0.0,622,4,456.0,395,False,,,0.0
NS303442,NV104272,NC203442,2026-07-09,AB,21095,0.05,True,Lender A (Prime),5.9,72.0,3700.0,19800.0,171.0,False,0.0,0.0,True,1350.0,540.0,3463,7,2284.0,1395,False,,,0.0
NS303443,NV104273,NC203443,2025-07-14,ON,13795,0.13,False,,,,,,0.0,False,0.0,0.0,False,0.0,0.0,4016,8,1806.0,1395,False,,,0.0
NS303444,NV104274,NC203444,2024-04-17,ON,35295,0.13,True,Lender B (Prime),8.23,60.0,100.0,40633.0,269.0,False,0.0,0.0,True,850.0,340.0,135,3,180.0,0,False,,,0.0
NS303445,NV104275,NC203445,2026-05-29,ON,21795,0.13,False,,,,,,0.0,False,0.0,0.0,True,800.0,320.0,3659,8,1873.0,1395,False,,,0.0
NS303446,NV104277,NC203446,2026-05-05,BC,21295,0.12,False,,,,,,0.0,False,0.0,0.0,False,0.0,0.0,704,4,561.0,395,False,,,0.0
NS303447,NV104278,NC203447,2026-03-25,AB,33895,0.05,True,Lender C (Near-Prime),13.42,84.0,200.0,37040.0,229.0,True,1650.0,858.0,False,0.0,0.0,3580,8,2154.0,1395,False,,,0.0
NS303448,NV104280,NC203448,2024-06-14,ON,28595,0.13,False,,,,,,0.0,True,1650.0,858.0,False,0.0,0.0,144,2,194.0,0,False,,,0.0
NS303449,NV104282,NC203449,2024-11-18,ON,21495,0.13,True,Lender C (Near-Prime),14.52,84.0,3000.0,21289.0,322.0,False,0.0,0.0,False,0.0,0.0,140,4,190.0,0,False,,,0.0
NS303450,NV104285,NC203450,2026-06-02,ON,20295,0.13,True,Lender C (Near-Prime),13.4,60.0,3100.0,19833.0,352.0,False,0.0,0.0,False,0.0,0.0,168,3,198.0,0,False,,,0.0
NS303451,NV104286,NC203451,2024-11-06,ON,20195,0.13,True,Lender D (Subprime),21.97,72.0,100.0,22720.0,215.0,False,0.0,0.0,False,0.0,0.0,513,4,421.0,395,False,,,0.0
NS303452,NV104287,NC203452,2025-07-29,QC,13795,0.14975,True,Lender C (Near-Prime),13.71,84.0,300.0,15561.0,202.0,False,0.0,0.0,False,0.0,0.0,563,3,377.0,395,False,,,0.0
NS303453,NV104288,NC203453,2026-01-08,ON,28695,0.13,False,,,,,,0.0,False,0.0,0.0,False,0.0,0.0,165,4,202.0,0,False,,,0.0
NS303454,NV104290,NC203454,2026-05-20,ON,14095,0.13,True,Lender A (Prime),6.71,84.0,1800.0,15027.0,225.0,False,0.0,0.0,True,900.0,360.0,146,4,180.0,0,False,,,0.0
NS303455,NV104291,NC203455,2025-05-16,BC,21595,0.12,True,Lender D (Subprime),19.41,48.0,3600.0,20586.0,280.0,False,0.0,0.0,False,0.0,0.0,806,3,591.0,395,False,,,0.0
NS303456,NV104292,NC203456,2024-09-24,ON,20295,0.13,False,,,,,,0.0,True,1800.0,936.0,False,0.0,0.0,630,2,429.0,395,True,2024-09-26,Changed mind,2173.0
NS303457,NV104293,NC203457,2025-12-07,ON,13495,0.13,True,Lender D (Subprime),19.08,72.0,100.0,15149.0,282.0,False,0.0,0.0,False,0.0,0.0,142,4,188.0,0,True,2025-12-08,Mechanical issue,1773.0
NS303458,NV104294,NC203458,2025-11-03,ON,24295,0.13,True,Lender A (Prime),8.86,72.0,4600.0,26953.0,497.0,True,3000.0,1560.0,True,1100.0,440.0,155,4,203.0,0,False,,,0.0
NS303459,NV104295,NC203459,2026-02-22,ON,25595,0.13,True,Lender A (Prime),9.3,60.0,600.0,28322.0,514.0,False,0.0,0.0,False,0.0,0.0,169,3,206.0,0,False,,,0.0
NS303460,NV104296,NC203460,2025-07-18,ON,14495,0.13,True,Lender D (Subprime),17.91,60.0,400.0,15979.0,185.0,False,0.0,0.0,False,0.0,0.0,148,2,195.0,0,False,,,0.0
NS303461,NV104297,NC203461,2025-08-18,ON,20195,0.13,True,Lender A (Prime),7.54,72.0,2400.0,23520.0,374.0,True,3100.0,1612.0,False,0.0,0.0,594,3,438.0,395,False,,,0.0
NS303462,NV104301,NC203462,2024-07-13,ON,27195,0.13,True,Lender A (Prime),8.69,72.0,2600.0,29780.0,491.0,True,1650.0,858.0,False,0.0,0.0,175,4,192.0,0,False,,,0.0
NS303463,NV104303,NC203463,2026-05-08,ON,29595,0.13,True,Lender C (Near-Prime),12.68,72.0,1800.0,34092.0,383.0,True,2450.0,1274.0,False,0.0,0.0,138,2,184.0,0,False,,,0.0
NS303464,NV104305,NC203464,2026-01-06,ON,23295,0.13,False,,,,,,0.0,False,0.0,0.0,False,0.0,0.0,3369,9,1731.0,1395,False,,,0.0
NS303465,NV104306,NC203465,2026-07-11,ON,16995,0.13,True,Lender B (Prime),8.71,60.0,2000.0,20604.0,185.0,True,3400.0,1768.0,False,0.0,0.0,129,3,182.0,0,False,,,0.0
NS303466,NV104307,NC203466,2026-01-17,MB,26595,0.12,True,Lender A (Prime),6.55,60.0,1000.0,29986.0,326.0,False,0.0,0.0,True,1200.0,480.0,1224,4,794.0,795,False,,,0.0
NS303467,NV104308,NC203467,2025-06-21,AB,11495,0.05,True,Lender A (Prime),5.9,84.0,800.0,14320.0,188.0,True,3050.0,1586.0,False,0.0,0.0,284,2,294.0,0,False,,,0.0
NS303468,NV104309,NC203468,2025-09-13,ON,16595,0.13,True,Lender C (Near-Prime),12.3,72.0,2400.0,18152.0,96.0,True,1800.0,936.0,False,0.0,0.0,506,2,397.0,395,False,,,0.0
NS303469,NV104310,NC203469,2025-03-12,BC,26495,0.12,False,,,,,,0.0,False,0.0,0.0,False,0.0,0.0,4634,9,2299.0,1395,False,,,0.0
NS303470,NV104312,NC203470,2025-05-16,ON,10495,0.13,True,Lender C (Near-Prime),14.59,48.0,700.0,11159.0,145.0,False,0.0,0.0,False,0.0,0.0,621,2,484.0,395,False,,,0.0
NS303471,NV104313,NC203471,2024-06-29,AB,12395,0.05,False,,,,,,0.0,False,0.0,0.0,False,0.0,0.0,264,2,269.0,0,False,,,0.0
NS303472,NV104314,NC203472,2025-02-15,ON,15595,0.13,True,Lender A (Prime),7.84,72.0,700.0,18772.0,211.0,True,1850.0,962.0,False,0.0,0.0,154,4,205.0,0,False,,,0.0
NS303473,NV104315,NC203473,2025-05-11,ON,15495,0.13,True,Lender A (Prime),9.09,60.0,2400.0,15859.0,312.0,False,0.0,0.0,True,750.0,300.0,147,2,209.0,0,False,,,0.0
NS303474,NV104316,NC203474,2024-07-09,NS,21995,0.14,True,Lender A (Prime),9.96,84.0,3200.0,24024.0,176.0,True,2150.0,1118.0,False,0.0,0.0,1839,6,957.0,795,False,,,0.0
NS303475,NV104317,NC203475,2025-12-03,AB,20295,0.05,False,,,,,,0.0,True,2250.0,1170.0,False,0.0,0.0,3853,9,1785.0,1395,False,,,0.0
NS303476,NV104319,NC203476,2024-07-08,MB,25395,0.12,False,,,,,,0.0,True,2450.0,1274.0,False,0.0,0.0,2016,5,1075.0,795,False,,,0.0
NS303477,NV104320,NC203477,2024-07-14,ON,17495,0.13,True,Lender B (Prime),8.07,72.0,1400.0,18369.0,305.0,False,0.0,0.0,False,0.0,0.0,168,2,191.0,0,False,,,0.0
NS303478,NV104321,NC203478,2026-07-13,ON,11895,0.13,True,Lender B (Prime),7.81,48.0,500.0,12941.0,101.0,False,0.0,0.0,False,0.0,0.0,174,3,209.0,0,False,,,0.0
NS303479,NV104322,NC203479,2025-08-30,ON,17095,0.13,False,,,,,,0.0,False,0.0,0.0,False,0.0,0.0,141,3,187.0,0,False,,,0.0
NS303480,NV104323,NC203480,2024-08-20,MB,35595,0.12,False,,,,,,0.0,False,0.0,0.0,False,0.0,0.0,2227,5,1372.0,795,False,,,0.0
NS303481,NV104324,NC203481,2025-07-30,AB,13195,0.05,True,Lender C (Near-Prime),11.74,60.0,2200.0,11655.0,203.0,False,0.0,0.0,False,0.0,0.0,265,3,251.0,0,True,2025-08-07,Financing fell through,931.0
NS303482,NV104325,NC203482,2026-07-05,SK,24995,0.11,True,Lender A (Prime),9.67,48.0,4300.0,26344.0,500.0,True,2900.0,1508.0,False,0.0,0.0,3257,7,1519.0,1395,True,2026-07-06,Mechanical issue,2964.0
NS303483,NV104326,NC203483,2024-03-08,ON,17995,0.13,True,Lender A (Prime),7.9,60.0,800.0,19534.0,335.0,False,0.0,0.0,False,0.0,0.0,135,3,187.0,0,False,,,0.0
NS303484,NV104327,NC203484,2024-11-01,ON,35595,0.13,False,,,,,,0.0,True,3250.0,1690.0,False,0.0,0.0,133,3,182.0,0,False,,,0.0
NS303485,NV104329,NC203485,2025-07-13,ON,11995,0.13,True,Lender B (Prime),7.82,72.0,300.0,14554.0,290.0,True,1300.0,676.0,False,0.0,0.0,543,2,377.0,395,False,,,0.0
NS303486,NV104332,NC203486,2026-06-06,ON,18195,0.13,False,,,,,,0.0,False,0.0,0.0,False,0.0,0.0,153,3,208.0,0,False,,,0.0
NS303487,NV104333,NC203487,2024-12-16,ON,17195,0.13,True,Lender D (Subprime),19.72,72.0,400.0,21130.0,239.0,True,2100.0,1092.0,False,0.0,0.0,146,4,192.0,0,False,,,0.0
NS303488,NV104334,NC203488,2026-07-19,QC,13695,0.14975,True,Lender A (Prime),7.48,60.0,1100.0,15996.0,123.0,True,1350.0,702.0,False,0.0,0.0,584,2,435.0,395,False,,,0.0
NS303489,NV104335,NC203489,2026-05-03,AB,15695,0.05,True,Lender D (Subprime),19.44,72.0,1000.0,16780.0,204.0,True,1300.0,676.0,False,0.0,0.0,305,4,266.0,395,False,,,0.0
NS303490,NV104336,NC203490,2026-01-22,ON,13295,0.13,False,,,,,,0.0,True,1250.0,650.0,False,0.0,0.0,3533,8,1871.0,1395,False,,,0.0
NS303491,NV104337,NC203491,2025-07-20,ON,21795,0.13,True,Lender A (Prime),8.33,72.0,400.0,28028.0,276.0,True,2700.0,1404.0,True,1100.0,440.0,528,2,408.0,395,False,,,0.0
NS303492,NV104338,NC203492,2024-09-21,ON,18495,0.13,True,Lender C (Near-Prime),12.69,72.0,2900.0,17999.0,197.0,False,0.0,0.0,False,0.0,0.0,145,4,193.0,0,False,,,0.0
NS303493,NV104339,NC203493,2026-06-28,MB,26795,0.12,True,Lender A (Prime),9.05,72.0,3100.0,26910.0,381.0,False,0.0,0.0,False,0.0,0.0,2319,6,1507.0,795,False,,,0.0
NS303494,NV104340,NC203494,2024-09-28,NS,25295,0.14,True,Lender B (Prime),8.11,48.0,4000.0,25686.0,252.0,False,0.0,0.0,True,850.0,340.0,1600,6,790.0,795,False,,,0.0
NS303495,NV104341,NC203495,2026-02-28,AB,13895,0.05,True,Lender C (Near-Prime),11.94,72.0,1600.0,12990.0,234.0,False,0.0,0.0,False,0.0,0.0,3559,8,2003.0,1395,False,,,0.0
NS303496,NV104346,NC203496,2025-07-03,ON,15995,0.13,False,,,,,,0.0,False,0.0,0.0,False,0.0,0.0,166,3,191.0,0,False,,,0.0
NS303497,NV104347,NC203497,2026-02-24,ON,36695,0.13,True,Lender A (Prime),7.68,60.0,6400.0,36365.0,542.0,False,0.0,0.0,True,1300.0,520.0,182,3,235.0,0,False,,,0.0
NS303498,NV104349,NC203498,2026-01-14,BC,13295,0.12,False,,,,,,0.0,False,0.0,0.0,False,0.0,0.0,716,4,483.0,395,False,,,0.0
NS303499,NV104350,NC203499,2026-09-17,MB,10995,0.12,False,,,,,,0.0,False,0.0,0.0,True,1250.0,500.0,1557,5,882.0,795,False,,,0.0
NS303500,NV104351,NC203500,2026-04-27,ON,15595,0.13,True,Lender D (Subprime),18.18,60.0,900.0,18922.0,242.0,True,1500.0,780.0,True,700.0,280.0,171,4,208.0,0,False,,,0.0
NS303501,NV104352,NC203501,2025-12-25,SK,16795,0.11,True,Lender A (Prime),7.26,72.0,800.0,17842.0,158.0,False,0.0,0.0,False,0.0,0.0,860,4,523.0,395,False,,,0.0
NS303502,NV104353,NC203502,2025-05-08,MB,16295,0.12,True,Lender B (Prime),8.91,84.0,1300.0,16950.0,107.0,False,0.0,0.0,False,0.0,0.0,2252,7,1450.0,795,False,,,0.0
NS303503,NV104354,NC203503,2025-02-07,ON,24895,0.13,True,Lender A (Prime),7.31,60.0,4400.0,23731.0,229.0,False,0.0,0.0,False,0.0,0.0,160,4,198.0,0,False,,,0.0
NS303504,NV104356,NC203504,2025-01-15,BC,30595,0.12,False,,,,,,0.0,False,0.0,0.0,False,0.0,0.0,4448,9,2446.0,1395,False,,,0.0
NS303505,NV104357,NC203505,2025-06-28,ON,24795,0.13,True,Lender D (Subprime),19.42,72.0,1600.0,28018.0,279.0,True,1600.0,832.0,False,0.0,0.0,150,2,184.0,0,False,,,0.0
NS303506,NV104358,NC203506,2024-12-08,ON,13495,0.13,False,,,,,,0.0,True,2700.0,1404.0,False,0.0,0.0,162,3,199.0,0,False,,,0.0
NS303507,NV104359,NC203507,2024-12-29,ON,24495,0.13,True,Lender B (Prime),8.43,60.0,1400.0,26279.0,508.0,False,0.0,0.0,False,0.0,0.0,539,4,386.0,395,False,,,0.0
NS303508,NV104360,NC203508,2025-08-26,ON,11495,0.13,False,,,,,,0.0,False,0.0,0.0,False,0.0,0.0,148,4,201.0,0,False,,,0.0
NS303509,NV104361,NC203509,2025-12-02,ON,40395,0.13,True,Lender B (Prime),10.15,72.0,6000.0,39646.0,491.0,False,0.0,0.0,False,0.0,0.0,149,3,191.0,0,False,,,0.0
NS303510,NV104362,NC203510,2025-12-10,QC,15095,0.14975,True,Lender D (Subprime),18.85,60.0,1100.0,17105.0,335.0,False,0.0,0.0,True,850.0,340.0,407,3,318.0,395,False,,,0.0
NS303511,NV104363,NC203511,2026-07-06,AB,11495,0.05,True,Lender A (Prime),8.48,72.0,1200.0,12120.0,201.0,False,0.0,0.0,True,1250.0,500.0,245,3,232.0,0,False,,,0.0
NS303512,NV104364,NC203512,2025-02-13,ON,20195,0.13,False,,,,,,0.0,False,0.0,0.0,False,0.0,0.0,155,2,201.0,0,False,,,0.0
NS303513,NV104366,NC203513,2026-03-17,ON,9495,0.13,True,Lender C (Near-Prime),12.34,60.0,1500.0,9229.0,127.0,False,0.0,0.0,False,0.0,0.0,3409,9,2199.0,1395,False,,,0.0
NS303514,NV104367,NC203514,2024-06-02,ON,35195,0.13,True,Lender C (Near-Prime),12.86,84.0,300.0,39470.0,405.0,False,0.0,0.0,False,0.0,0.0,142,3,181.0,0,False,,,0.0
NS303515,NV104369,NC203515,2025-05-01,AB,30895,0.05,True,Lender C (Near-Prime),14.18,72.0,5700.0,26740.0,392.0,False,0.0,0.0,False,0.0,0.0,250,3,237.0,0,False,,,0.0
NS303516,NV104370,NC203516,2025-12-09,ON,26495,0.13,True,Lender D (Subprime),18.51,72.0,3400.0,26539.0,183.0,False,0.0,0.0,False,0.0,0.0,2703,7,1546.0,1395,False,,,0.0
NS303517,NV104371,NC203517,2026-01-29,AB,12195,0.05,True,Lender C (Near-Prime),13.75,48.0,1800.0,13305.0,181.0,True,2300.0,1196.0,False,0.0,0.0,336,2,292.0,395,False,,,0.0
NS303518,NV104373,NC203518,2025-01-10,ON,26895,0.13,True,Lender C (Near-Prime),13.0,72.0,2200.0,28191.0,279.0,False,0.0,0.0,False,0.0,0.0,523,3,402.0,395,False,,,0.0
NS303519,NV104374,NC203519,2025-11-28,QC,20595,0.14975,False,,,,,,0.0,False,0.0,0.0,False,0.0,0.0,224,3,248.0,0,False,,,0.0
NS303520,NV104375,NC203520,2025-07-16,AB,19995,0.05,False,,,,,,0.0,True,3000.0,1560.0,False,0.0,0.0,3496,8,1778.0,1395,False,,,0.0
NS303521,NV104376,NC203521,2026-01-11,AB,10495,0.05,True,Lender C (Near-Prime),12.72,84.0,2100.0,8920.0,100.0,False,0.0,0.0,False,0.0,0.0,3704,9,2075.0,1395,False,,,0.0
NS303522,NV104377,NC203522,2024-09-24,MB,15795,0.12,True,Lender C (Near-Prime),14.43,84.0,1800.0,15890.0,128.0,False,0.0,0.0,False,0.0,0.0,1294,3,678.0,795,False,,,0.0
NS303523,NV104378,NC203523,2026-03-27,BC,20495,0.12,True,Lender B (Prime),8.05,72.0,3300.0,19654.0,162.0,False,0.0,0.0,False,0.0,0.0,4613,11,2447.0,1395,False,,,0.0
NS303524,NV104379,NC203524,2024-05-09,AB,13495,0.05,True,Lender B (Prime),8.57,60.0,1200.0,14820.0,200.0,True,1850.0,962.0,False,0.0,0.0,3376,7,1804.0,1395,False,,,0.0
NS303525,NV104380,NC203525,2026-07-21,BC,16795,0.12,False,,,,,,0.0,False,0.0,0.0,False,0.0,0.0,646,3,447.0,395,False,,,0.0
NS303526,NV104381,NC203526,2026-08-08,ON,18595,0.13,True,Lender C (Near-Prime),13.6,72.0,3100.0,20612.0,280.0,True,2700.0,1404.0,False,0.0,0.0,144,4,209.0,0,False,,,0.0
NS303527,NV104382,NC203527,2025-12-31,BC,20095,0.12,True,Lender D (Subprime),18.41,60.0,1400.0,21106.0,222.0,False,0.0,0.0,False,0.0,0.0,784,4,496.0,395,False,,,0.0
NS303528,NV104385,NC203528,2026-06-04,BC,28795,0.12,True,Lender A (Prime),9.64,60.0,3700.0,31850.0,486.0,True,3300.0,1716.0,False,0.0,0.0,4786,9,2446.0,1395,False,,,0.0
NS303529,NV104386,NC203529,2024-06-23,NB,19295,0.15,True,Lender A (Prime),9.06,84.0,3500.0,20889.0,377.0,True,2200.0,1144.0,False,0.0,0.0,898,5,568.0,395,False,,,0.0
NS303530,NV104387,NC203530,2025-09-27,BC,18395,0.12,True,Lender C (Near-Prime),15.54,84.0,2600.0,18002.0,350.0,False,0.0,0.0,False,0.0,0.0,5227,12,3135.0,1395,False,,,0.0
NS303531,NV104389,NC203531,2026-08-28,BC,9495,0.12,True,Lender D (Subprime),23.41,72.0,1900.0,11984.0,74.0,True,3250.0,1690.0,False,0.0,0.0,789,4,467.0,395,False,,,0.0
NS303532,NV104390,NC203532,2025-02-19,ON,16995,0.13,False,,,,,,0.0,False,0.0,0.0,False,0.0,0.0,175,2,222.0,0,False,,,0.0
NS303533,NV104391,NC203533,2024-11-02,ON,12995,0.13,True,Lender D (Subprime),15.42,60.0,2300.0,12384.0,76.0,False,0.0,0.0,False,0.0,0.0,137,3,196.0,0,False,,,0.0
NS303534,NV104392,NC203534,2025-06-03,ON,21495,0.13,True,Lender B (Prime),8.24,84.0,700.0,26839.0,406.0,True,1900.0,988.0,True,1350.0,540.0,3326,8,1909.0,1395,False,,,0.0
NS303535,NV104394,NC203535,2026-08-22,PE,11295,0.15,True,Lender B (Prime),8.64,60.0,900.0,14189.0,142.0,True,2100.0,1092.0,False,0.0,0.0,1526,4,808.0,795,False,,,0.0
NS303536,NV104395,NC203536,2024-08-09,NB,32695,0.15,True,Lender D (Subprime),19.69,84.0,1500.0,37149.0,236.0,False,0.0,0.0,True,1050.0,420.0,1378,4,793.0,795,False,,,0.0
NS303537,NV104396,NC203537,2025-02-05,ON,16895,0.13,True,Lender B (Prime),8.38,60.0,2200.0,16891.0,88.0,False,0.0,0.0,False,0.0,0.0,537,3,401.0,395,False,,,0.0
NS303538,NV104397,NC203538,2024-05-23,ON,15095,0.13,False,,,,,,0.0,True,2150.0,1118.0,False,0.0,0.0,143,3,207.0,0,False,,,0.0
NS303539,NV104399,NC203539,2025-11-25,SK,12895,0.11,True,Lender C (Near-Prime),13.13,72.0,300.0,14863.0,283.0,False,0.0,0.0,True,850.0,340.0,760,4,466.0,395,False,,,0.0
NS303540,NV104400,NC203540,2024-06-10,AB,47195,0.05,True,Lender C (Near-Prime),11.44,72.0,9000.0,40555.0,808.0,False,0.0,0.0,False,0.0,0.0,3360,7,1970.0,1395,False,,,0.0
NS303541,NV104401,NC203541,2025-12-17,ON,16095,0.13,False,,,,,,0.0,False,0.0,0.0,False,0.0,0.0,131,2,189.0,0,False,,,0.0
NS303542,NV104402,NC203542,2025-03-14,ON,21895,0.13,True,Lender B (Prime),8.3,60.0,2900.0,21841.0,211.0,False,0.0,0.0,False,0.0,0.0,132,4,180.0,0,False,,,0.0
NS303543,NV104403,NC203543,2025-05-09,AB,31295,0.05,True,Lender B (Prime),9.28,72.0,1000.0,31860.0,411.0,False,0.0,0.0,False,0.0,0.0,272,2,249.0,0,False,,,0.0
NS303544,NV104404,NC203544,2025-02-10,AB,22995,0.05,True,Lender C (Near-Prime),10.97,72.0,2900.0,24295.0,261.0,True,3050.0,1586.0,False,0.0,0.0,297,2,261.0,0,False,,,0.0
NS303545,NV104406,NC203545,2024-11-10,BC,15895,0.12,True,Lender D (Subprime),19.96,72.0,2900.0,14902.0,267.0,False,0.0,0.0,False,0.0,0.0,817,3,520.0,395,False,,,0.0
NS303546,NV104407,NC203546,2026-04-28,ON,25995,0.13,True,Lender C (Near-Prime),12.97,84.0,3900.0,26474.0,251.0,False,0.0,0.0,True,1000.0,400.0,159,3,191.0,0,False,,,0.0
NS303547,NV104408,NC203547,2025-10-19,ON,14595,0.13,False,,,,,,0.0,False,0.0,0.0,False,0.0,0.0,124,2,185.0,0,False,,,0.0
NS303548,NV104410,NC203548,2024-09-05,ON,17295,0.13,False,,,,,,0.0,False,0.0,0.0,False,0.0,0.0,139,3,188.0,0,True,2024-09-08,Financing fell through,1513.0
NS303549,NV104411,NC203549,2024-03-02,ON,14695,0.13,True,Lender C (Near-Prime),16.0,48.0,2500.0,15255.0,172.0,False,0.0,0.0,True,1150.0,460.0,506,4,426.0,395,False,,,0.0
NS303550,NV104412,NC203550,2026-03-12,BC,18295,0.12,False,,,,,,0.0,False,0.0,0.0,False,0.0,0.0,748,5,543.0,395,False,,,0.0
NS303551,NV104413,NC203551,2024-03-03,NB,21195,0.15,False,,,,,,0.0,True,1750.0,910.0,False,0.0,0.0,1472,5,985.0,795,False,,,0.0
NS303552,NV104414,NC203552,2025-04-21,ON,29795,0.13,True,Lender B (Prime),9.15,84.0,5400.0,28268.0,477.0,False,0.0,0.0,False,0.0,0.0,160,2,204.0,0,False,,,0.0
NS303553,NV104415,NC203553,2025-03-21,ON,26495,0.13,True,Lender D (Subprime),19.49,84.0,300.0,31439.0,312.0,True,1800.0,936.0,False,0.0,0.0,623,3,452.0,395,True,2025-03-27,Vehicle condition not as expected,1834.0
NS303554,NV104417,NC203554,2026-07-26,QC,22995,0.14975,False,,,,,,0.0,False,0.0,0.0,False,0.0,0.0,589,4,424.0,395,False,,,0.0
NS303555,NV104418,NC203555,2025-05-09,ON,14495,0.13,True,Lender A (Prime),8.82,84.0,1800.0,16079.0,267.0,True,1500.0,780.0,False,0.0,0.0,168,2,202.0,0,False,,,0.0
NS303556,NV104419,NC203556,2024-12-07,ON,16795,0.13,False,,,,,,0.0,False,0.0,0.0,False,0.0,0.0,156,3,195.0,0,False,,,0.0
NS303557,NV104420,NC203557,2025-03-19,BC,20195,0.12,True,Lender D (Subprime),15.61,60.0,2100.0,21518.0,153.0,False,0.0,0.0,True,1000.0,400.0,4263,10,2620.0,1395,False,,,0.0
NS303558,NV104421,NC203558,2024-10-21,QC,18695,0.14975,True,Lender D (Subprime),20.75,84.0,800.0,20695.0,258.0,False,0.0,0.0,False,0.0,0.0,3394,7,1969.0,1395,False,,,0.0
NS303559,NV104422,NC203559,2024-04-02,ON,20895,0.13,False,,,,,,0.0,False,0.0,0.0,False,0.0,0.0,162,2,195.0,0,False,,,0.0
NS303560,NV104423,NC203560,2025-03-24,ON,24395,0.13,True,Lender B (Prime),6.67,60.0,1100.0,29366.0,401.0,True,2900.0,1508.0,False,0.0,0.0,142,2,215.0,0,False,,,0.0
NS303561,NV104424,NC203561,2024-06-14,ON,17495,0.13,False,,,,,,0.0,False,0.0,0.0,False,0.0,0.0,195,2,217.0,0,False,,,0.0
NS303562,NV104425,NC203562,2026-06-04,BC,17295,0.12,True,Lender B (Prime),6.66,72.0,1700.0,17670.0,324.0,False,0.0,0.0,False,0.0,0.0,4422,8,2386.0,1395,False,,,0.0
NS303563,NV104426,NC203563,2026-04-04,MB,20195,0.12,True,Lender B (Prime),10.38,72.0,3200.0,22368.0,398.0,True,2950.0,1534.0,False,0.0,0.0,2009,5,1322.0,795,True,2026-04-11,Changed mind,2436.0
NS303564,NV104427,NC203564,2025-10-04,MB,16195,0.12,True,Lender B (Prime),7.61,60.0,1800.0,17588.0,256.0,True,1250.0,650.0,False,0.0,0.0,1817,6,1124.0,795,False,,,0.0
NS303565,NV104428,NC203565,2025-09-24,ON,13995,0.13,True,Lender D (Subprime),19.54,60.0,1800.0,14014.0,263.0,False,0.0,0.0,False,0.0,0.0,150,3,211.0,0,False,,,0.0
NS303566,NV104429,NC203566,2025-08-14,AB,19695,0.05,True,Lender C (Near-Prime),15.8,84.0,1300.0,20130.0,366.0,False,0.0,0.0,True,750.0,300.0,2995,8,1892.0,1395,False,,,0.0
NS303567,NV104431,NC203567,2026-08-21,ON,24195,0.13,True,Lender C (Near-Prime),15.39,84.0,4000.0,24340.0,254.0,False,0.0,0.0,True,1000.0,400.0,152,4,201.0,0,False,,,0.0
NS303568,NV104432,NC203568,2024-06-23,ON,34495,0.13,True,Lender C (Near-Prime),11.87,84.0,5000.0,33979.0,424.0,False,0.0,0.0,False,0.0,0.0,3910,9,2453.0,1395,False,,,0.0
NS303569,NV104434,NC203569,2024-08-15,NB,13195,0.15,True,Lender A (Prime),8.07,60.0,2500.0,12674.0,195.0,False,0.0,0.0,False,0.0,0.0,981,4,530.0,395,False,,,0.0
NS303570,NV104435,NC203570,2024-09-12,MB,38895,0.12,True,Lender A (Prime),10.5,84.0,1400.0,45312.0,468.0,True,3150.0,1638.0,False,0.0,0.0,1570,5,918.0,795,False,,,0.0
NS303571,NV104436,NC203571,2024-03-25,ON,38295,0.13,False,,,,,,0.0,False,0.0,0.0,False,0.0,0.0,166,3,217.0,0,False,,,0.0
NS303572,NV104437,NC203572,2024-11-21,ON,17295,0.13,True,Lender D (Subprime),19.35,72.0,3200.0,16343.0,155.0,False,0.0,0.0,False,0.0,0.0,128,3,202.0,0,True,2024-11-24,Vehicle condition not as expected,1056.0
NS303573,NV104439,NC203573,2025-10-24,AB,28395,0.05,True,Lender C (Near-Prime),11.42,60.0,4000.0,27215.0,520.0,True,1400.0,728.0,False,0.0,0.0,242,3,262.0,0,False,,,0.0
NS303574,NV104440,NC203574,2026-01-03,SK,12595,0.11,False,,,,,,0.0,True,1500.0,780.0,False,0.0,0.0,3032,6,1418.0,1395,True,2026-01-05,Changed mind,3411.0
NS303575,NV104444,NC203575,2026-08-21,AB,25095,0.05,False,,,,,,0.0,False,0.0,0.0,False,0.0,0.0,293,2,280.0,0,False,,,0.0
NS303576,NV104445,NC203576,2024-12-15,ON,25895,0.13,False,,,,,,0.0,False,0.0,0.0,False,0.0,0.0,3809,7,2024.0,1395,False,,,0.0
NS303577,NV104447,NC203577,2024-07-08,ON,53795,0.13,True,Lender D (Subprime),22.35,60.0,2900.0,58888.0,980.0,False,0.0,0.0,True,1000.0,400.0,160,3,220.0,0,False,,,0.0
NS303578,NV104448,NC203578,2025-10-17,MB,25395,0.12,False,,,,,,0.0,True,1400.0,728.0,False,0.0,0.0,2111,7,940.0,795,False,,,0.0
NS303579,NV104449,NC203579,2026-09-21,AB,46195,0.05,True,Lender D (Subprime),19.74,72.0,6300.0,43205.0,475.0,False,0.0,0.0,True,1000.0,400.0,3672,9,2023.0,1395,False,,,0.0
NS303580,NV104450,NC203580,2024-11-25,BC,37795,0.12,True,Lender D (Subprime),19.93,48.0,400.0,43980.0,291.0,True,2050.0,1066.0,False,0.0,0.0,5576,10,3763.0,1395,False,,,0.0
NS303581,NV104451,NC203581,2024-07-11,ON,11995,0.13,False,,,,,,0.0,False,0.0,0.0,False,0.0,0.0,171,4,199.0,0,False,,,0.0
NS303582,NV104452,NC203582,2024-06-20,ON,23295,0.13,False,,,,,,0.0,False,0.0,0.0,False,0.0,0.0,167,4,207.0,0,True,2024-06-24,Financing fell through,2474.0
NS303583,NV104454,NC203583,2026-09-15,SK,14095,0.11,True,Lender C (Near-Prime),14.0,60.0,1600.0,14895.0,126.0,False,0.0,0.0,True,850.0,340.0,731,5,527.0,395,False,,,0.0
NS303584,NV104455,NC203584,2026-09-07,MB,12195,0.12,False,,,,,,0.0,True,2850.0,1482.0,False,0.0,0.0,1204,5,742.0,795,False,,,0.0
NS303585,NV104457,NC203585,2025-12-16,ON,43295,0.13,True,Lender B (Prime),8.5,60.0,8300.0,44423.0,722.0,True,2600.0,1352.0,True,1200.0,480.0,178,4,207.0,0,False,,,0.0
NS303586,NV104458,NC203586,2026-07-31,ON,23495,0.13,True,Lender A (Prime),8.32,60.0,4100.0,22449.0,358.0,False,0.0,0.0,False,0.0,0.0,153,2,193.0,0,False,,,0.0
NS303587,NV104459,NC203587,2025-06-01,ON,14195,0.13,True,Lender B (Prime),7.81,72.0,1400.0,16040.0,127.0,True,1400.0,728.0,False,0.0,0.0,143,2,185.0,0,False,,,0.0
NS303588,NV104460,NC203588,2026-01-26,QC,11495,0.14975,True,Lender B (Prime),8.38,84.0,2000.0,11216.0,112.0,False,0.0,0.0,False,0.0,0.0,207,3,222.0,0,False,,,0.0
NS303589,NV104461,NC203589,2025-06-03,NB,22695,0.15,False,,,,,,0.0,False,0.0,0.0,False,0.0,0.0,3901,8,2206.0,1395,False,,,0.0
NS303590,NV104462,NC203590,2024-04-28,MB,25395,0.12,False,,,,,,0.0,False,0.0,0.0,False,0.0,0.0,2411,7,1330.0,795,False,,,0.0
NS303591,NV104463,NC203591,2024-11-21,ON,24395,0.13,True,Lender C (Near-Prime),13.4,60.0,4900.0,23516.0,170.0,False,0.0,0.0,True,850.0,340.0,3314,8,1619.0,1395,False,,,0.0
NS303592,NV104464,NC203592,2025-10-28,BC,22695,0.12,False,,,,,,0.0,False,0.0,0.0,False,0.0,0.0,4772,10,2736.0,1395,False,,,0.0
NS303593,NV104465,NC203593,2026-08-29,NS,15195,0.14,False,,,,,,0.0,False,0.0,0.0,False,0.0,0.0,1847,4,1213.0,795,False,,,0.0
NS303594,NV104466,NC203594,2025-02-19,QC,11795,0.14975,True,Lender D (Subprime),19.37,72.0,0.0,16661.0,179.0,True,3100.0,1612.0,False,0.0,0.0,468,2,332.0,395,False,,,0.0
NS303595,NV104467,NC203595,2025-09-11,BC,32895,0.12,True,Lender D (Subprime),21.28,72.0,1100.0,37892.0,724.0,True,2150.0,1118.0,False,0.0,0.0,929,3,687.0,395,False,,,0.0
NS303596,NV104469,NC203596,2025-04-08,AB,11695,0.05,True,Lender C (Near-Prime),12.28,72.0,2300.0,12980.0,123.0,True,3000.0,1560.0,False,0.0,0.0,254,4,245.0,0,False,,,0.0
NS303597,NV104471,NC203597,2025-04-09,ON,29895,0.13,True,Lender C (Near-Prime),13.95,72.0,5600.0,29031.0,553.0,False,0.0,0.0,True,850.0,340.0,3704,9,2044.0,1395,False,,,0.0
NS303598,NV104472,NC203598,2026-04-21,BC,25695,0.12,True,Lender D (Subprime),20.38,60.0,3500.0,28178.0,442.0,True,2900.0,1508.0,False,0.0,0.0,690,3,546.0,395,False,,,0.0
NS303599,NV104473,NC203599,2024-08-27,ON,29495,0.13,True,Lender A (Prime),8.83,72.0,4700.0,28629.0,300.0,False,0.0,0.0,False,0.0,0.0,150,3,195.0,0,False,,,0.0
NS303600,NV104474,NC203600,2026-02-19,ON,19495,0.13,True,Lender A (Prime),6.92,60.0,2100.0,22929.0,417.0,True,3000.0,1560.0,False,0.0,0.0,129,4,175.0,0,False,,,0.0
NS303601,NV104475,NC203601,2024-09-18,AB,29295,0.05,True,Lender C (Near-Prime),14.06,72.0,4900.0,25860.0,231.0,False,0.0,0.0,False,0.0,0.0,3073,6,1547.0,1395,False,,,0.0
NS303602,NV104476,NC203602,2026-07-09,ON,18395,0.13,True,Lender A (Prime),8.34,60.0,2700.0,20886.0,371.0,True,2800.0,1456.0,False,0.0,0.0,693,3,529.0,395,False,,,0.0
NS303603,NV104477,NC203603,2026-09-15,QC,11795,0.14975,True,Lender C (Near-Prime),10.9,72.0,600.0,14811.0,213.0,True,1850.0,962.0,False,0.0,0.0,260,3,247.0,0,False,,,0.0
NS303604,NV104478,NC203604,2026-03-24,AB,35495,0.05,False,,,,,,0.0,False,0.0,0.0,False,0.0,0.0,3433,8,1862.0,1395,False,,,0.0
NS303605,NV104479,NC203605,2025-02-01,QC,19495,0.14975,False,,,,,,0.0,False,0.0,0.0,True,1300.0,520.0,509,2,434.0,395,False,,,0.0
NS303606,NV104481,NC203606,2024-03-13,ON,25095,0.13,True,Lender C (Near-Prime),12.99,72.0,3900.0,24457.0,202.0,False,0.0,0.0,False,0.0,0.0,149,3,204.0,0,False,,,0.0
NS303607,NV104482,NC203607,2024-05-08,ON,13395,0.13,False,,,,,,0.0,False,0.0,0.0,False,0.0,0.0,3303,7,1992.0,1395,False,,,0.0
NS303608,NV104483,NC203608,2025-06-24,SK,20095,0.11,True,Lender B (Prime),10.39,60.0,4000.0,20255.0,141.0,True,1950.0,1014.0,False,0.0,0.0,848,5,609.0,395,False,,,0.0
NS303609,NV104484,NC203609,2024-09-18,AB,29395,0.05,True,Lender C (Near-Prime),10.5,84.0,1300.0,32715.0,523.0,True,3150.0,1638.0,False,0.0,0.0,3544,9,2210.0,1395,False,,,0.0
NS303610,NV104486,NC203610,2024-07-16,ON,18795,0.13,True,Lender B (Prime),9.05,48.0,3500.0,18788.0,236.0,False,0.0,0.0,True,1050.0,420.0,145,3,188.0,0,False,,,0.0
NS303611,NV104488,NC203611,2024-06-22,ON,31695,0.13,True,Lender A (Prime),8.41,60.0,3100.0,35915.0,203.0,True,3200.0,1664.0,False,0.0,0.0,145,3,183.0,0,False,,,0.0
NS303612,NV104489,NC203612,2026-05-04,BC,24395,0.12,False,,,,,,0.0,False,0.0,0.0,False,0.0,0.0,760,3,477.0,395,False,,,0.0
NS303613,NV104490,NC203613,2026-03-06,QC,15995,0.14975,False,,,,,,0.0,False,0.0,0.0,False,0.0,0.0,466,4,337.0,395,False,,,0.0
NS303614,NV104492,NC203614,2025-05-09,ON,15995,0.13,True,Lender C (Near-Prime),11.25,72.0,3200.0,14874.0,229.0,False,0.0,0.0,False,0.0,0.0,3017,6,1693.0,1395,False,,,0.0
NS303615,NV104493,NC203615,2026-06-26,AB,12195,0.05,False,,,,,,0.0,False,0.0,0.0,False,0.0,0.0,281,4,240.0,0,False,,,0.0
NS303616,NV104495,NC203616,2024-08-23,AB,24495,0.05,False,,,,,,0.0,True,2600.0,1352.0,False,0.0,0.0,325,4,253.0,395,False,,,0.0
NS303617,NV104496,NC203617,2025-09-13,ON,18895,0.13,True,Lender D (Subprime),18.86,72.0,1700.0,22201.0,422.0,True,2550.0,1326.0,False,0.0,0.0,140,2,205.0,0,False,,,0.0
NS303618,NV104499,NC203618,2025-08-18,ON,21795,0.13,False,,,,,,0.0,True,1350.0,702.0,False,0.0,0.0,200,2,225.0,0,False,,,0.0
NS303619,NV104500,NC203619,2024-05-14,ON,13595,0.13,True,Lender B (Prime),7.63,72.0,2100.0,13262.0,171.0,False,0.0,0.0,False,0.0,0.0,164,3,203.0,0,False,,,0.0
NS303620,NV104502,NC203620,2026-06-17,ON,12295,0.13,True,Lender C (Near-Prime),13.87,72.0,2200.0,13093.0,107.0,True,1400.0,728.0,False,0.0,0.0,161,2,204.0,0,False,,,0.0
NS303621,NV104503,NC203621,2026-07-06,ON,19095,0.13,True,Lender B (Prime),10.44,72.0,900.0,22727.0,346.0,True,2050.0,1066.0,False,0.0,0.0,136,4,183.0,0,False,,,0.0
NS303622,NV104504,NC203622,2026-05-28,ON,18595,0.13,True,Lender B (Prime),9.84,84.0,1100.0,19912.0,104.0,False,0.0,0.0,False,0.0,0.0,173,3,204.0,0,False,,,0.0
NS303623,NV104505,NC203623,2025-05-25,ON,25595,0.13,False,,,,,,0.0,False,0.0,0.0,False,0.0,0.0,128,3,183.0,0,False,,,0.0
NS303624,NV104506,NC203624,2024-06-22,QC,36695,0.14975,False,,,,,,0.0,False,0.0,0.0,False,0.0,0.0,4605,9,2970.0,1395,False,,,0.0
NS303625,NV104509,NC203625,2024-04-07,ON,27895,0.13,False,,,,,,0.0,False,0.0,0.0,False,0.0,0.0,131,2,192.0,0,False,,,0.0
NS303626,NV104510,NC203626,2024-12-09,ON,16395,0.13,True,Lender D (Subprime),16.27,84.0,1200.0,17326.0,314.0,False,0.0,0.0,False,0.0,0.0,160,4,195.0,0,False,,,0.0
NS303627,NV104511,NC203627,2025-11-06,ON,30195,0.13,False,,,,,,0.0,True,2100.0,1092.0,False,0.0,0.0,167,2,215.0,0,False,,,0.0
NS303628,NV104513,NC203628,2026-08-13,ON,24295,0.13,True,Lender A (Prime),8.31,60.0,1200.0,26253.0,295.0,False,0.0,0.0,False,0.0,0.0,163,3,213.0,0,False,,,0.0
NS303629,NV104515,NC203629,2025-10-09,ON,17095,0.13,True,Lender B (Prime),7.79,48.0,2000.0,17317.0,106.0,False,0.0,0.0,False,0.0,0.0,134,3,197.0,0,False,,,0.0
NS303630,NV104516,NC203630,2024-06-08,QC,20695,0.14975,True,Lender B (Prime),7.65,84.0,3000.0,20794.0,366.0,False,0.0,0.0,False,0.0,0.0,225,4,226.0,0,False,,,0.0
NS303631,NV104517,NC203631,2025-08-28,ON,16395,0.13,True,Lender A (Prime),10.5,72.0,700.0,20576.0,191.0,True,2750.0,1430.0,False,0.0,0.0,484,4,348.0,395,False,,,0.0
NS303632,NV104518,NC203632,2024-06-20,ON,29295,0.13,False,,,,,,0.0,False,0.0,0.0,False,0.0,0.0,142,4,186.0,0,False,,,0.0
NS303633,NV104520,NC203633,2024-03-22,ON,23895,0.13,False,,,,,,0.0,False,0.0,0.0,False,0.0,0.0,641,3,481.0,395,False,,,0.0
NS303634,NV104521,NC203634,2025-01-23,AB,28795,0.05,True,Lender A (Prime),7.88,60.0,5500.0,26435.0,417.0,True,1700.0,884.0,False,0.0,0.0,280,4,272.0,0,False,,,0.0
NS303635,NV104523,NC203635,2025-07-17,ON,29595,0.13,True,Lender C (Near-Prime),15.36,72.0,1600.0,31842.0,244.0,False,0.0,0.0,False,0.0,0.0,524,3,404.0,395,False,,,0.0
NS303636,NV104524,NC203636,2026-02-27,QC,34995,0.14975,True,Lender C (Near-Prime),11.54,72.0,2100.0,38136.0,702.0,False,0.0,0.0,False,0.0,0.0,518,2,383.0,395,False,,,0.0
NS303637,NV104525,NC203637,2024-08-22,BC,28695,0.12,True,Lender C (Near-Prime),12.22,84.0,5300.0,26838.0,307.0,False,0.0,0.0,False,0.0,0.0,721,5,511.0,395,True,2024-08-31,Found another vehicle,2105.0
NS303638,NV104526,NC203638,2026-01-30,ON,37295,0.13,True,Lender C (Near-Prime),14.48,72.0,1500.0,40643.0,777.0,False,0.0,0.0,False,0.0,0.0,141,4,207.0,0,False,,,0.0
NS303639,NV104527,NC203639,2025-09-15,ON,17895,0.13,True,Lender A (Prime),8.15,84.0,3500.0,18721.0,295.0,True,2000.0,1040.0,False,0.0,0.0,662,3,453.0,395,False,,,0.0
NS303640,NV104528,NC203640,2026-07-22,SK,19995,0.11,False,,,,,,0.0,True,2450.0,1274.0,False,0.0,0.0,773,3,490.0,395,False,,,0.0
NS303641,NV104529,NC203641,2024-10-16,ON,24395,0.13,False,,,,,,0.0,True,1700.0,884.0,False,0.0,0.0,126,2,180.0,0,False,,,0.0
NS303642,NV104530,NC203642,2025-12-03,ON,21395,0.13,True,Lender A (Prime),9.9,84.0,3900.0,20276.0,331.0,False,0.0,0.0,False,0.0,0.0,596,4,541.0,395,False,,,0.0
NS303643,NV104531,NC203643,2026-06-25,ON,41095,0.13,True,Lender B (Prime),7.88,72.0,800.0,48737.0,778.0,True,3100.0,1612.0,False,0.0,0.0,3538,9,2103.0,1395,False,,,0.0
NS303644,NV104532,NC203644,2025-03-29,QC,16895,0.14975,True,Lender C (Near-Prime),13.54,72.0,2600.0,16825.0,102.0,False,0.0,0.0,False,0.0,0.0,541,3,389.0,395,False,,,0.0
NS303645,NV104533,NC203645,2024-04-03,ON,22295,0.13,True,Lender B (Prime),10.01,60.0,2800.0,22393.0,250.0,False,0.0,0.0,False,0.0,0.0,143,4,198.0,0,False,,,0.0
NS303646,NV104534,NC203646,2025-09-03,SK,21895,0.11,True,Lender A (Prime),8.83,72.0,900.0,23403.0,125.0,False,0.0,0.0,False,0.0,0.0,872,3,554.0,395,False,,,0.0
NS303647,NV104535,NC203647,2024-10-25,ON,17395,0.13,True,Lender C (Near-Prime),12.78,60.0,3300.0,16356.0,153.0,False,0.0,0.0,False,0.0,0.0,147,4,203.0,0,False,,,0.0
NS303648,NV104536,NC203648,2026-01-21,ON,18195,0.13,False,,,,,,0.0,False,0.0,0.0,False,0.0,0.0,142,2,193.0,0,False,,,0.0
NS303649,NV104537,NC203649,2025-06-05,ON,17595,0.13,True,Lender B (Prime),7.37,72.0,1900.0,17982.0,292.0,False,0.0,0.0,False,0.0,0.0,144,4,188.0,0,True,2025-06-06,Vehicle condition not as expected,1726.0
NS303650,NV104538,NC203650,2026-08-16,BC,20395,0.12,True,Lender C (Near-Prime),13.12,84.0,2000.0,20842.0,344.0,False,0.0,0.0,False,0.0,0.0,4198,9,2390.0,1395,False,,,0.0
NS303651,NV104539,NC203651,2024-10-23,BC,13795,0.12,False,,,,,,0.0,False,0.0,0.0,False,0.0,0.0,4212,8,2018.0,1395,False,,,0.0
NS303652,NV104540,NC203652,2025-03-06,AB,31295,0.05,True,Lender C (Near-Prime),12.93,72.0,4300.0,28560.0,387.0,False,0.0,0.0,False,0.0,0.0,271,4,256.0,0,False,,,0.0
NS303653,NV104543,NC203653,2025-06-06,ON,42295,0.13,False,,,,,,0.0,False,0.0,0.0,False,0.0,0.0,3534,7,1935.0,1395,False,,,0.0
NS303654,NV104544,NC203654,2025-07-09,ON,20495,0.13,True,Lender C (Near-Prime),12.49,60.0,1100.0,22059.0,192.0,False,0.0,0.0,False,0.0,0.0,160,3,205.0,0,False,,,0.0
NS303655,NV104545,NC203655,2026-07-14,AB,20795,0.05,False,,,,,,0.0,True,3250.0,1690.0,False,0.0,0.0,3449,9,1842.0,1395,False,,,0.0
NS303656,NV104546,NC203656,2026-02-23,AB,21595,0.05,False,,,,,,0.0,False,0.0,0.0,False,0.0,0.0,287,4,236.0,0,False,,,0.0
NS303657,NV104547,NC203657,2026-03-11,ON,31795,0.13,True,Lender C (Near-Prime),13.97,48.0,4600.0,34178.0,374.0,True,2850.0,1482.0,False,0.0,0.0,162,3,205.0,0,False,,,0.0
NS303658,NV104548,NC203658,2024-05-15,SK,25595,0.11,False,,,,,,0.0,True,1650.0,858.0,True,1100.0,440.0,2929,7,1703.0,1395,False,,,0.0
NS303659,NV104549,NC203659,2026-04-04,QC,22795,0.14975,True,Lender C (Near-Prime),12.18,84.0,700.0,25509.0,491.0,False,0.0,0.0,False,0.0,0.0,497,2,390.0,395,False,,,0.0
NS303660,NV104550,NC203660,2026-04-21,ON,14595,0.13,True,Lender A (Prime),8.53,72.0,0.0,19842.0,296.0,True,2000.0,1040.0,True,1350.0,540.0,159,2,195.0,0,True,2026-04-29,Financing fell through,1420.0
NS303661,NV104551,NC203661,2025-01-15,ON,20095,0.13,True,Lender B (Prime),8.37,72.0,700.0,22007.0,299.0,False,0.0,0.0,False,0.0,0.0,145,2,187.0,0,False,,,0.0
NS303662,NV104552,NC203662,2025-02-27,NS,24995,0.14,False,,,,,,0.0,False,0.0,0.0,False,0.0,0.0,1790,6,998.0,795,False,,,0.0
NS303663,NV104553,NC203663,2025-09-20,ON,8995,0.13,True,Lender B (Prime),8.08,60.0,1300.0,8864.0,84.0,False,0.0,0.0,False,0.0,0.0,162,3,192.0,0,False,,,0.0
NS303664,NV104556,NC203664,2025-08-08,ON,12495,0.13,True,Lender B (Prime),8.43,72.0,2200.0,11919.0,79.0,False,0.0,0.0,False,0.0,0.0,148,2,190.0,0,False,,,0.0
NS303665,NV104557,NC203665,2025-10-18,AB,40295,0.05,True,Lender B (Prime),6.92,84.0,3900.0,38410.0,213.0,False,0.0,0.0,False,0.0,0.0,239,4,274.0,0,False,,,0.0
NS303666,NV104558,NC203666,2026-03-18,ON,16995,0.13,True,Lender A (Prime),8.38,84.0,600.0,18604.0,309.0,False,0.0,0.0,False,0.0,0.0,155,3,202.0,0,False,,,0.0
NS303667,NV104559,NC203667,2025-05-23,ON,11195,0.13,False,,,,,,0.0,False,0.0,0.0,False,0.0,0.0,143,3,210.0,0,False,,,0.0
NS303668,NV104560,NC203668,2025-04-09,ON,30095,0.13,True,Lender A (Prime),9.06,60.0,5300.0,28707.0,210.0,False,0.0,0.0,False,0.0,0.0,134,4,193.0,0,False,,,0.0
NS303669,NV104561,NC203669,2026-08-31,ON,19295,0.13,True,Lender B (Prime),8.4,60.0,1100.0,22853.0,349.0,True,1350.0,702.0,True,800.0,320.0,664,3,460.0,395,False,,,0.0
NS303670,NV104562,NC203670,2026-06-15,ON,23695,0.13,True,Lender D (Subprime),21.54,72.0,2600.0,26525.0,476.0,True,2350.0,1222.0,False,0.0,0.0,143,3,193.0,0,False,,,0.0
NS303671,NV104563,NC203671,2026-07-04,NB,16695,0.15,True,Lender B (Prime),8.08,84.0,3100.0,17849.0,196.0,True,1750.0,910.0,False,0.0,0.0,1424,4,998.0,795,False,,,0.0
NS303672,NV104564,NC203672,2024-11-21,ON,16595,0.13,True,Lender D (Subprime),18.83,48.0,3200.0,18102.0,250.0,True,1800.0,936.0,True,750.0,300.0,624,4,406.0,395,False,,,0.0
NS303673,NV104565,NC203673,2025-04-30,QC,13995,0.14975,True,Lender A (Prime),7.11,60.0,400.0,17441.0,330.0,True,1750.0,910.0,False,0.0,0.0,573,2,423.0,395,False,,,0.0
NS303674,NV104566,NC203674,2025-06-10,ON,21095,0.13,True,Lender D (Subprime),18.36,60.0,3200.0,20637.0,243.0,False,0.0,0.0,False,0.0,0.0,149,2,199.0,0,False,,,0.0
NS303675,NV104567,NC203675,2025-07-21,AB,13595,0.05,True,Lender A (Prime),8.63,72.0,1500.0,14175.0,208.0,True,1400.0,728.0,False,0.0,0.0,3142,6,1761.0,1395,False,,,0.0
NS303676,NV104568,NC203676,2024-06-08,SK,22895,0.11,True,Lender C (Near-Prime),11.66,72.0,4200.0,21213.0,216.0,False,0.0,0.0,False,0.0,0.0,609,3,384.0,395,False,,,0.0
NS303677,NV104569,NC203677,2025-08-30,ON,24095,0.13,True,Lender D (Subprime),19.38,60.0,100.0,29127.0,361.0,True,2000.0,1040.0,False,0.0,0.0,160,4,215.0,0,False,,,0.0
NS303678,NV104571,NC203678,2025-09-30,ON,19695,0.13,True,Lender D (Subprime),17.56,60.0,2500.0,19755.0,112.0,False,0.0,0.0,False,0.0,0.0,140,4,193.0,0,False,,,0.0
NS303679,NV104572,NC203679,2025-12-23,ON,22895,0.13,True,Lender A (Prime),9.79,72.0,3400.0,24371.0,321.0,True,1900.0,988.0,False,0.0,0.0,3709,7,1861.0,1395,False,,,0.0
NS303680,NV104573,NC203680,2024-06-29,BC,14895,0.12,True,Lender B (Prime),6.78,72.0,1600.0,17232.0,279.0,True,2150.0,1118.0,False,0.0,0.0,779,3,531.0,395,True,2024-07-09,Vehicle condition not as expected,2384.0
NS303681,NV104574,NC203681,2026-03-22,BC,14395,0.12,True,Lender B (Prime),8.94,60.0,2700.0,13422.0,200.0,False,0.0,0.0,False,0.0,0.0,697,3,499.0,395,False,,,0.0
NS303682,NV104575,NC203682,2025-02-10,ON,22895,0.13,True,Lender A (Prime),9.5,84.0,3500.0,24721.0,317.0,True,2350.0,1222.0,False,0.0,0.0,126,4,181.0,0,False,,,0.0
NS303683,NV104576,NC203683,2026-08-24,ON,11895,0.13,True,Lender C (Near-Prime),10.5,72.0,200.0,13241.0,162.0,False,0.0,0.0,False,0.0,0.0,3052,7,1910.0,1395,False,,,0.0
NS303684,NV104577,NC203684,2025-06-11,BC,14095,0.12,True,Lender B (Prime),8.38,84.0,900.0,17536.0,194.0,True,1350.0,702.0,True,1300.0,520.0,591,2,502.0,395,False,,,0.0
NS303685,NV104579,NC203685,2025-05-10,ON,20895,0.13,True,Lender C (Near-Prime),14.99,72.0,1400.0,25211.0,296.0,True,3000.0,1560.0,False,0.0,0.0,128,2,202.0,0,False,,,0.0
NS303686,NV104580,NC203686,2026-04-03,ON,16795,0.13,True,Lender D (Subprime),18.47,72.0,3100.0,20328.0,268.0,True,3100.0,1612.0,True,1350.0,540.0,168,4,216.0,0,False,,,0.0
NS303687,NV104582,NC203687,2026-08-05,NB,13095,0.15,False,,,,,,0.0,False,0.0,0.0,False,0.0,0.0,1665,5,826.0,795,False,,,0.0
NS303688,NV104583,NC203688,2024-09-23,AB,30195,0.05,True,Lender A (Prime),7.53,84.0,3200.0,28505.0,386.0,False,0.0,0.0,False,0.0,0.0,280,3,273.0,0,False,,,0.0
NS303689,NV104584,NC203689,2026-02-28,BC,16795,0.12,True,Lender C (Near-Prime),13.27,48.0,2800.0,16010.0,260.0,False,0.0,0.0,False,0.0,0.0,715,3,500.0,395,False,,,0.0
NS303690,NV104585,NC203690,2026-07-16,ON,15295,0.13,False,,,,,,0.0,True,2050.0,1066.0,False,0.0,0.0,169,2,184.0,0,False,,,0.0
NS303691,NV104586,NC203691,2025-12-19,QC,16695,0.14975,True,Lender C (Near-Prime),14.51,72.0,1000.0,20995.0,358.0,True,2800.0,1456.0,False,0.0,0.0,601,3,434.0,395,False,,,0.0
NS303692,NV104590,NC203692,2026-09-25,ON,13095,0.13,True,Lender D (Subprime),18.99,84.0,1300.0,13497.0,261.0,False,0.0,0.0,False,0.0,0.0,3746,9,1880.0,1395,False,,,0.0
NS303693,NV104591,NC203693,2025-04-24,BC,35595,0.12,True,Lender C (Near-Prime),13.56,72.0,600.0,41466.0,657.0,True,1400.0,728.0,True,800.0,320.0,723,3,506.0,395,False,,,0.0
NS303694,NV104592,NC203694,2024-08-07,BC,19395,0.12,True,Lender C (Near-Prime),10.91,60.0,1100.0,21572.0,221.0,False,0.0,0.0,True,950.0,380.0,793,3,555.0,395,False,,,0.0
NS303695,NV104593,NC203695,2025-11-13,NL,14395,0.15,True,Lender A (Prime),8.05,84.0,1100.0,18404.0,140.0,True,2950.0,1534.0,False,0.0,0.0,3449,8,2053.0,1395,False,,,0.0
NS303696,NV104595,NC203696,2024-09-03,ON,14895,0.13,True,Lender D (Subprime),21.59,60.0,700.0,17931.0,337.0,True,1800.0,936.0,False,0.0,0.0,3430,9,1951.0,1395,False,,,0.0
NS303697,NV104596,NC203697,2026-08-28,QC,12895,0.14975,True,Lender A (Prime),8.59,60.0,100.0,14726.0,242.0,False,0.0,0.0,False,0.0,0.0,3985,10,2047.0,1395,False,,,0.0
NS303698,NV104597,NC203698,2026-05-02,QC,13095,0.14975,False,,,,,,0.0,False,0.0,0.0,False,0.0,0.0,556,4,396.0,395,False,,,0.0
NS303699,NV104600,NC203699,2026-03-21,QC,20295,0.14975,False,,,,,,0.0,False,0.0,0.0,False,0.0,0.0,584,4,384.0,395,False,,,0.0
NS303700,NV104603,NC203700,2024-10-23,ON,16595,0.13,True,Lender B (Prime),7.44,60.0,1500.0,19702.0,294.0,True,2450.0,1274.0,False,0.0,0.0,577,3,426.0,395,False,,,0.0
NS303701,NV104604,NC203701,2026-09-14,AB,15995,0.05,False,,,,,,0.0,False,0.0,0.0,False,0.0,0.0,287,3,283.0,0,False,,,0.0
NS303702,NV104606,NC203702,2026-04-23,ON,20395,0.13,False,,,,,,0.0,False,0.0,0.0,False,0.0,0.0,150,2,195.0,0,True,2026-04-24,Financing fell through,2836.0
NS303703,NV104607,NC203703,2025-07-08,ON,12695,0.13,True,Lender A (Prime),7.54,60.0,1500.0,12845.0,202.0,False,0.0,0.0,False,0.0,0.0,147,4,193.0,0,False,,,0.0
NS303704,NV104609,NC203704,2025-10-18,ON,22495,0.13,True,Lender B (Prime),7.39,48.0,3400.0,25119.0,417.0,True,3100.0,1612.0,False,0.0,0.0,144,3,201.0,0,False,,,0.0
NS303705,NV104610,NC203705,2026-06-26,ON,12295,0.13,False,,,,,,0.0,False,0.0,0.0,False,0.0,0.0,185,4,213.0,0,False,,,0.0
NS303706,NV104611,NC203706,2025-09-13,ON,27395,0.13,True,Lender D (Subprime),17.54,60.0,1100.0,29856.0,321.0,False,0.0,0.0,False,0.0,0.0,144,2,190.0,0,False,,,0.0
NS303707,NV104612,NC203707,2025-03-15,AB,20795,0.05,True,Lender C (Near-Prime),14.21,84.0,3300.0,18535.0,121.0,False,0.0,0.0,False,0.0,0.0,3585,8,1918.0,1395,False,,,0.0
NS303708,NV104613,NC203708,2026-09-18,BC,25095,0.12,True,Lender C (Near-Prime),13.85,60.0,4300.0,27506.0,218.0,True,2450.0,1274.0,True,1250.0,500.0,4741,10,2597.0,1395,False,,,0.0
NS303709,NV104614,NC203709,2024-05-29,ON,14795,0.13,True,Lender C (Near-Prime),11.8,48.0,500.0,16218.0,132.0,False,0.0,0.0,False,0.0,0.0,153,2,204.0,0,False,,,0.0
NS303710,NV104615,NC203710,2024-06-15,ON,32095,0.13,True,Lender D (Subprime),19.81,72.0,3300.0,32967.0,648.0,False,0.0,0.0,False,0.0,0.0,158,2,200.0,0,False,,,0.0
NS303711,NV104617,NC203711,2025-08-03,ON,22595,0.13,True,Lender B (Prime),10.18,84.0,900.0,27432.0,181.0,True,2800.0,1456.0,False,0.0,0.0,3419,8,2007.0,1395,False,,,0.0
NS303712,NV104619,NC203712,2024-08-02,ON,24195,0.13,False,,,,,,0.0,True,2150.0,1118.0,False,0.0,0.0,133,4,190.0,0,False,,,0.0
NS303713,NV104621,NC203713,2025-04-19,ON,20095,0.13,True,Lender B (Prime),10.5,60.0,1000.0,24457.0,409.0,True,1600.0,832.0,True,1150.0,460.0,155,3,211.0,0,True,2025-04-21,Mechanical issue,1392.0
NS303714,NV104622,NC203714,2024-09-28,AB,9295,0.05,False,,,,,,0.0,True,3300.0,1716.0,False,0.0,0.0,259,3,236.0,0,False,,,0.0
NS303715,NV104623,NC203715,2026-09-22,ON,34495,0.13,True,Lender A (Prime),7.44,72.0,5900.0,33079.0,207.0,False,0.0,0.0,False,0.0,0.0,152,3,196.0,0,False,,,0.0
NS303716,NV104624,NC203716,2024-09-16,AB,11895,0.05,True,Lender C (Near-Prime),12.75,72.0,800.0,11690.0,136.0,False,0.0,0.0,False,0.0,0.0,284,3,249.0,0,False,,,0.0
NS303717,NV104625,NC203717,2025-08-09,QC,24095,0.14975,True,Lender C (Near-Prime),11.57,72.0,4000.0,23703.0,407.0,False,0.0,0.0,False,0.0,0.0,239,4,238.0,0,False,,,0.0
NS303718,NV104626,NC203718,2026-04-12,BC,22395,0.12,True,Lender C (Near-Prime),14.18,60.0,2300.0,22782.0,454.0,False,0.0,0.0,False,0.0,0.0,4667,10,2063.0,1395,False,,,0.0
NS303719,NV104627,NC203719,2024-08-14,ON,9895,0.13,True,Lender D (Subprime),15.66,72.0,1400.0,10831.0,147.0,False,0.0,0.0,True,1050.0,420.0,180,4,205.0,0,False,,,0.0
NS303720,NV104629,NC203720,2025-06-26,BC,24895,0.12,False,,,,,,0.0,False,0.0,0.0,False,0.0,0.0,4419,8,2530.0,1395,False,,,0.0
NS303721,NV104630,NC203721,2026-07-20,ON,17795,0.13,True,Lender B (Prime),8.07,72.0,500.0,19608.0,309.0,False,0.0,0.0,False,0.0,0.0,125,2,188.0,0,False,,,0.0
NS303722,NV104631,NC203722,2026-05-15,BC,20895,0.12,False,,,,,,0.0,True,1650.0,858.0,False,0.0,0.0,4729,10,2388.0,1395,False,,,0.0
NS303723,NV104632,NC203723,2024-06-16,ON,17595,0.13,True,Lender C (Near-Prime),12.92,48.0,1400.0,19732.0,337.0,True,1250.0,650.0,False,0.0,0.0,3255,7,1870.0,1395,False,,,0.0
NS303724,NV104633,NC203724,2025-12-24,ON,10895,0.13,True,Lender B (Prime),7.49,48.0,800.0,12761.0,202.0,False,0.0,0.0,True,1250.0,500.0,174,2,219.0,0,False,,,0.0
NS303725,NV104634,NC203725,2026-05-11,NL,16995,0.15,True,Lender D (Subprime),20.02,84.0,2200.0,18544.0,211.0,False,0.0,0.0,True,1200.0,480.0,2600,7,1989.0,1395,False,,,0.0
NS303726,NV104635,NC203726,2026-05-23,ON,17695,0.13,True,Lender A (Prime),7.59,60.0,600.0,20645.0,224.0,False,0.0,0.0,True,1250.0,500.0,3425,7,1723.0,1395,False,,,0.0
NS303727,NV104636,NC203727,2024-08-31,BC,29795,0.12,False,,,,,,0.0,True,3300.0,1716.0,False,0.0,0.0,4890,11,2434.0,1395,False,,,0.0
NS303728,NV104638,NC203728,2025-04-12,ON,30495,0.13,True,Lender C (Near-Prime),13.83,72.0,4300.0,30159.0,499.0,False,0.0,0.0,False,0.0,0.0,3719,8,2105.0,1395,False,,,0.0
NS303729,NV104640,NC203729,2026-09-07,AB,21995,0.05,False,,,,,,0.0,True,2900.0,1508.0,True,1350.0,540.0,236,3,259.0,0,False,,,0.0
NS303730,NV104642,NC203730,2026-07-23,SK,9995,0.11,True,Lender A (Prime),8.7,48.0,700.0,11644.0,198.0,True,1250.0,650.0,False,0.0,0.0,854,5,594.0,395,False,,,0.0
NS303731,NV104643,NC203731,2025-11-20,BC,24195,0.12,True,Lender B (Prime),7.55,84.0,700.0,26398.0,263.0,False,0.0,0.0,False,0.0,0.0,4296,10,2408.0,1395,False,,,0.0
NS303732,NV104644,NC203732,2026-05-30,BC,28195,0.12,True,Lender D (Subprime),19.84,72.0,2700.0,30128.0,241.0,False,0.0,0.0,True,1250.0,500.0,877,4,600.0,395,False,,,0.0
NS303733,NV104646,NC203733,2024-10-20,ON,15995,0.13,False,,,,,,0.0,True,1850.0,962.0,False,0.0,0.0,117,4,183.0,0,False,,,0.0
NS303734,NV104647,NC203734,2024-12-27,ON,24895,0.13,True,Lender B (Prime),8.69,84.0,1400.0,26731.0,411.0,False,0.0,0.0,False,0.0,0.0,145,2,219.0,0,False,,,0.0
NS303735,NV104650,NC203735,2026-08-27,AB,19595,0.05,False,,,,,,0.0,True,2900.0,1508.0,False,0.0,0.0,274,2,267.0,0,False,,,0.0
NS303736,NV104652,NC203736,2026-08-04,ON,15695,0.13,False,,,,,,0.0,False,0.0,0.0,False,0.0,0.0,152,4,195.0,0,False,,,0.0
NS303737,NV104653,NC203737,2025-05-14,ON,24995,0.13,True,Lender D (Subprime),21.5,84.0,1500.0,26744.0,419.0,False,0.0,0.0,False,0.0,0.0,550,4,399.0,395,False,,,0.0
NS303738,NV104654,NC203738,2025-01-26,ON,18595,0.13,True,Lender D (Subprime),21.19,60.0,2200.0,20912.0,253.0,True,2100.0,1092.0,False,0.0,0.0,3420,7,1692.0,1395,False,,,0.0
NS303739,NV104655,NC203739,2025-10-16,QC,20295,0.14975,True,Lender C (Near-Prime),11.66,72.0,2200.0,21134.0,369.0,False,0.0,0.0,False,0.0,0.0,555,2,369.0,395,False,,,0.0
NS303740,NV104656,NC203740,2025-05-06,ON,52095,0.13,True,Lender A (Prime),8.03,84.0,1900.0,56967.0,289.0,False,0.0,0.0,False,0.0,0.0,631,3,497.0,395,False,,,0.0
NS303741,NV104657,NC203741,2026-09-12,ON,33495,0.13,True,Lender B (Prime),8.32,84.0,0.0,39249.0,533.0,False,0.0,0.0,True,1400.0,560.0,140,4,194.0,0,False,,,0.0
NS303742,NV104659,NC203742,2024-07-27,NS,18895,0.14,True,Lender B (Prime),8.24,84.0,3000.0,18540.0,317.0,False,0.0,0.0,False,0.0,0.0,2066,5,1221.0,795,False,,,0.0
NS303743,NV104660,NC203743,2026-08-19,SK,18595,0.11,True,Lender A (Prime),9.33,60.0,2800.0,17840.0,273.0,False,0.0,0.0,False,0.0,0.0,716,5,488.0,395,False,,,0.0
NS303744,NV104661,NC203744,2026-05-18,ON,20995,0.13,True,Lender C (Near-Prime),14.96,72.0,200.0,26224.0,451.0,True,2700.0,1404.0,False,0.0,0.0,555,2,434.0,395,False,,,0.0
NS303745,NV104662,NC203745,2026-03-15,MB,29695,0.12,True,Lender C (Near-Prime),13.6,48.0,3900.0,29358.0,293.0,False,0.0,0.0,False,0.0,0.0,1353,5,706.0,795,False,,,0.0
NS303746,NV104663,NC203746,2025-06-22,BC,32295,0.12,True,Lender B (Prime),8.6,48.0,700.0,35470.0,562.0,False,0.0,0.0,False,0.0,0.0,761,3,456.0,395,False,,,0.0
NS303747,NV104664,NC203747,2026-09-27,BC,16195,0.12,False,,,,,,0.0,False,0.0,0.0,False,0.0,0.0,810,4,458.0,395,False,,,0.0
NS303748,NV104665,NC203748,2024-02-24,ON,26195,0.13,True,Lender A (Prime),7.04,60.0,1000.0,30900.0,305.0,True,2300.0,1196.0,False,0.0,0.0,624,2,515.0,395,False,,,0.0
NS303749,NV104666,NC203749,2025-06-25,ON,29595,0.13,False,,,,,,0.0,False,0.0,0.0,False,0.0,0.0,129,3,186.0,0,False,,,0.0
NS303750,NV104667,NC203750,2026-04-06,ON,16895,0.13,True,Lender A (Prime),7.41,48.0,2100.0,16991.0,107.0,False,0.0,0.0,False,0.0,0.0,132,2,186.0,0,False,,,0.0
NS303751,NV104668,NC203751,2024-07-25,ON,15195,0.13,True,Lender B (Prime),9.97,60.0,300.0,16870.0,182.0,False,0.0,0.0,False,0.0,0.0,130,2,198.0,0,False,,,0.0
NS303752,NV104669,NC203752,2026-07-18,AB,22995,0.05,False,,,,,,0.0,True,1950.0,1014.0,False,0.0,0.0,253,4,257.0,0,False,,,0.0
NS303753,NV104670,NC203753,2026-04-25,NB,12395,0.15,False,,,,,,0.0,False,0.0,0.0,False,0.0,0.0,1456,6,841.0,795,False,,,0.0
NS303754,NV104671,NC203754,2025-05-05,MB,17495,0.12,False,,,,,,0.0,False,0.0,0.0,False,0.0,0.0,2504,6,1448.0,1395,False,,,0.0
NS303755,NV104672,NC203755,2025-08-04,ON,15595,0.13,True,Lender B (Prime),8.09,60.0,2800.0,15772.0,167.0,False,0.0,0.0,True,950.0,380.0,162,2,213.0,0,False,,,0.0
NS303756,NV104673,NC203756,2026-05-03,BC,17695,0.12,False,,,,,,0.0,False,0.0,0.0,False,0.0,0.0,593,4,409.0,395,False,,,0.0
NS303757,NV104675,NC203757,2026-09-29,ON,15695,0.13,True,Lender D (Subprime),18.18,72.0,200.0,18585.0,334.0,False,0.0,0.0,True,1050.0,420.0,162,4,203.0,0,False,,,0.0
NS303758,NV104676,NC203758,2025-11-15,AB,35895,0.05,True,Lender C (Near-Prime),14.48,60.0,1600.0,37790.0,497.0,True,1700.0,884.0,False,0.0,0.0,3614,9,1985.0,1395,False,,,0.0
NS303759,NV104677,NC203759,2025-04-08,BC,36695,0.12,False,,,,,,0.0,False,0.0,0.0,False,0.0,0.0,712,3,486.0,395,False,,,0.0
NS303760,NV104678,NC203760,2026-06-15,ON,19095,0.13,True,Lender D (Subprime),15.09,48.0,3000.0,20327.0,230.0,True,1750.0,910.0,False,0.0,0.0,152,4,183.0,0,False,,,0.0
NS303761,NV104680,NC203761,2025-10-08,ON,17695,0.13,True,Lender D (Subprime),18.99,84.0,2400.0,17595.0,275.0,False,0.0,0.0,False,0.0,0.0,172,4,202.0,0,False,,,0.0
NS303762,NV104681,NC203762,2025-07-24,ON,9395,0.13,True,Lender C (Near-Prime),13.75,84.0,1800.0,8816.0,167.0,False,0.0,0.0,False,0.0,0.0,137,4,182.0,0,False,,,0.0
NS303763,NV104682,NC203763,2026-07-04,BC,9795,0.12,True,Lender C (Near-Prime),12.42,84.0,900.0,10070.0,97.0,False,0.0,0.0,False,0.0,0.0,736,4,445.0,395,False,,,0.0
NS303764,NV104683,NC203764,2024-12-12,ON,32095,0.13,False,,,,,,0.0,False,0.0,0.0,False,0.0,0.0,672,3,431.0,395,False,,,0.0
NS303765,NV104684,NC203765,2025-03-30,AB,24195,0.05,False,,,,,,0.0,False,0.0,0.0,True,1050.0,420.0,262,4,269.0,0,False,,,0.0
NS303766,NV104685,NC203766,2025-11-25,ON,21395,0.13,False,,,,,,0.0,False,0.0,0.0,False,0.0,0.0,3341,8,1911.0,1395,False,,,0.0
NS303767,NV104686,NC203767,2026-03-11,ON,14995,0.13,True,Lender C (Near-Prime),12.79,60.0,1300.0,16994.0,140.0,True,1350.0,702.0,False,0.0,0.0,539,2,376.0,395,False,,,0.0
NS303768,NV104687,NC203768,2026-08-26,BC,29495,0.12,True,Lender B (Prime),8.82,48.0,1700.0,31334.0,532.0,False,0.0,0.0,False,0.0,0.0,5376,10,2833.0,1395,False,,,0.0
NS303769,NV104691,NC203769,2024-06-03,ON,13795,0.13,True,Lender D (Subprime),17.18,72.0,600.0,14988.0,191.0,False,0.0,0.0,False,0.0,0.0,178,2,204.0,0,False,,,0.0
NS303770,NV104693,NC203770,2026-08-10,BC,32195,0.12,True,Lender A (Prime),7.41,60.0,500.0,35558.0,284.0,False,0.0,0.0,False,0.0,0.0,4763,10,2838.0,1395,False,,,0.0
NS303771,NV104694,NC203771,2025-01-31,ON,33795,0.13,True,Lender B (Prime),6.97,72.0,6500.0,31688.0,472.0,False,0.0,0.0,False,0.0,0.0,131,4,182.0,0,False,,,0.0
NS303772,NV104695,NC203772,2025-09-21,AB,14695,0.05,True,Lender A (Prime),9.05,84.0,2100.0,13330.0,233.0,False,0.0,0.0,False,0.0,0.0,270,3,277.0,0,False,,,0.0
NS303773,NV104697,NC203773,2026-07-07,ON,22495,0.13,True,Lender A (Prime),8.89,60.0,2600.0,22819.0,288.0,False,0.0,0.0,False,0.0,0.0,148,4,199.0,0,False,,,0.0
NS303774,NV104698,NC203774,2025-03-21,ON,12295,0.13,False,,,,,,0.0,True,2150.0,1118.0,False,0.0,0.0,620,2,431.0,395,False,,,0.0
NS303775,NV104699,NC203775,2025-04-12,AB,16395,0.05,True,Lender D (Subprime),16.02,60.0,2000.0,17115.0,165.0,True,1900.0,988.0,False,0.0,0.0,3098,8,1907.0,1395,False,,,0.0
NS303776,NV104700,NC203776,2025-06-13,ON,26695,0.13,True,Lender C (Near-Prime),10.5,60.0,2400.0,27765.0,247.0,False,0.0,0.0,False,0.0,0.0,136,2,179.0,0,False,,,0.0
NS303777,NV104701,NC203777,2026-03-08,ON,24595,0.13,True,Lender A (Prime),9.81,72.0,2700.0,26342.0,269.0,False,0.0,0.0,True,1250.0,500.0,151,2,183.0,0,False,,,0.0
NS303778,NV104702,NC203778,2024-09-11,MB,25095,0.12,True,Lender A (Prime),9.05,72.0,600.0,31056.0,546.0,True,2200.0,1144.0,True,1350.0,540.0,2418,6,1485.0,795,False,,,0.0
NS303779,NV104703,NC203779,2024-06-16,AB,36595,0.05,False,,,,,,0.0,True,1700.0,884.0,False,0.0,0.0,319,2,310.0,395,False,,,0.0
NS303780,NV104704,NC203780,2025-11-19,ON,35595,0.13,False,,,,,,0.0,False,0.0,0.0,False,0.0,0.0,517,3,405.0,395,True,2025-11-21,Mechanical issue,1682.0
NS303781,NV104705,NC203781,2025-03-15,ON,24095,0.13,False,,,,,,0.0,True,2600.0,1352.0,False,0.0,0.0,156,2,206.0,0,False,,,0.0
NS303782,NV104706,NC203782,2026-04-09,ON,13595,0.13,True,Lender B (Prime),5.9,72.0,2500.0,15312.0,128.0,True,2450.0,1274.0,False,0.0,0.0,556,4,405.0,395,False,,,0.0
NS303783,NV104707,NC203783,2025-07-28,ON,14895,0.13,False,,,,,,0.0,False,0.0,0.0,False,0.0,0.0,155,4,201.0,0,False,,,0.0
NS303784,NV104709,NC203784,2025-06-14,AB,30195,0.05,True,Lender B (Prime),7.77,84.0,4100.0,31105.0,587.0,True,2400.0,1248.0,True,1100.0,440.0,292,3,269.0,0,False,,,0.0
NS303785,NV104710,NC203785,2025-01-12,BC,26995,0.12,True,Lender C (Near-Prime),11.04,72.0,2000.0,28234.0,364.0,False,0.0,0.0,False,0.0,0.0,673,5,487.0,395,False,,,0.0
NS303786,NV104711,NC203786,2026-01-06,ON,26995,0.13,False,,,,,,0.0,False,0.0,0.0,False,0.0,0.0,140,4,194.0,0,False,,,0.0
NS303787,NV104712,NC203787,2026-06-23,BC,28695,0.12,True,Lender D (Subprime),17.93,48.0,2900.0,29238.0,547.0,False,0.0,0.0,False,0.0,0.0,4419,9,2090.0,1395,True,2026-06-28,Vehicle condition not as expected,3170.0
NS303788,NV104713,NC203788,2025-09-20,ON,13095,0.13,True,Lender B (Prime),7.14,72.0,700.0,15097.0,221.0,False,0.0,0.0,True,1000.0,400.0,180,2,216.0,0,False,,,0.0
NS303789,NV104714,NC203789,2026-07-12,NS,32595,0.14,True,Lender A (Prime),8.33,48.0,2000.0,35158.0,645.0,False,0.0,0.0,False,0.0,0.0,2229,7,1181.0,795,False,,,0.0
NS303790,NV104716,NC203790,2024-10-03,ON,14595,0.13,True,Lender B (Prime),7.46,84.0,500.0,18142.0,357.0,True,2150.0,1118.0,False,0.0,0.0,159,4,205.0,0,False,,,0.0
NS303791,NV104717,NC203791,2024-04-06,ON,22095,0.13,True,Lender C (Near-Prime),14.03,60.0,0.0,24967.0,239.0,False,0.0,0.0,False,0.0,0.0,3560,7,1988.0,1395,False,,,0.0
NS303792,NV104718,NC203792,2026-08-08,QC,16395,0.14975,False,,,,,,0.0,True,2850.0,1482.0,False,0.0,0.0,3857,9,2160.0,1395,False,,,0.0
NS303793,NV104719,NC203793,2024-09-23,NB,27595,0.15,False,,,,,,0.0,True,1800.0,936.0,False,0.0,0.0,950,4,578.0,395,False,,,0.0
NS303794,NV104720,NC203794,2026-06-08,NS,14195,0.14,True,Lender C (Near-Prime),13.8,84.0,800.0,18182.0,92.0,True,2800.0,1456.0,False,0.0,0.0,1553,6,775.0,795,False,,,0.0
NS303795,NV104721,NC203795,2026-09-18,ON,12295,0.13,False,,,,,,0.0,False,0.0,0.0,False,0.0,0.0,3294,8,1666.0,1395,False,,,0.0
NS303796,NV104722,NC203796,2026-03-27,MB,17895,0.12,True,Lender D (Subprime),21.41,84.0,2400.0,19142.0,348.0,True,1500.0,780.0,False,0.0,0.0,2085,5,1208.0,795,False,,,0.0
NS303797,NV104723,NC203797,2026-07-17,ON,15095,0.13,True,Lender D (Subprime),22.5,84.0,2000.0,16507.0,141.0,True,1450.0,754.0,False,0.0,0.0,158,2,212.0,0,False,,,0.0
NS303798,NV104724,NC203798,2025-11-11,ON,36095,0.13,True,Lender B (Prime),7.2,60.0,6700.0,34087.0,422.0,False,0.0,0.0,False,0.0,0.0,136,2,186.0,0,False,,,0.0
NS303799,NV104725,NC203799,2024-08-20,BC,38495,0.12,False,,,,,,0.0,False,0.0,0.0,False,0.0,0.0,4751,11,2402.0,1395,False,,,0.0
NS303800,NV104726,NC203800,2024-06-26,ON,13895,0.13,True,Lender B (Prime),7.58,60.0,400.0,16101.0,83.0,False,0.0,0.0,True,800.0,320.0,606,4,444.0,395,False,,,0.0
NS303801,NV104727,NC203801,2026-05-01,ON,23795,0.13,True,Lender B (Prime),9.85,60.0,2800.0,24088.0,305.0,False,0.0,0.0,False,0.0,0.0,509,2,407.0,395,False,,,0.0
NS303802,NV104729,NC203802,2026-09-05,BC,19895,0.12,True,Lender A (Prime),9.66,60.0,3100.0,19182.0,199.0,False,0.0,0.0,False,0.0,0.0,4872,9,2989.0,1395,False,,,0.0
NS303803,NV104730,NC203803,2025-07-26,BC,30095,0.12,True,Lender A (Prime),9.13,60.0,1400.0,34456.0,479.0,True,2150.0,1118.0,False,0.0,0.0,684,5,419.0,395,False,,,0.0
NS303804,NV104731,NC203804,2025-05-17,ON,9495,0.13,False,,,,,,0.0,False,0.0,0.0,False,0.0,0.0,2883,8,1570.0,1395,False,,,0.0
NS303805,NV104732,NC203805,2026-06-24,BC,25895,0.12,False,,,,,,0.0,True,3100.0,1612.0,False,0.0,0.0,596,2,425.0,395,False,,,0.0
NS303806,NV104733,NC203806,2024-03-04,ON,21095,0.13,True,Lender C (Near-Prime),12.59,84.0,2600.0,23437.0,361.0,True,2200.0,1144.0,False,0.0,0.0,151,2,184.0,0,True,2024-03-11,Mechanical issue,1601.0
NS303807,NV104734,NC203807,2026-04-17,ON,14395,0.13,True,Lender D (Subprime),15.75,48.0,1200.0,17666.0,253.0,True,2600.0,1352.0,False,0.0,0.0,134,4,189.0,0,False,,,0.0
NS303808,NV104735,NC203808,2025-09-22,ON,17095,0.13,True,Lender C (Near-Prime),14.99,48.0,700.0,20417.0,134.0,True,1800.0,936.0,False,0.0,0.0,153,4,212.0,0,False,,,0.0
NS303809,NV104737,NC203809,2026-03-20,ON,16695,0.13,True,Lender B (Prime),8.23,60.0,1900.0,16965.0,186.0,False,0.0,0.0,False,0.0,0.0,3126,7,1569.0,1395,False,,,0.0
NS303810,NV104738,NC203810,2026-09-21,AB,18095,0.05,False,,,,,,0.0,False,0.0,0.0,False,0.0,0.0,246,3,265.0,0,False,,,0.0
NS303811,NV104739,NC203811,2025-01-07,ON,37295,0.13,False,,,,,,0.0,False,0.0,0.0,False,0.0,0.0,3368,8,1888.0,1395,False,,,0.0
NS303812,NV104740,NC203812,2025-11-25,NS,26995,0.14,True,Lender B (Prime),8.79,60.0,2300.0,30924.0,552.0,True,2450.0,1274.0,False,0.0,0.0,1428,5,893.0,795,True,2025-12-04,Mechanical issue,2425.0
NS303813,NV104741,NC203813,2024-08-19,ON,21695,0.13,True,Lender B (Prime),7.88,72.0,4100.0,20415.0,129.0,False,0.0,0.0,False,0.0,0.0,575,2,390.0,395,False,,,0.0
NS303814,NV104742,NC203814,2025-10-11,SK,13595,0.11,True,Lender C (Near-Prime),12.58,60.0,2400.0,16540.0,201.0,True,2850.0,1482.0,True,1000.0,400.0,2772,7,1373.0,1395,False,,,0.0
NS303815,NV104743,NC203815,2026-03-13,AB,14195,0.05,False,,,,,,0.0,False,0.0,0.0,False,0.0,0.0,3222,7,1746.0,1395,False,,,0.0
NS303816,NV104744,NC203816,2026-03-13,MB,14095,0.12,False,,,,,,0.0,True,2350.0,1222.0,False,0.0,0.0,1589,6,798.0,795,False,,,0.0
NS303817,NV104745,NC203817,2026-04-09,ON,22395,0.13,False,,,,,,0.0,False,0.0,0.0,False,0.0,0.0,176,4,238.0,0,False,,,0.0
NS303818,NV104746,NC203818,2025-05-20,ON,24095,0.13,True,Lender B (Prime),9.2,60.0,2600.0,24627.0,416.0,False,0.0,0.0,False,0.0,0.0,2765,7,1920.0,1395,False,,,0.0
NS303819,NV104747,NC203819,2025-10-27,AB,19495,0.05,False,,,,,,0.0,False,0.0,0.0,False,0.0,0.0,248,3,249.0,0,False,,,0.0
NS303820,NV104749,NC203820,2025-11-14,ON,23295,0.13,False,,,,,,0.0,False,0.0,0.0,False,0.0,0.0,443,2,357.0,395,False,,,0.0
NS303821,NV104750,NC203821,2025-04-26,QC,11895,0.14975,True,Lender D (Subprime),18.41,72.0,1200.0,14926.0,120.0,True,2450.0,1274.0,False,0.0,0.0,222,3,233.0,0,False,,,0.0
NS303822,NV104751,NC203822,2025-10-20,AB,18995,0.05,False,,,,,,0.0,False,0.0,0.0,False,0.0,0.0,279,3,253.0,0,False,,,0.0
NS303823,NV104752,NC203823,2024-07-17,ON,19795,0.13,True,Lender B (Prime),8.35,60.0,2900.0,22518.0,182.0,True,3050.0,1586.0,False,0.0,0.0,161,4,204.0,0,False,,,0.0
NS303824,NV104753,NC203824,2024-11-23,NS,17395,0.14,True,Lender C (Near-Prime),14.24,72.0,100.0,19730.0,312.0,False,0.0,0.0,False,0.0,0.0,1698,4,849.0,795,False,,,0.0
NS303825,NV104754,NC203825,2025-04-25,AB,38395,0.05,True,Lender A (Prime),9.47,60.0,4400.0,38565.0,474.0,True,2650.0,1378.0,False,0.0,0.0,267,4,244.0,0,False,,,0.0
NS303826,NV104755,NC203826,2025-10-21,QC,28395,0.14975,True,Lender C (Near-Prime),11.81,84.0,2400.0,32847.0,236.0,True,2600.0,1352.0,False,0.0,0.0,3408,8,1842.0,1395,False,,,0.0
NS303827,NV104756,NC203827,2025-10-05,ON,46995,0.13,True,Lender B (Prime),7.34,72.0,8800.0,47854.0,506.0,True,2750.0,1430.0,True,800.0,320.0,151,2,194.0,0,False,,,0.0
NS303828,NV104757,NC203828,2026-05-11,BC,13995,0.12,True,Lender B (Prime),8.3,60.0,1800.0,13874.0,117.0,False,0.0,0.0,False,0.0,0.0,704,3,461.0,395,False,,,0.0
NS303829,NV104758,NC203829,2025-03-09,MB,15795,0.12,True,Lender C (Near-Prime),12.25,72.0,200.0,17490.0,317.0,False,0.0,0.0,False,0.0,0.0,2398,6,1386.0,795,True,2025-03-10,Mechanical issue,2825.0
NS303830,NV104759,NC203830,2024-06-02,QC,24795,0.14975,True,Lender D (Subprime),18.66,72.0,2200.0,29158.0,289.0,True,2850.0,1482.0,False,0.0,0.0,232,2,247.0,0,False,,,0.0
NS303831,NV104760,NC203831,2025-08-09,AB,17195,0.05,False,,,,,,0.0,False,0.0,0.0,False,0.0,0.0,3411,7,1777.0,1395,False,,,0.0
NS303832,NV104761,NC203832,2025-07-30,AB,21095,0.05,False,,,,,,0.0,False,0.0,0.0,False,0.0,0.0,3195,6,1593.0,1395,False,,,0.0
NS303833,NV104762,NC203833,2025-05-12,ON,20595,0.13,True,Lender D (Subprime),18.44,60.0,3200.0,20072.0,151.0,False,0.0,0.0,False,0.0,0.0,129,4,195.0,0,False,,,0.0
NS303834,NV104763,NC203834,2025-05-29,ON,13195,0.13,False,,,,,,0.0,False,0.0,0.0,False,0.0,0.0,151,3,202.0,0,False,,,0.0
NS303835,NV104765,NC203835,2026-02-16,BC,30295,0.12,True,Lender C (Near-Prime),11.81,48.0,4200.0,32680.0,252.0,True,1650.0,858.0,True,1300.0,520.0,4708,9,2630.0,1395,False,,,0.0
NS303836,NV104767,NC203836,2025-10-22,ON,18295,0.13,False,,,,,,0.0,True,1500.0,780.0,False,0.0,0.0,160,4,199.0,0,False,,,0.0
NS303837,NV104768,NC203837,2025-07-13,MB,15695,0.12,True,Lender A (Prime),7.55,84.0,100.0,20428.0,175.0,True,2950.0,1534.0,False,0.0,0.0,1675,4,999.0,795,False,,,0.0
NS303838,NV104772,NC203838,2026-09-16,MB,10595,0.12,True,Lender B (Prime),8.81,72.0,700.0,11166.0,202.0,False,0.0,0.0,False,0.0,0.0,1632,4,1030.0,795,False,,,0.0
NS303839,NV104773,NC203839,2026-05-27,ON,29695,0.13,False,,,,,,0.0,False,0.0,0.0,False,0.0,0.0,161,4,192.0,0,False,,,0.0
NS303840,NV104774,NC203840,2024-10-05,ON,17595,0.13,True,Lender B (Prime),8.28,60.0,2500.0,17382.0,184.0,False,0.0,0.0,False,0.0,0.0,147,3,189.0,0,False,,,0.0
NS303841,NV104775,NC203841,2025-10-17,AB,17195,0.05,False,,,,,,0.0,True,1950.0,1014.0,False,0.0,0.0,257,3,259.0,0,False,,,0.0
NS303842,NV104776,NC203842,2025-07-05,MB,22295,0.12,True,Lender D (Subprime),22.15,60.0,2400.0,25170.0,222.0,True,2600.0,1352.0,False,0.0,0.0,2421,7,1591.0,795,False,,,0.0
NS303843,NV104779,NC203843,2024-09-01,NB,16895,0.15,True,Lender B (Prime),8.7,84.0,1000.0,19279.0,248.0,False,0.0,0.0,True,850.0,340.0,1498,5,1027.0,795,False,,,0.0
NS303844,NV104780,NC203844,2025-05-12,ON,17395,0.13,True,Lender D (Subprime),16.94,60.0,1800.0,17856.0,336.0,False,0.0,0.0,False,0.0,0.0,129,3,176.0,0,False,,,0.0
NS303845,NV104782,NC203845,2026-08-03,QC,15295,0.14975,True,Lender D (Subprime),18.72,72.0,500.0,18885.0,159.0,True,1800.0,936.0,False,0.0,0.0,581,2,459.0,395,False,,,0.0
NS303846,NV104783,NC203846,2025-12-25,NS,25195,0.14,True,Lender B (Prime),8.26,48.0,3100.0,27722.0,399.0,True,2100.0,1092.0,False,0.0,0.0,1591,6,922.0,795,False,,,0.0
NS303847,NV104784,NC203847,2025-11-25,AB,9495,0.05,False,,,,,,0.0,True,1600.0,832.0,False,0.0,0.0,262,3,244.0,0,False,,,0.0
NS303848,NV104785,NC203848,2025-09-03,ON,19295,0.13,False,,,,,,0.0,False,0.0,0.0,False,0.0,0.0,609,4,442.0,395,False,,,0.0
NS303849,NV104786,NC203849,2024-12-03,ON,16595,0.13,True,Lender B (Prime),7.64,72.0,900.0,18852.0,135.0,False,0.0,0.0,True,1000.0,400.0,4176,9,2326.0,1395,False,,,0.0
NS303850,NV104788,NC203850,2026-05-16,NB,20395,0.15,True,Lender D (Subprime),21.16,72.0,2500.0,23104.0,246.0,True,2150.0,1118.0,False,0.0,0.0,1429,6,670.0,795,False,,,0.0
NS303851,NV104789,NC203851,2025-08-11,NB,16395,0.15,True,Lender C (Near-Prime),12.26,84.0,1600.0,19554.0,204.0,True,2300.0,1196.0,False,0.0,0.0,1285,5,728.0,795,False,,,0.0
NS303852,NV104790,NC203852,2026-02-14,BC,16595,0.12,False,,,,,,0.0,True,2250.0,1170.0,False,0.0,0.0,755,3,415.0,395,False,,,0.0
NS303853,NV104791,NC203853,2026-01-17,MB,14295,0.12,False,,,,,,0.0,True,2300.0,1196.0,False,0.0,0.0,2047,6,1250.0,795,False,,,0.0
NS303854,NV104792,NC203854,2025-08-02,BC,13495,0.12,True,Lender C (Near-Prime),12.39,60.0,1900.0,15664.0,200.0,True,2450.0,1274.0,False,0.0,0.0,694,5,484.0,395,False,,,0.0
NS303855,NV104793,NC203855,2026-07-19,BC,17795,0.12,False,,,,,,0.0,False,0.0,0.0,False,0.0,0.0,630,2,467.0,395,False,,,0.0
NS303856,NV104794,NC203856,2026-02-27,SK,17295,0.11,False,,,,,,0.0,True,2700.0,1404.0,False,0.0,0.0,821,5,546.0,395,False,,,0.0
NS303857,NV104795,NC203857,2025-12-30,BC,30495,0.12,False,,,,,,0.0,True,2400.0,1248.0,False,0.0,0.0,737,5,512.0,395,False,,,0.0
NS303858,NV104796,NC203858,2024-05-02,ON,29495,0.13,True,Lender D (Subprime),20.07,60.0,3000.0,30329.0,282.0,False,0.0,0.0,False,0.0,0.0,126,4,182.0,0,False,,,0.0
NS303859,NV104797,NC203859,2025-11-30,ON,21595,0.13,False,,,,,,0.0,False,0.0,0.0,False,0.0,0.0,192,3,213.0,0,True,2025-12-01,Vehicle condition not as expected,3643.0
NS303860,NV104798,NC203860,2025-04-19,AB,31495,0.05,False,,,,,,0.0,False,0.0,0.0,False,0.0,0.0,261,3,244.0,0,False,,,0.0
NS303861,NV104799,NC203861,2024-06-21,QC,13795,0.14975,True,Lender C (Near-Prime),13.04,60.0,2700.0,13161.0,190.0,False,0.0,0.0,False,0.0,0.0,629,2,444.0,395,False,,,0.0
NS303862,NV104800,NC203862,2025-08-12,ON,26695,0.13,False,,,,,,0.0,False,0.0,0.0,False,0.0,0.0,157,4,196.0,0,False,,,0.0
NS303863,NV104801,NC203863,2025-05-13,AB,12895,0.05,False,,,,,,0.0,True,2700.0,1404.0,False,0.0,0.0,3310,7,1939.0,1395,False,,,0.0
NS303864,NV104802,NC203864,2024-02-09,ON,38695,0.13,True,Lender D (Subprime),17.38,84.0,200.0,45125.0,863.0,True,1600.0,832.0,False,0.0,0.0,3532,9,2056.0,1395,False,,,0.0
NS303865,NV104806,NC203865,2025-11-19,ON,18995,0.13,True,Lender D (Subprime),18.47,72.0,2000.0,21414.0,316.0,True,1950.0,1014.0,False,0.0,0.0,129,4,190.0,0,False,,,0.0
NS303866,NV104808,NC203866,2025-05-24,QC,16695,0.14975,True,Lender B (Prime),9.44,72.0,700.0,19995.0,131.0,True,1500.0,780.0,False,0.0,0.0,203,2,239.0,0,False,,,0.0
NS303867,NV104809,NC203867,2024-03-26,ON,21995,0.13,True,Lender A (Prime),6.22,72.0,3100.0,23104.0,195.0,False,0.0,0.0,True,1350.0,540.0,147,2,196.0,0,False,,,0.0
NS303868,NV104810,NC203868,2026-08-09,AB,13895,0.05,True,Lender D (Subprime),20.56,48.0,2200.0,13690.0,250.0,True,1300.0,676.0,False,0.0,0.0,275,2,266.0,0,False,,,0.0
NS303869,NV104811,NC203869,2025-07-04,ON,33595,0.13,True,Lender B (Prime),8.46,72.0,3700.0,34262.0,552.0,False,0.0,0.0,False,0.0,0.0,165,2,188.0,0,False,,,0.0
NS303870,NV104812,NC203870,2025-12-01,ON,30595,0.13,False,,,,,,0.0,True,1200.0,624.0,False,0.0,0.0,169,2,199.0,0,False,,,0.0
NS303871,NV104813,NC203871,2026-09-01,NS,22595,0.14,False,,,,,,0.0,False,0.0,0.0,False,0.0,0.0,4609,9,2088.0,1395,False,,,0.0
NS303872,NV104814,NC203872,2024-11-23,ON,17995,0.13,True,Lender B (Prime),5.9,72.0,3200.0,19534.0,244.0,True,2400.0,1248.0,False,0.0,0.0,143,3,195.0,0,False,,,0.0
NS303873,NV104815,NC203873,2025-10-07,ON,20695,0.13,True,Lender B (Prime),7.95,60.0,1900.0,21485.0,171.0,False,0.0,0.0,False,0.0,0.0,157,4,194.0,0,False,,,0.0
NS303874,NV104816,NC203874,2026-01-23,ON,17795,0.13,True,Lender C (Near-Prime),15.49,60.0,3100.0,18108.0,236.0,False,0.0,0.0,True,1100.0,440.0,132,3,194.0,0,False,,,0.0
NS303875,NV104817,NC203875,2025-05-27,ON,14895,0.13,True,Lender A (Prime),8.27,72.0,1000.0,18681.0,247.0,True,1700.0,884.0,True,1150.0,460.0,598,2,401.0,395,False,,,0.0
NS303876,NV104819,NC203876,2025-07-17,AB,21695,0.05,False,,,,,,0.0,False,0.0,0.0,False,0.0,0.0,251,4,248.0,0,False,,,0.0
NS303877,NV104820,NC203877,2026-08-27,PE,26495,0.15,True,Lender D (Subprime),19.78,72.0,1400.0,32469.0,569.0,True,2600.0,1352.0,True,800.0,320.0,1308,4,825.0,795,False,,,0.0
NS303878,NV104821,NC203878,2026-06-25,AB,26095,0.05,True,Lender D (Subprime),19.59,72.0,4500.0,22900.0,253.0,False,0.0,0.0,False,0.0,0.0,3425,9,1830.0,1395,False,,,0.0
NS303879,NV104823,NC203879,2026-03-31,MB,25595,0.12,True,Lender B (Prime),8.15,60.0,2200.0,26466.0,477.0,False,0.0,0.0,False,0.0,0.0,2438,7,1343.0,795,False,,,0.0
NS303880,NV104825,NC203880,2026-07-11,ON,21495,0.13,True,Lender D (Subprime),18.14,72.0,3800.0,22589.0,317.0,True,2100.0,1092.0,False,0.0,0.0,130,3,196.0,0,False,,,0.0
NS303881,NV104826,NC203881,2026-05-30,ON,14995,0.13,True,Lender D (Subprime),19.23,72.0,900.0,16044.0,124.0,False,0.0,0.0,False,0.0,0.0,146,2,191.0,0,False,,,0.0
NS303882,NV104827,NC203882,2025-06-15,ON,23595,0.13,True,Lender D (Subprime),19.71,72.0,1200.0,27412.0,140.0,True,1950.0,1014.0,False,0.0,0.0,152,3,193.0,0,False,,,0.0
NS303883,NV104828,NC203883,2025-01-18,MB,17695,0.12,False,,,,,,0.0,False,0.0,0.0,False,0.0,0.0,2093,5,1169.0,795,False,,,0.0
NS303884,NV104829,NC203884,2025-02-11,BC,18495,0.12,False,,,,,,0.0,False,0.0,0.0,False,0.0,0.0,4830,9,2750.0,1395,False,,,0.0
NS303885,NV104831,NC203885,2026-09-07,ON,28995,0.13,False,,,,,,0.0,False,0.0,0.0,False,0.0,0.0,132,3,187.0,0,False,,,0.0
NS303886,NV104833,NC203886,2026-03-11,BC,19095,0.12,True,Lender C (Near-Prime),13.56,60.0,400.0,22836.0,309.0,True,1850.0,962.0,False,0.0,0.0,712,5,466.0,395,False,,,0.0
NS303887,NV104835,NC203887,2025-11-16,ON,17495,0.13,True,Lender C (Near-Prime),11.38,48.0,2900.0,16869.0,277.0,False,0.0,0.0,False,0.0,0.0,122,4,178.0,0,False,,,0.0
NS303888,NV104836,NC203888,2026-06-11,ON,14895,0.13,True,Lender C (Near-Prime),11.53,84.0,1800.0,17881.0,321.0,True,2850.0,1482.0,False,0.0,0.0,142,2,189.0,0,False,,,0.0
NS303889,NV104837,NC203889,2025-02-15,MB,23595,0.12,True,Lender C (Near-Prime),12.34,60.0,4000.0,22426.0,119.0,False,0.0,0.0,False,0.0,0.0,2016,5,1033.0,795,False,,,0.0
NS303890,NV104838,NC203890,2024-12-20,MB,16695,0.12,True,Lender B (Prime),9.72,84.0,2700.0,19098.0,228.0,True,3100.0,1612.0,False,0.0,0.0,2437,6,1257.0,795,False,,,0.0
NS303891,NV104840,NC203891,2026-01-13,SK,29995,0.11,False,,,,,,0.0,False,0.0,0.0,False,0.0,0.0,686,3,519.0,395,False,,,0.0
NS303892,NV104841,NC203892,2025-07-11,PE,26395,0.15,True,Lender A (Prime),8.35,72.0,4500.0,27104.0,533.0,True,1250.0,650.0,False,0.0,0.0,1851,6,1070.0,795,False,,,0.0
NS303893,NV104842,NC203893,2026-01-04,ON,24295,0.13,True,Lender B (Prime),8.26,72.0,900.0,26553.0,470.0,False,0.0,0.0,False,0.0,0.0,137,2,196.0,0,False,,,0.0
NS303894,NV104843,NC203894,2025-07-22,ON,17195,0.13,True,Lender B (Prime),8.78,60.0,2600.0,19280.0,336.0,True,2450.0,1274.0,False,0.0,0.0,148,3,205.0,0,False,,,0.0
NS303895,NV104844,NC203895,2025-11-05,AB,20095,0.05,True,Lender C (Near-Prime),13.97,72.0,1400.0,20800.0,198.0,False,0.0,0.0,True,1100.0,440.0,269,4,257.0,0,False,,,0.0
NS303896,NV104845,NC203896,2024-04-30,ON,10395,0.13,True,Lender D (Subprime),17.02,72.0,300.0,11446.0,224.0,False,0.0,0.0,False,0.0,0.0,144,2,203.0,0,False,,,0.0
NS303897,NV104846,NC203897,2025-04-15,ON,9595,0.13,False,,,,,,0.0,True,2100.0,1092.0,False,0.0,0.0,157,4,201.0,0,False,,,0.0
NS303898,NV104847,NC203898,2025-05-18,QC,24595,0.14975,True,Lender D (Subprime),17.41,60.0,900.0,28628.0,237.0,True,1250.0,650.0,False,0.0,0.0,505,3,350.0,395,False,,,0.0
NS303899,NV104848,NC203899,2025-09-12,NL,29595,0.15,True,Lender C (Near-Prime),11.22,72.0,2800.0,33434.0,269.0,True,2200.0,1144.0,False,0.0,0.0,2379,7,1753.0,795,False,,,0.0
NS303900,NV104849,NC203900,2024-12-18,ON,17395,0.13,True,Lender B (Prime),8.47,48.0,3400.0,17906.0,302.0,True,1650.0,858.0,False,0.0,0.0,3711,9,2318.0,1395,False,,,0.0
NS303901,NV104850,NC203901,2026-08-30,ON,11395,0.13,False,,,,,,0.0,False,0.0,0.0,False,0.0,0.0,150,4,209.0,0,True,2026-09-04,Mechanical issue,2111.0
NS303902,NV104851,NC203902,2025-12-04,SK,27495,0.11,False,,,,,,0.0,True,2650.0,1378.0,False,0.0,0.0,3058,7,1591.0,1395,False,,,0.0
NS303903,NV104852,NC203903,2026-03-21,ON,16195,0.13,True,Lender B (Prime),7.43,84.0,1200.0,17100.0,263.0,False,0.0,0.0,False,0.0,0.0,3951,10,2142.0,1395,False,,,0.0
NS303904,NV104853,NC203904,2024-05-17,NS,13295,0.14,True,Lender D (Subprime),21.42,72.0,800.0,15556.0,90.0,False,0.0,0.0,True,1200.0,480.0,4604,9,2552.0,1395,False,,,0.0
NS303905,NV104854,NC203905,2026-06-20,MB,14395,0.12,False,,,,,,0.0,True,3100.0,1612.0,False,0.0,0.0,2257,7,1410.0,795,True,2026-06-28,Vehicle condition not as expected,3300.0
NS303906,NV104855,NC203906,2025-06-01,ON,21995,0.13,False,,,,,,0.0,False,0.0,0.0,False,0.0,0.0,165,3,203.0,0,False,,,0.0
NS303907,NV104856,NC203907,2026-04-22,ON,16195,0.13,False,,,,,,0.0,False,0.0,0.0,False,0.0,0.0,510,4,403.0,395,False,,,0.0
NS303908,NV104857,NC203908,2024-07-25,ON,41895,0.13,False,,,,,,0.0,False,0.0,0.0,False,0.0,0.0,140,3,198.0,0,False,,,0.0
NS303909,NV104858,NC203909,2025-04-02,BC,20795,0.12,True,Lender A (Prime),8.19,72.0,1200.0,22090.0,246.0,False,0.0,0.0,False,0.0,0.0,805,5,592.0,395,False,,,0.0
NS303910,NV104859,NC203910,2025-02-09,ON,27895,0.13,True,Lender B (Prime),8.16,60.0,800.0,31971.0,178.0,True,1250.0,650.0,False,0.0,0.0,147,2,192.0,0,False,,,0.0
NS303911,NV104860,NC203911,2025-05-27,NS,21295,0.14,True,Lender A (Prime),8.65,48.0,200.0,24076.0,281.0,False,0.0,0.0,False,0.0,0.0,5343,12,2412.0,1395,False,,,0.0
NS303912,NV104861,NC203912,2024-11-29,ON,11595,0.13,False,,,,,,0.0,False,0.0,0.0,False,0.0,0.0,146,2,195.0,0,False,,,0.0
NS303913,NV104862,NC203913,2024-12-19,MB,43595,0.12,True,Lender C (Near-Prime),14.11,84.0,0.0,50176.0,465.0,True,1350.0,702.0,False,0.0,0.0,1394,5,837.0,795,False,,,0.0
NS303914,NV104863,NC203914,2025-10-28,ON,15095,0.13,False,,,,,,0.0,False,0.0,0.0,False,0.0,0.0,3662,9,2201.0,1395,False,,,0.0
NS303915,NV104864,NC203915,2026-09-22,QC,14295,0.14975,True,Lender B (Prime),8.05,60.0,2600.0,17186.0,100.0,True,2000.0,1040.0,True,1350.0,540.0,187,3,224.0,0,False,,,0.0
NS303916,NV104865,NC203916,2026-09-15,SK,16795,0.11,False,,,,,,0.0,False,0.0,0.0,False,0.0,0.0,819,4,505.0,395,False,,,0.0
NS303917,NV104866,NC203917,2026-07-22,ON,14695,0.13,True,Lender C (Near-Prime),11.74,72.0,1700.0,14905.0,253.0,False,0.0,0.0,False,0.0,0.0,150,2,202.0,0,False,,,0.0
NS303918,NV104868,NC203918,2026-04-13,QC,16095,0.14975,False,,,,,,0.0,True,3300.0,1716.0,False,0.0,0.0,544,3,419.0,395,False,,,0.0
NS303919,NV104869,NC203919,2026-02-22,AB,23395,0.05,True,Lender B (Prime),8.49,84.0,600.0,25215.0,277.0,True,1250.0,650.0,False,0.0,0.0,3643,7,1796.0,1395,False,,,0.0
NS303920,NV104870,NC203920,2025-01-22,ON,26395,0.13,True,Lender C (Near-Prime),13.06,60.0,4300.0,25526.0,450.0,False,0.0,0.0,False,0.0,0.0,156,3,222.0,0,False,,,0.0
NS303921,NV104872,NC203921,2025-07-17,AB,23995,0.05,False,,,,,,0.0,False,0.0,0.0,False,0.0,0.0,253,4,268.0,0,False,,,0.0
NS303922,NV104873,NC203922,2026-04-14,BC,20395,0.12,True,Lender C (Near-Prime),15.59,60.0,3100.0,19742.0,332.0,False,0.0,0.0,False,0.0,0.0,4614,11,2394.0,1395,False,,,0.0
NS303923,NV104874,NC203923,2026-03-30,BC,23495,0.12,False,,,,,,0.0,False,0.0,0.0,False,0.0,0.0,796,5,586.0,395,False,,,0.0
NS303924,NV104875,NC203924,2024-05-24,ON,20795,0.13,False,,,,,,0.0,False,0.0,0.0,False,0.0,0.0,156,2,198.0,0,False,,,0.0
NS303925,NV104876,NC203925,2025-11-26,PE,17595,0.15,True,Lender A (Prime),7.97,60.0,1500.0,18734.0,353.0,False,0.0,0.0,False,0.0,0.0,1665,5,949.0,795,False,,,0.0
NS303926,NV104877,NC203926,2024-11-02,ON,47295,0.13,True,Lender A (Prime),7.44,72.0,3600.0,52793.0,759.0,True,2950.0,1534.0,False,0.0,0.0,138,4,184.0,0,False,,,0.0
NS303927,NV104878,NC203927,2024-04-01,ON,32095,0.13,True,Lender C (Near-Prime),13.96,60.0,1300.0,34967.0,585.0,False,0.0,0.0,False,0.0,0.0,160,3,206.0,0,False,,,0.0
NS303928,NV104879,NC203928,2025-09-10,ON,32195,0.13,True,Lender A (Prime),7.79,60.0,500.0,35880.0,646.0,False,0.0,0.0,False,0.0,0.0,162,4,209.0,0,False,,,0.0
NS303929,NV104880,NC203929,2025-08-22,ON,18295,0.13,False,,,,,,0.0,False,0.0,0.0,False,0.0,0.0,129,3,187.0,0,False,,,0.0
NS303930,NV104881,NC203930,2026-04-08,MB,22195,0.12,False,,,,,,0.0,True,2100.0,1092.0,False,0.0,0.0,2878,8,1818.0,1395,False,,,0.0
NS303931,NV104882,NC203931,2025-12-16,AB,16795,0.05,False,,,,,,0.0,True,1750.0,910.0,False,0.0,0.0,4454,8,2759.0,1395,False,,,0.0
NS303932,NV104883,NC203932,2024-04-08,ON,22295,0.13,True,Lender A (Prime),7.14,60.0,100.0,25093.0,259.0,False,0.0,0.0,False,0.0,0.0,157,3,209.0,0,False,,,0.0
NS303933,NV104884,NC203933,2024-07-07,ON,35395,0.13,True,Lender A (Prime),7.98,48.0,200.0,39796.0,775.0,False,0.0,0.0,False,0.0,0.0,516,2,388.0,395,False,,,0.0
NS303934,NV104885,NC203934,2025-04-07,AB,22695,0.05,True,Lender B (Prime),7.63,48.0,1500.0,24580.0,197.0,True,2250.0,1170.0,False,0.0,0.0,294,2,300.0,0,False,,,0.0
NS303935,NV104886,NC203935,2025-08-15,AB,23495,0.05,False,,,,,,0.0,True,1750.0,910.0,False,0.0,0.0,225,3,239.0,0,False,,,0.0
NS303936,NV104888,NC203936,2024-05-29,MB,18195,0.12,True,Lender C (Near-Prime),16.0,72.0,2500.0,21178.0,109.0,True,3300.0,1716.0,False,0.0,0.0,2375,5,1391.0,795,False,,,0.0
NS303937,NV104889,NC203937,2024-04-17,QC,26095,0.14975,True,Lender D (Subprime),18.4,72.0,3100.0,26903.0,497.0,False,0.0,0.0,False,0.0,0.0,202,4,203.0,0,False,,,0.0
NS303938,NV104892,NC203938,2024-08-28,ON,21895,0.13,False,,,,,,0.0,False,0.0,0.0,False,0.0,0.0,131,4,195.0,0,False,,,0.0
NS303939,NV104893,NC203939,2025-01-04,ON,44395,0.13,False,,,,,,0.0,False,0.0,0.0,False,0.0,0.0,131,4,189.0,0,False,,,0.0
NS303940,NV104894,NC203940,2024-11-01,NL,20795,0.15,True,Lender D (Subprime),20.27,72.0,1900.0,22014.0,153.0,False,0.0,0.0,False,0.0,0.0,3174,6,2292.0,1395,False,,,0.0
NS303941,NV104895,NC203941,2025-07-14,AB,10095,0.05,True,Lender B (Prime),9.66,72.0,1400.0,9200.0,160.0,False,0.0,0.0,False,0.0,0.0,3081,6,1801.0,1395,False,,,0.0
NS303942,NV104897,NC203942,2026-09-02,NS,28195,0.14,True,Lender C (Near-Prime),11.08,48.0,4300.0,27842.0,300.0,False,0.0,0.0,False,0.0,0.0,2162,5,1363.0,795,False,,,0.0
NS303943,NV104899,NC203943,2026-05-29,ON,13695,0.13,False,,,,,,0.0,False,0.0,0.0,False,0.0,0.0,3114,7,1542.0,1395,False,,,0.0
NS303944,NV104900,NC203944,2026-05-02,ON,17195,0.13,True,Lender D (Subprime),15.0,48.0,100.0,19330.0,312.0,False,0.0,0.0,False,0.0,0.0,139,2,188.0,0,False,,,0.0
NS303945,NV104901,NC203945,2026-08-22,ON,20395,0.13,False,,,,,,0.0,True,2500.0,1300.0,False,0.0,0.0,171,2,219.0,0,False,,,0.0
NS303946,NV104902,NC203946,2024-10-13,ON,26295,0.13,True,Lender C (Near-Prime),14.32,84.0,500.0,32313.0,256.0,True,3100.0,1612.0,False,0.0,0.0,157,4,211.0,0,True,2024-10-20,Vehicle condition not as expected,2479.0
NS303947,NV104904,NC203947,2024-11-30,BC,29495,0.12,False,,,,,,0.0,False,0.0,0.0,False,0.0,0.0,5212,10,3048.0,1395,False,,,0.0
NS303948,NV104905,NC203948,2025-06-17,ON,15095,0.13,True,Lender A (Prime),8.44,60.0,1900.0,15157.0,209.0,False,0.0,0.0,False,0.0,0.0,185,3,236.0,0,False,,,0.0
NS303949,NV104906,NC203949,2026-02-19,ON,45595,0.13,True,Lender C (Near-Prime),13.68,48.0,2200.0,49322.0,393.0,False,0.0,0.0,False,0.0,0.0,137,2,193.0,0,True,2026-03-01,Changed mind,1385.0
NS303950,NV104907,NC203950,2026-08-10,ON,21195,0.13,True,Lender C (Near-Prime),13.66,84.0,3900.0,20050.0,162.0,False,0.0,0.0,False,0.0,0.0,150,2,198.0,0,False,,,0.0
NS303951,NV104908,NC203951,2025-06-14,ON,18895,0.13,False,,,,,,0.0,False,0.0,0.0,False,0.0,0.0,3678,9,2190.0,1395,False,,,0.0
NS303952,NV104910,NC203952,2024-05-25,ON,33695,0.13,True,Lender A (Prime),9.21,60.0,6400.0,34325.0,200.0,True,2650.0,1378.0,False,0.0,0.0,532,3,440.0,395,False,,,0.0
NS303953,NV104911,NC203953,2024-07-12,ON,32795,0.13,True,Lender C (Near-Prime),11.58,60.0,1300.0,35758.0,331.0,False,0.0,0.0,False,0.0,0.0,130,4,188.0,0,False,,,0.0
NS303954,NV104912,NC203954,2025-12-08,ON,37095,0.13,True,Lender C (Near-Prime),10.5,72.0,2500.0,39417.0,498.0,False,0.0,0.0,False,0.0,0.0,165,3,197.0,0,False,,,0.0
NS303955,NV104913,NC203955,2025-07-31,BC,20795,0.12,False,,,,,,0.0,True,1900.0,988.0,False,0.0,0.0,704,5,448.0,395,True,2025-08-03,Mechanical issue,1630.0
NS303956,NV104914,NC203956,2025-12-13,ON,27595,0.13,True,Lender A (Prime),6.52,72.0,2900.0,28282.0,491.0,False,0.0,0.0,False,0.0,0.0,180,4,213.0,0,False,,,0.0
NS303957,NV104915,NC203957,2025-11-24,ON,23495,0.13,True,Lender D (Subprime),21.55,72.0,2500.0,24049.0,479.0,False,0.0,0.0,False,0.0,0.0,155,3,205.0,0,False,,,0.0
NS303958,NV104917,NC203958,2026-07-05,AB,16995,0.05,True,Lender B (Prime),6.65,84.0,900.0,16945.0,313.0,False,0.0,0.0,False,0.0,0.0,4608,11,2739.0,1395,False,,,0.0
NS303959,NV104919,NC203959,2025-12-09,ON,25995,0.13,True,Lender C (Near-Prime),13.71,72.0,900.0,30624.0,509.0,True,2150.0,1118.0,False,0.0,0.0,132,3,197.0,0,False,,,0.0
NS303960,NV104920,NC203960,2026-09-20,ON,24395,0.13,False,,,,,,0.0,False,0.0,0.0,False,0.0,0.0,143,3,195.0,0,False,,,0.0
NS303961,NV104921,NC203961,2025-05-10,ON,17495,0.13,True,Lender C (Near-Prime),14.92,60.0,2300.0,17469.0,105.0,False,0.0,0.0,False,0.0,0.0,162,2,196.0,0,False,,,0.0
NS303962,NV104922,NC203962,2024-12-29,BC,40095,0.12,True,Lender D (Subprime),20.58,60.0,4300.0,40606.0,636.0,False,0.0,0.0,False,0.0,0.0,1015,4,618.0,795,False,,,0.0
NS303963,NV104923,NC203963,2024-06-17,ON,26395,0.13,False,,,,,,0.0,True,3300.0,1716.0,False,0.0,0.0,555,4,388.0,395,False,,,0.0
NS303964,NV104924,NC203964,2025-08-25,ON,18895,0.13,True,Lender C (Near-Prime),12.59,72.0,2400.0,18951.0,208.0,False,0.0,0.0,False,0.0,0.0,152,3,205.0,0,False,,,0.0
NS303965,NV104926,NC203965,2026-03-23,ON,20995,0.13,False,,,,,,0.0,False,0.0,0.0,False,0.0,0.0,164,4,221.0,0,False,,,0.0
NS303966,NV104927,NC203966,2024-06-28,AB,15995,0.05,True,Lender B (Prime),6.26,84.0,2000.0,14795.0,168.0,False,0.0,0.0,False,0.0,0.0,329,3,273.0,395,False,,,0.0
NS303967,NV104928,NC203967,2025-11-04,BC,25095,0.12,True,Lender B (Prime),7.93,48.0,2000.0,26106.0,501.0,False,0.0,0.0,False,0.0,0.0,705,5,461.0,395,False,,,0.0
NS303968,NV104929,NC203968,2025-08-02,ON,16595,0.13,False,,,,,,0.0,False,0.0,0.0,False,0.0,0.0,157,3,189.0,0,False,,,0.0
NS303969,NV104930,NC203969,2026-06-16,ON,21195,0.13,True,Lender C (Near-Prime),11.5,84.0,500.0,23450.0,354.0,False,0.0,0.0,False,0.0,0.0,135,4,187.0,0,False,,,0.0
NS303970,NV104932,NC203970,2024-04-29,MB,15695,0.12,True,Lender C (Near-Prime),10.51,60.0,1400.0,18528.0,200.0,True,2350.0,1222.0,False,0.0,0.0,1462,6,867.0,795,False,,,0.0
NS303971,NV104933,NC203971,2024-10-15,NS,23595,0.14,True,Lender D (Subprime),23.73,60.0,700.0,28948.0,231.0,True,1800.0,936.0,True,950.0,380.0,4693,9,2179.0,1395,False,,,0.0
NS303972,NV104934,NC203972,2026-06-12,ON,28295,0.13,True,Lender A (Prime),9.11,84.0,2500.0,32373.0,242.0,True,2900.0,1508.0,False,0.0,0.0,166,4,211.0,0,False,,,0.0
NS303973,NV104935,NC203973,2025-04-13,BC,15595,0.12,True,Lender C (Near-Prime),14.97,72.0,2500.0,14966.0,226.0,False,0.0,0.0,False,0.0,0.0,3695,7,1868.0,1395,False,,,0.0
NS303974,NV104936,NC203974,2025-07-13,ON,30195,0.13,True,Lender C (Near-Prime),14.53,72.0,400.0,34420.0,176.0,False,0.0,0.0,True,700.0,280.0,183,3,218.0,0,False,,,0.0
NS303975,NV104937,NC203975,2026-02-24,ON,24295,0.13,False,,,,,,0.0,False,0.0,0.0,False,0.0,0.0,145,2,194.0,0,False,,,0.0
NS303976,NV104939,NC203976,2026-08-23,QC,20895,0.14975,False,,,,,,0.0,True,2750.0,1430.0,False,0.0,0.0,635,2,435.0,395,True,2026-08-28,Mechanical issue,2076.0
NS303977,NV104940,NC203977,2024-07-25,ON,14795,0.13,True,Lender A (Prime),8.73,60.0,800.0,15918.0,231.0,False,0.0,0.0,False,0.0,0.0,168,3,212.0,0,False,,,0.0
NS303978,NV104941,NC203978,2024-07-29,ON,10895,0.13,True,Lender D (Subprime),19.46,60.0,1900.0,10411.0,80.0,False,0.0,0.0,False,0.0,0.0,526,3,465.0,395,False,,,0.0
NS303979,NV104943,NC203979,2026-05-23,ON,13295,0.13,False,,,,,,0.0,False,0.0,0.0,False,0.0,0.0,493,2,438.0,395,False,,,0.0
NS303980,NV104945,NC203980,2026-09-23,ON,16995,0.13,True,Lender B (Prime),8.82,48.0,700.0,19754.0,292.0,False,0.0,0.0,True,1250.0,500.0,132,2,193.0,0,False,,,0.0
NS303981,NV104947,NC203981,2025-04-25,SK,16095,0.11,True,Lender C (Near-Prime),12.23,60.0,200.0,21665.0,241.0,True,3050.0,1586.0,True,950.0,380.0,782,4,577.0,395,False,,,0.0
NS303982,NV104948,NC203982,2026-06-28,MB,18395,0.12,False,,,,,,0.0,True,3350.0,1742.0,False,0.0,0.0,1648,4,1055.0,795,False,,,0.0
NS303983,NV104949,NC203983,2026-03-29,QC,14495,0.14975,False,,,,,,0.0,False,0.0,0.0,False,0.0,0.0,509,4,384.0,395,False,,,0.0
NS303984,NV104950,NC203984,2026-08-15,PE,20595,0.15,True,Lender C (Near-Prime),12.34,72.0,2600.0,23434.0,445.0,True,2350.0,1222.0,False,0.0,0.0,1953,7,1138.0,795,False,,,0.0
NS303985,NV104951,NC203985,2025-09-08,ON,21895,0.13,True,Lender D (Subprime),20.53,84.0,600.0,24141.0,284.0,False,0.0,0.0,False,0.0,0.0,155,4,195.0,0,False,,,0.0
NS303986,NV104952,NC203986,2024-10-17,ON,36595,0.13,True,Lender C (Near-Prime),10.77,72.0,900.0,44152.0,644.0,True,2550.0,1326.0,True,1150.0,460.0,3718,7,2188.0,1395,False,,,0.0
NS303987,NV104953,NC203987,2026-05-12,ON,20795,0.13,True,Lender B (Prime),9.35,72.0,1000.0,22498.0,214.0,False,0.0,0.0,False,0.0,0.0,137,2,195.0,0,False,,,0.0
NS303988,NV104954,NC203988,2024-08-27,ON,10795,0.13,True,Lender B (Prime),7.67,48.0,2000.0,10198.0,84.0,False,0.0,0.0,False,0.0,0.0,128,4,182.0,0,False,,,0.0
NS303989,NV104955,NC203989,2026-05-10,ON,21695,0.13,True,Lender A (Prime),8.13,84.0,3700.0,23365.0,466.0,True,2550.0,1326.0,False,0.0,0.0,580,3,444.0,395,False,,,0.0
NS303990,NV104956,NC203990,2025-03-02,ON,21495,0.13,True,Lender D (Subprime),19.59,72.0,2500.0,21789.0,119.0,False,0.0,0.0,False,0.0,0.0,145,3,199.0,0,False,,,0.0
NS303991,NV104957,NC203991,2026-03-07,ON,29595,0.13,True,Lender D (Subprime),19.01,72.0,2000.0,31442.0,569.0,False,0.0,0.0,False,0.0,0.0,3447,9,2039.0,1395,False,,,0.0
NS303992,NV104958,NC203992,2026-09-06,MB,22695,0.12,True,Lender C (Near-Prime),14.23,72.0,1600.0,26168.0,499.0,True,1400.0,728.0,True,950.0,380.0,1563,4,938.0,795,False,,,0.0
NS303993,NV104960,NC203993,2026-07-14,BC,16495,0.12,True,Lender C (Near-Prime),10.72,48.0,400.0,20774.0,197.0,True,2700.0,1404.0,False,0.0,0.0,821,3,611.0,395,False,,,0.0
NS303994,NV104961,NC203994,2026-04-28,ON,15095,0.13,True,Lender A (Prime),8.64,48.0,2900.0,14157.0,213.0,False,0.0,0.0,False,0.0,0.0,131,2,186.0,0,False,,,0.0
NS303995,NV104962,NC203995,2024-04-06,ON,35095,0.13,True,Lender D (Subprime),18.9,84.0,6400.0,35807.0,615.0,True,2550.0,1326.0,False,0.0,0.0,141,4,189.0,0,False,,,0.0
NS303996,NV104963,NC203996,2024-10-23,ON,19195,0.13,True,Lender A (Prime),8.72,48.0,2200.0,20590.0,404.0,False,0.0,0.0,True,1100.0,440.0,166,4,203.0,0,False,,,0.0
NS303997,NV104965,NC203997,2024-06-24,MB,39195,0.12,True,Lender C (Near-Prime),13.66,84.0,6100.0,37798.0,630.0,False,0.0,0.0,False,0.0,0.0,1400,4,938.0,795,False,,,0.0
NS303998,NV104966,NC203998,2026-05-10,ON,13595,0.13,False,,,,,,0.0,True,3150.0,1638.0,False,0.0,0.0,143,2,204.0,0,False,,,0.0
NS303999,NV104967,NC203999,2026-04-19,SK,36295,0.11,True,Lender B (Prime),8.0,60.0,5700.0,34587.0,239.0,False,0.0,0.0,False,0.0,0.0,980,5,678.0,395,False,,,0.0
NS304000,NV104968,NC204000,2024-08-03,QC,19295,0.14975,False,,,,,,0.0,True,2550.0,1326.0,False,0.0,0.0,577,3,392.0,395,False,,,0.0
NS304001,NV104969,NC204001,2025-04-08,ON,16695,0.13,False,,,,,,0.0,False,0.0,0.0,False,0.0,0.0,178,4,215.0,0,False,,,0.0
NS304002,NV104970,NC204002,2026-09-08,AB,28195,0.05,False,,,,,,0.0,True,2150.0,1118.0,False,0.0,0.0,277,4,257.0,0,False,,,0.0
NS304003,NV104971,NC204003,2026-05-06,ON,23195,0.13,True,Lender A (Prime),7.82,72.0,1700.0,25610.0,446.0,False,0.0,0.0,True,1100.0,440.0,145,2,194.0,0,False,,,0.0
NS304004,NV104972,NC204004,2026-07-08,SK,14095,0.11,True,Lender C (Near-Prime),12.71,48.0,700.0,14945.0,293.0,False,0.0,0.0,False,0.0,0.0,911,5,623.0,395,False,,,0.0
NS304005,NV104973,NC204005,2026-07-13,QC,15695,0.14975,True,Lender C (Near-Prime),11.41,60.0,1700.0,16345.0,284.0,False,0.0,0.0,False,0.0,0.0,187,3,234.0,0,False,,,0.0
NS304006,NV104975,NC204006,2025-11-23,BC,20895,0.12,True,Lender C (Near-Prime),10.8,72.0,1400.0,22002.0,322.0,False,0.0,0.0,False,0.0,0.0,699,5,548.0,395,False,,,0.0
NS304007,NV104976,NC204007,2024-10-05,ON,21495,0.13,True,Lender A (Prime),7.56,72.0,1700.0,22589.0,393.0,False,0.0,0.0,False,0.0,0.0,132,2,198.0,0,False,,,0.0
NS304008,NV104978,NC204008,2025-09-10,NS,34295,0.14,True,Lender D (Subprime),20.57,48.0,3100.0,35996.0,592.0,False,0.0,0.0,False,0.0,0.0,2043,7,1093.0,795,False,,,0.0
NS304009,NV104979,NC204009,2026-04-03,ON,14695,0.13,True,Lender B (Prime),7.29,60.0,2800.0,13805.0,100.0,False,0.0,0.0,False,0.0,0.0,152,2,191.0,0,False,,,0.0
NS304010,NV104980,NC204010,2026-08-07,BC,26495,0.12,True,Lender B (Prime),5.9,84.0,300.0,29374.0,257.0,False,0.0,0.0,False,0.0,0.0,811,5,546.0,395,False,,,0.0
NS304011,NV104982,NC204011,2025-12-17,ON,19295,0.13,True,Lender A (Prime),7.9,72.0,2400.0,19403.0,370.0,False,0.0,0.0,False,0.0,0.0,156,3,191.0,0,False,,,0.0
NS304012,NV104983,NC204012,2025-05-04,BC,33995,0.12,True,Lender B (Prime),7.58,60.0,900.0,37174.0,588.0,False,0.0,0.0,False,0.0,0.0,4468,8,1898.0,1395,False,,,0.0
NS304013,NV104984,NC204013,2026-09-04,SK,21895,0.11,False,,,,,,0.0,False,0.0,0.0,False,0.0,0.0,706,3,471.0,395,False,,,0.0
NS304014,NV104985,NC204014,2025-07-15,ON,26195,0.13,True,Lender D (Subprime),22.13,60.0,3900.0,25700.0,364.0,False,0.0,0.0,False,0.0,0.0,643,2,505.0,395,False,,,0.0
NS304015,NV104986,NC204015,2026-04-15,ON,20195,0.13,False,,,,,,0.0,True,2000.0,1040.0,False,0.0,0.0,3891,9,1926.0,1395,False,,,0.0
NS304016,NV104987,NC204016,2026-07-02,ON,25895,0.13,True,Lender C (Near-Prime),11.99,48.0,1500.0,27761.0,196.0,False,0.0,0.0,False,0.0,0.0,137,4,185.0,0,False,,,0.0
NS304017,NV104988,NC204017,2024-09-03,NS,17195,0.14,True,Lender A (Prime),7.76,60.0,1000.0,21952.0,235.0,True,3350.0,1742.0,False,0.0,0.0,1512,6,869.0,795,False,,,0.0
NS304018,NV104989,NC204018,2024-10-05,AB,18795,0.05,True,Lender B (Prime),8.17,72.0,2700.0,17035.0,220.0,False,0.0,0.0,False,0.0,0.0,2924,8,1867.0,1395,False,,,0.0
NS304019,NV104990,NC204019,2026-08-01,AB,13495,0.05,False,,,,,,0.0,True,1200.0,624.0,False,0.0,0.0,3485,8,1888.0,1395,False,,,0.0
NS304020,NV104991,NC204020,2025-05-23,AB,23795,0.05,False,,,,,,0.0,True,1950.0,1014.0,False,0.0,0.0,305,3,259.0,395,False,,,0.0
NS304021,NV104992,NC204021,2024-10-19,PE,12295,0.15,True,Lender D (Subprime),20.11,84.0,1800.0,12339.0,141.0,False,0.0,0.0,False,0.0,0.0,1813,4,1013.0,795,False,,,0.0
NS304022,NV104993,NC204022,2025-09-06,AB,39195,0.05,True,Lender C (Near-Prime),15.85,48.0,2400.0,39955.0,344.0,True,1200.0,624.0,False,0.0,0.0,3517,9,1730.0,1395,False,,,0.0
NS304023,NV104995,NC204023,2025-11-05,ON,8695,0.13,True,Lender A (Prime),7.69,72.0,100.0,12425.0,206.0,True,2700.0,1404.0,False,0.0,0.0,126,2,177.0,0,False,,,0.0
NS304024,NV104996,NC204024,2025-08-04,BC,17895,0.12,True,Lender B (Prime),8.0,72.0,2300.0,19642.0,347.0,True,1900.0,988.0,False,0.0,0.0,676,4,475.0,395,False,,,0.0
NS304025,NV104997,NC204025,2024-12-09,BC,32795,0.12,True,Lender D (Subprime),16.5,84.0,4200.0,33430.0,636.0,False,0.0,0.0,True,900.0,360.0,4690,11,2610.0,1395,False,,,0.0
NS304026,NV104998,NC204026,2025-03-29,ON,28795,0.13,True,Lender C (Near-Prime),14.04,60.0,2100.0,30438.0,281.0,False,0.0,0.0,False,0.0,0.0,133,2,192.0,0,False,,,0.0
NS304027,NV104999,NC204027,2025-03-18,ON,15795,0.13,False,,,,,,0.0,True,2700.0,1404.0,False,0.0,0.0,124,4,180.0,0,False,,,0.0
