vehicle_id,list_date,initial_list_price,final_list_price,market_price_at_listing,price_vs_market_pct,num_price_changes,days_listed,listing_status,exit_date,wholesale_price
NV100001,2024-04-12,28995,28095,28581.0,1.45,1,23,Retail Sold,2024-05-05,
NV100002,2026-06-02,21995,21295,22670.0,-2.98,1,26,Retail Sold,2026-06-28,
NV100003,2026-01-10,12695,11595,12389.0,2.47,3,107,Retail Sold,2026-04-27,
NV100004,2025-03-27,16495,15995,17012.0,-3.04,1,21,Retail Sold,2025-04-17,
NV100005,2025-04-01,12395,11295,12032.0,3.02,3,73,Retail Sold,2025-06-13,
NV100006,2025-10-06,43595,40995,41952.0,3.92,2,43,Retail Sold,2025-11-18,
NV100007,2026-02-18,22395,21095,20597.0,8.73,2,59,Retail Sold,2026-04-18,
NV100008,2025-06-08,9595,8795,8143.0,17.83,3,75,Wholesaled,2025-08-22,6725.0
NV100009,2026-02-25,13495,12695,12372.0,9.07,2,56,Retail Sold,2026-04-22,
NV100010,2026-06-17,16595,15095,13117.0,26.51,3,75,Wholesaled,2026-08-31,10850.0
NV100011,2025-02-20,40395,36895,36544.0,10.54,3,138,Retail Sold,2025-07-08,
NV100012,2026-05-21,25095,23595,22704.0,10.53,2,46,Retail Sold,2026-07-06,
NV100013,2025-03-07,32195,31195,31442.0,2.39,1,40,Retail Sold,2025-04-16,
NV100014,2026-06-21,12595,11495,12133.0,3.81,3,75,Wholesaled,2026-09-04,9650.0
NV100015,2026-05-23,12295,12295,12503.0,-1.66,0,9,Retail Sold,2026-06-01,
NV100016,2025-12-04,13695,12895,12788.0,7.1,2,61,Retail Sold,2026-02-03,
NV100017,2026-09-04,15395,14895,11195.0,37.52,1,26,Active,,
NV100018,2026-04-13,12595,11495,10107.0,24.62,3,170,Active,,
NV100019,2024-02-19,19195,17495,15035.0,27.67,3,200,Retail Sold,2024-09-06,
NV100020,2024-08-01,21895,20595,19946.0,9.77,2,48,Retail Sold,2024-09-18,
NV100021,2026-04-16,11595,10595,10484.0,10.6,3,68,Retail Sold,2026-06-23,
NV100022,2026-03-18,13795,12995,13754.0,0.3,2,58,Retail Sold,2026-05-15,
NV100023,2025-05-07,10095,9195,8778.0,15.0,3,137,Retail Sold,2025-09-21,
NV100024,2025-09-15,14395,13095,13171.0,9.29,3,75,Wholesaled,2025-11-29,11225.0
NV100025,2026-05-26,13895,12695,10201.0,36.22,3,127,Active,,
NV100026,2024-10-21,16795,15295,16264.0,3.27,3,64,Retail Sold,2024-12-24,
NV100027,2025-10-26,13095,11995,12012.0,9.02,3,106,Retail Sold,2026-02-09,
NV100028,2026-04-29,12595,12195,13010.0,-3.19,1,23,Retail Sold,2026-05-22,
NV100029,2025-01-06,23795,22395,23365.0,1.84,2,47,Retail Sold,2025-02-22,
NV100030,2024-12-11,24695,23195,24162.0,2.21,2,44,Retail Sold,2025-01-24,
NV100031,2025-12-18,29895,28095,29896.0,-0.0,2,51,Retail Sold,2026-02-07,
NV100032,2025-01-04,29995,28195,28885.0,3.84,2,45,Retail Sold,2025-02-18,
NV100033,2026-08-13,29595,28695,28797.0,2.77,1,40,Retail Sold,2026-09-22,
NV100034,2024-07-20,19995,18195,18954.0,5.49,3,108,Retail Sold,2024-11-05,
NV100035,2025-06-23,10595,9695,7755.0,36.62,3,75,Wholesaled,2025-09-06,6650.0
NV100036,2026-03-10,13895,12695,10351.0,34.24,3,75,Wholesaled,2026-05-24,9075.0
NV100037,2025-07-17,19095,18495,17794.0,7.31,1,41,Retail Sold,2025-08-27,
NV100038,2024-02-06,32795,30895,34707.0,-5.51,2,53,Retail Sold,2024-03-30,
NV100039,2026-01-27,19995,19395,18447.0,8.39,1,35,Retail Sold,2026-03-03,
NV100040,2026-07-18,25295,25295,27257.0,-7.2,0,17,Retail Sold,2026-08-04,
NV100041,2026-04-26,23095,21695,22217.0,3.95,2,48,Retail Sold,2026-06-13,
NV100042,2025-12-25,44795,44795,44197.0,1.35,0,15,Retail Sold,2026-01-09,
NV100043,2026-07-17,24195,22095,22885.0,5.73,3,75,Wholesaled,2026-09-30,18625.0
NV100044,2024-08-23,23795,21695,21200.0,12.24,3,125,Retail Sold,2024-12-26,
NV100045,2025-04-02,30195,30195,30025.0,0.57,0,19,Retail Sold,2025-04-21,
NV100046,2025-02-18,18095,16995,18163.0,-0.38,2,42,Retail Sold,2025-04-01,
NV100047,2025-04-01,12595,11895,11931.0,5.57,2,50,Retail Sold,2025-05-21,
NV100048,2026-01-24,18395,17795,17692.0,3.97,1,21,Retail Sold,2026-02-14,
NV100049,2025-02-10,24895,24095,24188.0,2.92,1,41,Retail Sold,2025-03-23,
NV100050,2026-07-09,16895,16895,16013.0,5.51,0,19,Retail Sold,2026-07-28,
NV100051,2024-09-22,34295,32295,31241.0,9.77,2,50,Retail Sold,2024-11-11,
NV100052,2025-05-03,11895,10895,11613.0,2.43,3,112,Retail Sold,2025-08-23,
NV100053,2026-06-05,26495,24895,26482.0,0.05,2,44,Retail Sold,2026-07-19,
NV100054,2024-05-23,12395,11295,11591.0,6.94,3,95,Retail Sold,2024-08-26,
NV100055,2026-08-13,14395,13995,14785.0,-2.64,1,21,Retail Sold,2026-09-03,
NV100056,2025-05-23,32595,31595,32271.0,1.0,1,33,Retail Sold,2025-06-25,
NV100057,2025-08-29,10995,10295,10682.0,2.93,2,59,Retail Sold,2025-10-27,
NV100058,2026-04-22,23195,22495,22351.0,3.77,1,33,Retail Sold,2026-05-25,
NV100059,2025-02-27,21795,19895,19372.0,12.51,3,106,Retail Sold,2025-06-13,
NV100060,2025-08-15,26895,26895,27318.0,-1.55,0,19,Retail Sold,2025-09-03,
NV100061,2026-05-01,14495,14495,14219.0,1.94,0,19,Retail Sold,2026-05-20,
NV100062,2026-02-22,22095,22095,22833.0,-3.23,0,19,Retail Sold,2026-03-13,
NV100063,2026-04-18,12395,11295,7550.0,64.17,3,75,Wholesaled,2026-07-02,6700.0
NV100064,2024-10-04,16395,15895,15975.0,2.63,1,37,Retail Sold,2024-11-10,
NV100065,2025-06-21,18895,17795,18253.0,3.52,2,43,Retail Sold,2025-08-03,
NV100066,2025-04-27,21595,21595,21435.0,0.75,0,11,Retail Sold,2025-05-08,
NV100067,2025-10-16,25295,25295,24852.0,1.78,0,16,Retail Sold,2025-11-01,
NV100068,2025-06-05,20795,19595,20857.0,-0.3,2,49,Retail Sold,2025-07-24,
NV100069,2025-12-17,17095,16595,16533.0,3.4,1,32,Retail Sold,2026-01-18,
NV100070,2024-02-13,35695,35695,37455.0,-4.7,0,19,Retail Sold,2024-03-03,
NV100071,2026-02-16,16395,15895,16951.0,-3.28,1,35,Retail Sold,2026-03-23,
NV100072,2025-05-02,24395,22995,24033.0,1.51,2,48,Retail Sold,2025-06-19,
NV100073,2026-07-29,19095,17995,19717.0,-3.15,2,51,Retail Sold,2026-09-18,
NV100074,2026-07-04,17095,15595,14236.0,20.08,3,75,Wholesaled,2026-09-17,12175.0
NV100075,2025-08-24,11995,10895,10326.0,16.16,3,200,Retail Sold,2026-03-12,
NV100076,2026-06-29,9395,8595,8691.0,8.1,3,93,Active,,
NV100077,2025-12-05,10695,9795,9930.0,7.7,3,75,Wholesaled,2026-02-18,8625.0
NV100078,2025-03-08,38595,35195,35883.0,7.56,3,75,Wholesaled,2025-05-22,30375.0
NV100079,2025-06-12,14395,13095,11813.0,21.85,3,200,Retail Sold,2025-12-29,
NV100080,2025-10-22,26295,25495,25606.0,2.69,1,40,Retail Sold,2025-12-01,
NV100081,2026-09-09,24295,24295,24293.0,0.01,0,20,Retail Sold,2026-09-29,
NV100082,2024-04-29,40395,40395,41572.0,-2.83,0,19,Retail Sold,2024-05-18,
NV100083,2026-03-08,16795,15295,16316.0,2.94,3,69,Retail Sold,2026-05-16,
NV100084,2025-06-25,29495,26895,27418.0,7.58,3,87,Retail Sold,2025-09-20,
NV100085,2026-03-22,14695,13395,13491.0,8.92,3,162,Retail Sold,2026-08-31,
NV100086,2026-09-07,14795,14395,13670.0,8.23,1,23,Active,,
NV100087,2025-08-29,15295,13995,8659.0,76.64,3,200,Retail Sold,2026-03-17,
NV100088,2026-05-05,12095,10995,11248.0,7.53,3,148,Active,,
NV100089,2024-05-05,24895,22695,22207.0,12.1,3,75,Wholesaled,2024-07-19,20650.0
NV100090,2026-07-05,13195,12795,13017.0,1.37,1,27,Retail Sold,2026-08-01,
NV100091,2024-08-22,35095,33995,34828.0,0.77,1,26,Retail Sold,2024-09-17,
NV100092,2025-07-27,21995,21295,22320.0,-1.46,1,34,Retail Sold,2025-08-30,
NV100093,2026-06-06,20095,19495,20453.0,-1.75,1,36,Retail Sold,2026-07-12,
NV100094,2024-01-26,41395,40195,41444.0,-0.12,1,23,Retail Sold,2024-02-18,
NV100095,2026-07-21,20895,19695,20601.0,1.43,2,56,Retail Sold,2026-09-15,
NV100096,2026-08-24,15295,15295,16078.0,-4.87,0,13,Retail Sold,2026-09-06,
NV100097,2024-06-06,30895,30895,30418.0,1.57,0,17,Retail Sold,2024-06-23,
NV100098,2025-06-22,17895,16795,18318.0,-2.31,2,48,Retail Sold,2025-08-09,
NV100099,2026-01-05,24095,21995,22442.0,7.37,3,75,Wholesaled,2026-03-21,19275.0
NV100100,2025-05-02,20795,18995,19145.0,8.62,3,167,Retail Sold,2025-10-16,
NV100101,2024-10-29,12895,11795,8352.0,54.4,3,200,Retail Sold,2025-05-17,
NV100102,2025-09-21,14495,14095,14442.0,0.36,1,29,Retail Sold,2025-10-20,
NV100103,2025-05-19,13195,12395,11841.0,11.43,2,50,Retail Sold,2025-07-08,
NV100104,2024-10-16,13695,13295,13459.0,1.75,1,29,Retail Sold,2024-11-14,
NV100105,2026-06-26,31695,28895,30101.0,5.3,3,75,Wholesaled,2026-09-09,25225.0
NV100106,2026-05-27,29695,29695,29949.0,-0.85,0,11,Retail Sold,2026-06-07,
NV100107,2025-03-07,28495,26795,27335.0,4.24,2,62,Retail Sold,2025-05-08,
NV100108,2024-01-23,33395,30495,29544.0,13.03,3,124,Retail Sold,2024-05-26,
NV100109,2025-08-20,18995,18995,19296.0,-1.56,0,16,Retail Sold,2025-09-05,
NV100110,2025-03-15,26295,23995,25820.0,1.84,3,95,Retail Sold,2025-06-18,
NV100111,2026-07-18,13395,12195,12660.0,5.81,3,74,Active,,
NV100112,2026-03-12,9995,9095,6970.0,43.39,3,200,Retail Sold,2026-09-28,
NV100113,2025-08-27,22995,22295,22489.0,2.25,1,35,Retail Sold,2025-10-01,
NV100114,2026-05-20,9695,8795,8704.0,11.39,3,133,Active,,
NV100115,2024-05-15,30995,30995,32537.0,-4.74,0,11,Retail Sold,2024-05-26,
NV100116,2026-08-30,12495,12095,8006.0,56.07,1,31,Active,,
NV100117,2026-04-22,17995,17995,16786.0,7.2,0,20,Retail Sold,2026-05-12,
NV100118,2025-04-03,34695,32595,31090.0,11.6,2,52,Retail Sold,2025-05-25,
NV100119,2025-11-23,41495,37895,37810.0,9.75,3,75,Wholesaled,2026-02-06,31025.0
NV100120,2024-03-22,8595,7795,7788.0,10.37,3,200,Retail Sold,2024-10-08,
NV100121,2024-01-14,20995,20395,21212.0,-1.02,1,37,Retail Sold,2024-02-20,
NV100122,2025-01-12,25495,25495,26093.0,-2.29,0,15,Retail Sold,2025-01-27,
NV100123,2026-03-16,10395,9495,9347.0,11.22,3,75,Retail Sold,2026-05-30,
NV100124,2025-12-06,18795,18195,19557.0,-3.9,1,22,Retail Sold,2025-12-28,
NV100125,2025-12-28,26095,25295,25959.0,0.52,1,27,Retail Sold,2026-01-24,
NV100126,2026-05-22,14695,13395,13649.0,7.66,3,103,Retail Sold,2026-09-02,
NV100127,2025-12-10,18595,17995,18074.0,2.88,1,38,Retail Sold,2026-01-17,
NV100128,2026-02-17,15295,15295,15349.0,-0.36,0,12,Retail Sold,2026-03-01,
NV100129,2025-08-25,14395,13095,8807.0,63.44,3,200,Retail Sold,2026-03-13,
NV100130,2024-06-21,30495,30495,29913.0,1.95,0,14,Retail Sold,2024-07-05,
NV100131,2025-07-17,17195,15695,15455.0,11.26,3,75,Wholesaled,2025-09-30,13900.0
NV100132,2024-09-11,44895,40995,42978.0,4.46,3,75,Wholesaled,2024-11-25,38075.0
NV100133,2024-04-11,35595,34495,36815.0,-3.31,1,33,Retail Sold,2024-05-14,
NV100134,2025-02-01,22895,21495,21341.0,7.28,2,48,Retail Sold,2025-03-21,
NV100135,2024-07-01,25995,25195,23542.0,10.42,1,38,Retail Sold,2024-08-08,
NV100136,2026-08-01,9795,9195,8704.0,12.53,2,60,Active,,
NV100137,2026-07-14,14295,12995,12930.0,10.56,3,78,Active,,
NV100138,2026-01-15,15495,14095,11654.0,32.96,3,200,Retail Sold,2026-08-03,
NV100139,2025-12-21,17295,16295,17448.0,-0.87,2,42,Retail Sold,2026-02-01,
NV100140,2025-04-29,21795,20495,21443.0,1.64,2,42,Retail Sold,2025-06-10,
NV100141,2026-04-02,16795,15795,16778.0,0.1,2,52,Retail Sold,2026-05-24,
NV100142,2024-07-13,18895,17795,18421.0,2.57,2,45,Retail Sold,2024-08-27,
NV100143,2025-05-25,36195,35095,34130.0,6.05,1,29,Retail Sold,2025-06-23,
NV100144,2025-02-24,17695,16095,16960.0,4.34,3,124,Retail Sold,2025-06-28,
NV100145,2026-05-03,28495,26795,28259.0,0.84,2,59,Retail Sold,2026-07-01,
NV100146,2025-08-08,29995,29095,29821.0,0.58,1,39,Retail Sold,2025-09-16,
NV100147,2025-05-02,11995,10895,9520.0,26.0,3,200,Retail Sold,2025-11-18,
NV100148,2024-10-18,16695,15195,16745.0,-0.3,3,75,Wholesaled,2025-01-01,13625.0
NV100149,2025-10-08,18795,17195,14594.0,28.79,3,200,Retail Sold,2026-04-26,
NV100150,2025-06-20,13095,11995,12541.0,4.41,3,75,Wholesaled,2025-09-03,10900.0
NV100151,2025-05-27,35095,32995,34336.0,2.21,2,43,Retail Sold,2025-07-09,
NV100152,2025-04-17,23795,22395,23586.0,0.89,2,58,Retail Sold,2025-06-14,
NV100153,2025-11-26,13095,12295,12940.0,1.2,2,61,Retail Sold,2026-01-26,
NV100154,2025-04-21,15195,13895,13775.0,10.31,3,102,Retail Sold,2025-08-01,
NV100155,2025-03-11,20295,19695,20015.0,1.4,1,25,Retail Sold,2025-04-05,
NV100156,2025-04-09,21795,19895,20029.0,8.82,3,94,Retail Sold,2025-07-12,
NV100157,2026-06-09,38895,37695,42573.0,-8.64,1,22,Retail Sold,2026-07-01,
NV100158,2024-12-08,22195,20295,21835.0,1.65,3,75,Wholesaled,2025-02-21,17875.0
NV100159,2026-05-04,12295,11895,11925.0,3.1,1,36,Retail Sold,2026-06-09,
NV100160,2025-05-20,29695,28795,27221.0,9.09,1,35,Retail Sold,2025-06-24,
NV100161,2025-04-28,25395,24595,23639.0,7.43,1,32,Retail Sold,2025-05-30,
NV100162,2026-01-17,16695,15195,16723.0,-0.17,3,72,Retail Sold,2026-03-30,
NV100163,2026-07-13,21295,21295,20455.0,4.11,0,19,Retail Sold,2026-08-01,
NV100164,2024-07-09,29095,28195,29089.0,0.02,1,40,Retail Sold,2024-08-18,
NV100165,2026-09-04,9195,8895,5603.0,64.11,1,26,Active,,
NV100166,2024-10-02,17695,16595,15694.0,12.75,2,50,Retail Sold,2024-11-21,
NV100167,2025-05-06,34695,32595,33898.0,2.35,2,44,Retail Sold,2025-06-19,
NV100168,2026-03-17,16595,15595,15853.0,4.68,2,46,Retail Sold,2026-05-02,
NV100169,2024-04-15,25495,25495,25844.0,-1.35,0,15,Retail Sold,2024-04-30,
NV100170,2025-08-19,20495,19895,19074.0,7.45,1,37,Retail Sold,2025-09-25,
NV100171,2024-07-12,23795,23095,25031.0,-4.94,1,28,Retail Sold,2024-08-09,
NV100172,2025-04-30,20795,18995,20379.0,2.04,3,75,Wholesaled,2025-07-14,17600.0
NV100173,2025-04-19,20495,19895,18878.0,8.57,1,28,Retail Sold,2025-05-17,
NV100174,2026-07-13,20295,18495,18492.0,9.75,3,75,Wholesaled,2026-09-26,16450.0
NV100175,2025-11-26,21295,20695,19565.0,8.84,1,38,Retail Sold,2026-01-03,
NV100176,2024-10-04,35395,35395,34714.0,1.96,0,16,Retail Sold,2024-10-20,
NV100177,2025-03-11,24995,24995,23516.0,6.29,0,19,Retail Sold,2025-03-30,
NV100178,2026-03-29,14995,14095,13971.0,7.33,2,58,Retail Sold,2026-05-26,
NV100179,2026-08-21,13495,13095,12100.0,11.53,1,40,Active,,
NV100180,2025-09-12,21495,21495,22227.0,-3.29,0,17,Retail Sold,2025-09-29,
NV100181,2026-08-07,36495,35395,34258.0,6.53,1,23,Retail Sold,2026-08-30,
NV100182,2025-04-24,30695,29795,31020.0,-1.05,1,28,Retail Sold,2025-05-22,
NV100183,2024-05-29,30095,29195,29624.0,1.59,1,27,Retail Sold,2024-06-25,
NV100184,2024-08-24,28495,27595,27678.0,2.95,1,28,Retail Sold,2024-09-21,
NV100185,2024-07-04,24295,23595,23315.0,4.2,1,34,Retail Sold,2024-08-07,
NV100186,2026-05-20,18695,18095,17881.0,4.55,1,36,Retail Sold,2026-06-25,
NV100187,2026-01-30,19095,17395,18928.0,0.88,3,64,Retail Sold,2026-04-04,
NV100188,2025-12-12,27295,25695,27515.0,-0.8,2,55,Retail Sold,2026-02-05,
NV100189,2026-08-24,14595,14195,13649.0,6.93,1,37,Active,,
NV100190,2024-01-17,25595,25595,27531.0,-7.03,0,13,Retail Sold,2024-01-30,
NV100191,2024-08-26,16595,15095,15730.0,5.5,3,75,Wholesaled,2024-11-09,14125.0
NV100192,2024-12-06,21895,19995,20336.0,7.67,3,75,Wholesaled,2025-02-19,17425.0
NV100193,2024-08-18,34095,34095,33639.0,1.36,0,19,Retail Sold,2024-09-06,
NV100194,2024-02-01,10995,10295,10314.0,6.6,2,57,Retail Sold,2024-03-29,
NV100195,2025-12-08,28695,27795,26751.0,7.27,1,27,Retail Sold,2026-01-04,
NV100196,2025-03-19,17195,17195,17102.0,0.54,0,18,Retail Sold,2025-04-06,
NV100197,2025-09-13,24895,23395,24101.0,3.3,2,60,Retail Sold,2025-11-12,
NV100198,2026-07-04,15595,15095,14884.0,4.78,1,37,Retail Sold,2026-08-10,
NV100199,2026-03-11,21095,20495,21750.0,-3.01,1,33,Retail Sold,2026-04-13,
NV100200,2026-02-28,16895,15395,16409.0,2.96,3,63,Retail Sold,2026-05-02,
NV100201,2025-04-02,31595,29695,29256.0,7.99,2,47,Retail Sold,2025-05-19,
NV100202,2026-07-18,9495,8695,5807.0,63.5,3,74,Active,,
NV100203,2026-05-01,22395,21695,21710.0,3.16,1,25,Retail Sold,2026-05-26,
NV100204,2025-06-10,20995,19195,19205.0,9.32,3,86,Retail Sold,2025-09-04,
NV100205,2026-05-31,40995,39795,42046.0,-2.5,1,30,Retail Sold,2026-06-30,
NV100206,2025-08-21,26895,24495,23529.0,14.31,3,75,Retail Sold,2025-11-04,
NV100207,2025-07-01,32495,31495,33365.0,-2.61,1,26,Retail Sold,2025-07-27,
NV100208,2025-09-02,20195,19595,18843.0,7.17,1,21,Retail Sold,2025-09-23,
NV100209,2024-06-10,38695,36395,36051.0,7.33,2,47,Retail Sold,2024-07-27,
NV100210,2024-02-29,31895,31895,31699.0,0.62,0,8,Retail Sold,2024-03-08,
NV100211,2025-12-10,25895,23595,25733.0,0.63,3,75,Wholesaled,2026-02-23,20775.0
NV100212,2026-02-12,27395,25795,25593.0,7.04,2,45,Retail Sold,2026-03-29,
NV100213,2025-05-24,15695,15695,16579.0,-5.33,0,20,Retail Sold,2025-06-13,
NV100214,2025-09-02,10295,9395,7133.0,44.33,3,200,Retail Sold,2026-03-21,
NV100215,2025-06-19,30995,30095,30564.0,1.41,1,21,Retail Sold,2025-07-10,
NV100216,2025-09-12,16195,15195,15481.0,4.61,2,46,Retail Sold,2025-10-28,
NV100217,2025-12-26,19495,17795,18921.0,3.04,3,70,Retail Sold,2026-03-06,
NV100218,2026-07-19,29795,28895,30762.0,-3.14,1,26,Retail Sold,2026-08-14,
NV100219,2026-05-26,9795,8895,7110.0,37.77,3,75,Wholesaled,2026-08-09,5875.0
NV100220,2026-02-08,15395,14495,15003.0,2.62,2,45,Retail Sold,2026-03-25,
NV100221,2026-03-03,16695,15695,16175.0,3.22,2,60,Retail Sold,2026-05-02,
NV100222,2025-07-22,14295,12995,14916.0,-4.16,3,65,Retail Sold,2025-09-25,
NV100223,2024-10-05,23495,21395,23453.0,0.18,3,71,Retail Sold,2024-12-15,
NV100224,2026-06-30,19895,18695,18981.0,4.81,2,62,Retail Sold,2026-08-31,
NV100225,2024-04-08,21095,19295,19686.0,7.16,3,66,Retail Sold,2024-06-13,
NV100226,2024-03-25,30895,30895,30734.0,0.52,0,16,Retail Sold,2024-04-10,
NV100227,2025-12-05,27295,26495,27387.0,-0.34,1,29,Retail Sold,2026-01-03,
NV100228,2024-04-30,53395,51795,49464.0,7.95,1,33,Retail Sold,2024-06-02,
NV100229,2025-01-04,21295,19995,20339.0,4.7,2,44,Retail Sold,2025-02-17,
NV100230,2026-04-19,14495,13195,13314.0,8.87,3,75,Wholesaled,2026-07-03,11750.0
NV100231,2026-03-27,17195,17195,18422.0,-6.66,0,13,Retail Sold,2026-04-09,
NV100232,2026-04-10,18995,18395,19071.0,-0.4,1,36,Retail Sold,2026-05-16,
NV100233,2025-08-10,20695,20695,22442.0,-7.78,0,15,Retail Sold,2025-08-25,
NV100234,2026-08-26,14395,13995,12278.0,17.24,1,35,Active,,
NV100235,2026-04-08,27295,27295,28470.0,-4.13,0,15,Retail Sold,2026-04-23,
NV100236,2026-03-04,14395,13095,11010.0,30.75,3,75,Wholesaled,2026-05-18,9375.0
NV100237,2026-07-07,14395,13995,12616.0,14.1,1,35,Retail Sold,2026-08-11,
NV100238,2024-07-19,42795,39095,40847.0,4.77,3,65,Retail Sold,2024-09-22,
NV100239,2026-07-02,11695,10995,11084.0,5.51,2,54,Retail Sold,2026-08-25,
NV100240,2025-12-21,27595,25195,27586.0,0.03,3,97,Retail Sold,2026-03-28,
NV100241,2026-04-12,32995,30995,31171.0,5.85,2,47,Retail Sold,2026-05-29,
NV100242,2025-11-12,35495,34395,34164.0,3.9,1,27,Retail Sold,2025-12-09,
NV100243,2025-01-02,35295,35295,37678.0,-6.33,0,16,Retail Sold,2025-01-18,
NV100244,2025-12-01,31095,31095,30831.0,0.86,0,17,Retail Sold,2025-12-18,
NV100245,2025-01-21,9595,9295,9390.0,2.19,1,23,Retail Sold,2025-02-13,
NV100246,2026-07-23,18295,16695,17343.0,5.49,3,69,Active,,
NV100247,2026-06-22,10995,9995,10074.0,9.14,3,75,Wholesaled,2026-09-05,8875.0
NV100248,2024-11-21,39395,39395,38295.0,2.87,0,20,Retail Sold,2024-12-11,
NV100249,2025-11-09,15095,14595,15861.0,-4.83,1,26,Retail Sold,2025-12-05,
NV100250,2025-10-10,25095,22895,22714.0,10.48,3,129,Retail Sold,2026-02-16,
NV100251,2025-04-01,36495,36495,36565.0,-0.19,0,15,Retail Sold,2025-04-16,
NV100252,2025-10-04,12895,12495,12670.0,1.78,1,24,Retail Sold,2025-10-28,
NV100253,2024-07-02,28695,26195,26247.0,9.33,3,75,Wholesaled,2024-09-15,22775.0
NV100254,2026-09-13,18495,18495,16412.0,12.69,0,17,Active,,
NV100255,2026-05-29,16395,15895,15908.0,3.06,1,35,Retail Sold,2026-07-03,
NV100256,2026-04-05,16195,15695,16948.0,-4.44,1,24,Retail Sold,2026-04-29,
NV100257,2024-08-16,14195,13395,14085.0,0.78,2,47,Retail Sold,2024-10-02,
NV100258,2024-11-13,29895,28995,29201.0,2.38,1,38,Retail Sold,2024-12-21,
NV100259,2026-05-11,36495,34295,34999.0,4.27,2,62,Retail Sold,2026-07-12,
NV100260,2025-03-11,15795,15795,16032.0,-1.48,0,9,Retail Sold,2025-03-20,
NV100261,2026-06-11,23095,22395,23661.0,-2.39,1,22,Retail Sold,2026-07-03,
NV100262,2026-02-20,8995,8195,7055.0,27.5,3,200,Retail Sold,2026-09-08,
NV100263,2026-03-17,26895,24495,25230.0,6.6,3,87,Retail Sold,2026-06-12,
NV100264,2024-08-20,43995,43995,46296.0,-4.97,0,17,Retail Sold,2024-09-06,
NV100265,2025-07-04,15595,15095,15618.0,-0.15,1,29,Retail Sold,2025-08-02,
NV100266,2025-03-27,25695,24895,23595.0,8.9,1,32,Retail Sold,2025-04-28,
NV100267,2024-09-25,13095,11995,11963.0,9.46,3,71,Retail Sold,2024-12-05,
NV100268,2025-11-10,33495,31495,33177.0,0.96,2,59,Retail Sold,2026-01-08,
NV100269,2024-02-26,14495,13195,12702.0,14.12,3,200,Retail Sold,2024-09-13,
NV100270,2026-07-18,26895,26095,26271.0,2.38,1,29,Retail Sold,2026-08-16,
NV100271,2024-05-30,30595,30595,33183.0,-7.8,0,13,Retail Sold,2024-06-12,
NV100272,2026-06-11,40195,40195,41766.0,-3.76,0,16,Retail Sold,2026-06-27,
NV100273,2025-06-02,28695,27795,26594.0,7.9,1,33,Retail Sold,2025-07-05,
NV100274,2025-06-26,13795,12595,11865.0,16.27,3,200,Retail Sold,2026-01-12,
NV100275,2026-04-17,25095,23595,24025.0,4.45,2,58,Retail Sold,2026-06-14,
NV100276,2024-09-14,11995,10895,9971.0,20.3,3,75,Wholesaled,2024-11-28,8700.0
NV100277,2025-12-25,31295,28595,29125.0,7.45,3,75,Wholesaled,2026-03-10,26500.0
NV100278,2026-05-20,13095,11995,12291.0,6.54,3,64,Retail Sold,2026-07-23,
NV100279,2024-06-20,20695,20695,20484.0,1.03,0,16,Retail Sold,2024-07-06,
NV100280,2025-06-27,14795,13895,14972.0,-1.18,2,53,Retail Sold,2025-08-19,
NV100281,2026-09-09,11795,11395,8863.0,33.08,1,21,Active,,
NV100282,2026-06-04,15995,14595,14972.0,6.84,3,63,Retail Sold,2026-08-06,
NV100283,2025-01-03,13395,12995,13680.0,-2.09,1,22,Retail Sold,2025-01-25,
NV100284,2025-10-18,24995,22795,24264.0,3.01,3,102,Retail Sold,2026-01-28,
NV100285,2026-09-03,10295,9995,8968.0,14.79,1,27,Active,,
NV100286,2024-09-01,28395,28395,29901.0,-5.04,0,8,Retail Sold,2024-09-09,
NV100287,2025-06-06,23795,22395,23244.0,2.37,2,53,Retail Sold,2025-07-29,
NV100288,2025-03-29,30595,27895,28746.0,6.43,3,83,Retail Sold,2025-06-20,
NV100289,2026-04-05,12095,11395,11696.0,3.41,2,59,Retail Sold,2026-06-03,
NV100290,2024-03-20,43895,40095,41282.0,6.33,3,74,Retail Sold,2024-06-02,
NV100291,2024-07-07,27795,26995,28747.0,-3.31,1,35,Retail Sold,2024-08-11,
NV100292,2025-05-17,20795,19595,19770.0,5.18,2,47,Retail Sold,2025-07-03,
NV100293,2025-11-24,24795,23295,24964.0,-0.68,2,57,Retail Sold,2026-01-20,
NV100294,2024-07-13,28695,28695,28355.0,1.2,0,14,Retail Sold,2024-07-27,
NV100295,2025-12-26,24695,24695,25777.0,-4.2,0,13,Retail Sold,2026-01-08,
NV100296,2025-07-21,14995,14995,15114.0,-0.79,0,13,Retail Sold,2025-08-03,
NV100297,2026-07-29,12995,12595,13242.0,-1.87,1,33,Retail Sold,2026-08-31,
NV100298,2024-03-15,16395,16395,16385.0,0.06,0,18,Retail Sold,2024-04-02,
NV100299,2025-03-27,17595,17095,18857.0,-6.69,1,23,Retail Sold,2025-04-19,
NV100300,2025-05-19,29195,28295,28670.0,1.83,1,23,Retail Sold,2025-06-11,
NV100301,2025-04-18,22195,21495,22360.0,-0.74,1,29,Retail Sold,2025-05-17,
NV100302,2024-09-03,10795,9895,7762.0,39.07,3,75,Wholesaled,2024-11-17,6925.0
NV100303,2026-05-24,17795,17295,16671.0,6.74,1,25,Retail Sold,2026-06-18,
NV100304,2026-08-19,17795,16695,17014.0,4.59,2,42,Active,,
NV100305,2025-01-22,21595,19695,20946.0,3.1,3,68,Retail Sold,2025-03-31,
NV100306,2025-04-23,41195,41195,41521.0,-0.78,0,20,Retail Sold,2025-05-13,
NV100307,2024-08-28,38095,34795,34773.0,9.55,3,80,Retail Sold,2024-11-16,
NV100308,2025-08-11,10695,9795,8701.0,22.92,3,200,Retail Sold,2026-02-27,
NV100309,2026-01-31,20295,19095,18517.0,9.6,2,48,Retail Sold,2026-03-20,
NV100310,2026-06-14,25595,24795,24312.0,5.28,1,34,Retail Sold,2026-07-18,
NV100311,2024-07-08,16195,14795,15078.0,7.41,3,200,Retail Sold,2025-01-24,
NV100312,2026-09-02,17695,17195,16379.0,8.04,1,28,Active,,
NV100313,2025-08-04,15595,15095,16130.0,-3.32,1,35,Retail Sold,2025-09-08,
NV100314,2024-02-28,18395,16795,16479.0,11.63,3,84,Retail Sold,2024-05-22,
NV100315,2026-04-25,15995,15495,16195.0,-1.24,1,27,Retail Sold,2026-05-22,
NV100316,2026-06-09,20595,18795,18133.0,13.58,3,96,Retail Sold,2026-09-13,
NV100317,2025-04-16,11695,10695,10491.0,11.48,3,75,Wholesaled,2025-06-30,8850.0
NV100318,2024-08-21,20195,20195,20183.0,0.06,0,18,Retail Sold,2024-09-08,
NV100319,2026-06-09,22295,20995,19743.0,12.93,2,55,Retail Sold,2026-08-03,
NV100320,2025-07-24,42095,38395,40586.0,3.72,3,77,Retail Sold,2025-10-09,
NV100321,2025-02-26,21495,20195,20827.0,3.21,2,45,Retail Sold,2025-04-12,
NV100322,2025-05-07,22095,21395,22135.0,-0.18,1,28,Retail Sold,2025-06-04,
NV100323,2025-12-28,19395,17695,17640.0,9.95,3,66,Retail Sold,2026-03-04,
NV100324,2025-02-16,21495,19595,20055.0,7.18,3,75,Wholesaled,2025-05-02,18350.0
NV100325,2024-07-14,23795,23095,23246.0,2.36,1,34,Retail Sold,2024-08-17,
NV100326,2024-05-27,15095,13795,13635.0,10.7,3,75,Retail Sold,2024-08-10,
NV100327,2026-07-21,24495,23795,25467.0,-3.82,1,28,Retail Sold,2026-08-18,
NV100328,2026-05-28,19695,19095,18659.0,5.56,1,39,Retail Sold,2026-07-06,
NV100329,2025-07-02,33695,30795,29746.0,13.28,3,75,Wholesaled,2025-09-15,24250.0
NV100330,2025-02-20,20895,20295,20974.0,-0.38,1,39,Retail Sold,2025-03-31,
NV100331,2026-05-07,22895,21495,22707.0,0.83,2,42,Retail Sold,2026-06-18,
NV100332,2026-04-18,15895,15895,16572.0,-4.08,0,20,Retail Sold,2026-05-08,
NV100333,2025-12-09,11695,11695,12129.0,-3.58,0,18,Retail Sold,2025-12-27,
NV100334,2025-12-24,36195,36195,37141.0,-2.55,0,19,Retail Sold,2026-01-12,
NV100335,2024-05-11,29995,28195,28108.0,6.71,2,52,Retail Sold,2024-07-02,
NV100336,2025-04-25,17595,16095,15420.0,14.11,3,72,Retail Sold,2025-07-06,
NV100337,2025-04-30,19095,19095,19257.0,-0.84,0,18,Retail Sold,2025-05-18,
NV100338,2024-09-15,30695,30695,30084.0,2.03,0,19,Retail Sold,2024-10-04,
NV100339,2024-07-10,30995,30095,32810.0,-5.53,1,32,Retail Sold,2024-08-11,
NV100340,2024-05-07,22395,22395,21513.0,4.1,0,17,Retail Sold,2024-05-24,
NV100341,2025-06-13,31695,30695,30131.0,5.19,1,40,Retail Sold,2025-07-23,
NV100342,2025-02-26,26795,24495,23734.0,12.9,3,75,Wholesaled,2025-05-12,20775.0
NV100343,2025-10-15,13895,12695,12295.0,13.01,3,200,Retail Sold,2026-05-03,
NV100344,2026-04-17,15095,13795,13464.0,12.12,3,65,Retail Sold,2026-06-21,
NV100345,2024-07-06,31895,30895,31333.0,1.8,1,41,Retail Sold,2024-08-16,
NV100346,2026-07-01,11995,10895,6800.0,76.39,3,75,Wholesaled,2026-09-14,6175.0
NV100347,2024-07-29,18895,18895,19087.0,-1.01,0,13,Retail Sold,2024-08-11,
NV100348,2024-08-15,15995,14595,16268.0,-1.68,3,106,Retail Sold,2024-11-29,
NV100349,2026-03-31,10995,10995,10417.0,5.55,0,17,Retail Sold,2026-04-17,
NV100350,2024-08-12,49295,46395,44999.0,9.55,2,50,Retail Sold,2024-10-01,
NV100351,2024-03-17,17295,16295,16839.0,2.71,2,57,Retail Sold,2024-05-13,
NV100352,2024-08-31,23795,22395,23913.0,-0.49,2,42,Retail Sold,2024-10-12,
NV100353,2025-12-15,43295,40695,40217.0,7.65,2,61,Retail Sold,2026-02-14,
NV100354,2025-04-24,14895,13595,11866.0,25.52,3,200,Retail Sold,2025-11-10,
NV100355,2024-05-30,19395,19395,18568.0,4.45,0,15,Retail Sold,2024-06-14,
NV100356,2024-07-29,15995,15995,17771.0,-9.99,0,9,Retail Sold,2024-08-07,
NV100357,2025-06-06,23395,22695,23781.0,-1.62,1,21,Retail Sold,2025-06-27,
NV100358,2025-02-04,13295,12895,13355.0,-0.45,1,29,Retail Sold,2025-03-05,
NV100359,2025-02-09,20495,19895,19875.0,3.12,1,41,Retail Sold,2025-03-22,
NV100360,2026-02-05,12395,11295,10059.0,23.23,3,75,Wholesaled,2026-04-21,8250.0
NV100361,2026-02-02,22395,20395,21017.0,6.56,3,93,Retail Sold,2026-05-06,
NV100362,2025-02-13,24295,24295,24857.0,-2.26,0,8,Retail Sold,2025-02-21,
NV100363,2026-04-06,38995,38995,41636.0,-6.34,0,6,Retail Sold,2026-04-12,
NV100364,2024-06-23,31695,29795,30920.0,2.51,2,53,Retail Sold,2024-08-15,
NV100365,2024-12-06,35795,34695,35718.0,0.22,1,36,Retail Sold,2025-01-11,
NV100366,2024-10-17,23495,22795,23421.0,0.32,1,37,Retail Sold,2024-11-23,
NV100367,2026-02-22,17795,16195,15879.0,12.07,3,147,Retail Sold,2026-07-19,
NV100368,2024-05-19,43895,42595,42911.0,2.29,1,36,Retail Sold,2024-06-24,
NV100369,2024-12-29,24395,23695,26475.0,-7.86,1,27,Retail Sold,2025-01-25,
NV100370,2025-06-11,21395,20095,19431.0,10.11,2,59,Retail Sold,2025-08-09,
NV100371,2026-03-09,12395,11295,9275.0,33.64,3,75,Wholesaled,2026-05-23,7975.0
NV100372,2026-06-24,15195,13895,11832.0,28.42,3,98,Active,,
NV100373,2024-03-23,19095,17395,18482.0,3.32,3,137,Retail Sold,2024-08-07,
NV100374,2026-03-22,26495,26495,24289.0,9.08,0,11,Retail Sold,2026-04-02,
NV100375,2024-10-20,40295,40295,42303.0,-4.75,0,16,Retail Sold,2024-11-05,
NV100376,2025-06-28,21095,20495,20107.0,4.91,1,26,Retail Sold,2025-07-24,
NV100377,2025-08-24,13695,12495,11532.0,18.75,3,70,Retail Sold,2025-11-02,
NV100378,2024-11-05,24695,23195,23979.0,2.99,2,53,Retail Sold,2024-12-28,
NV100379,2026-07-13,23495,22795,23909.0,-1.73,1,31,Retail Sold,2026-08-13,
NV100380,2024-08-14,25195,24395,23085.0,9.14,1,41,Retail Sold,2024-09-24,
NV100381,2026-01-26,15695,14295,11130.0,41.02,3,200,Retail Sold,2026-08-14,
NV100382,2025-10-16,10695,9795,9792.0,9.22,3,102,Retail Sold,2026-01-26,
NV100383,2026-07-20,15795,14895,14514.0,8.82,2,45,Retail Sold,2026-09-03,
NV100384,2025-05-23,14395,13095,11794.0,22.05,3,75,Wholesaled,2025-08-06,10350.0
NV100385,2025-03-16,31195,28495,28577.0,9.16,3,75,Wholesaled,2025-05-30,23700.0
NV100386,2025-09-19,21795,21795,23307.0,-6.49,0,6,Retail Sold,2025-09-25,
NV100387,2024-05-22,27495,27495,27119.0,1.39,0,18,Retail Sold,2024-06-09,
NV100388,2025-09-10,43695,43695,47352.0,-7.72,0,6,Retail Sold,2025-09-16,
NV100389,2024-01-17,12295,11195,11463.0,7.26,3,75,Wholesaled,2024-04-01,9950.0
NV100390,2026-03-26,9195,8395,6456.0,42.42,3,188,Active,,
NV100391,2024-09-13,24895,22695,23615.0,5.42,3,75,Wholesaled,2024-11-27,20200.0
NV100392,2026-06-05,21795,21795,23269.0,-6.33,0,16,Retail Sold,2026-06-21,
NV100393,2024-03-13,35895,33795,35088.0,2.3,2,44,Retail Sold,2024-04-26,
NV100394,2024-08-30,11995,10895,11159.0,7.49,3,78,Retail Sold,2024-11-16,
NV100395,2026-07-25,13695,12495,12692.0,7.9,3,67,Active,,
NV100396,2024-03-29,36495,36495,36402.0,0.25,0,14,Retail Sold,2024-04-12,
NV100397,2025-12-21,26195,25395,25315.0,3.47,1,29,Retail Sold,2026-01-19,
NV100398,2026-08-30,22295,21595,19897.0,12.05,1,31,Active,,
NV100399,2026-02-20,15595,14195,13137.0,18.71,3,75,Wholesaled,2026-05-06,11450.0
NV100400,2025-08-21,15795,15295,15621.0,1.11,1,24,Retail Sold,2025-09-14,
NV100401,2024-07-22,24895,24895,23654.0,5.25,0,12,Retail Sold,2024-08-03,
NV100402,2024-09-16,35695,33595,35653.0,0.12,2,47,Retail Sold,2024-11-02,
NV100403,2024-12-02,10995,9995,7011.0,56.82,3,200,Retail Sold,2025-06-20,
NV100404,2026-09-02,16095,16095,16436.0,-2.08,0,12,Retail Sold,2026-09-14,
NV100405,2026-07-28,26795,24495,25782.0,3.93,3,64,Active,,
NV100406,2026-01-22,13095,12695,12414.0,5.49,1,32,Retail Sold,2026-02-23,
NV100407,2025-02-07,19595,17895,17839.0,9.85,3,75,Wholesaled,2025-04-23,16375.0
NV100408,2026-09-09,14595,14195,13309.0,9.66,1,21,Active,,
NV100409,2025-01-28,32595,32595,35571.0,-8.37,0,15,Retail Sold,2025-02-12,
NV100410,2025-03-31,24895,24895,25979.0,-4.17,0,8,Retail Sold,2025-04-08,
NV100411,2024-09-01,35995,34895,35602.0,1.11,1,31,Retail Sold,2024-10-02,
NV100412,2024-06-07,29295,29295,27488.0,6.57,0,19,Retail Sold,2024-06-26,
NV100413,2025-08-08,15095,14195,14536.0,3.85,2,57,Retail Sold,2025-10-04,
NV100414,2026-07-09,25895,25095,25310.0,2.31,1,32,Retail Sold,2026-08-10,
NV100415,2025-12-21,15895,14495,14938.0,6.4,3,67,Retail Sold,2026-02-26,
NV100416,2025-06-05,20795,20195,19643.0,5.86,1,36,Retail Sold,2025-07-11,
NV100417,2024-06-06,19195,18595,18689.0,2.7,1,33,Retail Sold,2024-07-09,
NV100418,2025-08-02,32195,30295,30241.0,6.46,2,56,Retail Sold,2025-09-27,
NV100419,2024-12-27,30095,30095,29331.0,2.61,0,13,Retail Sold,2025-01-09,
NV100420,2026-03-04,27695,26895,27810.0,-0.41,1,36,Retail Sold,2026-04-09,
NV100421,2024-07-03,19095,17395,18479.0,3.33,3,74,Retail Sold,2024-09-15,
NV100422,2026-01-27,22995,22295,24727.0,-7.01,1,24,Retail Sold,2026-02-20,
NV100423,2025-08-14,18195,16595,17489.0,4.04,3,75,Wholesaled,2025-10-28,14950.0
NV100424,2026-06-03,33995,30995,33790.0,0.61,3,67,Retail Sold,2026-08-09,
NV100425,2025-07-31,23095,23095,22705.0,1.72,0,18,Retail Sold,2025-08-18,
NV100426,2025-04-29,22195,21495,20866.0,6.37,1,27,Retail Sold,2025-05-26,
NV100427,2025-05-22,28595,26895,29254.0,-2.25,2,46,Retail Sold,2025-07-07,
NV100428,2025-07-03,35895,34795,35821.0,0.21,1,39,Retail Sold,2025-08-11,
NV100429,2025-09-03,33295,32295,30816.0,8.05,1,36,Retail Sold,2025-10-09,
NV100430,2026-01-05,17395,16895,16843.0,3.28,1,37,Retail Sold,2026-02-11,
NV100431,2025-10-03,13295,12895,13576.0,-2.07,1,38,Retail Sold,2025-11-10,
NV100432,2025-10-21,15095,13795,10155.0,48.64,3,75,Wholesaled,2026-01-04,8725.0
NV100433,2026-04-30,25295,25295,25200.0,0.38,0,11,Retail Sold,2026-05-11,
NV100434,2024-12-06,21895,21195,18934.0,15.64,1,33,Retail Sold,2025-01-08,
NV100435,2026-07-09,11595,10595,6537.0,77.36,3,83,Active,,
NV100436,2025-09-29,10195,9895,10112.0,0.82,1,21,Retail Sold,2025-10-20,
NV100437,2025-05-22,17795,16195,13170.0,35.11,3,200,Retail Sold,2025-12-08,
NV100438,2025-09-30,15395,14495,14443.0,6.59,2,53,Retail Sold,2025-11-22,
NV100439,2025-06-27,14595,13295,12407.0,17.64,3,75,Wholesaled,2025-09-10,10500.0
NV100440,2025-02-15,18795,17195,17970.0,4.59,3,75,Wholesaled,2025-05-01,15750.0
NV100441,2025-04-07,46195,46195,47688.0,-3.13,0,13,Retail Sold,2025-04-20,
NV100442,2024-05-08,27895,25495,26530.0,5.14,3,70,Retail Sold,2024-07-17,
NV100443,2026-05-25,20895,19695,20067.0,4.13,2,47,Retail Sold,2026-07-11,
NV100444,2025-04-15,10995,9995,8437.0,30.32,3,75,Wholesaled,2025-06-29,6925.0
NV100445,2025-12-26,34095,32095,34706.0,-1.76,2,47,Retail Sold,2026-02-11,
NV100446,2025-12-24,17595,16095,17292.0,1.75,3,75,Wholesaled,2026-03-09,14750.0
NV100447,2025-03-18,13395,12195,10609.0,26.26,3,151,Retail Sold,2025-08-16,
NV100448,2026-05-08,22695,22695,22926.0,-1.01,0,13,Retail Sold,2026-05-21,
NV100449,2024-09-06,32795,30895,31796.0,3.14,2,51,Retail Sold,2024-10-27,
NV100450,2025-11-04,27695,26895,27278.0,1.53,1,23,Retail Sold,2025-11-27,
NV100451,2024-11-17,34695,31695,32798.0,5.78,3,137,Retail Sold,2025-04-03,
NV100452,2026-04-20,14695,13795,13362.0,9.97,2,42,Retail Sold,2026-06-01,
NV100453,2024-04-07,45495,41495,45022.0,1.05,3,63,Retail Sold,2024-06-09,
NV100454,2024-07-20,16495,16495,17729.0,-6.96,0,10,Retail Sold,2024-07-30,
NV100455,2026-03-02,39195,37995,37622.0,4.18,1,24,Retail Sold,2026-03-26,
NV100456,2026-04-22,16495,15995,16417.0,0.47,1,41,Retail Sold,2026-06-02,
NV100457,2024-06-04,33795,31795,31630.0,6.84,2,42,Retail Sold,2024-07-16,
NV100458,2026-07-07,25595,24095,23666.0,8.15,2,43,Retail Sold,2026-08-19,
NV100459,2025-05-11,34195,34195,34314.0,-0.35,0,15,Retail Sold,2025-05-26,
NV100460,2025-08-17,38195,38195,39117.0,-2.36,0,18,Retail Sold,2025-09-04,
NV100461,2025-07-06,15195,14295,14014.0,8.42,2,59,Retail Sold,2025-09-03,
NV100462,2025-05-25,24695,23195,23255.0,6.19,2,50,Retail Sold,2025-07-14,
NV100463,2026-08-17,14195,13395,11101.0,27.87,2,44,Active,,
NV100464,2025-10-13,20695,20095,21076.0,-1.81,1,25,Retail Sold,2025-11-07,
NV100465,2026-06-10,22895,22195,22733.0,0.71,1,21,Retail Sold,2026-07-01,
NV100466,2025-04-27,15395,15395,15250.0,0.95,0,17,Retail Sold,2025-05-14,
NV100467,2024-07-12,14695,13395,13328.0,10.26,3,75,Wholesaled,2024-09-25,11325.0
NV100468,2024-10-21,34695,31695,33994.0,2.06,3,107,Retail Sold,2025-02-05,
NV100469,2026-03-04,14195,12995,11797.0,20.32,3,158,Retail Sold,2026-08-09,
NV100470,2026-03-03,18195,17595,18244.0,-0.27,1,22,Retail Sold,2026-03-25,
NV100471,2025-05-18,22795,22095,23020.0,-0.98,1,29,Retail Sold,2025-06-16,
NV100472,2025-12-03,21195,19895,21172.0,0.11,2,56,Retail Sold,2026-01-28,
NV100473,2025-05-05,14295,13895,15105.0,-5.36,1,38,Retail Sold,2025-06-12,
NV100474,2025-03-14,12395,11695,10711.0,15.73,2,58,Retail Sold,2025-05-11,
NV100475,2025-04-06,29195,26595,27045.0,7.95,3,75,Wholesaled,2025-06-20,23700.0
NV100476,2026-03-01,20195,19595,20084.0,0.55,1,33,Retail Sold,2026-04-03,
NV100477,2026-01-20,11195,10195,7759.0,44.29,3,75,Wholesaled,2026-04-05,6325.0
NV100478,2024-05-22,19895,19295,18783.0,5.92,1,27,Retail Sold,2024-06-18,
NV100479,2026-07-31,14295,13495,8565.0,66.91,2,61,Active,,
NV100480,2025-08-19,19495,18895,19690.0,-0.99,1,22,Retail Sold,2025-09-10,
NV100481,2024-09-04,23595,21495,23013.0,2.53,3,75,Wholesaled,2024-11-18,19175.0
NV100482,2026-01-26,12195,11095,10935.0,11.53,3,75,Wholesaled,2026-04-11,8900.0
NV100483,2024-07-06,16795,16295,15996.0,5.0,1,25,Retail Sold,2024-07-31,
NV100484,2024-06-16,25895,25095,26057.0,-0.62,1,31,Retail Sold,2024-07-17,
NV100485,2026-05-10,35695,35695,35091.0,1.72,0,17,Retail Sold,2026-05-27,
NV100486,2024-01-22,20595,18795,19988.0,3.04,3,93,Retail Sold,2024-04-24,
NV100487,2026-01-19,23595,23595,25133.0,-6.12,0,16,Retail Sold,2026-02-04,
NV100488,2024-10-27,13195,12795,13191.0,0.03,1,40,Retail Sold,2024-12-06,
NV100489,2024-10-26,27495,25095,26772.0,2.7,3,74,Retail Sold,2025-01-08,
NV100490,2025-11-07,17195,16195,16402.0,4.83,2,46,Retail Sold,2025-12-23,
NV100491,2025-11-15,10495,9595,10050.0,4.43,3,75,Wholesaled,2026-01-29,8300.0
NV100492,2026-05-06,16295,14895,13179.0,23.65,3,147,Active,,
NV100493,2026-06-15,14795,13895,13710.0,7.91,2,53,Retail Sold,2026-08-07,
NV100494,2026-08-08,37495,36395,36803.0,1.88,1,23,Retail Sold,2026-08-31,
NV100495,2024-11-02,16595,16095,16578.0,0.1,1,36,Retail Sold,2024-12-08,
NV100496,2026-05-30,38595,37395,38282.0,0.82,1,27,Retail Sold,2026-06-26,
NV100497,2025-03-06,12395,11995,12548.0,-1.22,1,27,Retail Sold,2025-04-02,
NV100498,2025-10-14,18295,17695,16923.0,8.11,1,34,Retail Sold,2025-11-17,
NV100499,2026-04-22,12195,11095,7806.0,56.22,3,75,Wholesaled,2026-07-06,6650.0
NV100500,2025-10-20,16695,16195,16548.0,0.89,1,24,Retail Sold,2025-11-13,
NV100501,2025-09-18,20995,19195,19270.0,8.95,3,140,Retail Sold,2026-02-05,
NV100502,2024-11-19,26095,25295,25201.0,3.55,1,35,Retail Sold,2024-12-24,
NV100503,2025-06-05,21795,21095,21323.0,2.21,1,36,Retail Sold,2025-07-11,
NV100504,2026-01-24,19295,18195,18745.0,2.94,2,53,Retail Sold,2026-03-18,
NV100505,2024-07-11,14295,13895,13599.0,5.12,1,34,Retail Sold,2024-08-14,
NV100506,2024-11-19,23495,22795,22253.0,5.58,1,40,Retail Sold,2024-12-29,
NV100507,2024-12-05,15395,15395,14847.0,3.69,0,20,Retail Sold,2024-12-25,
NV100508,2025-11-07,35795,32695,33576.0,6.61,3,68,Retail Sold,2026-01-14,
NV100509,2025-01-22,21495,20195,21801.0,-1.4,2,48,Retail Sold,2025-03-11,
NV100510,2025-03-23,55495,55495,56524.0,-1.82,0,14,Retail Sold,2025-04-06,
NV100511,2026-04-09,15795,14395,13674.0,15.51,3,75,Wholesaled,2026-06-23,11925.0
NV100512,2024-10-16,11495,10495,10824.0,6.2,3,75,Wholesaled,2024-12-30,9650.0
NV100513,2026-04-17,31295,28595,28017.0,11.7,3,75,Wholesaled,2026-07-01,23475.0
NV100514,2026-06-19,21595,20895,20090.0,7.49,1,27,Retail Sold,2026-07-16,
NV100515,2026-06-04,14595,13695,14282.0,2.19,2,42,Retail Sold,2026-07-16,
NV100516,2024-12-18,35495,32395,34028.0,4.31,3,75,Retail Sold,2025-03-03,
NV100517,2024-09-22,12995,11895,9786.0,32.79,3,200,Retail Sold,2025-04-10,
NV100518,2024-06-18,20595,19995,18618.0,10.62,1,35,Retail Sold,2024-07-23,
NV100519,2025-08-01,13295,12095,11061.0,20.19,3,75,Wholesaled,2025-10-15,9650.0
NV100520,2025-08-06,23495,22095,23017.0,2.08,2,62,Retail Sold,2025-10-07,
NV100521,2024-03-16,32995,31995,33940.0,-2.78,1,29,Retail Sold,2024-04-14,
NV100522,2025-08-21,26495,24895,24426.0,8.47,2,51,Retail Sold,2025-10-11,
NV100523,2026-03-24,23295,21295,21698.0,7.36,3,75,Wholesaled,2026-06-07,17975.0
NV100524,2026-03-19,9295,8495,7341.0,26.61,3,195,Active,,
NV100525,2025-07-04,16495,15995,16274.0,1.36,1,24,Retail Sold,2025-07-28,
NV100526,2024-09-21,40495,39295,41712.0,-2.92,1,38,Retail Sold,2024-10-29,
NV100527,2025-12-20,23795,21695,22768.0,4.51,3,75,Retail Sold,2026-03-05,
NV100528,2024-08-17,51595,51595,51513.0,0.16,0,18,Retail Sold,2024-09-04,
NV100529,2025-10-09,40595,38195,39416.0,2.99,2,62,Retail Sold,2025-12-10,
NV100530,2025-12-23,21395,21395,20907.0,2.33,0,12,Retail Sold,2026-01-04,
NV100531,2025-03-18,28395,25895,27510.0,3.22,3,78,Retail Sold,2025-06-04,
NV100532,2026-02-22,14795,13495,13009.0,13.73,3,200,Retail Sold,2026-09-10,
NV100533,2025-06-06,14195,13795,14566.0,-2.55,1,24,Retail Sold,2025-06-30,
NV100534,2026-08-11,39995,38795,42101.0,-5.0,1,41,Retail Sold,2026-09-21,
NV100535,2026-09-11,15995,15995,15083.0,6.04,0,19,Active,,
NV100536,2024-07-15,16195,15695,15951.0,1.53,1,23,Retail Sold,2024-08-07,
NV100537,2025-12-07,16395,14995,13628.0,20.31,3,200,Retail Sold,2026-06-25,
NV100538,2026-01-16,17695,16095,16655.0,6.25,3,176,Retail Sold,2026-07-11,
NV100539,2025-06-30,26895,26095,26302.0,2.25,1,25,Retail Sold,2025-07-25,
NV100540,2026-08-11,8295,7795,7241.0,14.56,2,50,Active,,
NV100541,2024-06-07,14895,13995,14345.0,3.83,2,51,Retail Sold,2024-07-28,
NV100542,2026-04-09,30295,29395,28085.0,7.87,1,37,Retail Sold,2026-05-16,
NV100543,2025-11-15,24495,24495,23108.0,6.0,0,20,Retail Sold,2025-12-05,
NV100544,2026-05-21,21895,20595,20137.0,8.73,2,44,Retail Sold,2026-07-04,
NV100545,2026-02-22,13595,12395,11516.0,18.05,3,200,Retail Sold,2026-09-10,
NV100546,2026-04-23,12595,11495,11359.0,10.88,3,75,Wholesaled,2026-07-07,9550.0
NV100547,2024-10-24,23895,23195,23883.0,0.05,1,22,Retail Sold,2024-11-15,
NV100548,2025-06-01,17695,17195,17532.0,0.93,1,31,Retail Sold,2025-07-02,
NV100549,2026-02-03,10995,9995,8520.0,29.04,3,200,Retail Sold,2026-08-22,
NV100550,2025-01-05,28595,28595,29715.0,-3.77,0,17,Retail Sold,2025-01-22,
NV100551,2024-08-26,25995,24495,24743.0,5.06,2,51,Retail Sold,2024-10-16,
NV100552,2025-03-29,35295,34195,35374.0,-0.22,1,22,Retail Sold,2025-04-20,
NV100553,2025-06-29,47295,43195,44769.0,5.64,3,134,Retail Sold,2025-11-10,
NV100554,2024-12-21,18095,18095,16551.0,9.33,0,12,Retail Sold,2025-01-02,
NV100555,2025-06-05,18195,17595,18594.0,-2.15,1,33,Retail Sold,2025-07-08,
NV100556,2026-07-12,14495,13195,12951.0,11.92,3,80,Active,,
NV100557,2026-07-02,15395,14895,16498.0,-6.68,1,21,Retail Sold,2026-07-23,
NV100558,2024-09-19,36395,35295,36839.0,-1.2,1,37,Retail Sold,2024-10-26,
NV100559,2026-09-06,9295,8995,8607.0,8.0,1,24,Active,,
NV100560,2024-12-01,18195,16595,17585.0,3.47,3,66,Retail Sold,2025-02-05,
NV100561,2025-09-28,18595,16995,16829.0,10.5,3,171,Retail Sold,2026-03-18,
NV100562,2026-05-24,13595,13195,13831.0,-1.7,1,25,Retail Sold,2026-06-18,
NV100563,2026-03-10,23695,23695,23373.0,1.38,0,13,Retail Sold,2026-03-23,
NV100564,2025-08-27,15195,14295,14718.0,3.24,2,55,Retail Sold,2025-10-21,
NV100565,2026-08-06,19395,18195,18758.0,3.4,2,55,Active,,
NV100566,2026-08-09,21395,20795,20304.0,5.37,1,30,Retail Sold,2026-09-08,
NV100567,2024-05-15,47895,45095,47928.0,-0.07,2,58,Retail Sold,2024-07-12,
NV100568,2025-03-15,45595,42895,41149.0,10.8,2,58,Retail Sold,2025-05-12,
NV100569,2024-06-10,49595,46695,48500.0,2.26,2,53,Retail Sold,2024-08-02,
NV100570,2026-05-24,21595,20295,21048.0,2.6,2,60,Retail Sold,2026-07-23,
NV100571,2024-06-07,35095,32995,34125.0,2.84,2,50,Retail Sold,2024-07-27,
NV100572,2026-06-09,26795,25995,25964.0,3.2,1,35,Retail Sold,2026-07-14,
NV100573,2025-12-11,25895,25895,28289.0,-8.46,0,9,Retail Sold,2025-12-20,
NV100574,2024-06-22,12195,11495,12444.0,-2.0,2,46,Retail Sold,2024-08-07,
NV100575,2024-11-16,19695,18495,18786.0,4.84,2,49,Retail Sold,2025-01-04,
NV100576,2024-12-30,16395,15395,17617.0,-6.94,2,54,Retail Sold,2025-02-22,
NV100577,2026-03-09,23795,23095,22530.0,5.62,1,41,Retail Sold,2026-04-19,
NV100578,2024-09-05,17095,16095,17089.0,0.04,2,49,Retail Sold,2024-10-24,
NV100579,2024-01-13,19295,18695,18232.0,5.83,1,25,Retail Sold,2024-02-07,
NV100580,2026-05-04,28495,26795,27755.0,2.66,2,53,Retail Sold,2026-06-26,
NV100581,2024-03-12,34095,31095,31356.0,8.74,3,67,Retail Sold,2024-05-18,
NV100582,2026-07-26,22495,20495,19965.0,12.67,3,66,Active,,
NV100583,2025-07-17,10195,9295,8646.0,17.92,3,157,Retail Sold,2025-12-21,
NV100584,2025-08-23,26695,25095,24325.0,9.74,2,56,Retail Sold,2025-10-18,
NV100585,2024-09-25,28695,26195,25817.0,11.15,3,75,Wholesaled,2024-12-09,22525.0
NV100586,2025-11-12,10295,9395,8657.0,18.92,3,75,Wholesaled,2026-01-26,7650.0
NV100587,2024-11-17,13495,13095,13187.0,2.33,1,23,Retail Sold,2024-12-10,
NV100588,2024-12-29,29795,29795,29177.0,2.12,0,16,Retail Sold,2025-01-14,
NV100589,2025-03-24,15895,14995,15992.0,-0.6,2,50,Retail Sold,2025-05-13,
NV100590,2026-06-13,10195,9295,7231.0,41.0,3,109,Active,,
NV100591,2026-08-15,14095,13695,13176.0,6.98,1,24,Retail Sold,2026-09-08,
NV100592,2025-03-06,13995,13595,13980.0,0.11,1,32,Retail Sold,2025-04-07,
NV100593,2026-04-27,32395,31395,30896.0,4.85,1,39,Retail Sold,2026-06-05,
NV100594,2026-05-24,21695,20995,21159.0,2.54,1,26,Retail Sold,2026-06-19,
NV100595,2026-02-11,10195,9295,6163.0,65.42,3,200,Retail Sold,2026-08-30,
NV100596,2025-01-03,23095,21695,22996.0,0.43,2,52,Retail Sold,2025-02-24,
NV100597,2025-11-09,36595,35495,36525.0,0.19,1,36,Retail Sold,2025-12-15,
NV100598,2025-12-08,16495,15095,15470.0,6.62,3,72,Retail Sold,2026-02-18,
NV100599,2026-05-07,28595,26095,27244.0,4.96,3,100,Retail Sold,2026-08-15,
NV100600,2025-07-17,24495,22995,24285.0,0.86,2,43,Retail Sold,2025-08-29,
NV100601,2024-05-27,17095,16595,15150.0,12.84,1,40,Retail Sold,2024-07-06,
NV100602,2025-08-12,20195,19595,19431.0,3.93,1,35,Retail Sold,2025-09-16,
NV100603,2026-01-09,12395,12395,12927.0,-4.11,0,17,Retail Sold,2026-01-26,
NV100604,2026-07-03,25995,25195,25560.0,1.7,1,21,Retail Sold,2026-07-24,
NV100605,2026-01-20,14495,13195,12561.0,15.4,3,75,Wholesaled,2026-04-05,10750.0
NV100606,2024-07-05,16995,15495,16694.0,1.8,3,75,Wholesaled,2024-09-18,13675.0
NV100607,2024-08-07,14495,13195,11085.0,30.76,3,75,Wholesaled,2024-10-21,9350.0
NV100608,2025-05-30,19995,18795,19113.0,4.61,2,42,Retail Sold,2025-07-11,
NV100609,2024-08-08,12195,11095,10833.0,12.57,3,110,Retail Sold,2024-11-26,
NV100610,2026-03-11,16995,16995,17880.0,-4.95,0,10,Retail Sold,2026-03-21,
NV100611,2024-10-25,38395,34995,35664.0,7.66,3,89,Retail Sold,2025-01-22,
NV100612,2026-08-02,14395,13495,10919.0,31.83,2,59,Active,,
NV100613,2026-05-21,19195,18595,18181.0,5.58,1,28,Retail Sold,2026-06-18,
NV100614,2024-08-13,58395,56595,57976.0,0.72,1,39,Retail Sold,2024-09-21,
NV100615,2024-05-24,28895,27995,27846.0,3.77,1,21,Retail Sold,2024-06-14,
NV100616,2024-12-23,19895,18195,19453.0,2.27,3,74,Retail Sold,2025-03-07,
NV100617,2024-06-14,23795,22395,22435.0,6.06,2,49,Retail Sold,2024-08-02,
NV100618,2025-06-18,34495,32495,33262.0,3.71,2,50,Retail Sold,2025-08-07,
NV100619,2025-11-14,20495,20495,20353.0,0.7,0,20,Retail Sold,2025-12-04,
NV100620,2024-11-10,18195,17595,17319.0,5.06,1,34,Retail Sold,2024-12-14,
NV100621,2025-09-23,23995,22595,21146.0,13.47,2,50,Retail Sold,2025-11-12,
NV100622,2024-09-29,24695,23995,23075.0,7.02,1,32,Retail Sold,2024-10-31,
NV100623,2025-10-15,17495,15995,16649.0,5.08,3,126,Retail Sold,2026-02-18,
NV100624,2025-06-28,29395,28495,29497.0,-0.35,1,35,Retail Sold,2025-08-02,
NV100625,2026-04-07,21895,19995,20309.0,7.81,3,127,Retail Sold,2026-08-12,
NV100626,2026-01-19,24995,24995,25267.0,-1.08,0,11,Retail Sold,2026-01-30,
NV100627,2026-06-28,19895,19895,19510.0,1.97,0,18,Retail Sold,2026-07-16,
NV100628,2025-06-22,31995,30995,30321.0,5.52,1,41,Retail Sold,2025-08-02,
NV100629,2024-08-27,26395,26395,27691.0,-4.68,0,15,Retail Sold,2024-09-11,
NV100630,2025-09-28,20095,18295,19413.0,3.51,3,97,Retail Sold,2026-01-03,
NV100631,2025-04-01,19895,18695,19131.0,3.99,2,56,Retail Sold,2025-05-27,
NV100632,2026-01-08,15195,14695,15051.0,0.96,1,40,Retail Sold,2026-02-17,
NV100633,2025-06-05,30095,29195,29248.0,2.9,1,25,Retail Sold,2025-06-30,
NV100634,2024-06-30,16095,14695,13164.0,22.27,3,158,Retail Sold,2024-12-05,
NV100635,2025-07-05,22795,20795,22999.0,-0.89,3,75,Wholesaled,2025-09-18,19750.0
NV100636,2025-07-16,33595,30695,30899.0,8.72,3,88,Retail Sold,2025-10-12,
NV100637,2024-10-09,21895,20595,19534.0,12.09,2,57,Retail Sold,2024-12-05,
NV100638,2025-04-22,31895,29095,31206.0,2.21,3,72,Retail Sold,2025-07-03,
NV100639,2025-11-04,28495,26795,28379.0,0.41,2,42,Retail Sold,2025-12-16,
NV100640,2024-09-15,10095,9795,9814.0,2.86,1,21,Retail Sold,2024-10-06,
NV100641,2024-04-29,14695,13395,10740.0,36.83,3,200,Retail Sold,2024-11-15,
NV100642,2024-08-09,14295,12995,13447.0,6.31,3,75,Wholesaled,2024-10-23,10725.0
NV100643,2024-09-13,17095,16595,16980.0,0.68,1,29,Retail Sold,2024-10-12,
NV100644,2024-04-04,16795,15295,9154.0,83.48,3,75,Wholesaled,2024-06-18,8175.0
NV100645,2026-01-31,21495,20195,21601.0,-0.49,2,43,Retail Sold,2026-03-15,
NV100646,2026-05-31,11895,11495,10615.0,12.06,1,30,Retail Sold,2026-06-30,
NV100647,2025-10-06,36795,35695,36366.0,1.18,1,31,Retail Sold,2025-11-06,
NV100648,2025-07-18,24995,24195,24424.0,2.34,1,39,Retail Sold,2025-08-26,
NV100649,2025-09-24,15195,13895,12818.0,18.55,3,75,Wholesaled,2025-12-08,10700.0
NV100650,2024-07-12,12995,12595,12988.0,0.06,1,30,Retail Sold,2024-08-11,
NV100651,2024-03-11,18695,17595,18971.0,-1.46,2,50,Retail Sold,2024-04-30,
NV100652,2025-08-06,25295,23095,23530.0,7.5,3,77,Retail Sold,2025-10-22,
NV100653,2025-12-11,13895,12695,12117.0,14.67,3,75,Wholesaled,2026-02-24,10525.0
NV100654,2024-03-19,20195,18995,19364.0,4.29,2,58,Retail Sold,2024-05-16,
NV100655,2026-06-03,13795,12995,12920.0,6.77,2,61,Retail Sold,2026-08-03,
NV100656,2025-05-10,32095,31095,31607.0,1.54,1,26,Retail Sold,2025-06-05,
NV100657,2024-11-02,25095,24295,26814.0,-6.41,1,41,Retail Sold,2024-12-13,
NV100658,2025-07-03,15495,14095,15202.0,1.93,3,73,Retail Sold,2025-09-14,
NV100659,2025-07-18,20495,19295,19047.0,7.6,2,44,Retail Sold,2025-08-31,
NV100660,2024-03-20,28195,26495,28085.0,0.39,2,44,Retail Sold,2024-05-03,
NV100661,2024-07-09,12395,11295,11680.0,6.12,3,75,Wholesaled,2024-09-22,9775.0
NV100662,2025-07-22,33695,32695,32733.0,2.94,1,35,Retail Sold,2025-08-26,
NV100663,2025-02-21,28395,27495,28152.0,0.86,1,27,Retail Sold,2025-03-20,
NV100664,2025-11-10,15595,14195,14432.0,8.06,3,65,Retail Sold,2026-01-14,
NV100665,2026-01-07,49995,48495,47279.0,5.74,1,39,Retail Sold,2026-02-15,
NV100666,2025-11-09,32395,30495,30477.0,6.29,2,49,Retail Sold,2025-12-28,
NV100667,2024-08-21,17795,17295,17685.0,0.62,1,36,Retail Sold,2024-09-26,
NV100668,2025-09-27,22195,20295,18997.0,16.83,3,75,Wholesaled,2025-12-11,15825.0
NV100669,2024-04-18,27995,27995,27678.0,1.14,0,19,Retail Sold,2024-05-07,
NV100670,2025-11-23,29495,28595,28880.0,2.13,1,27,Retail Sold,2025-12-20,
NV100671,2024-06-17,24195,23495,23528.0,2.84,1,25,Retail Sold,2024-07-12,
NV100672,2024-10-24,16395,14995,16506.0,-0.67,3,101,Retail Sold,2025-02-02,
NV100673,2026-07-14,45695,41695,41287.0,10.68,3,75,Wholesaled,2026-09-27,35325.0
NV100674,2025-05-24,29595,27795,29719.0,-0.42,2,44,Retail Sold,2025-07-07,
NV100675,2026-04-26,14695,14695,14564.0,0.9,0,15,Retail Sold,2026-05-11,
NV100676,2024-12-06,19395,19395,19297.0,0.51,0,15,Retail Sold,2024-12-21,
NV100677,2024-12-14,14495,13195,12109.0,19.7,3,75,Wholesaled,2025-02-27,10175.0
NV100678,2024-11-24,23495,22095,22924.0,2.49,2,44,Retail Sold,2025-01-07,
NV100679,2025-12-17,27195,25595,27026.0,0.63,2,46,Retail Sold,2026-02-01,
NV100680,2025-10-24,29795,28895,29613.0,0.62,1,26,Retail Sold,2025-11-19,
NV100681,2026-07-24,26895,26895,25680.0,4.73,0,18,Retail Sold,2026-08-11,
NV100682,2026-04-02,10795,9895,9636.0,12.02,3,75,Wholesaled,2026-06-16,8350.0
NV100683,2024-02-27,24195,22795,24377.0,-0.75,2,43,Retail Sold,2024-04-10,
NV100684,2025-02-16,11995,11595,11649.0,2.97,1,26,Retail Sold,2025-03-14,
NV100685,2026-08-31,21895,21895,21751.0,0.66,0,18,Retail Sold,2026-09-18,
NV100686,2026-07-02,47495,44695,51812.0,-8.33,2,44,Retail Sold,2026-08-15,
NV100687,2026-03-11,19095,17395,18115.0,5.41,3,200,Retail Sold,2026-09-27,
NV100688,2026-06-04,25695,24195,27762.0,-7.45,2,44,Retail Sold,2026-07-18,
NV100689,2024-12-06,17595,16095,17209.0,2.24,3,95,Retail Sold,2025-03-11,
NV100690,2026-04-12,28695,28695,28166.0,1.88,0,16,Retail Sold,2026-04-28,
NV100691,2025-08-26,19095,17995,19019.0,0.4,2,44,Retail Sold,2025-10-09,
NV100692,2025-02-20,20395,19795,19960.0,2.18,1,27,Retail Sold,2025-03-19,
NV100693,2024-06-11,47695,46295,45836.0,4.06,1,28,Retail Sold,2024-07-09,
NV100694,2024-09-27,27695,25295,25383.0,9.11,3,75,Wholesaled,2024-12-11,23275.0
NV100695,2026-06-13,15695,14295,13559.0,15.75,3,109,Active,,
NV100696,2024-02-05,22495,21795,20773.0,8.29,1,35,Retail Sold,2024-03-11,
NV100697,2025-12-08,22095,21395,21347.0,3.51,1,21,Retail Sold,2025-12-29,
NV100698,2025-10-31,31595,28795,31956.0,-1.13,3,63,Retail Sold,2026-01-02,
NV100699,2026-08-24,31995,30995,30205.0,5.92,1,37,Active,,
NV100700,2026-03-21,20295,19695,20499.0,-1.0,1,24,Retail Sold,2026-04-14,
NV100701,2025-04-26,11695,10695,9924.0,17.84,3,75,Wholesaled,2025-07-10,8925.0
NV100702,2025-01-16,20495,19895,20641.0,-0.71,1,21,Retail Sold,2025-02-06,
NV100703,2025-08-14,14595,13295,12894.0,13.19,3,75,Wholesaled,2025-10-28,10775.0
NV100704,2026-02-20,19795,19195,20853.0,-5.08,1,23,Retail Sold,2026-03-15,
NV100705,2025-04-09,19795,19195,19457.0,1.74,1,27,Retail Sold,2025-05-06,
NV100706,2025-05-27,21995,21295,20474.0,7.43,1,36,Retail Sold,2025-07-02,
NV100707,2025-07-23,13195,11995,11609.0,13.66,3,75,Wholesaled,2025-10-06,10625.0
NV100708,2024-12-27,16395,15895,17384.0,-5.69,1,24,Retail Sold,2025-01-20,
NV100709,2025-07-18,16195,15695,16114.0,0.5,1,27,Retail Sold,2025-08-14,
NV100710,2024-07-16,12795,11695,12032.0,6.34,3,75,Wholesaled,2024-09-29,10225.0
NV100711,2025-07-15,39695,39695,40917.0,-2.99,0,18,Retail Sold,2025-08-02,
NV100712,2025-02-15,30195,30195,31060.0,-2.79,0,11,Retail Sold,2025-02-26,
NV100713,2026-03-17,12695,11595,11292.0,12.42,3,75,Wholesaled,2026-05-31,9400.0
NV100714,2026-07-25,14195,12995,10977.0,29.31,3,67,Active,,
NV100715,2025-07-25,20795,20795,21041.0,-1.17,0,20,Retail Sold,2025-08-14,
NV100716,2025-04-27,11395,10395,10239.0,11.29,3,181,Retail Sold,2025-10-25,
NV100717,2026-06-26,31295,29395,30074.0,4.06,2,55,Retail Sold,2026-08-20,
NV100718,2025-06-18,19495,18895,18883.0,3.24,1,36,Retail Sold,2025-07-24,
NV100719,2024-05-12,15595,14195,13862.0,12.5,3,75,Wholesaled,2024-07-26,12375.0
NV100720,2025-03-14,30995,30995,31070.0,-0.24,0,10,Retail Sold,2025-03-24,
NV100721,2025-05-16,27595,27595,28956.0,-4.7,0,14,Retail Sold,2025-05-30,
NV100722,2025-08-31,12295,11595,11611.0,5.89,2,54,Retail Sold,2025-10-24,
NV100723,2026-05-30,23495,22095,24173.0,-2.8,2,50,Retail Sold,2026-07-19,
NV100724,2024-03-06,33595,32595,33208.0,1.17,1,27,Retail Sold,2024-04-02,
NV100725,2025-12-02,19795,18595,19637.0,0.8,2,46,Retail Sold,2026-01-17,
NV100726,2026-04-11,13495,12295,11507.0,17.28,3,146,Retail Sold,2026-09-04,
NV100727,2025-03-22,22795,22095,22503.0,1.3,1,37,Retail Sold,2025-04-28,
NV100728,2024-10-06,23895,21795,25509.0,-6.33,3,75,Wholesaled,2024-12-20,23350.0
NV100729,2026-02-16,21695,20395,21380.0,1.48,2,52,Retail Sold,2026-04-09,
NV100730,2026-06-30,11395,10395,7798.0,46.12,3,75,Wholesaled,2026-09-13,6450.0
NV100731,2025-09-20,14495,14095,14284.0,1.48,1,37,Retail Sold,2025-10-27,
NV100732,2026-06-29,22195,21495,22488.0,-1.3,1,25,Retail Sold,2026-07-24,
NV100733,2025-10-05,31395,28695,28383.0,10.61,3,88,Retail Sold,2026-01-01,
NV100734,2024-12-12,26295,25495,26047.0,0.95,1,24,Retail Sold,2025-01-05,
NV100735,2024-03-15,12495,11795,12246.0,2.04,2,51,Retail Sold,2024-05-05,
NV100736,2026-08-10,18395,17795,18413.0,-0.1,1,32,Retail Sold,2026-09-11,
NV100737,2025-09-29,29195,28295,29236.0,-0.14,1,37,Retail Sold,2025-11-05,
NV100738,2025-12-14,38895,37695,39203.0,-0.79,1,25,Retail Sold,2026-01-08,
NV100739,2024-07-15,31595,31595,33220.0,-4.89,0,15,Retail Sold,2024-07-30,
NV100740,2026-07-15,30595,27895,29281.0,4.49,3,68,Retail Sold,2026-09-21,
NV100741,2025-08-29,15695,14295,13517.0,16.11,3,75,Wholesaled,2025-11-12,11850.0
NV100742,2026-06-06,9695,8795,6382.0,51.9,3,75,Wholesaled,2026-08-20,5550.0
NV100743,2026-06-08,48195,45295,43713.0,10.25,2,57,Retail Sold,2026-08-04,
NV100744,2024-09-21,43395,40795,41874.0,3.63,2,60,Retail Sold,2024-11-20,
NV100745,2026-08-11,16895,15895,16980.0,-0.5,2,50,Active,,
NV100746,2024-12-24,8795,7995,6321.0,39.13,3,200,Retail Sold,2025-07-12,
NV100747,2024-03-19,21695,20995,21337.0,1.68,1,21,Retail Sold,2024-04-09,
NV100748,2025-10-08,15695,15695,16621.0,-5.57,0,17,Retail Sold,2025-10-25,
NV100749,2025-02-11,9295,8495,8667.0,7.25,3,78,Retail Sold,2025-04-30,
NV100750,2024-12-03,20795,19595,19031.0,9.27,2,51,Retail Sold,2025-01-23,
NV100751,2025-05-03,26595,24995,25387.0,4.76,2,45,Retail Sold,2025-06-17,
NV100752,2024-05-11,22895,22195,24934.0,-8.18,1,31,Retail Sold,2024-06-11,
NV100753,2025-11-10,13395,12195,11690.0,14.59,3,75,Wholesaled,2026-01-24,9725.0
NV100754,2025-12-20,17495,15995,16361.0,6.93,3,82,Retail Sold,2026-03-12,
NV100755,2024-09-25,21195,19295,19764.0,7.24,3,78,Retail Sold,2024-12-12,
NV100756,2025-08-28,30095,29195,28084.0,7.16,1,35,Retail Sold,2025-10-02,
NV100757,2025-10-11,24095,21995,24365.0,-1.11,3,68,Retail Sold,2025-12-18,
NV100758,2025-08-28,20995,19195,20418.0,2.83,3,70,Retail Sold,2025-11-06,
NV100759,2025-06-16,24095,23395,23100.0,4.31,1,34,Retail Sold,2025-07-20,
NV100760,2026-07-01,15195,14295,14610.0,4.0,2,48,Retail Sold,2026-08-18,
NV100761,2025-07-15,19895,18195,19036.0,4.51,3,63,Retail Sold,2025-09-16,
NV100762,2026-05-06,21395,20795,22177.0,-3.53,1,22,Retail Sold,2026-05-28,
NV100763,2026-05-19,19295,18695,17979.0,7.32,1,40,Retail Sold,2026-06-28,
NV100764,2025-08-03,15495,14595,14466.0,7.11,2,42,Retail Sold,2025-09-14,
NV100765,2024-08-01,17795,17795,17541.0,1.45,0,19,Retail Sold,2024-08-20,
NV100766,2025-05-12,9995,9695,10266.0,-2.64,1,28,Retail Sold,2025-06-09,
NV100767,2025-11-06,29595,26995,28708.0,3.09,3,75,Wholesaled,2026-01-20,25100.0
NV100768,2025-09-29,40595,39395,43321.0,-6.29,1,30,Retail Sold,2025-10-29,
NV100769,2026-05-10,13695,12495,10602.0,29.17,3,75,Wholesaled,2026-07-24,9400.0
NV100770,2025-09-08,17595,17595,19370.0,-9.16,0,12,Retail Sold,2025-09-20,
NV100771,2026-07-18,21795,21095,21733.0,0.28,1,23,Retail Sold,2026-08-10,
NV100772,2025-04-19,15495,14995,14655.0,5.73,1,32,Retail Sold,2025-05-21,
NV100773,2025-10-05,14295,12995,12257.0,16.62,3,75,Wholesaled,2025-12-19,10325.0
NV100774,2025-12-18,14495,14495,14874.0,-2.55,0,16,Retail Sold,2026-01-03,
NV100775,2025-07-15,15595,14195,11466.0,36.01,3,75,Wholesaled,2025-09-28,10075.0
NV100776,2026-01-20,16495,15495,14656.0,12.55,2,53,Retail Sold,2026-03-14,
NV100777,2025-02-01,38395,34995,35967.0,6.75,3,75,Wholesaled,2025-04-17,31475.0
NV100778,2024-11-07,35095,31995,35123.0,-0.08,3,79,Retail Sold,2025-01-25,
NV100779,2025-09-04,39195,36895,38764.0,1.11,2,49,Retail Sold,2025-10-23,
NV100780,2024-07-04,45895,41895,40305.0,13.87,3,75,Wholesaled,2024-09-17,35275.0
NV100781,2025-06-21,24995,24195,24294.0,2.89,1,35,Retail Sold,2025-07-26,
NV100782,2026-01-15,25295,23095,23079.0,9.6,3,146,Retail Sold,2026-06-10,
NV100783,2026-04-01,16095,14695,14007.0,14.9,3,143,Retail Sold,2026-08-22,
NV100784,2025-05-13,23095,21095,20754.0,11.28,3,75,Wholesaled,2025-07-27,17375.0
NV100785,2025-09-19,20595,18795,19400.0,6.16,3,77,Retail Sold,2025-12-05,
NV100786,2024-09-11,34395,33395,34302.0,0.27,1,34,Retail Sold,2024-10-15,
NV100787,2024-11-09,19095,18495,19051.0,0.23,1,34,Retail Sold,2024-12-13,
NV100788,2026-02-19,23395,21395,21031.0,11.24,3,132,Retail Sold,2026-07-01,
NV100789,2024-07-06,26995,26995,26363.0,2.4,0,18,Retail Sold,2024-07-24,
NV100790,2025-07-09,15395,14895,14372.0,7.12,1,29,Retail Sold,2025-08-07,
NV100791,2025-12-21,34595,32595,34316.0,0.81,2,54,Retail Sold,2026-02-13,
NV100792,2025-04-14,15595,15595,15765.0,-1.08,0,19,Retail Sold,2025-05-03,
NV100793,2025-07-08,21895,19995,20073.0,9.07,3,65,Retail Sold,2025-09-11,
NV100794,2025-04-10,23895,23195,23008.0,3.85,1,29,Retail Sold,2025-05-09,
NV100795,2024-07-31,18695,17595,18214.0,2.64,2,53,Retail Sold,2024-09-22,
NV100796,2026-01-03,20495,19895,21137.0,-3.04,1,37,Retail Sold,2026-02-09,
NV100797,2026-04-22,11295,10295,6288.0,79.64,3,161,Active,,
NV100798,2026-06-28,21995,21295,21269.0,3.41,1,36,Retail Sold,2026-08-03,
NV100799,2025-08-07,13295,12895,12959.0,2.6,1,28,Retail Sold,2025-09-04,
NV100800,2024-11-05,39995,37595,36073.0,10.87,2,53,Retail Sold,2024-12-28,
NV100801,2024-02-07,49195,47695,49517.0,-0.65,1,31,Retail Sold,2024-03-09,
NV100802,2024-11-19,29495,27795,27034.0,9.1,2,49,Retail Sold,2025-01-07,
NV100803,2024-09-12,52795,51195,53119.0,-0.61,1,27,Retail Sold,2024-10-09,
NV100804,2024-04-21,16795,15795,17017.0,-1.31,2,49,Retail Sold,2024-06-09,
NV100805,2025-05-29,13995,13595,13691.0,2.22,1,21,Retail Sold,2025-06-19,
NV100806,2026-04-26,25195,23695,26870.0,-6.23,2,56,Retail Sold,2026-06-21,
NV100807,2025-03-31,18095,17595,17550.0,3.11,1,22,Retail Sold,2025-04-22,
NV100808,2024-10-24,12395,11295,9791.0,26.59,3,75,Wholesaled,2025-01-07,8400.0
NV100809,2026-06-14,23695,22295,22397.0,5.79,2,48,Retail Sold,2026-08-01,
NV100810,2025-08-06,42795,39095,41151.0,3.99,3,67,Retail Sold,2025-10-12,
NV100811,2026-03-12,16695,16695,15742.0,6.05,0,20,Retail Sold,2026-04-01,
NV100812,2025-07-04,21395,19495,19272.0,11.01,3,117,Retail Sold,2025-10-29,
NV100813,2026-08-01,19995,18795,17923.0,11.56,2,60,Active,,
NV100814,2026-07-18,29895,28995,27466.0,8.84,1,33,Retail Sold,2026-08-20,
NV100815,2025-04-30,12595,11895,13449.0,-6.35,2,49,Retail Sold,2025-06-18,
NV100816,2026-06-06,14095,12895,13097.0,7.62,3,98,Retail Sold,2026-09-12,
NV100817,2026-06-25,27195,25595,27070.0,0.46,2,49,Retail Sold,2026-08-13,
NV100818,2026-08-26,13795,13395,9091.0,51.75,1,35,Active,,
NV100819,2025-01-30,36995,35895,34028.0,8.72,1,24,Retail Sold,2025-02-23,
NV100820,2026-04-04,16495,15095,14411.0,14.46,3,75,Wholesaled,2026-06-18,12375.0
NV100821,2024-03-10,12495,11795,12009.0,4.04,2,57,Retail Sold,2024-05-06,
NV100822,2026-01-14,19495,18295,18280.0,6.65,2,62,Retail Sold,2026-03-17,
NV100823,2025-08-11,13195,11995,12244.0,7.76,3,133,Retail Sold,2025-12-22,
NV100824,2025-11-05,23395,22695,23290.0,0.45,1,22,Retail Sold,2025-11-27,
NV100825,2026-05-09,29995,29095,28722.0,4.43,1,40,Retail Sold,2026-06-18,
NV100826,2025-09-20,9295,8495,6820.0,36.3,3,75,Wholesaled,2025-12-04,5775.0
NV100827,2025-10-08,18195,17595,18225.0,-0.17,1,31,Retail Sold,2025-11-08,
NV100828,2026-06-20,12595,12195,11339.0,11.07,1,37,Retail Sold,2026-07-27,
NV100829,2026-07-24,13095,11995,12779.0,2.47,3,68,Active,,
NV100830,2025-08-22,21695,20995,21260.0,2.05,1,32,Retail Sold,2025-09-23,
NV100831,2026-01-07,20595,20595,21552.0,-4.44,0,13,Retail Sold,2026-01-20,
NV100832,2026-09-08,11395,11095,11185.0,1.87,1,22,Active,,
NV100833,2025-05-26,10495,9595,8520.0,23.19,3,75,Wholesaled,2025-08-09,7075.0
NV100834,2026-05-20,15395,14895,14423.0,6.74,1,27,Retail Sold,2026-06-16,
NV100835,2025-09-16,27295,26495,25982.0,5.05,1,41,Retail Sold,2025-10-27,
NV100836,2026-07-26,16095,15095,14905.0,7.98,2,45,Retail Sold,2026-09-09,
NV100837,2024-04-04,13395,12195,9351.0,43.24,3,200,Retail Sold,2024-10-21,
NV100838,2025-09-30,21295,19995,21096.0,0.94,2,60,Retail Sold,2025-11-29,
NV100839,2026-03-07,20795,18995,20055.0,3.69,3,161,Retail Sold,2026-08-15,
NV100840,2025-11-04,31795,30795,30727.0,3.48,1,30,Retail Sold,2025-12-04,
NV100841,2025-08-13,16095,15095,15008.0,7.24,2,54,Retail Sold,2025-10-06,
NV100842,2026-09-21,15795,15795,9863.0,60.14,0,9,Active,,
NV100843,2025-06-10,26095,23795,24218.0,7.75,3,75,Wholesaled,2025-08-24,22075.0
NV100844,2024-08-04,18595,17495,18481.0,0.62,2,54,Retail Sold,2024-09-27,
NV100845,2025-11-15,23795,23095,22662.0,5.0,1,29,Retail Sold,2025-12-14,
NV100846,2024-12-31,16295,14895,14836.0,9.84,3,79,Retail Sold,2025-03-20,
NV100847,2026-05-04,23795,21695,20608.0,15.47,3,149,Active,,
NV100848,2024-07-11,11195,10195,10500.0,6.62,3,75,Wholesaled,2024-09-24,8625.0
NV100849,2024-05-04,35295,32195,31202.0,13.12,3,75,Wholesaled,2024-07-18,26200.0
NV100850,2025-01-20,24395,24395,25410.0,-3.99,0,13,Retail Sold,2025-02-02,
NV100851,2026-03-17,12095,10995,9382.0,28.91,3,75,Wholesaled,2026-05-31,7825.0
NV100852,2025-10-12,34395,31395,31457.0,9.34,3,94,Retail Sold,2026-01-14,
NV100853,2025-04-03,24595,23895,23890.0,2.95,1,24,Retail Sold,2025-04-27,
NV100854,2025-12-04,18595,16995,15646.0,18.85,3,75,Wholesaled,2026-02-17,13600.0
NV100855,2025-03-01,13495,12295,10522.0,28.25,3,200,Retail Sold,2025-09-17,
NV100856,2025-09-13,18495,17395,16864.0,9.67,2,60,Retail Sold,2025-11-12,
NV100857,2026-07-27,14195,12995,12317.0,15.25,3,65,Active,,
NV100858,2026-06-18,12795,11695,8967.0,42.7,3,75,Wholesaled,2026-09-01,7600.0
NV100859,2025-04-12,24495,22395,22603.0,8.37,3,75,Wholesaled,2025-06-26,19000.0
NV100860,2025-11-11,15795,15795,15598.0,1.26,0,16,Retail Sold,2025-11-27,
NV100861,2025-04-08,22795,22795,24494.0,-6.94,0,8,Retail Sold,2025-04-16,
NV100862,2024-12-12,29695,28795,28999.0,2.4,1,34,Retail Sold,2025-01-15,
NV100863,2025-04-29,12395,11295,10274.0,20.64,3,75,Wholesaled,2025-07-13,8750.0
NV100864,2024-05-16,16095,15595,16617.0,-3.14,1,30,Retail Sold,2024-06-15,
NV100865,2024-08-02,21295,20695,20494.0,3.91,1,39,Retail Sold,2024-09-10,
NV100866,2024-05-24,14095,12895,12866.0,9.55,3,173,Retail Sold,2024-11-13,
NV100867,2026-06-18,24095,23395,24515.0,-1.71,1,41,Retail Sold,2026-07-29,
NV100868,2025-10-09,13095,11995,11754.0,11.41,3,87,Retail Sold,2026-01-04,
NV100869,2026-01-03,43295,41995,41068.0,5.42,1,21,Retail Sold,2026-01-24,
NV100870,2025-10-08,24395,23695,24339.0,0.23,1,23,Retail Sold,2025-10-31,
NV100871,2025-04-21,24595,23895,24938.0,-1.37,1,33,Retail Sold,2025-05-24,
NV100872,2026-09-10,11295,11295,10270.0,9.98,0,20,Active,,
NV100873,2024-12-31,27795,27795,28363.0,-2.0,0,16,Retail Sold,2025-01-16,
NV100874,2026-05-03,14695,13795,12617.0,16.47,2,55,Retail Sold,2026-06-27,
NV100875,2026-07-14,14295,13895,14447.0,-1.05,1,37,Retail Sold,2026-08-20,
NV100876,2025-05-10,23495,21395,23709.0,-0.9,3,70,Retail Sold,2025-07-19,
NV100877,2026-07-30,20895,19695,20176.0,3.56,2,44,Retail Sold,2026-09-12,
NV100878,2025-02-07,22195,20295,21155.0,4.92,3,75,Wholesaled,2025-04-23,17800.0
NV100879,2024-07-16,33395,33395,32201.0,3.71,0,15,Retail Sold,2024-07-31,
NV100880,2026-04-28,21995,21295,20850.0,5.49,1,30,Retail Sold,2026-05-28,
NV100881,2026-05-25,16595,15095,15804.0,5.01,3,75,Wholesaled,2026-08-08,13100.0
NV100882,2025-10-28,38095,36995,36816.0,3.47,1,33,Retail Sold,2025-11-30,
NV100883,2025-10-15,26795,26795,25432.0,5.36,0,16,Retail Sold,2025-10-31,
NV100884,2026-08-02,18895,17795,17221.0,9.72,2,55,Retail Sold,2026-09-26,
NV100885,2024-06-19,29195,29195,30450.0,-4.12,0,10,Retail Sold,2024-06-29,
NV100886,2025-07-09,25595,24795,25458.0,0.54,1,25,Retail Sold,2025-08-03,
NV100887,2025-05-31,29195,28295,29165.0,0.1,1,23,Retail Sold,2025-06-23,
NV100888,2026-03-16,17995,16395,18019.0,-0.13,3,73,Retail Sold,2026-05-28,
NV100889,2026-07-10,17195,16695,16661.0,3.2,1,25,Retail Sold,2026-08-04,
NV100890,2026-05-23,14095,14095,14137.0,-0.3,0,15,Retail Sold,2026-06-07,
NV100891,2024-11-18,20095,18895,19835.0,1.31,2,50,Retail Sold,2025-01-07,
NV100892,2026-08-05,29495,29495,27203.0,8.42,0,14,Retail Sold,2026-08-19,
NV100893,2026-08-10,13895,13495,13844.0,0.37,1,40,Retail Sold,2026-09-19,
NV100894,2026-08-03,25095,24295,23776.0,5.55,1,38,Retail Sold,2026-09-10,
NV100895,2025-05-10,16095,15595,15109.0,6.52,1,37,Retail Sold,2025-06-16,
NV100896,2025-04-11,30595,30595,31394.0,-2.55,0,7,Retail Sold,2025-04-18,
NV100897,2025-07-23,31095,30195,31453.0,-1.14,1,40,Retail Sold,2025-09-01,
NV100898,2025-09-04,23095,21695,21983.0,5.06,2,50,Retail Sold,2025-10-24,
NV100899,2024-01-29,24495,22995,22854.0,7.18,2,59,Retail Sold,2024-03-28,
NV100900,2024-09-23,29795,27995,26977.0,10.44,2,58,Retail Sold,2024-11-20,
NV100901,2025-04-16,24495,24495,24582.0,-0.36,0,15,Retail Sold,2025-05-01,
NV100902,2025-11-26,32995,30995,32151.0,2.62,2,51,Retail Sold,2026-01-16,
NV100903,2025-06-06,27395,25795,25901.0,5.77,2,54,Retail Sold,2025-07-30,
NV100904,2024-08-14,22195,21495,20462.0,8.47,1,38,Retail Sold,2024-09-21,
NV100905,2024-12-28,37295,36195,34845.0,7.03,1,21,Retail Sold,2025-01-18,
NV100906,2024-06-14,31395,31395,33160.0,-5.32,0,10,Retail Sold,2024-06-24,
NV100907,2025-06-22,16195,16195,16854.0,-3.91,0,19,Retail Sold,2025-07-11,
NV100908,2024-03-26,14795,13495,14652.0,0.98,3,66,Retail Sold,2024-05-31,
NV100909,2026-06-26,13595,12795,12117.0,12.2,2,49,Retail Sold,2026-08-14,
NV100910,2026-08-08,22895,21495,21822.0,4.92,2,53,Active,,
NV100911,2025-07-29,12895,11795,11820.0,9.09,3,75,Wholesaled,2025-10-12,10300.0
NV100912,2025-12-06,17595,17595,17223.0,2.16,0,17,Retail Sold,2025-12-23,
NV100913,2026-05-04,23595,22895,22626.0,4.28,1,38,Retail Sold,2026-06-11,
NV100914,2026-01-03,11395,10395,8886.0,28.24,3,200,Retail Sold,2026-07-22,
NV100915,2025-11-18,33195,30295,32651.0,1.67,3,121,Retail Sold,2026-03-19,
NV100916,2024-06-07,13895,13495,13678.0,1.59,1,31,Retail Sold,2024-07-08,
NV100917,2026-08-03,13395,12595,11835.0,13.18,2,58,Active,,
NV100918,2026-07-23,22795,21395,23011.0,-0.94,2,44,Retail Sold,2026-09-05,
NV100919,2025-10-11,9595,8795,6674.0,43.76,3,75,Wholesaled,2025-12-25,5575.0
NV100920,2025-03-02,40795,39595,40703.0,0.23,1,37,Retail Sold,2025-04-08,
NV100921,2026-02-26,18095,16995,17074.0,5.98,2,54,Retail Sold,2026-04-21,
NV100922,2026-05-07,16095,15095,16257.0,-0.99,2,55,Retail Sold,2026-07-01,
NV100923,2025-07-14,24595,22395,21980.0,11.9,3,147,Retail Sold,2025-12-08,
NV100924,2026-08-27,17895,17395,16555.0,8.1,1,34,Active,,
NV100925,2025-07-08,10495,9595,4854.0,116.21,3,200,Retail Sold,2026-01-24,
NV100926,2025-11-18,38495,38495,39194.0,-1.78,0,18,Retail Sold,2025-12-06,
NV100927,2025-07-23,14295,12995,12658.0,12.93,3,75,Wholesaled,2025-10-06,10300.0
NV100928,2026-05-07,21195,20595,20574.0,3.02,1,39,Retail Sold,2026-06-15,
NV100929,2024-09-10,13595,12395,12417.0,9.49,3,134,Retail Sold,2025-01-22,
NV100930,2025-06-10,35295,32195,31978.0,10.37,3,75,Wholesaled,2025-08-24,28175.0
NV100931,2025-10-31,12095,10995,9800.0,23.42,3,75,Wholesaled,2026-01-14,8875.0
NV100932,2025-05-07,39895,39895,42085.0,-5.2,0,11,Retail Sold,2025-05-18,
NV100933,2025-07-08,13395,12195,9118.0,46.91,3,200,Retail Sold,2026-01-24,
NV100934,2025-01-31,19895,19295,20128.0,-1.16,1,24,Retail Sold,2025-02-24,
NV100935,2025-06-02,17895,16295,16266.0,10.02,3,83,Retail Sold,2025-08-24,
NV100936,2026-04-19,25695,24895,26254.0,-2.13,1,33,Retail Sold,2026-05-22,
NV100937,2026-06-30,13995,13995,13753.0,1.76,0,16,Retail Sold,2026-07-16,
NV100938,2025-06-14,16995,15495,14076.0,20.74,3,77,Retail Sold,2025-08-30,
NV100939,2025-09-04,13295,12895,12985.0,2.39,1,30,Retail Sold,2025-10-04,
NV100940,2026-02-27,13395,12195,12001.0,11.61,3,114,Retail Sold,2026-06-21,
NV100941,2025-11-06,16395,15895,16983.0,-3.46,1,24,Retail Sold,2025-11-30,
NV100942,2026-02-08,36795,33595,35958.0,2.33,3,75,Wholesaled,2026-04-24,30850.0
NV100943,2026-07-22,37895,34595,37179.0,1.93,3,70,Active,,
NV100944,2026-05-31,23895,23195,23235.0,2.84,1,36,Retail Sold,2026-07-06,
NV100945,2026-03-10,21295,20695,21779.0,-2.22,1,36,Retail Sold,2026-04-15,
NV100946,2026-04-21,20395,19795,19786.0,3.08,1,24,Retail Sold,2026-05-15,
NV100947,2026-07-25,12495,11395,12017.0,3.98,3,67,Active,,
NV100948,2026-05-08,15395,15395,15633.0,-1.53,0,3,Retail Sold,2026-05-11,
NV100949,2026-07-17,20395,18595,19587.0,4.12,3,75,Active,,
NV100950,2026-06-09,16695,15695,16242.0,2.79,2,46,Retail Sold,2026-07-25,
NV100951,2024-04-07,19495,18295,18447.0,5.68,2,55,Retail Sold,2024-06-01,
NV100952,2025-08-26,10295,9395,7616.0,35.18,3,200,Retail Sold,2026-03-14,
NV100953,2025-06-06,25695,25695,27546.0,-6.72,0,5,Retail Sold,2025-06-11,
NV100954,2024-08-23,21095,19795,21169.0,-0.35,2,47,Retail Sold,2024-10-09,
NV100955,2025-06-12,11995,11295,10956.0,9.48,2,44,Retail Sold,2025-07-26,
NV100956,2026-07-17,27595,27595,29457.0,-6.32,0,11,Retail Sold,2026-07-28,
NV100957,2025-08-30,21395,20795,21208.0,0.88,1,29,Retail Sold,2025-09-28,
NV100958,2026-07-07,53095,51495,48420.0,9.65,1,31,Retail Sold,2026-08-07,
NV100959,2025-08-17,13795,12595,11775.0,17.16,3,132,Retail Sold,2025-12-27,
NV100960,2026-06-26,17695,17195,16275.0,8.72,1,29,Retail Sold,2026-07-25,
NV100961,2025-11-26,15395,14895,15154.0,1.59,1,32,Retail Sold,2025-12-28,
NV100962,2025-05-14,17795,17295,16976.0,4.83,1,30,Retail Sold,2025-06-13,
NV100963,2024-10-08,18495,16895,18167.0,1.8,3,85,Retail Sold,2025-01-01,
NV100964,2026-03-21,14095,12895,12333.0,14.29,3,121,Retail Sold,2026-07-20,
NV100965,2025-12-12,37595,36495,36239.0,3.74,1,33,Retail Sold,2026-01-14,
NV100966,2025-11-29,18995,17295,17731.0,7.13,3,105,Retail Sold,2026-03-14,
NV100967,2024-08-16,14795,13495,13096.0,12.97,3,200,Retail Sold,2025-03-04,
NV100968,2024-12-31,13295,12495,12574.0,5.74,2,46,Retail Sold,2025-02-15,
NV100969,2025-12-20,42995,41695,39513.0,8.81,1,32,Retail Sold,2026-01-21,
NV100970,2026-09-03,12595,12195,11741.0,7.27,1,27,Active,,
NV100971,2026-03-24,16095,15595,14986.0,7.4,1,41,Retail Sold,2026-05-04,
NV100972,2026-03-06,23395,23395,22622.0,3.42,0,15,Retail Sold,2026-03-21,
NV100973,2025-08-18,26595,26595,27066.0,-1.74,0,11,Retail Sold,2025-08-29,
NV100974,2025-03-13,31095,31095,30882.0,0.69,0,15,Retail Sold,2025-03-28,
NV100975,2024-05-30,22195,20295,21152.0,4.93,3,87,Retail Sold,2024-08-25,
NV100976,2025-08-22,17295,16795,18412.0,-6.07,1,30,Retail Sold,2025-09-21,
NV100977,2024-04-21,33995,33995,33832.0,0.48,0,17,Retail Sold,2024-05-08,
NV100978,2025-10-30,40595,39395,39896.0,1.75,1,22,Retail Sold,2025-11-21,
NV100979,2025-07-03,39795,39795,39196.0,1.53,0,10,Retail Sold,2025-07-13,
NV100980,2025-08-29,19595,18995,20050.0,-2.27,1,21,Retail Sold,2025-09-19,
NV100981,2024-03-15,33095,32095,31759.0,4.21,1,36,Retail Sold,2024-04-20,
NV100982,2024-07-27,15295,13995,13178.0,16.06,3,138,Retail Sold,2024-12-12,
NV100983,2025-07-22,25895,23595,23651.0,9.49,3,81,Retail Sold,2025-10-11,
NV100984,2026-04-09,13195,11995,12959.0,1.82,3,75,Retail Sold,2026-06-23,
NV100985,2024-09-26,21595,19695,20406.0,5.83,3,97,Retail Sold,2025-01-01,
NV100986,2024-09-18,36695,34495,36113.0,1.61,2,52,Retail Sold,2024-11-09,
NV100987,2024-08-12,10795,9895,8042.0,34.24,3,75,Wholesaled,2024-10-26,6725.0
NV100988,2024-05-27,27995,27195,29039.0,-3.59,1,21,Retail Sold,2024-06-17,
NV100989,2025-09-22,14495,13195,11746.0,23.4,3,75,Wholesaled,2025-12-06,9700.0
NV100990,2026-03-04,20595,19395,20154.0,2.19,2,49,Retail Sold,2026-04-22,
NV100991,2025-09-27,18695,18095,19001.0,-1.61,1,40,Retail Sold,2025-11-06,
NV100992,2025-11-06,16495,15495,14993.0,10.02,2,44,Retail Sold,2025-12-20,
NV100993,2025-06-23,42095,39595,36962.0,13.89,2,52,Retail Sold,2025-08-14,
NV100994,2025-08-11,25495,24695,24556.0,3.82,1,33,Retail Sold,2025-09-13,
NV100995,2025-09-08,17595,16095,16395.0,7.32,3,69,Retail Sold,2025-11-16,
NV100996,2025-08-14,23495,22795,22650.0,3.73,1,34,Retail Sold,2025-09-17,
NV100997,2025-06-05,15795,15795,15218.0,3.79,0,20,Retail Sold,2025-06-25,
NV100998,2025-06-14,16595,15095,13144.0,26.25,3,200,Retail Sold,2025-12-31,
NV100999,2026-01-02,18995,18395,19166.0,-0.89,1,32,Retail Sold,2026-02-03,
NV101000,2026-05-18,25595,24095,25556.0,0.15,2,44,Retail Sold,2026-07-01,
NV101001,2025-09-11,15295,13995,13761.0,11.14,3,75,Retail Sold,2025-11-25,
NV101002,2024-10-04,36395,34195,34227.0,6.33,2,50,Retail Sold,2024-11-23,
NV101003,2026-04-15,28495,27595,28820.0,-1.13,1,33,Retail Sold,2026-05-18,
NV101004,2024-05-10,18895,18295,19105.0,-1.1,1,24,Retail Sold,2024-06-03,
NV101005,2025-03-06,32995,31995,31615.0,4.37,1,29,Retail Sold,2025-04-04,
NV101006,2024-06-11,16695,16195,17162.0,-2.72,1,21,Retail Sold,2024-07-02,
NV101007,2025-05-23,31895,30895,31890.0,0.01,1,26,Retail Sold,2025-06-18,
NV101008,2026-04-30,9695,8795,5261.0,84.28,3,75,Wholesaled,2026-07-14,4575.0
NV101009,2024-06-04,24195,22795,23467.0,3.1,2,51,Retail Sold,2024-07-25,
NV101010,2024-03-01,26995,26195,26760.0,0.88,1,32,Retail Sold,2024-04-02,
NV101011,2024-01-17,36995,36995,39428.0,-6.17,0,15,Retail Sold,2024-02-01,
NV101012,2026-02-13,20995,20995,18775.0,11.83,0,18,Retail Sold,2026-03-03,
NV101013,2025-05-29,14495,13195,13737.0,5.52,3,75,Wholesaled,2025-08-12,11875.0
NV101014,2025-07-08,20595,19995,22206.0,-7.26,1,34,Retail Sold,2025-08-11,
NV101015,2026-02-12,11395,10395,10794.0,5.57,3,83,Retail Sold,2026-05-06,
NV101016,2026-09-04,24695,24695,25028.0,-1.33,0,12,Retail Sold,2026-09-16,
NV101017,2024-11-29,24195,23495,22977.0,5.3,1,29,Retail Sold,2024-12-28,
NV101018,2024-04-06,27095,27095,26731.0,1.36,0,19,Retail Sold,2024-04-25,
NV101019,2025-08-06,23595,22195,22963.0,2.75,2,53,Retail Sold,2025-09-28,
NV101020,2025-08-23,28295,25795,28820.0,-1.82,3,77,Retail Sold,2025-11-08,
NV101021,2025-05-31,18495,16895,17312.0,6.83,3,77,Retail Sold,2025-08-16,
NV101022,2026-05-15,13595,12395,13369.0,1.69,3,71,Retail Sold,2026-07-25,
NV101023,2025-02-13,23295,21295,21988.0,5.94,3,122,Retail Sold,2025-06-15,
NV101024,2026-03-14,12695,11595,10366.0,22.47,3,75,Wholesaled,2026-05-28,8825.0
NV101025,2024-05-17,17295,16295,15545.0,11.26,2,57,Retail Sold,2024-07-13,
NV101026,2025-04-03,37695,35495,36860.0,2.27,2,56,Retail Sold,2025-05-29,
NV101027,2026-08-09,21795,20495,20525.0,6.19,2,52,Active,,
NV101028,2024-08-23,20695,20695,19355.0,6.92,0,16,Retail Sold,2024-09-08,
NV101029,2026-09-20,17895,17895,13873.0,28.99,0,10,Active,,
NV101030,2024-05-06,21795,19895,20514.0,6.24,3,67,Retail Sold,2024-07-12,
NV101031,2026-08-12,12295,11895,12170.0,1.02,1,37,Retail Sold,2026-09-18,
NV101032,2024-08-02,27895,26195,27461.0,1.58,2,45,Retail Sold,2024-09-16,
NV101033,2025-03-12,13495,13095,13604.0,-0.8,1,35,Retail Sold,2025-04-16,
NV101034,2025-02-24,11795,11095,10496.0,12.37,2,59,Retail Sold,2025-04-24,
NV101035,2025-11-06,20395,19795,20354.0,0.2,1,27,Retail Sold,2025-12-03,
NV101036,2025-10-02,28095,25595,26946.0,4.27,3,75,Wholesaled,2025-12-16,23075.0
NV101037,2026-05-14,16395,15395,15129.0,8.37,2,54,Retail Sold,2026-07-07,
NV101038,2026-07-20,20995,19195,18563.0,13.1,3,72,Active,,
NV101039,2025-04-10,15895,14995,15688.0,1.32,2,43,Retail Sold,2025-05-23,
NV101040,2024-11-17,25295,25295,25060.0,0.94,0,19,Retail Sold,2024-12-06,
NV101041,2025-10-13,36595,36595,38365.0,-4.61,0,19,Retail Sold,2025-11-01,
NV101042,2025-12-19,28695,26995,26382.0,8.77,2,50,Retail Sold,2026-02-07,
NV101043,2025-06-14,14095,12895,10749.0,31.13,3,75,Wholesaled,2025-08-28,9450.0
NV101044,2025-08-16,20195,20195,22523.0,-10.34,0,5,Retail Sold,2025-08-21,
NV101045,2026-07-07,20195,18395,19827.0,1.86,3,64,Retail Sold,2026-09-09,
NV101046,2025-01-14,23895,23895,24068.0,-0.72,0,16,Retail Sold,2025-01-30,
NV101047,2026-04-08,15595,14195,11388.0,36.95,3,75,Wholesaled,2026-06-22,9950.0
NV101048,2024-08-08,31795,30795,29704.0,7.04,1,35,Retail Sold,2024-09-12,
NV101049,2026-07-30,37895,35695,35984.0,5.31,2,45,Retail Sold,2026-09-13,
NV101050,2026-03-06,11895,10895,9090.0,30.85,3,200,Retail Sold,2026-09-22,
NV101051,2024-03-03,15495,14995,16240.0,-4.59,1,26,Retail Sold,2024-03-29,
NV101052,2025-12-02,13395,12595,12713.0,5.36,2,45,Retail Sold,2026-01-16,
NV101053,2026-07-22,23495,23495,22720.0,3.41,0,11,Retail Sold,2026-08-02,
NV101054,2025-03-10,20395,18595,19497.0,4.61,3,67,Retail Sold,2025-05-16,
NV101055,2025-08-06,21395,20095,20797.0,2.88,2,50,Retail Sold,2025-09-25,
NV101056,2025-09-06,23395,22695,22475.0,4.09,1,31,Retail Sold,2025-10-07,
NV101057,2025-04-12,18595,17995,18188.0,2.24,1,38,Retail Sold,2025-05-20,
NV101058,2026-06-12,20295,19695,21587.0,-5.98,1,41,Retail Sold,2026-07-23,
NV101059,2025-07-28,22795,21395,22244.0,2.48,2,46,Retail Sold,2025-09-12,
NV101060,2026-06-30,14995,13695,12121.0,23.71,3,92,Active,,
NV101061,2025-06-23,15495,14995,14775.0,4.88,1,30,Retail Sold,2025-07-23,
NV101062,2025-01-01,23795,21695,23431.0,1.55,3,120,Retail Sold,2025-05-01,
NV101063,2024-05-25,19795,18595,19488.0,1.58,2,53,Retail Sold,2024-07-17,
NV101064,2025-09-30,19995,18195,17875.0,11.86,3,97,Retail Sold,2026-01-05,
NV101065,2024-05-27,44495,43195,42985.0,3.51,1,39,Retail Sold,2024-07-05,
NV101066,2024-08-04,15395,14095,14234.0,8.16,3,75,Wholesaled,2024-10-18,11925.0
NV101067,2024-05-28,20995,20395,20841.0,0.74,1,23,Retail Sold,2024-06-20,
NV101068,2025-05-05,26695,25895,25588.0,4.33,1,27,Retail Sold,2025-06-01,
NV101069,2024-07-02,40995,40995,44130.0,-7.1,0,13,Retail Sold,2024-07-15,
NV101070,2025-08-28,14395,14395,14787.0,-2.65,0,11,Retail Sold,2025-09-08,
NV101071,2025-01-29,26495,24895,25598.0,3.51,2,59,Retail Sold,2025-03-29,
NV101072,2024-07-30,30095,27495,27560.0,9.2,3,75,Wholesaled,2024-10-13,24875.0
NV101073,2026-06-09,10995,9995,10005.0,9.9,3,75,Wholesaled,2026-08-23,8075.0
NV101074,2025-05-17,17695,17695,17793.0,-0.55,0,18,Retail Sold,2025-06-04,
NV101075,2025-12-23,20495,19895,20107.0,1.93,1,22,Retail Sold,2026-01-14,
NV101076,2025-06-22,22495,20495,22239.0,1.15,3,72,Retail Sold,2025-09-02,
NV101077,2026-07-30,11195,10895,10678.0,4.85,1,30,Retail Sold,2026-08-29,
NV101078,2025-11-22,26095,25295,26001.0,0.36,1,28,Retail Sold,2025-12-20,
NV101079,2025-09-13,18595,17995,17693.0,5.1,1,30,Retail Sold,2025-10-13,
NV101080,2024-06-12,15895,14495,14931.0,6.45,3,144,Retail Sold,2024-11-03,
NV101081,2025-05-18,23395,23395,23904.0,-2.13,0,10,Retail Sold,2025-05-28,
NV101082,2026-08-23,21995,21295,20115.0,9.35,1,38,Active,,
NV101083,2025-09-24,17995,17495,17831.0,0.92,1,27,Retail Sold,2025-10-21,
NV101084,2025-09-18,16295,14895,15005.0,8.6,3,77,Retail Sold,2025-12-04,
NV101085,2025-07-24,15495,14595,15078.0,2.77,2,46,Retail Sold,2025-09-08,
NV101086,2026-01-12,11595,10595,8929.0,29.86,3,200,Retail Sold,2026-07-31,
NV101087,2025-11-03,13995,13595,13656.0,2.48,1,38,Retail Sold,2025-12-11,
NV101088,2026-06-01,19695,19095,18650.0,5.6,1,36,Retail Sold,2026-07-07,
NV101089,2024-02-15,14695,14295,14982.0,-1.91,1,25,Retail Sold,2024-03-11,
NV101090,2026-07-20,12395,11695,11712.0,5.83,2,46,Retail Sold,2026-09-04,
NV101091,2025-02-23,37095,35995,35992.0,3.07,1,33,Retail Sold,2025-03-28,
NV101092,2024-04-19,21695,19795,19153.0,13.27,3,75,Wholesaled,2024-07-03,16475.0
NV101093,2025-02-13,15295,14795,14911.0,2.57,1,35,Retail Sold,2025-03-20,
NV101094,2026-07-15,14495,14095,13159.0,10.15,1,34,Retail Sold,2026-08-18,
NV101095,2026-04-07,13695,13295,14573.0,-6.02,1,40,Retail Sold,2026-05-17,
NV101096,2025-02-25,29195,28295,27904.0,4.63,1,32,Retail Sold,2025-03-29,
NV101097,2025-09-06,19895,18695,19345.0,2.84,2,55,Retail Sold,2025-10-31,
NV101098,2025-07-24,33195,33195,33555.0,-1.07,0,18,Retail Sold,2025-08-11,
NV101099,2026-08-29,15795,15295,13394.0,17.93,1,32,Active,,
NV101100,2025-05-19,19495,19495,20541.0,-5.09,0,13,Retail Sold,2025-06-01,
NV101101,2024-12-24,22795,21395,22128.0,3.01,2,44,Retail Sold,2025-02-06,
NV101102,2024-10-09,31695,29795,32553.0,-2.63,2,55,Retail Sold,2024-12-03,
NV101103,2026-05-19,14095,13295,14047.0,0.34,2,60,Retail Sold,2026-07-18,
NV101104,2024-03-14,19895,19295,19322.0,2.96,1,32,Retail Sold,2024-04-15,
NV101105,2025-12-13,19095,18495,17368.0,9.94,1,28,Retail Sold,2026-01-10,
NV101106,2026-08-23,16295,15795,17083.0,-4.61,1,21,Retail Sold,2026-09-13,
NV101107,2025-03-06,14595,14595,15783.0,-7.53,0,14,Retail Sold,2025-03-20,
NV101108,2025-11-01,12995,12995,14063.0,-7.59,0,13,Retail Sold,2025-11-14,
NV101109,2024-09-26,14095,13295,14945.0,-5.69,2,43,Retail Sold,2024-11-08,
NV101110,2026-07-13,11595,10595,11184.0,3.68,3,75,Wholesaled,2026-09-26,9475.0
NV101111,2025-07-13,31495,29595,30958.0,1.73,2,49,Retail Sold,2025-08-31,
NV101112,2026-05-17,14595,13295,13358.0,9.26,3,75,Wholesaled,2026-07-31,11150.0
NV101113,2025-02-15,15995,14595,15714.0,1.79,3,63,Retail Sold,2025-04-19,
NV101114,2026-07-06,22495,21795,21505.0,4.6,1,37,Retail Sold,2026-08-12,
NV101115,2024-09-04,16895,15395,15547.0,8.67,3,109,Retail Sold,2024-12-22,
NV101116,2025-07-26,13595,12395,11788.0,15.33,3,75,Wholesaled,2025-10-09,10225.0
NV101117,2026-08-10,16095,15095,14567.0,10.49,2,51,Active,,
NV101118,2026-03-09,26295,23995,24527.0,7.21,3,75,Wholesaled,2026-05-23,22200.0
NV101119,2026-03-13,15295,13995,14557.0,5.07,3,74,Retail Sold,2026-05-26,
NV101120,2024-08-21,50295,50295,48093.0,4.58,0,14,Retail Sold,2024-09-04,
NV101121,2026-06-20,47195,44395,45644.0,3.4,2,61,Retail Sold,2026-08-20,
NV101122,2026-03-10,19395,18195,17752.0,9.25,2,57,Retail Sold,2026-05-06,
NV101123,2024-07-11,13595,12395,11182.0,21.58,3,200,Retail Sold,2025-01-27,
NV101124,2024-11-24,20195,19595,20282.0,-0.43,1,24,Retail Sold,2024-12-18,
NV101125,2024-09-08,36895,36895,37489.0,-1.58,0,15,Retail Sold,2024-09-23,
NV101126,2025-04-21,19495,19495,19662.0,-0.85,0,13,Retail Sold,2025-05-04,
NV101127,2025-06-09,16995,16995,18085.0,-6.03,0,14,Retail Sold,2025-06-23,
NV101128,2026-04-20,20795,19595,19027.0,9.29,2,57,Retail Sold,2026-06-16,
NV101129,2025-11-06,12095,11695,11618.0,4.11,1,40,Retail Sold,2025-12-16,
NV101130,2024-10-25,21995,20695,21394.0,2.81,2,43,Retail Sold,2024-12-07,
NV101131,2026-05-31,13595,13195,12656.0,7.42,1,35,Retail Sold,2026-07-05,
NV101132,2025-07-27,17495,15995,15142.0,15.54,3,159,Retail Sold,2026-01-02,
NV101133,2025-09-01,17595,17595,17876.0,-1.57,0,20,Retail Sold,2025-09-21,
NV101134,2026-01-26,43795,41195,43993.0,-0.45,2,52,Retail Sold,2026-03-19,
NV101135,2025-06-24,42895,41595,43031.0,-0.32,1,29,Retail Sold,2025-07-23,
NV101136,2024-06-11,30095,29195,29156.0,3.22,1,24,Retail Sold,2024-07-05,
NV101137,2026-08-14,14195,13395,13192.0,7.61,2,47,Active,,
NV101138,2026-07-20,31295,28595,28118.0,11.3,3,72,Active,,
NV101139,2026-04-17,22095,20795,21551.0,2.52,2,43,Retail Sold,2026-05-30,
NV101140,2024-08-26,21495,20895,20957.0,2.57,1,34,Retail Sold,2024-09-29,
NV101141,2026-07-31,27995,26295,27018.0,3.61,2,53,Retail Sold,2026-09-22,
NV101142,2025-04-19,31395,29495,30164.0,4.08,2,49,Retail Sold,2025-06-07,
NV101143,2026-02-18,26995,24595,26654.0,1.28,3,75,Wholesaled,2026-05-04,23975.0
NV101144,2024-05-12,13795,12995,13186.0,4.62,2,49,Retail Sold,2024-06-30,
NV101145,2025-05-20,19595,17895,18847.0,3.97,3,89,Retail Sold,2025-08-17,
NV101146,2026-04-16,42195,40895,40134.0,5.14,1,33,Retail Sold,2026-05-19,
NV101147,2024-06-12,33195,30295,31899.0,4.06,3,68,Retail Sold,2024-08-19,
NV101148,2025-10-25,17195,16195,17061.0,0.79,2,55,Retail Sold,2025-12-19,
NV101149,2025-04-17,27595,26795,27659.0,-0.23,1,27,Retail Sold,2025-05-14,
NV101150,2025-05-26,27495,25895,25530.0,7.7,2,43,Retail Sold,2025-07-08,
NV101151,2026-07-06,17495,15995,16053.0,8.98,3,75,Wholesaled,2026-09-19,14075.0
NV101152,2024-10-24,30695,28895,29513.0,4.0,2,46,Retail Sold,2024-12-09,
NV101153,2025-11-19,42895,40395,41320.0,3.81,2,54,Retail Sold,2026-01-12,
NV101154,2024-06-08,44595,44595,49588.0,-10.07,0,8,Retail Sold,2024-06-16,
NV101155,2024-11-08,42595,41295,41268.0,3.22,1,22,Retail Sold,2024-11-30,
NV101156,2026-05-12,23895,21795,23638.0,1.09,3,82,Retail Sold,2026-08-02,
NV101157,2025-11-29,14495,13195,13782.0,5.17,3,70,Retail Sold,2026-02-07,
NV101158,2025-04-27,8795,7995,7561.0,16.32,3,75,Wholesaled,2025-07-11,6400.0
NV101159,2025-02-03,29595,26995,28682.0,3.18,3,75,Wholesaled,2025-04-19,24600.0
NV101160,2025-11-14,31595,29695,27706.0,14.04,2,44,Retail Sold,2025-12-28,
NV101161,2025-12-09,27195,26395,26835.0,1.34,1,28,Retail Sold,2026-01-06,
NV101162,2024-04-26,13595,12395,12565.0,8.19,3,151,Retail Sold,2024-09-24,
NV101163,2025-08-23,17695,16095,14262.0,24.07,3,75,Wholesaled,2025-11-06,12425.0
NV101164,2025-09-13,24995,24195,25139.0,-0.57,1,38,Retail Sold,2025-10-21,
NV101165,2026-04-05,15195,15195,15220.0,-0.17,0,12,Retail Sold,2026-04-17,
NV101166,2025-03-31,22595,21895,22272.0,1.45,1,34,Retail Sold,2025-05-04,
NV101167,2025-06-21,25795,24995,25051.0,2.97,1,28,Retail Sold,2025-07-19,
NV101168,2026-06-22,23195,21795,22161.0,4.66,2,52,Retail Sold,2026-08-13,
NV101169,2026-09-07,18395,17795,16868.0,9.05,1,23,Active,,
NV101170,2026-08-14,16495,15995,16102.0,2.44,1,36,Retail Sold,2026-09-19,
NV101171,2024-12-26,17095,15595,16346.0,4.58,3,111,Retail Sold,2025-04-16,
NV101172,2026-06-05,14395,13995,13825.0,4.13,1,29,Retail Sold,2026-07-04,
NV101173,2024-04-16,13595,12395,12041.0,12.9,3,75,Wholesaled,2024-06-30,10525.0
NV101174,2025-09-09,14495,14095,14702.0,-1.41,1,35,Retail Sold,2025-10-14,
NV101175,2026-03-15,12395,11295,10103.0,22.69,3,199,Active,,
NV101176,2025-03-03,25195,24395,22981.0,9.64,1,39,Retail Sold,2025-04-11,
NV101177,2025-07-11,23995,23295,23920.0,0.31,1,38,Retail Sold,2025-08-18,
NV101178,2026-04-05,22595,21895,21915.0,3.1,1,24,Retail Sold,2026-04-29,
NV101179,2026-03-01,19895,18695,20106.0,-1.05,2,58,Retail Sold,2026-04-28,
NV101180,2026-02-14,14895,13995,15058.0,-1.08,2,42,Retail Sold,2026-03-28,
NV101181,2025-07-09,22495,21795,22283.0,0.95,1,22,Retail Sold,2025-07-31,
NV101182,2024-03-01,14795,14795,14281.0,3.6,0,19,Retail Sold,2024-03-20,
NV101183,2026-03-26,21695,21695,22971.0,-5.56,0,15,Retail Sold,2026-04-10,
NV101184,2024-03-28,14095,13695,13117.0,7.46,1,32,Retail Sold,2024-04-29,
NV101185,2026-03-06,17795,17795,18367.0,-3.11,0,16,Retail Sold,2026-03-22,
NV101186,2024-06-01,22195,21495,21882.0,1.43,1,31,Retail Sold,2024-07-02,
NV101187,2026-02-14,24695,23995,26675.0,-7.42,1,21,Retail Sold,2026-03-07,
NV101188,2026-06-23,14595,14595,16048.0,-9.05,0,19,Retail Sold,2026-07-12,
NV101189,2024-04-01,11195,10195,6956.0,60.95,3,75,Wholesaled,2024-06-15,5825.0
NV101190,2026-04-28,20195,20195,19400.0,4.1,0,14,Retail Sold,2026-05-12,
NV101191,2024-11-21,10495,9595,8124.0,29.19,3,75,Wholesaled,2025-02-04,6725.0
NV101192,2024-10-17,21095,21095,21827.0,-3.35,0,15,Retail Sold,2024-11-01,
NV101193,2026-05-14,29695,28795,30597.0,-2.95,1,33,Retail Sold,2026-06-16,
NV101194,2025-02-18,31395,30495,29609.0,6.03,1,26,Retail Sold,2025-03-16,
NV101195,2024-07-06,16295,15795,16504.0,-1.26,1,36,Retail Sold,2024-08-11,
NV101196,2025-09-07,32295,32295,31647.0,2.05,0,15,Retail Sold,2025-09-22,
NV101197,2025-07-09,15695,14795,15106.0,3.9,2,44,Retail Sold,2025-08-22,
NV101198,2024-03-20,18095,16495,17184.0,5.3,3,200,Retail Sold,2024-10-06,
NV101199,2025-02-22,25795,24995,24353.0,5.92,1,35,Retail Sold,2025-03-29,
NV101200,2025-08-30,19495,17795,17876.0,9.06,3,80,Retail Sold,2025-11-18,
NV101201,2026-07-15,10095,9195,8943.0,12.88,3,75,Wholesaled,2026-09-28,7975.0
NV101202,2025-11-22,18595,16995,16837.0,10.44,3,106,Retail Sold,2026-03-08,
NV101203,2024-11-06,31095,29295,30890.0,0.66,2,47,Retail Sold,2024-12-23,
NV101204,2026-07-29,23595,22195,23491.0,0.44,2,48,Retail Sold,2026-09-15,
NV101205,2026-08-16,19395,18195,17374.0,11.63,2,45,Active,,
NV101206,2025-07-30,15695,14295,13967.0,12.37,3,197,Retail Sold,2026-02-12,
NV101207,2025-04-02,30895,30895,32472.0,-4.86,0,8,Retail Sold,2025-04-10,
NV101208,2024-04-06,23595,22895,23149.0,1.93,1,32,Retail Sold,2024-05-08,
NV101209,2024-03-03,17295,15795,15228.0,13.57,3,135,Retail Sold,2024-07-16,
NV101210,2026-05-08,20495,19895,19166.0,6.94,1,35,Retail Sold,2026-06-12,
NV101211,2024-12-31,39295,35895,36586.0,7.41,3,75,Retail Sold,2025-03-16,
NV101212,2024-05-23,22195,20295,19153.0,15.88,3,75,Wholesaled,2024-08-06,16100.0
NV101213,2025-08-01,18295,18295,19292.0,-5.17,0,13,Retail Sold,2025-08-14,
NV101214,2024-05-04,38395,38395,38733.0,-0.87,0,15,Retail Sold,2024-05-19,
NV101215,2025-02-19,37895,36795,34715.0,9.16,1,23,Retail Sold,2025-03-14,
NV101216,2026-01-26,34295,31295,32901.0,4.24,3,114,Retail Sold,2026-05-20,
NV101217,2024-12-07,21495,19595,17675.0,21.61,3,75,Wholesaled,2025-02-20,15400.0
NV101218,2026-07-28,12895,11795,7971.0,61.78,3,64,Active,,
NV101219,2025-09-08,31695,30695,32057.0,-1.13,1,35,Retail Sold,2025-10-13,
NV101220,2026-09-02,25095,24295,25323.0,-0.9,1,27,Retail Sold,2026-09-29,
NV101221,2025-01-30,18295,17195,16922.0,8.12,2,52,Retail Sold,2025-03-23,
NV101222,2026-07-22,12595,12195,12074.0,4.32,1,34,Retail Sold,2026-08-25,
NV101223,2025-06-24,11595,10595,10059.0,15.27,3,75,Wholesaled,2025-09-07,8450.0
NV101224,2025-03-31,26795,26795,27173.0,-1.39,0,12,Retail Sold,2025-04-12,
NV101225,2026-08-09,13395,12595,12334.0,8.6,2,52,Active,,
NV101226,2025-12-21,25195,25195,25722.0,-2.05,0,12,Retail Sold,2026-01-02,
NV101227,2026-05-24,22595,22595,21838.0,3.47,0,20,Retail Sold,2026-06-13,
NV101228,2026-06-11,13095,12295,12019.0,8.95,2,60,Retail Sold,2026-08-10,
NV101229,2025-01-04,21095,19295,20210.0,4.38,3,81,Retail Sold,2025-03-26,
NV101230,2024-06-01,24095,21995,23313.0,3.36,3,67,Retail Sold,2024-08-07,
NV101231,2026-02-23,10795,9895,9119.0,18.38,3,75,Wholesaled,2026-05-09,7700.0
NV101232,2025-01-17,25595,24095,24703.0,3.61,2,49,Retail Sold,2025-03-07,
NV101233,2024-12-02,33995,30995,32456.0,4.74,3,100,Retail Sold,2025-03-12,
NV101234,2024-12-05,50695,47695,49373.0,2.68,2,45,Retail Sold,2025-01-19,
NV101235,2025-05-16,12295,11195,11591.0,6.07,3,75,Wholesaled,2025-07-30,10100.0
NV101236,2025-03-08,27695,26895,26455.0,4.69,1,33,Retail Sold,2025-04-10,
NV101237,2024-11-13,21495,20195,20698.0,3.85,2,47,Retail Sold,2024-12-30,
NV101238,2025-03-07,16295,14895,12012.0,35.65,3,75,Wholesaled,2025-05-21,9825.0
NV101239,2025-06-23,31895,29095,28884.0,10.42,3,101,Retail Sold,2025-10-02,
NV101240,2024-02-04,19395,17695,18497.0,4.86,3,69,Retail Sold,2024-04-13,
NV101241,2025-09-24,34695,32595,32019.0,8.36,2,45,Retail Sold,2025-11-08,
NV101242,2024-07-30,24295,24295,25164.0,-3.45,0,16,Retail Sold,2024-08-15,
NV101243,2025-08-08,22495,20495,19667.0,14.38,3,75,Wholesaled,2025-10-22,17450.0
NV101244,2026-08-15,16395,15395,15244.0,7.55,2,46,Active,,
NV101245,2024-04-18,17295,17295,16926.0,2.18,0,13,Retail Sold,2024-05-01,
NV101246,2026-05-27,28095,25595,26106.0,7.62,3,75,Wholesaled,2026-08-10,22875.0
NV101247,2025-06-03,21695,20395,21739.0,-0.2,2,48,Retail Sold,2025-07-21,
NV101248,2026-04-11,17195,15695,15023.0,14.46,3,75,Wholesaled,2026-06-25,12825.0
NV101249,2026-06-04,10395,9495,8039.0,29.3,3,75,Wholesaled,2026-08-18,6925.0
NV101250,2025-11-05,29095,27395,27423.0,6.1,2,48,Retail Sold,2025-12-23,
NV101251,2025-10-15,12995,12195,12746.0,1.95,2,54,Retail Sold,2025-12-08,
NV101252,2026-07-11,11095,10095,8659.0,28.14,3,75,Wholesaled,2026-09-24,7725.0
NV101253,2024-08-21,21995,21295,21317.0,3.18,1,22,Retail Sold,2024-09-12,
NV101254,2025-06-08,16795,15295,14762.0,13.77,3,75,Wholesaled,2025-08-22,12025.0
NV101255,2025-10-16,15495,14995,15812.0,-2.01,1,23,Retail Sold,2025-11-08,
NV101256,2024-07-24,14595,14195,13926.0,4.81,1,40,Retail Sold,2024-09-02,
NV101257,2024-06-22,12195,11095,12431.0,-1.9,3,70,Retail Sold,2024-08-31,
NV101258,2024-03-04,21195,21195,22981.0,-7.77,0,8,Retail Sold,2024-03-12,
NV101259,2026-08-23,9195,8895,6781.0,35.6,1,38,Active,,
NV101260,2025-06-26,15995,15995,16401.0,-2.47,0,11,Retail Sold,2025-07-07,
NV101261,2024-07-30,26195,23895,23086.0,13.47,3,131,Retail Sold,2024-12-08,
NV101262,2026-03-07,20795,18995,19359.0,7.42,3,75,Wholesaled,2026-05-21,16575.0
NV101263,2025-01-06,27095,25495,25952.0,4.4,2,46,Retail Sold,2025-02-21,
NV101264,2024-06-16,22795,21395,21735.0,4.88,2,60,Retail Sold,2024-08-15,
NV101265,2026-01-17,11395,10695,11484.0,-0.77,2,48,Retail Sold,2026-03-06,
NV101266,2024-03-29,17795,16195,15762.0,12.9,3,75,Wholesaled,2024-06-12,14175.0
NV101267,2024-07-11,19295,19295,19756.0,-2.33,0,19,Retail Sold,2024-07-30,
NV101268,2025-01-14,20895,20295,21173.0,-1.31,1,22,Retail Sold,2025-02-05,
NV101269,2025-03-01,12595,11495,10876.0,15.8,3,93,Retail Sold,2025-06-02,
NV101270,2026-04-08,24795,24095,23074.0,7.46,1,26,Retail Sold,2026-05-04,
NV101271,2026-08-17,25995,25195,24787.0,4.87,1,27,Retail Sold,2026-09-13,
NV101272,2025-03-21,15895,14495,14264.0,11.44,3,75,Wholesaled,2025-06-04,12650.0
NV101273,2026-05-31,10695,9795,9284.0,15.2,3,122,Active,,
NV101274,2026-02-03,12995,11895,10644.0,22.09,3,200,Retail Sold,2026-08-22,
NV101275,2025-05-20,20795,19595,20290.0,2.49,2,58,Retail Sold,2025-07-17,
NV101276,2026-05-02,22595,21295,22377.0,0.97,2,45,Retail Sold,2026-06-16,
NV101277,2026-02-16,19995,18195,18308.0,9.21,3,146,Retail Sold,2026-07-12,
NV101278,2026-05-20,13295,12095,12792.0,3.93,3,75,Wholesaled,2026-08-03,10900.0
NV101279,2026-08-14,13695,12895,11345.0,20.72,2,47,Active,,
NV101280,2024-05-07,24795,24795,26628.0,-6.89,0,13,Retail Sold,2024-05-20,
NV101281,2024-06-06,22995,22995,22287.0,3.18,0,19,Retail Sold,2024-06-25,
NV101282,2024-11-13,27995,26295,27207.0,2.9,2,51,Retail Sold,2025-01-03,
NV101283,2026-08-08,16095,15095,15370.0,4.72,2,53,Active,,
NV101284,2024-11-23,14395,13095,13369.0,7.67,3,137,Retail Sold,2025-04-09,
NV101285,2024-07-09,20795,19595,20766.0,0.14,2,56,Retail Sold,2024-09-03,
NV101286,2024-06-08,18195,17595,17785.0,2.3,1,37,Retail Sold,2024-07-15,
NV101287,2026-07-29,28895,28895,29671.0,-2.62,0,17,Retail Sold,2026-08-15,
NV101288,2026-04-30,13795,12595,12062.0,14.37,3,64,Retail Sold,2026-07-03,
NV101289,2024-11-15,37295,36195,37013.0,0.76,1,21,Retail Sold,2024-12-06,
NV101290,2026-01-29,13095,11995,12835.0,2.02,3,78,Retail Sold,2026-04-17,
NV101291,2026-02-16,15395,14095,14173.0,8.62,3,75,Wholesaled,2026-05-02,12025.0
NV101292,2025-12-27,13795,12595,12418.0,11.08,3,74,Retail Sold,2026-03-11,
NV101293,2025-04-04,25395,23895,25869.0,-1.83,2,53,Retail Sold,2025-05-27,
NV101294,2024-05-29,19095,18495,18990.0,0.55,1,28,Retail Sold,2024-06-26,
NV101295,2024-04-19,25195,25195,24788.0,1.64,0,18,Retail Sold,2024-05-07,
NV101296,2026-03-15,9195,8395,8590.0,7.05,3,75,Wholesaled,2026-05-29,7350.0
NV101297,2026-07-21,22195,21495,21617.0,2.67,1,31,Retail Sold,2026-08-21,
NV101298,2026-03-19,18095,17595,17626.0,2.66,1,31,Retail Sold,2026-04-19,
NV101299,2026-06-02,15695,15695,15470.0,1.46,0,8,Retail Sold,2026-06-10,
NV101300,2026-02-12,18795,18195,18882.0,-0.46,1,37,Retail Sold,2026-03-21,
NV101301,2024-07-01,13495,13095,13592.0,-0.72,1,23,Retail Sold,2024-07-24,
NV101302,2025-01-31,12795,12395,11628.0,10.04,1,24,Retail Sold,2025-02-24,
NV101303,2025-06-21,17895,17395,17506.0,2.22,1,23,Retail Sold,2025-07-14,
NV101304,2024-06-03,29895,27295,27925.0,7.05,3,75,Wholesaled,2024-08-17,25325.0
NV101305,2024-02-26,39995,36495,39971.0,0.06,3,74,Retail Sold,2024-05-10,
NV101306,2024-07-20,23895,23195,21951.0,8.86,1,37,Retail Sold,2024-08-26,
NV101307,2025-01-26,18695,17095,17370.0,7.63,3,75,Wholesaled,2025-04-11,14825.0
NV101308,2026-07-12,9795,8895,7736.0,26.62,3,75,Wholesaled,2026-09-25,6700.0
NV101309,2025-11-10,47595,44795,45835.0,3.84,2,59,Retail Sold,2026-01-08,
NV101310,2024-02-14,17995,16395,16186.0,11.18,3,99,Retail Sold,2024-05-23,
NV101311,2025-03-19,23095,23095,23127.0,-0.14,0,9,Retail Sold,2025-03-28,
NV101312,2026-08-21,31595,30595,30026.0,5.23,1,40,Active,,
NV101313,2025-01-08,17295,16795,16860.0,2.58,1,36,Retail Sold,2025-02-13,
NV101314,2026-08-17,24295,23595,22768.0,6.71,1,28,Retail Sold,2026-09-14,
NV101315,2024-04-27,14695,14295,15203.0,-3.34,1,25,Retail Sold,2024-05-22,
NV101316,2025-04-30,28095,27295,28204.0,-0.39,1,38,Retail Sold,2025-06-07,
NV101317,2026-09-01,14895,14895,15556.0,-4.25,0,9,Retail Sold,2026-09-10,
NV101318,2026-08-11,16295,15295,15935.0,2.26,2,50,Active,,
NV101319,2024-02-22,38695,35295,37004.0,4.57,3,70,Retail Sold,2024-05-02,
NV101320,2024-05-18,16195,14795,16004.0,1.19,3,68,Retail Sold,2024-07-25,
NV101321,2024-05-13,12195,11095,9725.0,25.4,3,200,Retail Sold,2024-11-29,
NV101322,2024-11-05,17095,16595,17478.0,-2.19,1,21,Retail Sold,2024-11-26,
NV101323,2025-06-23,16795,16795,17710.0,-5.17,0,12,Retail Sold,2025-07-05,
NV101324,2024-11-12,54795,51595,49533.0,10.62,2,57,Retail Sold,2025-01-08,
NV101325,2025-05-02,20695,20095,19972.0,3.62,1,37,Retail Sold,2025-06-08,
NV101326,2025-06-18,26295,24695,24396.0,7.78,2,57,Retail Sold,2025-08-14,
NV101327,2025-05-21,14295,12995,10446.0,36.84,3,200,Retail Sold,2025-12-07,
NV101328,2024-02-10,28995,26495,28558.0,1.53,3,69,Retail Sold,2024-04-19,
NV101329,2025-04-24,18795,17195,18220.0,3.15,3,100,Retail Sold,2025-08-02,
NV101330,2024-09-20,27595,26795,27622.0,-0.1,1,30,Retail Sold,2024-10-20,
NV101331,2024-11-01,31695,30695,31389.0,0.97,1,22,Retail Sold,2024-11-23,
NV101332,2025-09-28,13995,12795,8623.0,62.29,3,75,Wholesaled,2025-12-12,7525.0
NV101333,2024-10-07,28995,28995,28558.0,1.53,0,14,Retail Sold,2024-10-21,
NV101334,2026-08-05,17595,16595,16205.0,8.58,2,56,Active,,
NV101335,2024-10-26,24095,22695,22698.0,6.16,2,52,Retail Sold,2024-12-17,
NV101336,2026-02-07,16395,14995,13775.0,19.02,3,75,Wholesaled,2026-04-23,11450.0
NV101337,2026-07-23,11295,10295,9734.0,16.04,3,69,Active,,
NV101338,2026-07-07,13595,12395,11499.0,18.23,3,85,Active,,
NV101339,2025-09-19,21295,21295,19905.0,6.98,0,19,Retail Sold,2025-10-08,
NV101340,2026-04-27,18095,16495,15199.0,19.06,3,92,Retail Sold,2026-07-28,
NV101341,2026-07-25,18395,17795,19146.0,-3.92,1,38,Retail Sold,2026-09-01,
NV101342,2024-02-08,16095,14695,15275.0,5.37,3,75,Wholesaled,2024-04-23,12675.0
NV101343,2025-12-20,14395,13995,13349.0,7.83,1,38,Retail Sold,2026-01-27,
NV101344,2026-09-11,21995,21995,22369.0,-1.67,0,19,Active,,
NV101345,2026-04-30,19995,19395,19831.0,0.83,1,30,Retail Sold,2026-05-30,
NV101346,2025-03-10,13495,12295,12520.0,7.79,3,75,Wholesaled,2025-05-24,10300.0
NV101347,2025-07-29,21395,20795,20966.0,2.05,1,34,Retail Sold,2025-09-01,
NV101348,2024-03-10,20995,20995,21081.0,-0.41,0,15,Retail Sold,2024-03-25,
NV101349,2026-07-26,23295,23295,21844.0,6.64,0,17,Retail Sold,2026-08-12,
NV101350,2025-01-07,28895,27195,28188.0,2.51,2,53,Retail Sold,2025-03-01,
NV101351,2024-02-19,25895,25095,24624.0,5.16,1,32,Retail Sold,2024-03-22,
NV101352,2026-06-02,15095,13795,14570.0,3.6,3,72,Retail Sold,2026-08-13,
NV101353,2025-08-06,31195,31195,30279.0,3.02,0,18,Retail Sold,2025-08-24,
NV101354,2024-10-06,21895,19995,18497.0,18.37,3,75,Wholesaled,2024-12-20,15650.0
NV101355,2026-05-02,17695,17695,17523.0,0.98,0,20,Retail Sold,2026-05-22,
NV101356,2024-07-18,36395,34195,35603.0,2.22,2,62,Retail Sold,2024-09-18,
NV101357,2026-04-07,15695,14795,15042.0,4.34,2,45,Retail Sold,2026-05-22,
NV101358,2024-04-18,16395,16395,16745.0,-2.09,0,11,Retail Sold,2024-04-29,
NV101359,2025-09-01,25895,24395,25736.0,0.62,2,55,Retail Sold,2025-10-26,
NV101360,2026-04-07,17895,16295,15435.0,15.94,3,75,Wholesaled,2026-06-21,13600.0
NV101361,2025-11-23,32795,32795,32777.0,0.06,0,17,Retail Sold,2025-12-10,
NV101362,2024-09-02,8295,7595,5606.0,47.97,3,200,Retail Sold,2025-03-21,
NV101363,2026-06-22,13995,12795,10698.0,30.82,3,100,Active,,
NV101364,2025-07-26,16495,15995,16678.0,-1.1,1,24,Retail Sold,2025-08-19,
NV101365,2026-01-07,27295,26495,27139.0,0.58,1,38,Retail Sold,2026-02-14,
NV101366,2025-08-01,19795,19195,18943.0,4.5,1,25,Retail Sold,2025-08-26,
NV101367,2026-03-21,13995,12795,11959.0,17.03,3,75,Wholesaled,2026-06-04,10025.0
NV101368,2024-06-13,17895,16295,16492.0,8.51,3,71,Retail Sold,2024-08-23,
NV101369,2026-05-09,27395,25795,26233.0,4.43,2,48,Retail Sold,2026-06-26,
NV101370,2025-11-20,32395,29595,30281.0,6.98,3,75,Wholesaled,2026-02-03,25800.0
NV101371,2024-12-16,30095,29195,29281.0,2.78,1,36,Retail Sold,2025-01-21,
NV101372,2024-03-07,33595,32595,33633.0,-0.11,1,26,Retail Sold,2024-04-02,
NV101373,2024-12-28,20395,19195,19518.0,4.49,2,59,Retail Sold,2025-02-25,
NV101374,2024-06-13,17295,17295,17274.0,0.12,0,17,Retail Sold,2024-06-30,
NV101375,2026-04-24,12395,11695,11870.0,4.42,2,45,Retail Sold,2026-06-08,
NV101376,2024-05-26,16495,15995,14837.0,11.18,1,33,Retail Sold,2024-06-28,
NV101377,2025-07-29,21595,20295,21257.0,1.59,2,58,Retail Sold,2025-09-25,
NV101378,2024-03-12,32095,30195,31589.0,1.6,2,47,Retail Sold,2024-04-28,
NV101379,2025-10-13,22695,21995,21603.0,5.06,1,32,Retail Sold,2025-11-14,
NV101380,2026-08-12,15395,14495,9169.0,67.9,2,49,Active,,
NV101381,2025-10-12,21095,19295,19463.0,8.38,3,75,Wholesaled,2025-12-26,16625.0
NV101382,2025-08-10,31295,30395,30112.0,3.93,1,39,Retail Sold,2025-09-18,
NV101383,2024-08-26,21495,20895,21961.0,-2.12,1,39,Retail Sold,2024-10-04,
NV101384,2025-05-31,26595,24995,27163.0,-2.09,2,48,Retail Sold,2025-07-18,
NV101385,2026-08-07,15295,14395,11435.0,33.76,2,54,Active,,
NV101386,2024-08-15,19495,18295,19146.0,1.82,2,59,Retail Sold,2024-10-13,
NV101387,2024-10-01,31795,28995,29924.0,6.25,3,102,Retail Sold,2025-01-11,
NV101388,2024-06-01,28095,28095,28813.0,-2.49,0,10,Retail Sold,2024-06-11,
NV101389,2024-09-01,21195,19895,20712.0,2.33,2,56,Retail Sold,2024-10-27,
NV101390,2024-09-27,31795,30795,30237.0,5.15,1,37,Retail Sold,2024-11-03,
NV101391,2026-03-17,12995,11895,9099.0,42.81,3,75,Wholesaled,2026-05-31,8050.0
NV101392,2026-01-24,14795,14395,14551.0,1.68,1,31,Retail Sold,2026-02-24,
NV101393,2025-09-27,31695,28895,29188.0,8.59,3,97,Retail Sold,2026-01-02,
NV101394,2026-01-16,23295,21895,23250.0,0.19,2,55,Retail Sold,2026-03-12,
NV101395,2025-05-16,14895,14395,14173.0,5.1,1,36,Retail Sold,2025-06-21,
NV101396,2025-01-25,24695,23195,24035.0,2.75,2,60,Retail Sold,2025-03-26,
NV101397,2024-11-02,23895,23195,23827.0,0.29,1,39,Retail Sold,2024-12-11,
NV101398,2025-06-11,49995,48495,50606.0,-1.21,1,24,Retail Sold,2025-07-05,
NV101399,2024-06-20,15495,14095,13001.0,19.19,3,174,Retail Sold,2024-12-11,
NV101400,2024-09-15,16095,14695,14250.0,12.95,3,76,Retail Sold,2024-11-30,
NV101401,2025-01-19,19295,17595,15420.0,25.13,3,200,Retail Sold,2025-08-07,
NV101402,2026-03-26,13195,11995,12780.0,3.25,3,70,Retail Sold,2026-06-04,
NV101403,2024-03-31,22195,21495,20989.0,5.75,1,25,Retail Sold,2024-04-25,
NV101404,2025-03-30,32895,32895,31816.0,3.39,0,9,Retail Sold,2025-04-08,
NV101405,2024-02-14,24495,22995,24015.0,2.0,2,55,Retail Sold,2024-04-09,
NV101406,2026-01-20,16695,15195,15615.0,6.92,3,69,Retail Sold,2026-03-30,
NV101407,2026-06-20,16195,15195,15247.0,6.22,2,51,Retail Sold,2026-08-10,
NV101408,2025-06-28,16895,15395,14811.0,14.07,3,75,Wholesaled,2025-09-11,12400.0
NV101409,2025-11-04,17995,17495,17274.0,4.17,1,31,Retail Sold,2025-12-05,
NV101410,2024-05-09,21095,21095,22200.0,-4.98,0,15,Retail Sold,2024-05-24,
NV101411,2025-09-14,20195,19595,19425.0,3.96,1,40,Retail Sold,2025-10-24,
NV101412,2025-04-07,17595,17095,17942.0,-1.93,1,22,Retail Sold,2025-04-29,
NV101413,2024-06-20,22795,22795,24760.0,-7.93,0,15,Retail Sold,2024-07-05,
NV101414,2024-12-22,28395,26695,26663.0,6.5,2,45,Retail Sold,2025-02-05,
NV101415,2025-01-30,15395,14095,13784.0,11.69,3,75,Wholesaled,2025-04-15,12025.0
NV101416,2026-06-28,19495,18295,18358.0,6.19,2,46,Retail Sold,2026-08-13,
NV101417,2025-12-09,21495,20195,20910.0,2.8,2,52,Retail Sold,2026-01-30,
NV101418,2026-01-08,9695,8795,6814.0,42.28,3,200,Retail Sold,2026-07-27,
NV101419,2024-11-04,14195,13395,13235.0,7.26,2,52,Retail Sold,2024-12-26,
NV101420,2026-08-16,17295,16795,16288.0,6.18,1,25,Retail Sold,2026-09-10,
NV101421,2025-02-10,11695,10695,10796.0,8.33,3,91,Retail Sold,2025-05-12,
NV101422,2025-02-04,13495,12295,9619.0,40.3,3,75,Wholesaled,2025-04-20,8125.0
NV101423,2026-02-28,20695,18895,19096.0,8.37,3,75,Wholesaled,2026-05-14,15525.0
NV101424,2024-03-27,23795,23095,24422.0,-2.57,1,34,Retail Sold,2024-04-30,
NV101425,2026-08-15,10995,10295,9856.0,11.56,2,46,Active,,
NV101426,2025-01-10,16295,15795,15843.0,2.85,1,26,Retail Sold,2025-02-05,
NV101427,2026-04-12,27195,26395,26668.0,1.98,1,21,Retail Sold,2026-05-03,
NV101428,2026-01-26,14595,13295,13804.0,5.73,3,200,Retail Sold,2026-08-14,
NV101429,2026-02-19,12995,11895,11387.0,14.12,3,75,Wholesaled,2026-05-05,9925.0
NV101430,2026-01-11,23995,23295,24228.0,-0.96,1,33,Retail Sold,2026-02-13,
NV101431,2026-03-13,18295,17695,17782.0,2.89,1,22,Retail Sold,2026-04-04,
NV101432,2025-05-03,14495,13195,10685.0,35.65,3,75,Wholesaled,2025-07-17,9025.0
NV101433,2025-03-21,14595,13295,13987.0,4.34,3,87,Retail Sold,2025-06-16,
NV101434,2025-04-05,15295,13995,13354.0,14.54,3,200,Retail Sold,2025-10-22,
NV101435,2025-10-28,35995,33895,34469.0,4.43,2,44,Retail Sold,2025-12-11,
NV101436,2026-02-18,10795,9895,7912.0,36.44,3,200,Retail Sold,2026-09-06,
NV101437,2026-08-01,18195,17595,17663.0,3.01,1,40,Retail Sold,2026-09-10,
NV101438,2025-02-08,11595,10595,8081.0,43.49,3,75,Wholesaled,2025-04-24,7150.0
NV101439,2025-08-10,30095,30095,30349.0,-0.84,0,15,Retail Sold,2025-08-25,
NV101440,2025-04-09,13895,12695,9124.0,52.28,3,75,Wholesaled,2025-06-23,8075.0
NV101441,2025-11-24,26695,25895,25543.0,4.51,1,27,Retail Sold,2025-12-21,
NV101442,2025-02-08,16695,15195,14913.0,11.95,3,71,Retail Sold,2025-04-20,
NV101443,2025-06-29,33195,33195,33432.0,-0.71,0,18,Retail Sold,2025-07-17,
NV101444,2025-02-18,17895,16295,17713.0,1.03,3,75,Wholesaled,2025-05-04,15275.0
NV101445,2026-09-05,10095,10095,10423.0,-3.14,0,16,Retail Sold,2026-09-21,
NV101446,2024-03-14,33095,33095,32966.0,0.39,0,17,Retail Sold,2024-03-31,
NV101447,2025-12-03,30795,28095,30954.0,-0.51,3,69,Retail Sold,2026-02-10,
NV101448,2024-09-14,15595,14695,14286.0,9.17,2,43,Retail Sold,2024-10-27,
NV101449,2026-08-21,25295,24495,23744.0,6.53,1,40,Active,,
NV101450,2026-08-23,12195,11795,10385.0,17.43,1,38,Active,,
NV101451,2025-07-28,15995,15495,15441.0,3.59,1,39,Retail Sold,2025-09-05,
NV101452,2025-07-22,30095,27495,27460.0,9.6,3,75,Wholesaled,2025-10-05,22975.0
NV101453,2024-09-09,21195,19295,20661.0,2.58,3,75,Wholesaled,2024-11-23,18150.0
NV101454,2026-08-17,17895,17395,17746.0,0.84,1,27,Retail Sold,2026-09-13,
NV101455,2026-07-28,24695,24695,24928.0,-0.94,0,17,Retail Sold,2026-08-14,
NV101456,2026-02-11,23795,21695,22891.0,3.95,3,70,Retail Sold,2026-04-22,
NV101457,2024-09-20,14995,14495,14943.0,0.35,1,21,Retail Sold,2024-10-11,
NV101458,2024-09-28,25495,24695,24088.0,5.84,1,21,Retail Sold,2024-10-19,
NV101459,2025-10-07,22895,20895,22996.0,-0.44,3,161,Retail Sold,2026-03-17,
NV101460,2025-04-12,20895,20895,21479.0,-2.72,0,7,Retail Sold,2025-04-19,
NV101461,2024-08-29,16795,15295,13964.0,20.28,3,200,Retail Sold,2025-03-17,
NV101462,2025-10-10,31895,31895,34155.0,-6.62,0,5,Retail Sold,2025-10-15,
NV101463,2024-08-30,24995,22795,24908.0,0.35,3,81,Retail Sold,2024-11-19,
NV101464,2026-05-02,12095,10995,9534.0,26.87,3,151,Active,,
NV101465,2024-04-02,46995,46995,48328.0,-2.76,0,18,Retail Sold,2024-04-20,
NV101466,2025-08-09,23895,21795,22710.0,5.22,3,79,Retail Sold,2025-10-27,
NV101467,2025-05-11,25595,24795,25490.0,0.41,1,22,Retail Sold,2025-06-02,
NV101468,2026-06-16,17995,17495,17532.0,2.64,1,30,Retail Sold,2026-07-16,
NV101469,2025-12-19,16395,14995,13069.0,25.45,3,200,Retail Sold,2026-07-07,
NV101470,2025-05-15,21595,20895,20866.0,3.49,1,36,Retail Sold,2025-06-20,
NV101471,2024-11-03,18795,18195,18308.0,2.66,1,36,Retail Sold,2024-12-09,
NV101472,2025-09-07,11395,10395,8564.0,33.05,3,200,Retail Sold,2026-03-26,
NV101473,2026-05-19,21895,21195,22249.0,-1.59,1,39,Retail Sold,2026-06-27,
NV101474,2025-08-24,9395,8795,8895.0,5.63,2,48,Retail Sold,2025-10-11,
NV101475,2025-05-06,14295,13895,13307.0,7.43,1,23,Retail Sold,2025-05-29,
NV101476,2026-04-17,15795,15295,15708.0,0.55,1,33,Retail Sold,2026-05-20,
NV101477,2024-09-06,20695,18895,19790.0,4.57,3,97,Retail Sold,2024-12-12,
NV101478,2025-08-11,17595,17595,17198.0,2.31,0,17,Retail Sold,2025-08-28,
NV101479,2026-02-19,17195,16695,16882.0,1.86,1,31,Retail Sold,2026-03-22,
NV101480,2026-05-25,12895,11795,11036.0,16.84,3,128,Active,,
NV101481,2026-02-01,14995,13695,14474.0,3.6,3,70,Retail Sold,2026-04-12,
NV101482,2024-12-04,19095,17995,18927.0,0.89,2,53,Retail Sold,2025-01-26,
NV101483,2025-10-09,16795,15795,16182.0,3.79,2,48,Retail Sold,2025-11-26,
NV101484,2026-06-19,19895,19895,20396.0,-2.45,0,8,Retail Sold,2026-06-27,
NV101485,2025-12-04,25995,25995,27244.0,-4.58,0,10,Retail Sold,2025-12-14,
NV101486,2026-05-14,20495,19295,19638.0,4.36,2,57,Retail Sold,2026-07-10,
NV101487,2025-08-24,34395,31395,30130.0,14.15,3,75,Wholesaled,2025-11-07,25575.0
NV101488,2024-02-19,20295,18495,19406.0,4.58,3,74,Retail Sold,2024-05-03,
NV101489,2026-06-17,18695,18695,17931.0,4.26,0,15,Retail Sold,2026-07-02,
NV101490,2025-08-26,33795,30795,31197.0,8.33,3,129,Retail Sold,2026-01-02,
NV101491,2025-06-06,51795,51795,51441.0,0.69,0,20,Retail Sold,2025-06-26,
NV101492,2024-05-18,12695,11595,9460.0,34.2,3,75,Wholesaled,2024-08-01,7950.0
NV101493,2025-04-25,11795,11395,12029.0,-1.95,1,34,Retail Sold,2025-05-29,
NV101494,2024-06-13,23395,21395,21225.0,10.23,3,134,Retail Sold,2024-10-25,
NV101495,2026-06-05,12095,10995,9317.0,29.82,3,75,Wholesaled,2026-08-19,8400.0
NV101496,2025-12-29,32095,29295,29672.0,8.17,3,72,Retail Sold,2026-03-11,
NV101497,2025-09-09,15895,14495,9036.0,75.9,3,75,Wholesaled,2025-11-23,8150.0
NV101498,2025-08-21,13395,12195,12753.0,5.03,3,73,Retail Sold,2025-11-02,
NV101499,2025-06-02,23395,23395,23588.0,-0.82,0,17,Retail Sold,2025-06-19,
NV101500,2024-03-14,49995,46995,49864.0,0.26,2,42,Retail Sold,2024-04-25,
NV101501,2026-06-12,22595,22595,22558.0,0.17,0,12,Retail Sold,2026-06-24,
NV101502,2025-12-20,11895,10895,10821.0,9.92,3,75,Wholesaled,2026-03-05,9500.0
NV101503,2026-01-26,18495,16895,16977.0,8.94,3,90,Retail Sold,2026-04-26,
NV101504,2025-07-20,15795,14395,15093.0,4.65,3,75,Retail Sold,2025-10-03,
NV101505,2024-05-09,13995,12795,12120.0,15.47,3,117,Retail Sold,2024-09-03,
NV101506,2024-10-09,25895,25095,24165.0,7.16,1,29,Retail Sold,2024-11-07,
NV101507,2026-07-13,16495,15995,17176.0,-3.97,1,38,Retail Sold,2026-08-20,
NV101508,2024-08-10,11695,11295,11086.0,5.5,1,34,Retail Sold,2024-09-13,
NV101509,2025-01-15,24895,22695,25054.0,-0.63,3,75,Wholesaled,2025-03-31,22350.0
NV101510,2025-08-22,11295,10295,9726.0,16.13,3,200,Retail Sold,2026-03-10,
NV101511,2025-08-21,26695,25895,26347.0,1.32,1,24,Retail Sold,2025-09-14,
NV101512,2026-09-12,16195,16195,16455.0,-1.58,0,18,Active,,
NV101513,2024-07-25,23295,22595,24509.0,-4.95,1,29,Retail Sold,2024-08-23,
NV101514,2026-04-30,10995,10695,10845.0,1.38,1,40,Retail Sold,2026-06-09,
NV101515,2025-10-17,26595,24295,25607.0,3.86,3,84,Retail Sold,2026-01-09,
NV101516,2025-06-25,22495,22495,23642.0,-4.85,0,17,Retail Sold,2025-07-12,
NV101517,2026-04-14,23095,23095,22242.0,3.84,0,17,Retail Sold,2026-05-01,
NV101518,2024-07-04,12195,11095,10281.0,18.62,3,75,Wholesaled,2024-09-17,8375.0
NV101519,2025-12-28,24995,24195,25036.0,-0.16,1,29,Retail Sold,2026-01-26,
NV101520,2025-05-09,25595,24795,27204.0,-5.92,1,33,Retail Sold,2025-06-11,
NV101521,2024-03-19,22395,21695,24074.0,-6.97,1,22,Retail Sold,2024-04-10,
NV101522,2024-07-21,33795,32795,32540.0,3.86,1,23,Retail Sold,2024-08-13,
NV101523,2026-04-09,20495,19895,20439.0,0.28,1,41,Retail Sold,2026-05-20,
NV101524,2026-08-19,28195,27295,26863.0,4.96,1,39,Retail Sold,2026-09-27,
NV101525,2025-02-26,17895,16295,11762.0,52.15,3,200,Retail Sold,2025-09-14,
NV101526,2026-06-24,28895,27195,28183.0,2.52,2,52,Retail Sold,2026-08-15,
NV101527,2025-09-05,34095,34095,34447.0,-1.02,0,16,Retail Sold,2025-09-21,
NV101528,2026-04-26,16395,15395,16422.0,-0.17,2,45,Retail Sold,2026-06-10,
NV101529,2026-04-15,17095,17095,17192.0,-0.56,0,18,Retail Sold,2026-05-03,
NV101530,2024-12-11,28895,26395,31319.0,-7.74,3,65,Retail Sold,2025-02-14,
NV101531,2024-06-10,27295,27295,27425.0,-0.48,0,12,Retail Sold,2024-06-22,
NV101532,2025-09-01,26395,25595,25646.0,2.92,1,37,Retail Sold,2025-10-08,
NV101533,2026-04-08,17295,16795,16494.0,4.85,1,26,Retail Sold,2026-05-04,
NV101534,2025-11-30,15495,14095,13264.0,16.82,3,75,Wholesaled,2026-02-13,10875.0
NV101535,2025-03-20,21895,21895,20607.0,6.25,0,17,Retail Sold,2025-04-06,
NV101536,2025-06-28,28095,27295,27185.0,3.35,1,21,Retail Sold,2025-07-19,
NV101537,2026-03-16,13495,12295,11564.0,16.7,3,75,Wholesaled,2026-05-30,10075.0
NV101538,2025-11-17,15095,13795,14373.0,5.02,3,107,Retail Sold,2026-03-04,
NV101539,2024-11-28,30395,29495,30816.0,-1.37,1,41,Retail Sold,2025-01-08,
NV101540,2025-06-13,19495,18295,19358.0,0.71,2,44,Retail Sold,2025-07-27,
NV101541,2026-08-04,13095,12295,11939.0,9.68,2,57,Active,,
NV101542,2025-05-01,12995,11895,12437.0,4.49,3,64,Retail Sold,2025-07-04,
NV101543,2025-01-12,18395,16795,17434.0,5.51,3,75,Wholesaled,2025-03-28,15050.0
NV101544,2025-01-28,37795,35595,38288.0,-1.29,2,45,Retail Sold,2025-03-14,
NV101545,2025-07-01,25695,24895,28207.0,-8.91,1,21,Retail Sold,2025-07-22,
NV101546,2025-08-02,14095,13295,12228.0,15.27,2,55,Retail Sold,2025-09-26,
NV101547,2026-06-08,14695,13395,12732.0,15.41,3,114,Active,,
NV101548,2024-08-11,35495,32395,33538.0,5.83,3,92,Retail Sold,2024-11-11,
NV101549,2024-11-21,20895,19695,18750.0,11.44,2,56,Retail Sold,2025-01-16,
NV101550,2025-10-25,24795,24795,25813.0,-3.94,0,12,Retail Sold,2025-11-06,
NV101551,2026-04-30,16795,16295,15643.0,7.37,1,25,Retail Sold,2026-05-25,
NV101552,2024-11-02,22995,22295,23995.0,-4.17,1,29,Retail Sold,2024-12-01,
NV101553,2024-10-25,25695,23495,23538.0,9.16,3,77,Retail Sold,2025-01-10,
NV101554,2025-12-18,20495,18695,17684.0,15.89,3,200,Retail Sold,2026-07-06,
NV101555,2024-08-20,31095,30195,30863.0,0.75,1,30,Retail Sold,2024-09-19,
NV101556,2026-05-04,15295,13995,14532.0,5.25,3,75,Wholesaled,2026-07-18,12350.0
NV101557,2025-07-05,15795,14395,13365.0,18.19,3,200,Retail Sold,2026-01-21,
NV101558,2026-02-09,20195,18395,18156.0,11.23,3,71,Retail Sold,2026-04-21,
NV101559,2024-06-28,32295,30395,32448.0,-0.47,2,45,Retail Sold,2024-08-12,
NV101560,2026-02-12,11595,10595,10052.0,15.35,3,148,Retail Sold,2026-07-10,
NV101561,2025-08-11,13995,12795,12110.0,15.57,3,75,Wholesaled,2025-10-25,10450.0
NV101562,2025-08-26,27895,27895,27598.0,1.08,0,20,Retail Sold,2025-09-15,
NV101563,2024-06-14,19895,19895,19878.0,0.09,0,20,Retail Sold,2024-07-04,
NV101564,2025-09-25,20695,18895,18180.0,13.83,3,75,Wholesaled,2025-12-09,15475.0
NV101565,2025-06-29,17395,16895,17093.0,1.76,1,31,Retail Sold,2025-07-30,
NV101566,2024-05-31,12895,12495,11965.0,7.77,1,35,Retail Sold,2024-07-05,
NV101567,2025-11-05,15095,14595,14753.0,2.32,1,33,Retail Sold,2025-12-08,
NV101568,2025-04-19,24795,24095,25315.0,-2.06,1,41,Retail Sold,2025-05-30,
NV101569,2024-11-23,32695,32695,31791.0,2.84,0,9,Retail Sold,2024-12-02,
NV101570,2025-01-24,14995,14495,15179.0,-1.22,1,37,Retail Sold,2025-03-02,
NV101571,2026-04-22,22495,21795,23247.0,-3.23,1,37,Retail Sold,2026-05-29,
NV101572,2026-09-05,28095,27295,27436.0,2.4,1,25,Active,,
NV101573,2024-05-31,18095,16995,17664.0,2.44,2,43,Retail Sold,2024-07-13,
NV101574,2026-05-12,28295,26595,26941.0,5.02,2,48,Retail Sold,2026-06-29,
NV101575,2024-02-16,48995,44695,47407.0,3.35,3,64,Retail Sold,2024-04-20,
NV101576,2024-02-20,18395,17795,16827.0,9.32,1,29,Retail Sold,2024-03-20,
NV101577,2024-02-21,19095,19095,18624.0,2.53,0,15,Retail Sold,2024-03-07,
NV101578,2025-12-10,28395,28395,27531.0,3.14,0,18,Retail Sold,2025-12-28,
NV101579,2026-04-25,21595,20895,20345.0,6.14,1,31,Retail Sold,2026-05-26,
NV101580,2025-12-04,20395,19795,20818.0,-2.03,1,31,Retail Sold,2026-01-04,
NV101581,2026-08-10,30895,29095,30000.0,2.98,2,51,Active,,
NV101582,2026-06-06,12395,11295,9148.0,35.49,3,75,Wholesaled,2026-08-20,7775.0
NV101583,2026-08-12,24995,23495,21418.0,16.7,2,49,Active,,
NV101584,2024-08-13,21795,20495,20870.0,4.43,2,42,Retail Sold,2024-09-24,
NV101585,2025-07-25,23095,21095,21609.0,6.88,3,75,Wholesaled,2025-10-08,18525.0
NV101586,2026-03-12,26795,26795,27542.0,-2.71,0,9,Retail Sold,2026-03-21,
NV101587,2024-05-24,14495,13195,12901.0,12.36,3,75,Wholesaled,2024-08-07,11675.0
NV101588,2025-04-26,10495,9595,8083.0,29.85,3,75,Wholesaled,2025-07-10,6800.0
NV101589,2024-02-10,34195,33195,32623.0,4.82,1,29,Retail Sold,2024-03-10,
NV101590,2024-06-13,16995,15995,15466.0,9.89,2,56,Retail Sold,2024-08-08,
NV101591,2024-01-10,21995,21295,22048.0,-0.24,1,21,Retail Sold,2024-01-31,
NV101592,2026-03-27,22895,20895,22999.0,-0.45,3,66,Retail Sold,2026-06-01,
NV101593,2024-05-14,24095,24095,22396.0,7.59,0,19,Retail Sold,2024-06-02,
NV101594,2025-10-29,24795,24095,23835.0,4.03,1,34,Retail Sold,2025-12-02,
NV101595,2025-06-01,25495,23995,24349.0,4.71,2,49,Retail Sold,2025-07-20,
NV101596,2025-12-24,39295,38095,41241.0,-4.72,1,35,Retail Sold,2026-01-28,
NV101597,2025-02-13,40495,36995,36899.0,9.74,3,75,Wholesaled,2025-04-29,31600.0
NV101598,2025-10-26,17395,16395,16625.0,4.63,2,57,Retail Sold,2025-12-22,
NV101599,2024-05-06,42195,42195,45710.0,-7.69,0,10,Retail Sold,2024-05-16,
NV101600,2025-09-14,24095,21995,24505.0,-1.67,3,70,Retail Sold,2025-11-23,
NV101601,2025-09-16,31495,28695,30888.0,1.97,3,69,Retail Sold,2025-11-24,
NV101602,2025-10-06,15195,14695,14962.0,1.56,1,29,Retail Sold,2025-11-04,
NV101603,2026-08-02,18795,17695,17388.0,8.09,2,59,Active,,
NV101604,2026-09-11,18895,18895,18297.0,3.27,0,19,Active,,
NV101605,2024-08-19,10195,9295,7589.0,34.34,3,200,Retail Sold,2025-03-07,
NV101606,2025-11-18,20395,20395,19867.0,2.66,0,17,Retail Sold,2025-12-05,
NV101607,2025-08-14,18195,17595,16576.0,9.77,1,38,Retail Sold,2025-09-21,
NV101608,2025-08-15,22495,21195,21661.0,3.85,2,55,Retail Sold,2025-10-09,
NV101609,2024-06-21,20695,18895,17584.0,17.69,3,148,Retail Sold,2024-11-16,
NV101610,2025-05-31,25595,25595,23628.0,8.33,0,18,Retail Sold,2025-06-18,
NV101611,2026-02-07,16995,15495,16026.0,6.04,3,164,Retail Sold,2026-07-21,
NV101612,2026-08-07,23995,22595,23873.0,0.51,2,43,Retail Sold,2026-09-19,
NV101613,2024-11-18,13395,12195,12121.0,10.51,3,75,Wholesaled,2025-02-01,10375.0
NV101614,2024-11-03,42895,42895,46240.0,-7.23,0,9,Retail Sold,2024-11-12,
NV101615,2025-04-25,24195,24195,26038.0,-7.08,0,5,Retail Sold,2025-04-30,
NV101616,2024-02-09,23895,22495,23659.0,1.0,2,57,Retail Sold,2024-04-06,
NV101617,2026-06-21,15895,15395,15307.0,3.84,1,24,Retail Sold,2026-07-15,
NV101618,2025-07-16,17695,16095,11871.0,49.05,3,200,Retail Sold,2026-02-01,
NV101619,2024-07-26,24395,22995,23946.0,1.88,2,49,Retail Sold,2024-09-13,
NV101620,2025-03-22,14295,12995,12710.0,12.47,3,75,Wholesaled,2025-06-05,10825.0
NV101621,2024-08-15,23195,21195,21367.0,8.55,3,74,Retail Sold,2024-10-28,
NV101622,2026-07-04,16295,14895,14790.0,10.18,3,75,Wholesaled,2026-09-17,12575.0
NV101623,2025-12-28,21095,19795,20699.0,1.91,2,52,Retail Sold,2026-02-18,
NV101624,2025-01-26,21295,19395,20442.0,4.17,3,77,Retail Sold,2025-04-13,
NV101625,2025-10-09,25195,24395,25210.0,-0.06,1,24,Retail Sold,2025-11-02,
NV101626,2024-11-17,30695,30695,31689.0,-3.14,0,16,Retail Sold,2024-12-03,
NV101627,2026-09-16,15895,15895,15379.0,3.35,0,14,Active,,
NV101628,2025-08-16,31095,28395,28464.0,9.24,3,198,Retail Sold,2026-03-02,
NV101629,2026-04-21,24795,24095,24415.0,1.56,1,24,Retail Sold,2026-05-15,
NV101630,2025-12-28,29795,28895,31260.0,-4.69,1,27,Retail Sold,2026-01-24,
NV101631,2025-04-20,18095,16995,16212.0,11.62,2,56,Retail Sold,2025-06-15,
NV101632,2024-06-27,29995,29995,28972.0,3.53,0,15,Retail Sold,2024-07-12,
NV101633,2026-09-03,20895,20295,20085.0,4.03,1,27,Active,,
NV101634,2024-03-14,21095,20495,20751.0,1.66,1,27,Retail Sold,2024-04-10,
NV101635,2025-05-31,23095,23095,23870.0,-3.25,0,12,Retail Sold,2025-06-12,
NV101636,2025-05-26,24595,23095,25143.0,-2.18,2,43,Retail Sold,2025-07-08,
NV101637,2025-04-05,45295,41295,40391.0,12.14,3,100,Retail Sold,2025-07-14,
NV101638,2025-03-07,9995,9095,7463.0,33.93,3,200,Retail Sold,2025-09-23,
NV101639,2026-02-10,24795,22595,24199.0,2.46,3,81,Retail Sold,2026-05-02,
NV101640,2025-06-24,19195,19195,18841.0,1.88,0,19,Retail Sold,2025-07-13,
NV101641,2025-12-27,22495,20495,22584.0,-0.4,3,75,Wholesaled,2026-03-12,20375.0
NV101642,2026-03-19,10795,9895,8375.0,28.89,3,109,Retail Sold,2026-07-06,
NV101643,2026-08-01,11395,10695,10825.0,5.27,2,60,Active,,
NV101644,2024-12-17,32595,32595,32309.0,0.89,0,5,Retail Sold,2024-12-22,
NV101645,2026-05-10,14495,13195,13224.0,9.61,3,75,Wholesaled,2026-07-24,11700.0
NV101646,2026-07-12,15495,14595,14864.0,4.25,2,48,Retail Sold,2026-08-29,
NV101647,2026-09-15,12395,12395,10218.0,21.3,0,15,Active,,
NV101648,2025-11-04,17595,17095,16496.0,6.66,1,31,Retail Sold,2025-12-05,
NV101649,2026-04-27,15195,13895,14211.0,6.92,3,75,Wholesaled,2026-07-11,12525.0
NV101650,2024-04-10,22995,20995,22463.0,2.37,3,63,Retail Sold,2024-06-12,
NV101651,2025-09-16,17495,16995,16398.0,6.69,1,30,Retail Sold,2025-10-16,
NV101652,2024-05-23,28795,28795,31512.0,-8.62,0,12,Retail Sold,2024-06-04,
NV101653,2026-07-26,32495,31495,31373.0,3.58,1,26,Retail Sold,2026-08-21,
NV101654,2026-05-01,35595,34495,33375.0,6.65,1,21,Retail Sold,2026-05-22,
NV101655,2024-05-30,16095,14695,11098.0,45.02,3,75,Wholesaled,2024-08-13,10175.0
NV101656,2025-07-22,21095,20495,19599.0,7.63,1,25,Retail Sold,2025-08-16,
NV101657,2024-12-14,19395,19395,19377.0,0.09,0,19,Retail Sold,2025-01-02,
NV101658,2026-05-13,17195,15695,11292.0,52.28,3,75,Wholesaled,2026-07-27,9925.0
NV101659,2026-07-02,21095,20495,21119.0,-0.11,1,33,Retail Sold,2026-08-04,
NV101660,2025-12-17,34295,34295,33746.0,1.63,0,20,Retail Sold,2026-01-06,
NV101661,2025-09-06,14995,13695,14066.0,6.6,3,200,Retail Sold,2026-03-25,
NV101662,2025-07-26,36395,34195,35309.0,3.08,2,53,Retail Sold,2025-09-17,
NV101663,2026-07-29,17495,16995,17322.0,1.0,1,31,Retail Sold,2026-08-29,
NV101664,2025-05-13,18295,17695,18331.0,-0.19,1,31,Retail Sold,2025-06-13,
NV101665,2025-08-17,17995,16395,15995.0,12.51,3,75,Wholesaled,2025-10-31,13525.0
NV101666,2026-06-26,18495,17895,18153.0,1.88,1,37,Retail Sold,2026-08-02,
NV101667,2024-05-04,18795,18195,17963.0,4.63,1,22,Retail Sold,2024-05-26,
NV101668,2025-07-22,19695,19095,19623.0,0.37,1,23,Retail Sold,2025-08-14,
NV101669,2026-06-20,14295,13895,13856.0,3.17,1,31,Retail Sold,2026-07-21,
NV101670,2025-05-22,23495,23495,23428.0,0.28,0,9,Retail Sold,2025-05-31,
NV101671,2026-03-23,29195,27495,28410.0,2.76,2,43,Retail Sold,2026-05-05,
NV101672,2024-12-22,18295,18295,18276.0,0.1,0,12,Retail Sold,2025-01-03,
NV101673,2024-12-13,19495,17795,18267.0,6.72,3,116,Retail Sold,2025-04-08,
NV101674,2025-03-27,12895,11795,10840.0,18.96,3,200,Retail Sold,2025-10-13,
NV101675,2026-08-09,34995,34995,36261.0,-3.49,0,14,Retail Sold,2026-08-23,
NV101676,2025-08-20,18495,16895,17406.0,6.25,3,73,Retail Sold,2025-11-01,
NV101677,2025-01-09,15795,14395,15200.0,3.91,3,75,Wholesaled,2025-03-25,13150.0
NV101678,2025-09-15,13695,12495,10903.0,25.61,3,75,Wholesaled,2025-11-29,9500.0
NV101679,2026-09-12,14295,14295,13071.0,9.37,0,18,Active,,
NV101680,2025-06-14,18995,18395,17797.0,6.73,1,39,Retail Sold,2025-07-23,
NV101681,2026-07-10,15795,14395,15110.0,4.53,3,82,Active,,
NV101682,2025-07-08,25895,23595,25556.0,1.33,3,131,Retail Sold,2025-11-16,
NV101683,2025-07-30,26795,25995,26212.0,2.22,1,33,Retail Sold,2025-09-01,
NV101684,2024-11-18,22295,22295,22650.0,-1.57,0,17,Retail Sold,2024-12-05,
NV101685,2025-04-23,24495,23795,23535.0,4.08,1,36,Retail Sold,2025-05-29,
NV101686,2026-03-22,28295,27395,28142.0,0.54,1,32,Retail Sold,2026-04-23,
NV101687,2024-05-08,23995,23995,24860.0,-3.48,0,11,Retail Sold,2024-05-19,
NV101688,2024-04-18,35395,35395,36628.0,-3.37,0,20,Retail Sold,2024-05-08,
NV101689,2024-02-12,31395,30495,33351.0,-5.87,1,33,Retail Sold,2024-03-16,
NV101690,2026-03-01,17295,15795,16128.0,7.23,3,98,Retail Sold,2026-06-07,
NV101691,2025-10-01,20695,20095,20551.0,0.7,1,41,Retail Sold,2025-11-11,
NV101692,2026-01-03,29295,28395,30037.0,-2.47,1,34,Retail Sold,2026-02-06,
NV101693,2025-08-03,19395,18795,19052.0,1.8,1,36,Retail Sold,2025-09-08,
NV101694,2025-10-04,21295,21295,21542.0,-1.15,0,13,Retail Sold,2025-10-17,
NV101695,2025-07-06,28495,27595,31297.0,-8.95,1,22,Retail Sold,2025-07-28,
NV101696,2026-07-25,25695,25695,25387.0,1.21,0,16,Retail Sold,2026-08-10,
NV101697,2025-09-20,21595,21595,21658.0,-0.29,0,10,Retail Sold,2025-09-30,
NV101698,2024-04-11,20995,19795,18884.0,11.18,2,43,Retail Sold,2024-05-24,
NV101699,2025-09-11,21995,20095,21674.0,1.48,3,75,Wholesaled,2025-11-25,18700.0
NV101700,2024-07-22,48095,46695,47707.0,0.81,1,26,Retail Sold,2024-08-17,
NV101701,2026-05-06,14495,13195,12267.0,18.16,3,147,Active,,
NV101702,2026-07-24,13295,12095,11474.0,15.87,3,68,Active,,
NV101703,2025-11-01,14695,13395,13741.0,6.94,3,146,Retail Sold,2026-03-27,
NV101704,2024-11-08,25395,24595,24941.0,1.82,1,35,Retail Sold,2024-12-13,
NV101705,2026-08-15,33495,31495,30166.0,11.03,2,46,Active,,
NV101706,2024-02-09,20295,19095,18749.0,8.25,2,45,Retail Sold,2024-03-25,
NV101707,2025-02-02,23195,22495,23966.0,-3.22,1,25,Retail Sold,2025-02-27,
NV101708,2026-06-21,23895,23195,23768.0,0.53,1,25,Retail Sold,2026-07-16,
NV101709,2026-06-26,9595,8795,9011.0,6.48,3,74,Retail Sold,2026-09-08,
NV101710,2026-04-12,23695,23695,23732.0,-0.16,0,11,Retail Sold,2026-04-23,
NV101711,2026-01-22,29895,28095,28569.0,4.64,2,50,Retail Sold,2026-03-13,
NV101712,2025-10-07,29495,29495,31568.0,-6.57,0,14,Retail Sold,2025-10-21,
NV101713,2025-11-14,17295,16295,16265.0,6.33,2,57,Retail Sold,2026-01-10,
NV101714,2024-10-13,21595,21595,22140.0,-2.46,0,18,Retail Sold,2024-10-31,
NV101715,2026-04-25,19695,19095,19663.0,0.16,1,40,Retail Sold,2026-06-04,
NV101716,2025-06-25,29695,28795,30394.0,-2.3,1,28,Retail Sold,2025-07-23,
NV101717,2026-05-31,19995,19995,21773.0,-8.17,0,10,Retail Sold,2026-06-10,
NV101718,2026-02-03,10295,9395,7151.0,43.97,3,75,Wholesaled,2026-04-19,6300.0
NV101719,2025-02-24,22195,20295,22089.0,0.48,3,85,Retail Sold,2025-05-20,
NV101720,2025-04-02,25895,25895,26410.0,-1.95,0,14,Retail Sold,2025-04-16,
NV101721,2026-05-27,13395,12195,8835.0,51.62,3,75,Wholesaled,2026-08-10,7425.0
NV101722,2025-07-19,20695,18895,19428.0,6.52,3,86,Retail Sold,2025-10-13,
NV101723,2025-07-15,14395,13095,12111.0,18.86,3,75,Wholesaled,2025-09-28,10575.0
NV101724,2025-10-07,15895,14995,14851.0,7.03,2,61,Retail Sold,2025-12-07,
NV101725,2025-08-28,17395,15895,16079.0,8.18,3,63,Retail Sold,2025-10-30,
NV101726,2026-04-07,21795,21795,20952.0,4.02,0,20,Retail Sold,2026-04-27,
NV101727,2026-07-25,12895,12495,13515.0,-4.59,1,26,Retail Sold,2026-08-20,
NV101728,2026-04-08,21695,21695,20782.0,4.39,0,16,Retail Sold,2026-04-24,
NV101729,2025-05-20,13495,12695,12725.0,6.05,2,45,Retail Sold,2025-07-04,
NV101730,2025-06-01,13095,13095,12759.0,2.63,0,16,Retail Sold,2025-06-17,
NV101731,2026-04-07,10795,9895,9987.0,8.09,3,75,Wholesaled,2026-06-21,8500.0
NV101732,2025-03-06,21295,20695,20303.0,4.89,1,37,Retail Sold,2025-04-12,
NV101733,2025-01-26,41995,40695,40609.0,3.41,1,36,Retail Sold,2025-03-03,
NV101734,2024-04-28,19895,18695,19176.0,3.75,2,60,Retail Sold,2024-06-27,
NV101735,2025-01-14,22995,20995,22900.0,0.42,3,70,Retail Sold,2025-03-25,
NV101736,2026-07-11,23395,22695,23493.0,-0.42,1,33,Retail Sold,2026-08-13,
NV101737,2024-08-17,26595,26595,26656.0,-0.23,0,18,Retail Sold,2024-09-04,
NV101738,2026-01-12,18395,17795,17161.0,7.19,1,36,Retail Sold,2026-02-17,
NV101739,2024-04-14,22395,21695,21755.0,2.94,1,41,Retail Sold,2024-05-25,
NV101740,2026-07-05,19095,17995,19930.0,-4.19,2,44,Retail Sold,2026-08-18,
NV101741,2026-08-19,23795,22395,23857.0,-0.26,2,42,Active,,
NV101742,2025-11-02,18195,17595,17855.0,1.91,1,21,Retail Sold,2025-11-23,
NV101743,2025-10-09,38395,38395,39000.0,-1.55,0,14,Retail Sold,2025-10-23,
NV101744,2025-05-05,14895,13595,13043.0,14.2,3,75,Wholesaled,2025-07-19,10400.0
NV101745,2024-07-02,35395,35395,33500.0,5.66,0,16,Retail Sold,2024-07-18,
NV101746,2024-09-25,49895,46895,49584.0,0.63,2,55,Retail Sold,2024-11-19,
NV101747,2025-04-21,38795,38795,39381.0,-1.49,0,19,Retail Sold,2025-05-10,
NV101748,2026-07-14,10395,9495,9546.0,8.89,3,75,Wholesaled,2026-09-27,8025.0
NV101749,2026-08-12,29795,29795,30975.0,-3.81,0,18,Retail Sold,2026-08-30,
NV101750,2026-01-09,20895,19095,20061.0,4.16,3,70,Retail Sold,2026-03-20,
NV101751,2025-12-02,24495,22995,22806.0,7.41,2,55,Retail Sold,2026-01-26,
NV101752,2025-12-23,28495,26795,28052.0,1.58,2,54,Retail Sold,2026-02-15,
NV101753,2024-03-26,16395,14995,11506.0,42.49,3,200,Retail Sold,2024-10-12,
NV101754,2026-03-15,26395,26395,26411.0,-0.06,0,9,Retail Sold,2026-03-24,
NV101755,2024-07-14,21795,20495,20772.0,4.92,2,44,Retail Sold,2024-08-27,
NV101756,2026-07-04,14395,13095,13321.0,8.06,3,75,Wholesaled,2026-09-17,11375.0
NV101757,2026-08-28,21995,21295,22040.0,-0.2,1,22,Retail Sold,2026-09-19,
NV101758,2025-08-30,17095,16595,16208.0,5.48,1,35,Retail Sold,2025-10-04,
NV101759,2026-08-29,12995,12595,8935.0,45.44,1,32,Active,,
NV101760,2026-08-16,16095,15095,14392.0,11.83,2,45,Retail Sold,2026-09-30,
NV101761,2026-04-01,30695,30695,30630.0,0.21,0,18,Retail Sold,2026-04-19,
NV101762,2026-04-17,15495,14095,13005.0,19.15,3,166,Active,,
NV101763,2026-08-15,19095,18495,18577.0,2.79,1,26,Retail Sold,2026-09-10,
NV101764,2024-10-09,11295,10295,8437.0,33.87,3,200,Retail Sold,2025-04-27,
NV101765,2026-05-11,10595,9695,7366.0,43.83,3,75,Wholesaled,2026-07-25,6325.0
NV101766,2026-08-08,20795,19595,20583.0,1.03,2,53,Active,,
NV101767,2026-06-04,21095,20495,20440.0,3.21,1,28,Retail Sold,2026-07-02,
NV101768,2025-10-28,24195,24195,25290.0,-4.33,0,18,Retail Sold,2025-11-15,
NV101769,2026-05-25,30195,28395,28234.0,6.94,2,59,Retail Sold,2026-07-23,
NV101770,2026-02-11,25395,23895,25543.0,-0.58,2,44,Retail Sold,2026-03-27,
NV101771,2024-06-16,14495,13195,12104.0,19.76,3,75,Wholesaled,2024-08-30,10700.0
NV101772,2025-09-13,15995,14995,15616.0,2.43,2,59,Retail Sold,2025-11-11,
NV101773,2025-03-31,27095,25495,26425.0,2.54,2,51,Retail Sold,2025-05-21,
NV101774,2025-02-05,13395,12995,12515.0,7.04,1,37,Retail Sold,2025-03-14,
NV101775,2026-03-23,24795,24795,27239.0,-8.97,0,2,Retail Sold,2026-03-25,
NV101776,2026-02-04,20295,19695,20377.0,-0.4,1,34,Retail Sold,2026-03-10,
NV101777,2024-02-19,21395,21395,22247.0,-3.83,0,6,Retail Sold,2024-02-25,
NV101778,2024-06-05,34595,33595,32869.0,5.25,1,40,Retail Sold,2024-07-15,
NV101779,2026-06-05,22695,21995,21554.0,5.29,1,33,Retail Sold,2026-07-08,
NV101780,2025-01-22,18795,17695,18590.0,1.1,2,52,Retail Sold,2025-03-15,
NV101781,2024-07-29,13495,12295,12612.0,7.0,3,75,Wholesaled,2024-10-12,10925.0
NV101782,2025-03-26,22895,22195,21754.0,5.25,1,31,Retail Sold,2025-04-26,
NV101783,2026-07-08,20595,19995,19668.0,4.71,1,21,Retail Sold,2026-07-29,
NV101784,2026-04-06,23895,21795,23538.0,1.52,3,75,Wholesaled,2026-06-20,19425.0
NV101785,2024-04-26,23595,23595,24724.0,-4.57,0,13,Retail Sold,2024-05-09,
NV101786,2024-08-24,29795,29795,31436.0,-5.22,0,16,Retail Sold,2024-09-09,
NV101787,2026-01-19,22695,20695,21846.0,3.88,3,89,Retail Sold,2026-04-18,
NV101788,2025-04-20,23295,22595,21861.0,6.56,1,41,Retail Sold,2025-05-31,
NV101789,2025-05-13,13195,11995,12304.0,7.24,3,67,Retail Sold,2025-07-19,
NV101790,2026-05-31,24395,22295,23377.0,4.35,3,96,Retail Sold,2026-09-04,
NV101791,2025-06-21,27495,27495,25893.0,6.19,0,12,Retail Sold,2025-07-03,
NV101792,2024-07-06,16495,15095,14950.0,10.34,3,67,Retail Sold,2024-09-11,
NV101793,2025-06-22,25295,24495,25469.0,-0.68,1,21,Retail Sold,2025-07-13,
NV101794,2024-11-01,25795,24995,26952.0,-4.29,1,26,Retail Sold,2024-11-27,
NV101795,2025-04-27,28395,27495,26779.0,6.03,1,23,Retail Sold,2025-05-20,
NV101796,2025-06-12,18295,18295,18580.0,-1.53,0,17,Retail Sold,2025-06-29,
NV101797,2024-01-20,19595,18995,18817.0,4.14,1,38,Retail Sold,2024-02-27,
NV101798,2024-03-11,13195,12795,12364.0,6.73,1,34,Retail Sold,2024-04-14,
NV101799,2026-05-30,14995,14495,14158.0,5.92,1,36,Retail Sold,2026-07-05,
NV101800,2024-11-30,16495,15095,15126.0,9.05,3,75,Wholesaled,2025-02-13,12525.0
NV101801,2026-05-03,16895,15395,15613.0,8.21,3,66,Retail Sold,2026-07-08,
NV101802,2026-05-24,13095,11995,11805.0,10.92,3,64,Retail Sold,2026-07-27,
NV101803,2026-07-15,43395,40795,40934.0,6.01,2,44,Retail Sold,2026-08-28,
NV101804,2026-01-30,29795,27195,28788.0,3.5,3,147,Retail Sold,2026-06-26,
NV101805,2024-04-18,19995,18195,19845.0,0.75,3,75,Wholesaled,2024-07-02,17200.0
NV101806,2024-12-18,17695,16095,13134.0,34.73,3,200,Retail Sold,2025-07-06,
NV101807,2025-03-16,11295,10295,9126.0,23.76,3,75,Wholesaled,2025-05-30,8175.0
NV101808,2025-11-28,12795,11695,13048.0,-1.94,3,73,Retail Sold,2026-02-09,
NV101809,2026-06-17,14595,14595,14164.0,3.04,0,12,Retail Sold,2026-06-29,
NV101810,2024-10-12,16895,16895,16988.0,-0.55,0,17,Retail Sold,2024-10-29,
NV101811,2025-05-15,30395,30395,30859.0,-1.5,0,10,Retail Sold,2025-05-25,
NV101812,2025-09-29,33695,32695,32762.0,2.85,1,23,Retail Sold,2025-10-22,
NV101813,2025-06-22,17695,17195,18152.0,-2.52,1,36,Retail Sold,2025-07-28,
NV101814,2026-03-12,21395,19495,18765.0,14.02,3,75,Wholesaled,2026-05-26,16050.0
NV101815,2026-09-09,18895,18295,17929.0,5.39,1,21,Active,,
NV101816,2025-01-31,19195,18095,19049.0,0.77,2,43,Retail Sold,2025-03-15,
NV101817,2026-03-12,25095,22895,22108.0,13.51,3,95,Retail Sold,2026-06-15,
NV101818,2024-12-24,22395,21095,23042.0,-2.81,2,46,Retail Sold,2025-02-08,
NV101819,2024-07-22,14095,13695,14144.0,-0.34,1,23,Retail Sold,2024-08-14,
NV101820,2026-05-15,13695,13695,13211.0,3.67,0,11,Retail Sold,2026-05-26,
NV101821,2025-03-27,23695,23695,23708.0,-0.05,0,16,Retail Sold,2025-04-12,
NV101822,2024-08-17,18295,18295,18684.0,-2.08,0,14,Retail Sold,2024-08-31,
NV101823,2026-03-07,25995,23695,24547.0,5.9,3,75,Wholesaled,2026-05-21,20225.0
NV101824,2024-09-15,14695,14295,14964.0,-1.8,1,22,Retail Sold,2024-10-07,
NV101825,2025-04-03,22395,21095,20699.0,8.19,2,49,Retail Sold,2025-05-22,
NV101826,2024-11-28,17795,17295,16844.0,5.65,1,31,Retail Sold,2024-12-29,
NV101827,2025-12-11,22995,22295,22926.0,0.3,1,25,Retail Sold,2026-01-05,
NV101828,2026-09-03,11295,10995,5338.0,111.58,1,27,Active,,
NV101829,2025-02-02,15095,14195,14357.0,5.14,2,44,Retail Sold,2025-03-18,
NV101830,2025-10-28,30695,29795,30260.0,1.44,1,37,Retail Sold,2025-12-04,
NV101831,2026-05-17,22195,21495,21363.0,3.9,1,34,Retail Sold,2026-06-20,
NV101832,2025-05-02,13595,12395,9021.0,50.71,3,75,Wholesaled,2025-07-16,7675.0
NV101833,2026-06-28,16395,16395,17009.0,-3.61,0,13,Retail Sold,2026-07-11,
NV101834,2024-03-03,23395,21995,21400.0,9.32,2,59,Retail Sold,2024-05-01,
NV101835,2024-08-27,14695,13395,12690.0,15.8,3,75,Wholesaled,2024-11-10,11000.0
NV101836,2025-04-13,21195,21195,21263.0,-0.32,0,10,Retail Sold,2025-04-23,
NV101837,2026-04-24,19195,18095,18328.0,4.73,2,54,Retail Sold,2026-06-17,
NV101838,2025-06-16,29695,29695,29525.0,0.58,0,18,Retail Sold,2025-07-04,
NV101839,2026-05-28,10495,9595,8687.0,20.81,3,125,Active,,
NV101840,2026-01-18,21295,19995,20871.0,2.03,2,49,Retail Sold,2026-03-08,
NV101841,2025-09-02,13395,12995,13266.0,0.98,1,28,Retail Sold,2025-09-30,
NV101842,2025-06-09,28395,27495,25921.0,9.54,1,41,Retail Sold,2025-07-20,
NV101843,2025-03-21,30395,29495,29089.0,4.49,1,35,Retail Sold,2025-04-25,
NV101844,2026-03-19,30095,27495,28495.0,5.62,3,76,Retail Sold,2026-06-03,
NV101845,2026-03-05,37995,37995,39639.0,-4.15,0,11,Retail Sold,2026-03-16,
NV101846,2025-04-19,44995,42295,43525.0,3.38,2,43,Retail Sold,2025-06-01,
NV101847,2026-08-27,13195,12795,9300.0,41.89,1,34,Active,,
NV101848,2026-05-29,14395,13095,12370.0,16.37,3,124,Active,,
NV101849,2024-10-08,38695,38695,40013.0,-3.29,0,17,Retail Sold,2024-10-25,
NV101850,2026-08-09,23395,22695,22965.0,1.87,1,29,Retail Sold,2026-09-07,
NV101851,2026-01-19,14395,13995,14269.0,0.88,1,22,Retail Sold,2026-02-10,
NV101852,2026-03-27,19195,19195,18620.0,3.09,0,10,Retail Sold,2026-04-06,
NV101853,2024-05-26,11795,11095,11056.0,6.68,2,47,Retail Sold,2024-07-12,
NV101854,2025-05-19,15895,15395,15581.0,2.02,1,37,Retail Sold,2025-06-25,
NV101855,2024-03-02,13995,12795,12851.0,8.9,3,123,Retail Sold,2024-07-03,
NV101856,2024-11-17,22995,22995,25008.0,-8.05,0,14,Retail Sold,2024-12-01,
NV101857,2026-08-10,19795,18595,19227.0,2.95,2,51,Active,,
NV101858,2026-05-21,13595,12395,12178.0,11.64,3,93,Retail Sold,2026-08-22,
NV101859,2025-09-23,13495,12295,13453.0,0.31,3,64,Retail Sold,2025-11-26,
NV101860,2025-10-06,30195,27595,30124.0,0.24,3,69,Retail Sold,2025-12-14,
NV101861,2025-06-21,27895,27895,26715.0,4.42,0,18,Retail Sold,2025-07-09,
NV101862,2025-05-15,10395,9495,8453.0,22.98,3,75,Wholesaled,2025-07-29,7200.0
NV101863,2026-05-13,13095,12295,12458.0,5.12,2,44,Retail Sold,2026-06-26,
NV101864,2025-06-22,36295,35195,33926.0,6.98,1,23,Retail Sold,2025-07-15,
NV101865,2026-03-20,12895,11795,12508.0,3.09,3,126,Retail Sold,2026-07-24,
NV101866,2025-09-08,12295,11595,11226.0,9.52,2,60,Retail Sold,2025-11-07,
NV101867,2026-01-22,24195,23495,24405.0,-0.86,1,21,Retail Sold,2026-02-12,
NV101868,2026-01-26,23395,23395,22803.0,2.6,0,15,Retail Sold,2026-02-10,
NV101869,2026-03-11,12495,11395,9439.0,32.38,3,200,Retail Sold,2026-09-27,
NV101870,2025-12-02,15495,14095,12693.0,22.07,3,200,Retail Sold,2026-06-20,
NV101871,2025-11-16,15395,14095,13888.0,10.85,3,124,Retail Sold,2026-03-20,
NV101872,2026-04-30,19295,18695,19517.0,-1.14,1,37,Retail Sold,2026-06-06,
NV101873,2025-09-11,22995,21595,21980.0,4.62,2,51,Retail Sold,2025-11-01,
NV101874,2024-02-29,19895,18195,18180.0,9.43,3,68,Retail Sold,2024-05-07,
NV101875,2024-10-11,14495,14095,14672.0,-1.21,1,32,Retail Sold,2024-11-12,
NV101876,2025-06-08,15995,15495,15507.0,3.15,1,22,Retail Sold,2025-06-30,
NV101877,2026-05-15,29395,29395,30943.0,-5.0,0,15,Retail Sold,2026-05-30,
NV101878,2026-05-15,22595,21895,22805.0,-0.92,1,39,Retail Sold,2026-06-23,
NV101879,2025-01-26,19295,18195,18537.0,4.09,2,57,Retail Sold,2025-03-24,
NV101880,2024-07-25,30195,28395,28733.0,5.09,2,51,Retail Sold,2024-09-14,
NV101881,2026-03-15,36795,33595,37213.0,-1.12,3,75,Wholesaled,2026-05-29,31600.0
NV101882,2026-05-20,23795,23795,23897.0,-0.43,0,18,Retail Sold,2026-06-07,
NV101883,2026-05-31,15595,15595,15730.0,-0.86,0,14,Retail Sold,2026-06-14,
NV101884,2026-05-24,14195,12995,12873.0,10.27,3,129,Active,,
NV101885,2026-01-23,11495,10495,7163.0,60.49,3,200,Retail Sold,2026-08-11,
NV101886,2026-07-23,13995,12795,13431.0,4.2,3,64,Retail Sold,2026-09-25,
NV101887,2026-01-12,17695,17195,17440.0,1.46,1,25,Retail Sold,2026-02-06,
NV101888,2025-08-17,23495,22795,22131.0,6.16,1,40,Retail Sold,2025-09-26,
NV101889,2025-05-21,19495,19495,20571.0,-5.23,0,6,Retail Sold,2025-05-27,
NV101890,2025-07-14,20895,20295,20464.0,2.11,1,32,Retail Sold,2025-08-15,
NV101891,2025-11-24,47195,47195,46469.0,1.56,0,13,Retail Sold,2025-12-07,
NV101892,2026-01-17,12395,11695,12300.0,0.77,2,59,Retail Sold,2026-03-17,
NV101893,2025-05-11,50995,49495,52040.0,-2.01,1,32,Retail Sold,2025-06-12,
NV101894,2024-07-06,16295,15295,15677.0,3.94,2,53,Retail Sold,2024-08-28,
NV101895,2026-03-30,30795,29895,32891.0,-6.37,1,22,Retail Sold,2026-04-21,
NV101896,2024-10-21,15695,14295,12385.0,26.73,3,200,Retail Sold,2025-05-09,
NV101897,2024-11-12,15595,15095,15849.0,-1.6,1,28,Retail Sold,2024-12-10,
NV101898,2024-05-05,30695,28895,29271.0,4.87,2,43,Retail Sold,2024-06-17,
NV101899,2025-11-04,25995,25195,25423.0,2.25,1,30,Retail Sold,2025-12-04,
NV101900,2024-01-21,18095,17595,18402.0,-1.67,1,24,Retail Sold,2024-02-14,
NV101901,2024-11-26,14395,14395,15676.0,-8.17,0,9,Retail Sold,2024-12-05,
NV101902,2025-01-18,18795,17195,16758.0,12.15,3,75,Wholesaled,2025-04-03,14425.0
NV101903,2025-03-05,34195,33195,34099.0,0.28,1,33,Retail Sold,2025-04-07,
NV101904,2025-05-11,17995,17495,17298.0,4.03,1,33,Retail Sold,2025-06-13,
NV101905,2024-11-21,11495,10495,9535.0,20.55,3,109,Retail Sold,2025-03-10,
NV101906,2025-03-22,30995,29195,30501.0,1.62,2,56,Retail Sold,2025-05-17,
NV101907,2026-01-25,12395,11295,9936.0,24.75,3,75,Wholesaled,2026-04-10,8375.0
NV101908,2025-11-01,17395,15895,16631.0,4.6,3,92,Retail Sold,2026-02-01,
NV101909,2025-06-04,17095,16595,17622.0,-2.99,1,39,Retail Sold,2025-07-13,
NV101910,2026-04-10,16095,14695,13778.0,16.82,3,75,Wholesaled,2026-06-24,11725.0
NV101911,2025-01-28,22895,20895,20182.0,13.44,3,75,Wholesaled,2025-04-13,17725.0
NV101912,2026-01-03,23395,22695,23728.0,-1.4,1,36,Retail Sold,2026-02-08,
NV101913,2026-02-23,39395,35995,37309.0,5.59,3,75,Wholesaled,2026-05-09,29625.0
NV101914,2025-06-01,25795,24995,24968.0,3.31,1,23,Retail Sold,2025-06-24,
NV101915,2025-09-06,11095,10095,7522.0,47.49,3,200,Retail Sold,2026-03-25,
NV101916,2025-10-03,24795,23295,22675.0,9.35,2,59,Retail Sold,2025-12-01,
NV101917,2026-07-05,16795,15795,15404.0,9.03,2,52,Retail Sold,2026-08-26,
NV101918,2024-11-08,14295,13895,14192.0,0.73,1,31,Retail Sold,2024-12-09,
NV101919,2025-06-30,20495,19895,19307.0,6.16,1,32,Retail Sold,2025-08-01,
NV101920,2025-08-22,34995,34995,38439.0,-8.96,0,6,Retail Sold,2025-08-28,
NV101921,2024-06-11,38095,34795,34110.0,11.68,3,87,Retail Sold,2024-09-06,
NV101922,2024-11-28,18695,18095,18347.0,1.9,1,25,Retail Sold,2024-12-23,
NV101923,2025-10-24,32395,31395,30415.0,6.51,1,24,Retail Sold,2025-11-17,
NV101924,2024-08-02,30495,28695,29563.0,3.15,2,44,Retail Sold,2024-09-15,
NV101925,2025-04-13,18995,17295,16074.0,18.17,3,147,Retail Sold,2025-09-07,
NV101926,2026-05-15,18095,18095,16479.0,9.81,0,17,Retail Sold,2026-06-01,
NV101927,2026-03-21,15995,14595,12897.0,24.02,3,193,Active,,
NV101928,2024-03-28,16995,16995,18229.0,-6.77,0,9,Retail Sold,2024-04-06,
NV101929,2026-01-29,12395,11295,11076.0,11.91,3,75,Wholesaled,2026-04-14,9300.0
NV101930,2024-11-03,17995,17495,18135.0,-0.77,1,29,Retail Sold,2024-12-02,
NV101931,2024-12-17,27795,25395,24765.0,12.23,3,75,Wholesaled,2025-03-02,21175.0
NV101932,2025-07-08,10595,9995,10069.0,5.23,2,55,Retail Sold,2025-09-01,
NV101933,2025-07-01,11895,10895,10564.0,12.6,3,194,Retail Sold,2026-01-11,
NV101934,2026-08-23,9595,9295,7935.0,20.92,1,38,Active,,
NV101935,2025-02-06,27895,27895,28227.0,-1.18,0,8,Retail Sold,2025-02-14,
NV101936,2026-02-15,12695,11595,8396.0,51.21,3,75,Wholesaled,2026-05-01,7100.0
NV101937,2026-04-17,34895,34895,35456.0,-1.58,0,17,Retail Sold,2026-05-04,
NV101938,2024-01-19,25595,24795,25778.0,-0.71,1,23,Retail Sold,2024-02-11,
NV101939,2025-09-05,54395,54395,52203.0,4.2,0,20,Retail Sold,2025-09-25,
NV101940,2025-04-06,26795,25995,25999.0,3.06,1,24,Retail Sold,2025-04-30,
NV101941,2025-04-11,27195,24795,25229.0,7.79,3,75,Wholesaled,2025-06-25,21475.0
NV101942,2024-10-09,29795,28895,28400.0,4.91,1,29,Retail Sold,2024-11-07,
NV101943,2025-07-09,48795,45895,45064.0,8.28,2,61,Retail Sold,2025-09-08,
NV101944,2026-08-02,20395,19195,20290.0,0.52,2,48,Retail Sold,2026-09-19,
NV101945,2025-12-30,13995,12795,12064.0,16.0,3,200,Retail Sold,2026-07-18,
NV101946,2024-03-04,30095,28295,28372.0,6.07,2,62,Retail Sold,2024-05-05,
NV101947,2024-08-15,23095,21695,22104.0,4.48,2,58,Retail Sold,2024-10-12,
NV101948,2026-01-24,13095,11995,12699.0,3.11,3,122,Retail Sold,2026-05-26,
NV101949,2024-03-05,11295,10295,9124.0,23.79,3,157,Retail Sold,2024-08-09,
NV101950,2025-06-03,16495,15095,15089.0,9.32,3,75,Wholesaled,2025-08-17,13450.0
NV101951,2025-07-02,11095,10095,6913.0,60.49,3,75,Wholesaled,2025-09-15,6075.0
NV101952,2026-06-01,23995,21895,23307.0,2.95,3,66,Retail Sold,2026-08-06,
NV101953,2025-12-16,16695,16195,16848.0,-0.91,1,37,Retail Sold,2026-01-22,
NV101954,2025-04-26,16895,16395,17172.0,-1.62,1,23,Retail Sold,2025-05-19,
NV101955,2024-05-01,13495,12295,11109.0,21.47,3,111,Retail Sold,2024-08-20,
NV101956,2026-08-01,20595,19995,19038.0,8.18,1,32,Retail Sold,2026-09-02,
NV101957,2025-11-13,15895,15395,14965.0,6.21,1,37,Retail Sold,2025-12-20,
NV101958,2026-05-02,21195,19295,18331.0,15.62,3,148,Retail Sold,2026-09-27,
NV101959,2025-04-07,13895,12695,12674.0,9.63,3,75,Wholesaled,2025-06-21,11125.0
NV101960,2024-08-07,14495,13195,11743.0,23.43,3,75,Wholesaled,2024-10-21,10300.0
NV101961,2025-04-22,50895,49395,50012.0,1.76,1,24,Retail Sold,2025-05-16,
NV101962,2024-12-22,14595,14195,14255.0,2.39,1,33,Retail Sold,2025-01-24,
NV101963,2024-10-25,45495,42795,43154.0,5.43,2,61,Retail Sold,2024-12-25,
NV101964,2026-05-27,12595,11495,7186.0,75.28,3,126,Active,,
NV101965,2025-06-14,13795,13395,13981.0,-1.33,1,34,Retail Sold,2025-07-18,
NV101966,2025-03-16,13795,13395,13979.0,-1.32,1,22,Retail Sold,2025-04-07,
NV101967,2025-10-03,12595,11495,10799.0,16.63,3,200,Retail Sold,2026-04-21,
NV101968,2026-09-13,15195,15195,14307.0,6.21,0,17,Active,,
NV101969,2024-09-12,25695,25695,28052.0,-8.4,0,10,Retail Sold,2024-09-22,
NV101970,2026-07-24,12695,11595,11050.0,14.89,3,68,Active,,
NV101971,2025-11-02,16395,15395,17471.0,-6.16,2,56,Retail Sold,2025-12-28,
NV101972,2025-07-11,20295,19695,21063.0,-3.65,1,26,Retail Sold,2025-08-06,
NV101973,2025-06-05,10395,9495,8430.0,23.3,3,75,Wholesaled,2025-08-19,7225.0
NV101974,2025-02-05,35095,31995,34669.0,1.23,3,77,Retail Sold,2025-04-23,
NV101975,2026-07-09,19095,17395,16271.0,17.36,3,75,Wholesaled,2026-09-22,13625.0
NV101976,2026-04-23,20195,19595,19485.0,3.64,1,35,Retail Sold,2026-05-28,
NV101977,2024-03-01,42695,38995,41096.0,3.89,3,75,Wholesaled,2024-05-15,35900.0
NV101978,2024-12-19,19095,18495,17446.0,9.45,1,29,Retail Sold,2025-01-17,
NV101979,2025-05-14,24395,24395,26549.0,-8.11,0,16,Retail Sold,2025-05-30,
NV101980,2025-07-06,16695,15695,16616.0,0.48,2,53,Retail Sold,2025-08-28,
NV101981,2024-03-20,28395,27495,28099.0,1.05,1,30,Retail Sold,2024-04-19,
NV101982,2026-08-17,19595,18395,17740.0,10.46,2,44,Active,,
NV101983,2026-03-10,20695,19495,19132.0,8.17,2,55,Retail Sold,2026-05-04,
NV101984,2025-06-01,32895,32895,31601.0,4.09,0,14,Retail Sold,2025-06-15,
NV101985,2025-03-04,38295,37095,41339.0,-7.36,1,26,Retail Sold,2025-03-30,
NV101986,2026-07-14,22395,20395,22737.0,-1.5,3,78,Active,,
NV101987,2026-09-14,18295,18295,17829.0,2.61,0,16,Active,,
NV101988,2026-06-10,15295,14395,14685.0,4.16,2,42,Retail Sold,2026-07-22,
NV101989,2024-05-19,21595,20895,21202.0,1.85,1,37,Retail Sold,2024-06-25,
NV101990,2025-10-02,32795,31795,31996.0,2.5,1,27,Retail Sold,2025-10-29,
NV101991,2025-05-05,24495,22395,24068.0,1.77,3,73,Retail Sold,2025-07-17,
NV101992,2025-04-06,35995,35995,35436.0,1.58,0,17,Retail Sold,2025-04-23,
NV101993,2026-01-02,17195,16195,16314.0,5.4,2,44,Retail Sold,2026-02-15,
NV101994,2025-04-15,34295,32295,35495.0,-3.38,2,49,Retail Sold,2025-06-03,
NV101995,2024-09-20,35495,33395,35786.0,-0.81,2,45,Retail Sold,2024-11-04,
NV101996,2024-10-14,25095,24295,24965.0,0.52,1,34,Retail Sold,2024-11-17,
NV101997,2024-07-08,24195,23495,23525.0,2.85,1,30,Retail Sold,2024-08-07,
NV101998,2025-09-06,9195,8395,7552.0,21.76,3,200,Retail Sold,2026-03-25,
NV101999,2025-07-23,21795,21095,23071.0,-5.53,1,21,Retail Sold,2025-08-13,
NV102000,2026-07-02,16295,14895,15105.0,7.88,3,75,Wholesaled,2026-09-15,13300.0
NV102001,2026-09-03,21595,21595,22478.0,-3.93,0,17,Retail Sold,2026-09-20,
NV102002,2025-04-27,43595,42295,41399.0,5.3,1,31,Retail Sold,2025-05-28,
NV102003,2025-02-18,15495,14095,12053.0,28.56,3,200,Retail Sold,2025-09-06,
NV102004,2026-04-13,27895,26195,25799.0,8.12,2,43,Retail Sold,2026-05-26,
NV102005,2026-07-09,11995,10895,10833.0,10.73,3,75,Wholesaled,2026-09-22,9150.0
NV102006,2026-02-25,33595,31595,32286.0,4.06,2,59,Retail Sold,2026-04-25,
NV102007,2026-07-13,17895,16295,15159.0,18.05,3,79,Active,,
NV102008,2025-07-28,45095,42395,42265.0,6.7,2,46,Retail Sold,2025-09-12,
NV102009,2026-08-27,16995,16495,16553.0,2.67,1,34,Active,,
NV102010,2024-09-12,26595,26595,26378.0,0.82,0,16,Retail Sold,2024-09-28,
NV102011,2025-08-08,29795,28895,30053.0,-0.86,1,21,Retail Sold,2025-08-29,
NV102012,2025-03-03,17895,17395,17406.0,2.81,1,30,Retail Sold,2025-04-02,
NV102013,2024-08-02,10495,9595,9972.0,5.25,3,77,Retail Sold,2024-10-18,
NV102014,2026-04-23,12295,11195,11471.0,7.19,3,72,Retail Sold,2026-07-04,
NV102015,2026-03-15,25295,24495,23270.0,8.7,1,33,Retail Sold,2026-04-17,
NV102016,2026-03-04,11895,11195,10344.0,15.0,2,61,Retail Sold,2026-05-04,
NV102017,2025-10-27,13295,12095,9702.0,37.03,3,75,Wholesaled,2026-01-10,8475.0
NV102018,2026-06-16,18995,17295,17069.0,11.29,3,106,Active,,
NV102019,2024-06-02,51695,47195,47720.0,8.33,3,75,Wholesaled,2024-08-16,43675.0
NV102020,2024-05-03,23595,22895,22090.0,6.81,1,25,Retail Sold,2024-05-28,
NV102021,2024-08-24,22695,21995,21296.0,6.57,1,34,Retail Sold,2024-09-27,
NV102022,2026-05-31,15695,14295,12844.0,22.2,3,75,Wholesaled,2026-08-14,11100.0
NV102023,2026-04-11,26995,26195,26051.0,3.62,1,33,Retail Sold,2026-05-14,
NV102024,2026-06-22,13695,12495,13141.0,4.22,3,100,Active,,
NV102025,2025-08-03,30295,29395,28794.0,5.21,1,32,Retail Sold,2025-09-04,
NV102026,2025-07-06,17895,17895,17639.0,1.45,0,20,Retail Sold,2025-07-26,
NV102027,2025-07-31,18095,16995,17531.0,3.22,2,52,Retail Sold,2025-09-21,
NV102028,2026-06-23,15895,14495,14918.0,6.55,3,99,Active,,
NV102029,2024-04-12,59895,58095,59050.0,1.43,1,33,Retail Sold,2024-05-15,
NV102030,2025-02-03,13795,12595,12736.0,8.32,3,81,Retail Sold,2025-04-25,
NV102031,2024-02-22,18795,18195,18039.0,4.19,1,29,Retail Sold,2024-03-22,
NV102032,2026-02-18,19995,18795,19692.0,1.54,2,47,Retail Sold,2026-04-06,
NV102033,2024-07-28,24295,24295,24000.0,1.23,0,19,Retail Sold,2024-08-16,
NV102034,2024-09-13,34595,33595,34615.0,-0.06,1,36,Retail Sold,2024-10-19,
NV102035,2024-10-27,20895,20295,20558.0,1.64,1,39,Retail Sold,2024-12-05,
NV102036,2024-12-11,21095,19295,18941.0,11.37,3,75,Wholesaled,2025-02-24,15675.0
NV102037,2026-04-14,17995,16395,17429.0,3.25,3,82,Retail Sold,2026-07-05,
NV102038,2026-06-30,31595,28795,31411.0,0.59,3,69,Retail Sold,2026-09-07,
NV102039,2025-10-08,34995,33895,34519.0,1.38,1,22,Retail Sold,2025-10-30,
NV102040,2026-09-07,12695,12295,9693.0,30.97,1,23,Active,,
NV102041,2025-08-29,14495,13595,13215.0,9.69,2,44,Retail Sold,2025-10-12,
NV102042,2025-09-02,18695,17595,17994.0,3.9,2,42,Retail Sold,2025-10-14,
NV102043,2026-04-23,11195,10195,8271.0,35.35,3,75,Wholesaled,2026-07-07,7525.0
NV102044,2026-01-30,26895,24495,25116.0,7.08,3,64,Retail Sold,2026-04-04,
NV102045,2026-03-23,34095,31095,30257.0,12.69,3,77,Retail Sold,2026-06-08,
NV102046,2026-05-01,12695,11595,11440.0,10.97,3,75,Wholesaled,2026-07-15,9825.0
NV102047,2024-12-24,54895,50095,50294.0,9.15,3,170,Retail Sold,2025-06-12,
NV102048,2026-04-13,22395,21695,22195.0,0.9,1,38,Retail Sold,2026-05-21,
NV102049,2025-09-19,13895,12695,8806.0,57.79,3,200,Retail Sold,2026-04-07,
NV102050,2025-11-25,14395,13095,12757.0,12.84,3,75,Wholesaled,2026-02-08,10675.0
NV102051,2025-04-25,10795,9895,9283.0,16.29,3,120,Retail Sold,2025-08-23,
NV102052,2024-09-10,15895,15395,15693.0,1.29,1,31,Retail Sold,2024-10-11,
NV102053,2026-05-10,21795,20495,20096.0,8.45,2,55,Retail Sold,2026-07-04,
NV102054,2024-09-22,17195,16695,16205.0,6.11,1,22,Retail Sold,2024-10-14,
NV102055,2025-12-30,16895,16895,16764.0,0.78,0,8,Retail Sold,2026-01-07,
NV102056,2026-07-30,13795,13795,12835.0,7.48,0,13,Retail Sold,2026-08-12,
NV102057,2025-12-28,17495,16995,16980.0,3.03,1,27,Retail Sold,2026-01-24,
NV102058,2024-02-27,18895,18295,18630.0,1.42,1,31,Retail Sold,2024-03-29,
NV102059,2024-04-09,15995,14595,16109.0,-0.71,3,73,Retail Sold,2024-06-21,
NV102060,2026-03-21,25995,25995,27209.0,-4.46,0,20,Retail Sold,2026-04-10,
NV102061,2025-04-27,52895,51295,50311.0,5.14,1,32,Retail Sold,2025-05-29,
NV102062,2026-05-09,11395,10395,9931.0,14.74,3,144,Active,,
NV102063,2024-09-08,20995,20995,21136.0,-0.67,0,12,Retail Sold,2024-09-20,
NV102064,2025-06-16,14195,13395,13092.0,8.43,2,56,Retail Sold,2025-08-11,
NV102065,2026-02-28,39995,36495,37532.0,6.56,3,75,Wholesaled,2026-05-14,29875.0
NV102066,2024-04-09,18495,17395,18130.0,2.01,2,45,Retail Sold,2024-05-24,
NV102067,2024-04-10,22195,20895,22496.0,-1.34,2,55,Retail Sold,2024-06-04,
NV102068,2025-10-01,27495,25895,27296.0,0.73,2,51,Retail Sold,2025-11-21,
NV102069,2024-04-28,14995,13695,11431.0,31.18,3,200,Retail Sold,2024-11-14,
NV102070,2025-08-01,24195,22095,22162.0,9.17,3,75,Wholesaled,2025-10-15,18125.0
NV102071,2025-07-29,16495,15995,17381.0,-5.1,1,35,Retail Sold,2025-09-02,
NV102072,2026-04-12,17495,17495,16536.0,5.8,0,18,Retail Sold,2026-04-30,
NV102073,2025-04-12,17995,16895,16961.0,6.1,2,44,Retail Sold,2025-05-26,
NV102074,2024-10-01,11495,10495,9304.0,23.55,3,75,Wholesaled,2024-12-15,7975.0
NV102075,2026-09-10,17995,17995,17320.0,3.9,0,20,Active,,
NV102076,2024-09-13,26395,24795,24956.0,5.77,2,48,Retail Sold,2024-10-31,
NV102077,2025-08-31,38395,34995,37088.0,3.52,3,67,Retail Sold,2025-11-06,
NV102078,2024-08-27,12695,12695,13016.0,-2.47,0,19,Retail Sold,2024-09-15,
NV102079,2026-07-07,27195,24795,26671.0,1.97,3,75,Wholesaled,2026-09-20,24675.0
NV102080,2025-06-15,16195,15195,15337.0,5.59,2,45,Retail Sold,2025-07-30,
NV102081,2025-07-12,17495,16995,18150.0,-3.61,1,21,Retail Sold,2025-08-02,
NV102082,2025-08-27,21295,19995,21076.0,1.04,2,44,Retail Sold,2025-10-10,
NV102083,2026-08-26,15095,14595,7235.0,108.64,1,35,Active,,
NV102084,2026-01-09,26295,25495,26104.0,0.73,1,27,Retail Sold,2026-02-05,
NV102085,2026-08-07,9295,8695,8691.0,6.94,2,54,Active,,
NV102086,2025-11-04,23295,21295,21333.0,9.2,3,82,Retail Sold,2026-01-25,
NV102087,2026-01-21,8695,7895,5869.0,48.16,3,75,Wholesaled,2026-04-06,4800.0
NV102088,2025-09-06,19195,18095,19305.0,-0.57,2,56,Retail Sold,2025-11-01,
NV102089,2024-01-26,18095,16495,17052.0,6.12,3,75,Wholesaled,2024-04-10,14450.0
NV102090,2024-08-20,13395,12995,13070.0,2.49,1,38,Retail Sold,2024-09-27,
NV102091,2026-01-29,13295,12095,11855.0,12.14,3,81,Retail Sold,2026-04-20,
NV102092,2024-01-16,21495,20895,21943.0,-2.04,1,35,Retail Sold,2024-02-20,
NV102093,2026-01-16,44095,40195,40756.0,8.19,3,82,Retail Sold,2026-04-08,
NV102094,2025-04-30,10395,9795,9889.0,5.12,2,42,Retail Sold,2025-06-11,
NV102095,2026-01-20,15395,14095,14860.0,3.6,3,72,Retail Sold,2026-04-02,
NV102096,2026-04-29,22495,21795,22492.0,0.01,1,26,Retail Sold,2026-05-25,
NV102097,2026-03-18,9695,8795,6350.0,52.67,3,75,Wholesaled,2026-06-01,5575.0
NV102098,2024-12-22,18995,18995,17784.0,6.81,0,18,Retail Sold,2025-01-09,
NV102099,2024-09-08,13195,11995,12306.0,7.22,3,84,Retail Sold,2024-12-01,
NV102100,2025-08-23,15695,15695,16318.0,-3.82,0,16,Retail Sold,2025-09-08,
NV102101,2026-07-02,13295,12095,8313.0,59.94,3,90,Active,,
NV102102,2025-08-15,21995,21995,21430.0,2.63,0,15,Retail Sold,2025-08-30,
NV102103,2026-04-12,16295,15295,14980.0,8.78,2,51,Retail Sold,2026-06-02,
NV102104,2024-12-12,25295,23795,23692.0,6.77,2,55,Retail Sold,2025-02-05,
NV102105,2025-02-24,16195,14795,14583.0,11.05,3,79,Retail Sold,2025-05-14,
NV102106,2025-06-08,27195,27195,26131.0,4.07,0,19,Retail Sold,2025-06-27,
NV102107,2026-07-14,16095,15095,17487.0,-7.96,2,45,Retail Sold,2026-08-28,
NV102108,2025-09-11,20795,20195,20570.0,1.09,1,35,Retail Sold,2025-10-16,
NV102109,2025-07-28,20695,19495,20115.0,2.88,2,62,Retail Sold,2025-09-28,
NV102110,2026-08-07,23395,23395,25746.0,-9.13,0,11,Retail Sold,2026-08-18,
NV102111,2024-12-10,19495,18895,19557.0,-0.32,1,33,Retail Sold,2025-01-12,
NV102112,2025-01-21,10695,9795,7875.0,35.82,3,200,Retail Sold,2025-08-09,
NV102113,2025-11-23,17495,16995,16414.0,6.58,1,35,Retail Sold,2025-12-28,
NV102114,2025-01-01,42095,40795,40526.0,3.87,1,29,Retail Sold,2025-01-30,
NV102115,2025-10-10,11795,10795,9393.0,25.57,3,75,Wholesaled,2025-12-24,8400.0
NV102116,2024-11-08,36795,34595,35435.0,3.84,2,62,Retail Sold,2025-01-09,
NV102117,2026-08-24,18195,17595,18169.0,0.14,1,37,Active,,
NV102118,2024-04-04,18695,18095,17912.0,4.37,1,38,Retail Sold,2024-05-12,
NV102119,2024-12-02,12595,11495,11072.0,13.75,3,75,Wholesaled,2025-02-15,10200.0
NV102120,2024-01-12,41795,40495,40116.0,4.18,1,30,Retail Sold,2024-02-11,
NV102121,2026-02-28,23095,22395,23501.0,-1.73,1,31,Retail Sold,2026-03-31,
NV102122,2026-09-06,10395,10095,10385.0,0.1,1,24,Active,,
NV102123,2024-11-09,15495,14595,13904.0,11.44,2,52,Retail Sold,2024-12-31,
NV102124,2025-01-09,14695,14295,13690.0,7.34,1,30,Retail Sold,2025-02-08,
NV102125,2026-02-04,12595,11495,9422.0,33.68,3,75,Wholesaled,2026-04-20,7750.0
NV102126,2025-06-09,15295,14795,14184.0,7.83,1,24,Retail Sold,2025-07-03,
NV102127,2026-04-30,24795,24795,25295.0,-1.98,0,10,Retail Sold,2026-05-10,
NV102128,2025-06-19,36995,35895,35801.0,3.33,1,31,Retail Sold,2025-07-20,
NV102129,2024-08-09,28495,26795,27490.0,3.66,2,43,Retail Sold,2024-09-21,
NV102130,2025-02-08,15095,14195,14435.0,4.57,2,59,Retail Sold,2025-04-08,
NV102131,2025-07-23,13595,12395,12216.0,11.29,3,172,Retail Sold,2026-01-11,
NV102132,2025-11-23,33195,30295,31417.0,5.66,3,134,Retail Sold,2026-04-06,
NV102133,2025-08-22,19495,19495,19041.0,2.39,0,19,Retail Sold,2025-09-10,
NV102134,2024-05-04,16995,16495,17595.0,-3.41,1,22,Retail Sold,2024-05-26,
NV102135,2025-03-17,21495,20895,21437.0,0.27,1,40,Retail Sold,2025-04-26,
NV102136,2024-07-31,22595,21895,22340.0,1.14,1,26,Retail Sold,2024-08-26,
NV102137,2026-07-20,13395,12595,13113.0,2.15,2,55,Retail Sold,2026-09-13,
NV102138,2024-09-01,13995,13595,14973.0,-6.53,1,41,Retail Sold,2024-10-12,
NV102139,2026-04-04,12095,12095,12226.0,-1.07,0,9,Retail Sold,2026-04-13,
NV102140,2025-11-14,9195,8395,7672.0,19.86,3,166,Retail Sold,2026-04-29,
NV102141,2026-07-17,34395,34395,34153.0,0.71,0,7,Retail Sold,2026-07-24,
NV102142,2024-10-13,26195,25395,24966.0,4.92,1,35,Retail Sold,2024-11-17,
NV102143,2025-04-25,30995,30995,30663.0,1.08,0,17,Retail Sold,2025-05-12,
NV102144,2024-05-29,10595,9695,8858.0,19.61,3,200,Retail Sold,2024-12-15,
NV102145,2025-09-20,20095,18295,18973.0,5.92,3,65,Retail Sold,2025-11-24,
NV102146,2025-01-25,11995,10895,9708.0,23.56,3,200,Retail Sold,2025-08-13,
NV102147,2026-01-23,9695,8795,7019.0,38.12,3,75,Wholesaled,2026-04-08,5925.0
NV102148,2025-04-21,16595,15095,15838.0,4.78,3,75,Wholesaled,2025-07-05,13425.0
NV102149,2026-04-16,15995,14995,15387.0,3.95,2,57,Retail Sold,2026-06-12,
NV102150,2025-06-13,20495,19295,19937.0,2.8,2,44,Retail Sold,2025-07-27,
NV102151,2024-06-21,26895,26095,26127.0,2.94,1,32,Retail Sold,2024-07-23,
NV102152,2024-04-18,22695,21395,21910.0,3.58,2,43,Retail Sold,2024-05-31,
NV102153,2025-10-18,25795,24295,24755.0,4.2,2,57,Retail Sold,2025-12-14,
NV102154,2026-03-08,38695,35295,37517.0,3.14,3,75,Wholesaled,2026-05-22,32875.0
NV102155,2026-01-06,12795,12395,12251.0,4.44,1,27,Retail Sold,2026-02-02,
NV102156,2026-01-23,20695,20695,20115.0,2.88,0,10,Retail Sold,2026-02-02,
NV102157,2025-05-14,39195,37995,41054.0,-4.53,1,25,Retail Sold,2025-06-08,
NV102158,2025-02-05,26995,24595,23550.0,14.63,3,75,Wholesaled,2025-04-21,20300.0
NV102159,2024-12-22,13795,13395,13148.0,4.92,1,36,Retail Sold,2025-01-27,
NV102160,2025-11-29,16895,15395,15512.0,8.91,3,116,Retail Sold,2026-03-25,
NV102161,2024-04-28,16495,15095,14572.0,13.2,3,75,Wholesaled,2024-07-12,12075.0
NV102162,2024-09-30,24195,22095,23304.0,3.82,3,88,Retail Sold,2024-12-27,
NV102163,2025-01-14,16495,15095,12751.0,29.36,3,200,Retail Sold,2025-08-02,
NV102164,2025-08-28,10295,9395,6239.0,65.0,3,200,Retail Sold,2026-03-16,
NV102165,2026-07-26,24795,24095,24466.0,1.34,1,33,Retail Sold,2026-08-28,
NV102166,2025-07-29,27295,26495,27550.0,-0.93,1,29,Retail Sold,2025-08-27,
NV102167,2025-04-12,15695,14295,13096.0,19.85,3,200,Retail Sold,2025-10-29,
NV102168,2025-10-18,34795,34795,34308.0,1.42,0,15,Retail Sold,2025-11-02,
NV102169,2025-06-06,16995,16995,16982.0,0.08,0,13,Retail Sold,2025-06-19,
NV102170,2024-10-25,13495,12295,10498.0,28.55,3,75,Wholesaled,2025-01-08,9325.0
NV102171,2024-04-01,28795,28795,29339.0,-1.85,0,9,Retail Sold,2024-04-10,
NV102172,2026-03-25,26295,26295,29090.0,-9.61,0,9,Retail Sold,2026-04-03,
NV102173,2024-12-22,21795,21795,21198.0,2.82,0,19,Retail Sold,2025-01-10,
NV102174,2026-08-01,21695,20995,22414.0,-3.21,1,37,Retail Sold,2026-09-07,
NV102175,2024-12-22,25495,23995,25118.0,1.5,2,46,Retail Sold,2025-02-06,
NV102176,2026-07-23,29795,27195,27858.0,6.95,3,69,Active,,
NV102177,2024-08-09,31795,30795,32023.0,-0.71,1,41,Retail Sold,2024-09-19,
NV102178,2025-03-25,18395,17795,18951.0,-2.94,1,22,Retail Sold,2025-04-16,
NV102179,2025-01-26,33895,32895,32250.0,5.1,1,24,Retail Sold,2025-02-19,
NV102180,2024-06-23,12295,12295,12465.0,-1.37,0,17,Retail Sold,2024-07-10,
NV102181,2024-07-29,20295,19095,20049.0,1.23,2,52,Retail Sold,2024-09-19,
NV102182,2025-09-04,24495,24495,26453.0,-7.4,0,10,Retail Sold,2025-09-14,
NV102183,2026-08-26,21395,20795,20057.0,6.67,1,35,Active,,
NV102184,2026-05-14,10895,9895,5875.0,85.44,3,75,Wholesaled,2026-07-28,4725.0
NV102185,2025-11-26,25495,23295,24505.0,4.04,3,83,Retail Sold,2026-02-17,
NV102186,2025-03-24,17795,17795,17737.0,0.32,0,15,Retail Sold,2025-04-08,
NV102187,2025-09-05,12795,11695,9571.0,33.69,3,75,Wholesaled,2025-11-19,8175.0
NV102188,2025-10-19,16995,16495,16483.0,3.11,1,28,Retail Sold,2025-11-16,
NV102189,2026-06-22,24695,23995,25152.0,-1.82,1,30,Retail Sold,2026-07-22,
NV102190,2026-05-13,32195,32195,31092.0,3.55,0,10,Retail Sold,2026-05-23,
NV102191,2024-04-09,13495,12295,12529.0,7.71,3,67,Retail Sold,2024-06-15,
NV102192,2026-06-20,25295,23095,23629.0,7.05,3,86,Retail Sold,2026-09-14,
NV102193,2026-05-28,20395,20395,21894.0,-6.85,0,12,Retail Sold,2026-06-09,
NV102194,2025-10-14,29695,29695,28261.0,5.07,0,15,Retail Sold,2025-10-29,
NV102195,2025-08-16,14295,12995,14265.0,0.21,3,71,Retail Sold,2025-10-26,
NV102196,2025-07-15,25195,25195,24059.0,4.72,0,17,Retail Sold,2025-08-01,
NV102197,2026-09-01,12595,12195,10579.0,19.06,1,29,Active,,
NV102198,2026-07-05,24195,23495,23495.0,2.98,1,37,Retail Sold,2026-08-11,
NV102199,2025-12-09,21495,20195,21307.0,0.88,2,44,Retail Sold,2026-01-22,
NV102200,2026-03-20,19695,17995,17245.0,14.21,3,98,Retail Sold,2026-06-26,
NV102201,2024-03-20,25295,23795,23672.0,6.86,2,56,Retail Sold,2024-05-15,
NV102202,2024-12-15,36495,36495,36011.0,1.34,0,16,Retail Sold,2024-12-31,
NV102203,2025-12-14,21195,19295,19164.0,10.6,3,200,Retail Sold,2026-07-02,
NV102204,2025-10-16,29895,28095,29128.0,2.63,2,62,Retail Sold,2025-12-17,
NV102205,2025-06-07,30295,27595,30410.0,-0.38,3,74,Retail Sold,2025-08-20,
NV102206,2024-12-22,12095,10995,8151.0,48.38,3,75,Wholesaled,2025-03-07,6650.0
NV102207,2026-03-04,17995,16895,17047.0,5.56,2,46,Retail Sold,2026-04-19,
NV102208,2024-08-29,19995,18195,19511.0,2.48,3,63,Retail Sold,2024-10-31,
NV102209,2026-08-22,19595,18995,20166.0,-2.83,1,39,Active,,
NV102210,2026-09-03,20295,19695,18941.0,7.15,1,26,Retail Sold,2026-09-29,
NV102211,2025-03-03,20595,19395,18958.0,8.63,2,42,Retail Sold,2025-04-14,
NV102212,2025-05-21,15695,15695,15758.0,-0.4,0,12,Retail Sold,2025-06-02,
NV102213,2026-08-20,17395,17395,17986.0,-3.29,0,11,Retail Sold,2026-08-31,
NV102214,2024-08-04,14995,14995,14690.0,2.08,0,16,Retail Sold,2024-08-20,
NV102215,2024-07-21,12795,11995,11567.0,10.61,2,44,Retail Sold,2024-09-03,
NV102216,2026-05-22,11295,10295,9692.0,16.54,3,71,Retail Sold,2026-08-01,
NV102217,2024-07-30,51095,48095,48166.0,6.08,2,61,Retail Sold,2024-09-29,
NV102218,2026-05-26,17795,17295,19170.0,-7.17,1,28,Retail Sold,2026-06-23,
NV102219,2024-02-01,40795,37195,39448.0,3.41,3,180,Retail Sold,2024-07-30,
NV102220,2025-03-08,20795,19595,20334.0,2.27,2,50,Retail Sold,2025-04-27,
NV102221,2024-08-24,29295,29295,30275.0,-3.24,0,18,Retail Sold,2024-09-11,
NV102222,2025-06-15,33495,32495,32604.0,2.73,1,34,Retail Sold,2025-07-19,
NV102223,2025-04-13,36695,35595,34495.0,6.38,1,40,Retail Sold,2025-05-23,
NV102224,2026-04-26,15095,13795,12476.0,20.99,3,75,Wholesaled,2026-07-10,10875.0
NV102225,2026-07-20,16695,15695,16217.0,2.95,2,42,Retail Sold,2026-08-31,
NV102226,2025-10-15,29995,27395,29961.0,0.11,3,75,Wholesaled,2025-12-29,26150.0
NV102227,2026-05-04,41495,40295,39865.0,4.09,1,41,Retail Sold,2026-06-14,
NV102228,2025-08-07,18395,16795,15804.0,16.4,3,199,Retail Sold,2026-02-22,
NV102229,2025-05-28,35695,35695,35245.0,1.28,0,20,Retail Sold,2025-06-17,
NV102230,2024-07-12,21595,20895,21896.0,-1.37,1,27,Retail Sold,2024-08-08,
NV102231,2026-09-13,9595,9595,6127.0,56.6,0,17,Active,,
NV102232,2025-03-28,35495,32395,32210.0,10.2,3,75,Wholesaled,2025-06-11,27900.0
NV102233,2026-09-12,12095,12095,8150.0,48.41,0,18,Active,,
NV102234,2024-05-24,26595,26595,28219.0,-5.75,0,13,Retail Sold,2024-06-06,
NV102235,2026-05-09,21195,21195,21654.0,-2.12,0,13,Retail Sold,2026-05-22,
NV102236,2026-05-30,12495,11795,11861.0,5.35,2,44,Retail Sold,2026-07-13,
NV102237,2024-05-21,24195,24195,25019.0,-3.29,0,8,Retail Sold,2024-05-29,
NV102238,2026-06-16,15895,15395,15094.0,5.31,1,37,Retail Sold,2026-07-23,
NV102239,2025-06-19,23795,23795,25611.0,-7.09,0,16,Retail Sold,2025-07-05,
NV102240,2025-09-09,28195,26495,25538.0,10.4,2,43,Retail Sold,2025-10-22,
NV102241,2024-05-28,14995,14095,15064.0,-0.46,2,52,Retail Sold,2024-07-19,
NV102242,2025-06-23,31195,30295,30583.0,2.0,1,36,Retail Sold,2025-07-29,
NV102243,2026-08-02,11895,11195,10752.0,10.63,2,59,Active,,
NV102244,2026-05-23,35095,32995,33125.0,5.95,2,52,Retail Sold,2026-07-14,
NV102245,2026-05-13,26295,26295,26588.0,-1.1,0,19,Retail Sold,2026-06-01,
NV102246,2026-02-26,25795,24295,25220.0,2.28,2,48,Retail Sold,2026-04-15,
NV102247,2025-01-22,12095,12095,12090.0,0.04,0,20,Retail Sold,2025-02-11,
NV102248,2026-08-21,20795,20195,20392.0,1.98,1,40,Active,,
NV102249,2024-04-30,16895,16895,17175.0,-1.63,0,17,Retail Sold,2024-05-17,
NV102250,2026-07-17,37195,37195,40924.0,-9.11,0,9,Retail Sold,2026-07-26,
NV102251,2025-03-16,22495,21195,21791.0,3.23,2,57,Retail Sold,2025-05-12,
NV102252,2024-11-22,28895,28895,29947.0,-3.51,0,13,Retail Sold,2024-12-05,
NV102253,2025-05-10,15295,14795,15221.0,0.49,1,35,Retail Sold,2025-06-14,
NV102254,2026-04-14,13095,11995,11102.0,17.95,3,169,Active,,
NV102255,2026-06-27,13395,12995,13199.0,1.49,1,21,Retail Sold,2026-07-18,
NV102256,2024-10-26,21895,21195,21412.0,2.26,1,23,Retail Sold,2024-11-18,
NV102257,2025-07-27,13095,11995,12026.0,8.89,3,75,Wholesaled,2025-10-10,10825.0
NV102258,2025-09-11,23795,22395,22110.0,7.62,2,56,Retail Sold,2025-11-06,
NV102259,2025-04-11,40495,39295,39552.0,2.38,1,23,Retail Sold,2025-05-04,
NV102260,2024-05-13,25795,24995,27513.0,-6.24,1,36,Retail Sold,2024-06-18,
NV102261,2024-07-21,10995,10695,10277.0,6.99,1,23,Retail Sold,2024-08-13,
NV102262,2025-11-23,23595,21495,22585.0,4.47,3,65,Retail Sold,2026-01-27,
NV102263,2024-02-12,15795,15795,16245.0,-2.77,0,8,Retail Sold,2024-02-20,
NV102264,2025-04-01,23795,23095,23542.0,1.07,1,34,Retail Sold,2025-05-05,
NV102265,2025-12-19,12295,11895,11827.0,3.96,1,40,Retail Sold,2026-01-28,
NV102266,2026-05-26,15995,15495,15460.0,3.46,1,39,Retail Sold,2026-07-04,
NV102267,2025-09-10,20595,19395,19340.0,6.49,2,59,Retail Sold,2025-11-08,
NV102268,2026-02-17,16695,15195,12548.0,33.05,3,193,Retail Sold,2026-08-29,
NV102269,2025-08-03,19895,19895,20159.0,-1.31,0,16,Retail Sold,2025-08-19,
NV102270,2026-06-20,20995,19195,19521.0,7.55,3,89,Retail Sold,2026-09-17,
NV102271,2024-09-13,20995,20395,22355.0,-6.08,1,21,Retail Sold,2024-10-04,
NV102272,2025-08-28,23095,21095,22267.0,3.72,3,75,Wholesaled,2025-11-11,18600.0
NV102273,2025-03-10,28695,26995,27677.0,3.68,2,54,Retail Sold,2025-05-03,
NV102274,2026-08-08,13695,12895,13398.0,2.22,2,52,Retail Sold,2026-09-29,
NV102275,2025-02-24,52495,50895,51311.0,2.31,1,31,Retail Sold,2025-03-27,
NV102276,2025-04-25,17595,16095,16162.0,8.86,3,161,Retail Sold,2025-10-03,
NV102277,2024-10-22,10295,9395,8132.0,26.59,3,200,Retail Sold,2025-05-10,
NV102278,2025-02-16,35095,31995,33783.0,3.88,3,73,Retail Sold,2025-04-30,
NV102279,2025-09-13,19595,18395,19045.0,2.89,2,50,Retail Sold,2025-11-02,
NV102280,2025-09-07,17395,16895,17565.0,-0.97,1,36,Retail Sold,2025-10-13,
NV102281,2024-06-22,32995,31995,31751.0,3.92,1,21,Retail Sold,2024-07-13,
NV102282,2024-07-25,15995,14595,15173.0,5.41,3,75,Wholesaled,2024-10-08,12375.0
NV102283,2024-05-29,23795,23795,24515.0,-2.94,0,14,Retail Sold,2024-06-12,
NV102284,2026-07-10,11995,10895,9982.0,20.16,3,82,Active,,
NV102285,2025-08-04,32695,29795,33207.0,-1.54,3,91,Retail Sold,2025-11-03,
NV102286,2025-07-18,11395,11395,11456.0,-0.53,0,16,Retail Sold,2025-08-03,
NV102287,2024-06-13,42795,42795,47168.0,-9.27,0,20,Retail Sold,2024-07-03,
NV102288,2024-09-14,25595,24795,25373.0,0.88,1,37,Retail Sold,2024-10-21,
NV102289,2024-06-17,32595,31595,32745.0,-0.46,1,34,Retail Sold,2024-07-21,
NV102290,2024-08-09,32995,30995,31604.0,4.4,2,44,Retail Sold,2024-09-22,
NV102291,2024-10-04,30195,27595,28350.0,6.51,3,73,Retail Sold,2024-12-16,
NV102292,2026-06-28,10895,9895,8117.0,34.23,3,75,Wholesaled,2026-09-11,6825.0
NV102293,2026-03-28,17095,16595,16845.0,1.49,1,31,Retail Sold,2026-04-28,
NV102294,2025-08-08,16295,15795,16289.0,0.04,1,31,Retail Sold,2025-09-08,
NV102295,2026-02-16,11495,10495,8600.0,33.67,3,75,Wholesaled,2026-05-02,7500.0
NV102296,2026-06-28,13295,12495,12551.0,5.92,2,44,Retail Sold,2026-08-11,
NV102297,2025-10-17,14495,13195,13071.0,10.9,3,78,Retail Sold,2026-01-03,
NV102298,2025-08-31,10595,9695,9198.0,15.19,3,200,Retail Sold,2026-03-19,
NV102299,2025-02-18,26695,25895,26868.0,-0.64,1,30,Retail Sold,2025-03-20,
NV102300,2026-08-07,16495,15495,16061.0,2.7,2,54,Active,,
NV102301,2024-08-22,15895,15395,15597.0,1.91,1,33,Retail Sold,2024-09-24,
NV102302,2024-04-16,33395,33395,33760.0,-1.08,0,14,Retail Sold,2024-04-30,
NV102303,2025-08-08,14795,13895,14640.0,1.06,2,46,Retail Sold,2025-09-23,
NV102304,2026-08-14,19795,19195,17549.0,12.8,1,29,Retail Sold,2026-09-12,
NV102305,2026-07-03,16495,15095,13784.0,19.66,3,89,Active,,
NV102306,2025-12-01,16295,15795,16171.0,0.76,1,40,Retail Sold,2026-01-10,
NV102307,2025-04-12,23595,22895,22684.0,4.01,1,28,Retail Sold,2025-05-10,
NV102308,2026-08-27,24395,23695,22894.0,6.56,1,34,Active,,
NV102309,2026-05-23,19695,19695,19664.0,0.16,0,9,Retail Sold,2026-06-01,
NV102310,2026-04-12,25695,25695,25673.0,0.09,0,12,Retail Sold,2026-04-24,
NV102311,2026-06-14,15395,14095,15163.0,1.53,3,73,Retail Sold,2026-08-26,
NV102312,2025-07-04,17295,17295,17273.0,0.13,0,14,Retail Sold,2025-07-18,
NV102313,2026-05-06,17595,17095,16855.0,4.39,1,35,Retail Sold,2026-06-10,
NV102314,2024-07-22,14595,13295,13133.0,11.14,3,145,Retail Sold,2024-12-14,
NV102315,2026-05-31,20695,18895,20575.0,0.59,3,75,Wholesaled,2026-08-14,17500.0
NV102316,2024-12-10,39295,35895,36297.0,8.26,3,73,Retail Sold,2025-02-21,
NV102317,2026-01-09,10695,9795,8864.0,20.65,3,200,Retail Sold,2026-07-28,
NV102318,2025-04-07,32995,31995,32409.0,1.81,1,37,Retail Sold,2025-05-14,
NV102319,2026-04-30,10995,9995,8091.0,35.89,3,75,Wholesaled,2026-07-14,7000.0
NV102320,2025-07-26,13995,13995,13845.0,1.08,0,20,Retail Sold,2025-08-15,
NV102321,2026-01-24,16495,15495,14506.0,13.71,2,60,Retail Sold,2026-03-25,
NV102322,2025-06-27,38695,36395,38482.0,0.55,2,55,Retail Sold,2025-08-21,
NV102323,2025-10-23,17495,16995,17056.0,2.57,1,24,Retail Sold,2025-11-16,
NV102324,2024-07-25,14195,13395,13892.0,2.18,2,51,Retail Sold,2024-09-14,
NV102325,2025-04-02,21695,20395,21560.0,0.62,2,43,Retail Sold,2025-05-15,
NV102326,2024-06-21,20295,20295,21464.0,-5.44,0,11,Retail Sold,2024-07-02,
NV102327,2026-06-11,30895,30895,31000.0,-0.34,0,7,Retail Sold,2026-06-18,
NV102328,2026-04-01,16395,14995,13084.0,25.31,3,182,Active,,
NV102329,2025-04-18,23195,22495,22889.0,1.34,1,27,Retail Sold,2025-05-15,
NV102330,2024-05-31,14295,13895,14233.0,0.43,1,34,Retail Sold,2024-07-04,
NV102331,2025-05-15,28195,28195,28368.0,-0.61,0,15,Retail Sold,2025-05-30,
NV102332,2024-04-11,15795,14395,15443.0,2.28,3,74,Retail Sold,2024-06-24,
NV102333,2026-03-28,21595,21595,22441.0,-3.77,0,20,Retail Sold,2026-04-17,
NV102334,2024-06-02,26095,23795,26396.0,-1.14,3,75,Wholesaled,2024-08-16,23625.0
NV102335,2026-07-13,27295,24895,25282.0,7.96,3,79,Active,,
NV102336,2024-04-04,16195,15695,15753.0,2.81,1,32,Retail Sold,2024-05-06,
NV102337,2026-09-09,17895,17395,15846.0,12.93,1,21,Active,,
NV102338,2025-02-06,21495,20895,20883.0,2.93,1,32,Retail Sold,2025-03-10,
NV102339,2026-04-13,16195,15695,16401.0,-1.26,1,32,Retail Sold,2026-05-15,
NV102340,2025-05-18,29495,26895,26161.0,12.75,3,200,Retail Sold,2025-12-04,
NV102341,2026-02-15,18895,18895,18906.0,-0.06,0,14,Retail Sold,2026-03-01,
NV102342,2024-12-31,16895,16895,17198.0,-1.76,0,17,Retail Sold,2025-01-17,
NV102343,2025-04-23,29395,27695,28875.0,1.8,2,45,Retail Sold,2025-06-07,
NV102344,2024-03-27,17395,17395,17517.0,-0.7,0,11,Retail Sold,2024-04-07,
NV102345,2025-02-04,29995,27395,29639.0,1.2,3,124,Retail Sold,2025-06-08,
NV102346,2026-02-26,14895,13595,10969.0,35.79,3,75,Wholesaled,2026-05-12,9225.0
NV102347,2026-08-02,11795,11795,11720.0,0.64,0,20,Retail Sold,2026-08-22,
NV102348,2024-02-16,13995,12795,11589.0,20.76,3,75,Wholesaled,2024-05-01,10375.0
NV102349,2024-12-26,19995,19995,21315.0,-6.19,0,18,Retail Sold,2025-01-13,
NV102350,2026-01-26,13495,12295,11349.0,18.91,3,98,Retail Sold,2026-05-04,
NV102351,2024-02-23,19395,19395,19598.0,-1.04,0,18,Retail Sold,2024-03-12,
NV102352,2024-05-05,25195,25195,24673.0,2.11,0,20,Retail Sold,2024-05-25,
NV102353,2025-08-07,18495,16895,17064.0,8.39,3,87,Retail Sold,2025-11-02,
NV102354,2024-11-24,33095,32095,31414.0,5.35,1,39,Retail Sold,2025-01-02,
NV102355,2025-03-24,31795,31795,31261.0,1.71,0,17,Retail Sold,2025-04-10,
NV102356,2026-08-14,23495,22795,23309.0,0.8,1,27,Retail Sold,2026-09-10,
NV102357,2026-03-28,19295,17595,17609.0,9.58,3,63,Retail Sold,2026-05-30,
NV102358,2026-08-08,18595,17995,18430.0,0.89,1,22,Retail Sold,2026-08-30,
NV102359,2026-05-17,13795,13795,13451.0,2.55,0,19,Retail Sold,2026-06-05,
NV102360,2024-11-29,9495,8695,8214.0,15.59,3,75,Wholesaled,2025-02-12,6575.0
NV102361,2024-08-09,15495,15495,15411.0,0.54,0,20,Retail Sold,2024-08-29,
NV102362,2025-04-01,18795,18795,19009.0,-1.13,0,15,Retail Sold,2025-04-16,
NV102363,2025-12-08,22795,21395,22231.0,2.53,2,47,Retail Sold,2026-01-24,
NV102364,2026-04-26,30295,30295,32347.0,-6.34,0,14,Retail Sold,2026-05-10,
NV102365,2026-08-13,17095,16095,16187.0,5.61,2,48,Retail Sold,2026-09-30,
NV102366,2024-09-09,25895,25095,25303.0,2.34,1,26,Retail Sold,2024-10-05,
NV102367,2024-07-04,12395,11995,12226.0,1.39,1,23,Retail Sold,2024-07-27,
NV102368,2024-06-28,32895,32895,31883.0,3.17,0,16,Retail Sold,2024-07-14,
NV102369,2026-02-22,18695,17595,18003.0,3.84,2,54,Retail Sold,2026-04-17,
NV102370,2025-05-02,22995,21595,21369.0,7.61,2,59,Retail Sold,2025-06-30,
NV102371,2025-10-29,17895,16295,15262.0,17.25,3,200,Retail Sold,2026-05-17,
NV102372,2025-11-11,15995,14595,15590.0,2.59,3,75,Wholesaled,2026-01-25,13150.0
NV102373,2024-07-04,18295,18295,17975.0,1.78,0,16,Retail Sold,2024-07-20,
NV102374,2026-02-03,14595,14195,14169.0,3.01,1,36,Retail Sold,2026-03-11,
NV102375,2025-07-29,31395,30495,32747.0,-4.13,1,37,Retail Sold,2025-09-04,
NV102376,2025-01-23,20495,19895,19298.0,6.2,1,32,Retail Sold,2025-02-24,
NV102377,2025-08-29,20995,19795,20568.0,2.08,2,59,Retail Sold,2025-10-27,
NV102378,2025-08-21,25595,24795,24894.0,2.82,1,34,Retail Sold,2025-09-24,
NV102379,2026-04-27,18295,17695,16986.0,7.71,1,37,Retail Sold,2026-06-03,
NV102380,2026-02-18,33595,30695,33143.0,1.36,3,75,Wholesaled,2026-05-04,28600.0
NV102381,2026-05-17,18295,17695,18362.0,-0.36,1,36,Retail Sold,2026-06-22,
NV102382,2025-05-09,28995,28095,27790.0,4.34,1,27,Retail Sold,2025-06-05,
NV102383,2025-07-17,18795,17695,18000.0,4.41,2,45,Retail Sold,2025-08-31,
NV102384,2026-06-28,21995,21295,21523.0,2.19,1,21,Retail Sold,2026-07-19,
NV102385,2024-11-28,19495,18895,19470.0,0.13,1,24,Retail Sold,2024-12-22,
NV102386,2024-01-13,16995,16495,17243.0,-1.44,1,36,Retail Sold,2024-02-18,
NV102387,2025-04-20,16695,15195,15488.0,7.79,3,75,Wholesaled,2025-07-04,13175.0
NV102388,2026-06-03,18695,17595,18425.0,1.47,2,47,Retail Sold,2026-07-20,
NV102389,2025-04-09,18995,18395,16741.0,13.46,1,32,Retail Sold,2025-05-11,
NV102390,2026-08-04,17595,16595,14249.0,23.48,2,57,Active,,
NV102391,2025-03-24,26795,26795,26344.0,1.71,0,13,Retail Sold,2025-04-06,
NV102392,2026-02-19,12895,12095,13099.0,-1.56,2,54,Retail Sold,2026-04-14,
NV102393,2024-07-16,24795,23295,23246.0,6.66,2,54,Retail Sold,2024-09-08,
NV102394,2025-07-23,25195,24395,26106.0,-3.49,1,31,Retail Sold,2025-08-23,
NV102395,2025-02-23,20095,19495,19085.0,5.29,1,39,Retail Sold,2025-04-03,
NV102396,2025-06-01,10295,9395,9011.0,14.25,3,80,Retail Sold,2025-08-20,
NV102397,2026-03-17,16495,15095,14929.0,10.49,3,67,Retail Sold,2026-05-23,
NV102398,2025-05-29,14095,14095,13857.0,1.72,0,16,Retail Sold,2025-06-14,
NV102399,2025-01-07,21595,20295,20162.0,7.11,2,51,Retail Sold,2025-02-27,
NV102400,2024-02-18,19395,19395,20723.0,-6.41,0,12,Retail Sold,2024-03-01,
NV102401,2025-04-28,29995,28195,28935.0,3.66,2,60,Retail Sold,2025-06-27,
NV102402,2024-05-30,29195,28295,29540.0,-1.17,1,32,Retail Sold,2024-07-01,
NV102403,2025-09-27,30495,27795,28332.0,7.63,3,75,Wholesaled,2025-12-11,23525.0
NV102404,2024-04-06,11295,10295,10269.0,9.99,3,68,Retail Sold,2024-06-13,
NV102405,2024-12-03,24395,23695,24369.0,0.11,1,25,Retail Sold,2024-12-28,
NV102406,2026-02-06,11095,10395,10287.0,7.85,2,48,Retail Sold,2026-03-26,
NV102407,2026-09-08,14395,13995,13026.0,10.51,1,22,Active,,
NV102408,2026-08-07,18395,18395,18556.0,-0.87,0,17,Retail Sold,2026-08-24,
NV102409,2025-09-05,57595,55895,59089.0,-2.53,1,28,Retail Sold,2025-10-03,
NV102410,2024-01-14,13595,12795,13311.0,2.14,2,58,Retail Sold,2024-03-12,
NV102411,2025-03-15,13795,12595,12226.0,12.84,3,105,Retail Sold,2025-06-28,
NV102412,2024-03-11,27695,27695,27126.0,2.1,0,19,Retail Sold,2024-03-30,
NV102413,2024-05-20,11195,10895,10575.0,5.86,1,28,Retail Sold,2024-06-17,
NV102414,2026-04-18,21795,21095,20953.0,4.02,1,38,Retail Sold,2026-05-26,
NV102415,2026-08-23,16595,16095,15561.0,6.64,1,38,Active,,
NV102416,2024-09-14,21095,19295,20461.0,3.1,3,75,Wholesaled,2024-11-28,18175.0
NV102417,2026-01-08,18695,17095,14426.0,29.59,3,75,Wholesaled,2026-03-24,12350.0
NV102418,2026-05-30,12295,11595,11312.0,8.69,2,55,Retail Sold,2026-07-24,
NV102419,2025-08-21,12795,11695,10026.0,27.62,3,200,Retail Sold,2026-03-09,
NV102420,2025-05-12,12995,12195,12414.0,4.68,2,50,Retail Sold,2025-07-01,
NV102421,2024-08-09,23695,22995,22882.0,3.55,1,26,Retail Sold,2024-09-04,
NV102422,2025-02-27,15095,13795,13590.0,11.08,3,101,Retail Sold,2025-06-08,
NV102423,2025-05-24,11195,10195,8255.0,35.61,3,200,Retail Sold,2025-12-10,
NV102424,2025-10-22,25995,25995,25699.0,1.15,0,13,Retail Sold,2025-11-04,
NV102425,2026-03-12,20795,20195,20700.0,0.46,1,35,Retail Sold,2026-04-16,
NV102426,2026-09-01,40395,39195,38341.0,5.36,1,29,Active,,
NV102427,2024-06-25,30195,29295,30956.0,-2.46,1,22,Retail Sold,2024-07-17,
NV102428,2026-02-14,17195,16195,16440.0,4.59,2,52,Retail Sold,2026-04-07,
NV102429,2026-01-21,24295,23595,24409.0,-0.47,1,26,Retail Sold,2026-02-16,
NV102430,2026-05-26,18995,17295,18247.0,4.1,3,71,Retail Sold,2026-08-05,
NV102431,2024-01-23,24495,23795,24949.0,-1.82,1,23,Retail Sold,2024-02-15,
NV102432,2025-04-02,14795,14795,15308.0,-3.35,0,12,Retail Sold,2025-04-14,
NV102433,2025-01-15,32195,31195,33278.0,-3.25,1,22,Retail Sold,2025-02-06,
NV102434,2025-12-28,14595,13295,14185.0,2.89,3,72,Retail Sold,2026-03-10,
NV102435,2025-03-03,33195,31195,32312.0,2.73,2,42,Retail Sold,2025-04-14,
NV102436,2025-03-17,16095,15095,15555.0,3.47,2,53,Retail Sold,2025-05-09,
NV102437,2026-02-04,14695,13795,14417.0,1.93,2,43,Retail Sold,2026-03-19,
NV102438,2025-06-26,17095,17095,16447.0,3.94,0,17,Retail Sold,2025-07-13,
NV102439,2025-03-22,14995,13695,12916.0,16.09,3,74,Retail Sold,2025-06-04,
NV102440,2025-01-01,16195,15195,16099.0,0.6,2,49,Retail Sold,2025-02-19,
NV102441,2025-05-19,12295,11195,9655.0,27.34,3,75,Wholesaled,2025-08-02,8025.0
NV102442,2026-08-20,20395,19795,17898.0,13.95,1,41,Active,,
NV102443,2024-02-04,42195,38495,41157.0,2.52,3,89,Retail Sold,2024-05-03,
NV102444,2026-04-08,25795,24995,24306.0,6.13,1,38,Retail Sold,2026-05-16,
NV102445,2025-07-23,13595,12395,12406.0,9.59,3,70,Retail Sold,2025-10-01,
NV102446,2026-04-26,14395,13095,11603.0,24.07,3,75,Wholesaled,2026-07-10,10475.0
NV102447,2025-08-24,35695,32595,31296.0,14.06,3,76,Retail Sold,2025-11-08,
NV102448,2026-07-27,10895,9895,8420.0,29.39,3,65,Active,,
NV102449,2025-08-09,11195,10195,9260.0,20.9,3,200,Retail Sold,2026-02-25,
NV102450,2025-01-15,12995,11895,9742.0,33.39,3,75,Wholesaled,2025-03-31,8600.0
NV102451,2024-07-16,26295,25495,24990.0,5.22,1,28,Retail Sold,2024-08-13,
NV102452,2026-05-18,12995,11895,11510.0,12.9,3,75,Wholesaled,2026-08-01,9600.0
NV102453,2024-11-10,26095,25295,25927.0,0.65,1,25,Retail Sold,2024-12-05,
NV102454,2025-02-10,10695,10095,9715.0,10.09,2,60,Retail Sold,2025-04-11,
NV102455,2025-08-10,10495,9895,10325.0,1.65,2,53,Retail Sold,2025-10-02,
NV102456,2025-05-05,19395,18795,17970.0,7.93,1,36,Retail Sold,2025-06-10,
NV102457,2025-12-15,24095,21995,22593.0,6.65,3,65,Retail Sold,2026-02-18,
NV102458,2024-05-24,24795,24795,24626.0,0.69,0,13,Retail Sold,2024-06-06,
NV102459,2025-08-25,21695,20995,20573.0,5.46,1,33,Retail Sold,2025-09-27,
NV102460,2024-11-27,12895,12495,12191.0,5.77,1,30,Retail Sold,2024-12-27,
NV102461,2026-07-10,21495,21495,22392.0,-4.01,0,13,Retail Sold,2026-07-23,
NV102462,2025-09-19,26195,26195,26519.0,-1.22,0,18,Retail Sold,2025-10-07,
NV102463,2026-01-18,18195,17095,17716.0,2.71,2,51,Retail Sold,2026-03-10,
NV102464,2026-02-07,14395,13095,14185.0,1.48,3,77,Retail Sold,2026-04-25,
NV102465,2025-03-01,32295,31295,31952.0,1.07,1,25,Retail Sold,2025-03-26,
NV102466,2026-07-04,28195,28195,29205.0,-3.46,0,13,Retail Sold,2026-07-17,
NV102467,2026-04-18,11395,10395,7822.0,45.69,3,75,Wholesaled,2026-07-02,6675.0
NV102468,2025-04-18,12895,11795,12574.0,2.55,3,68,Retail Sold,2025-06-25,
NV102469,2026-07-12,28795,27895,27762.0,3.72,1,34,Retail Sold,2026-08-15,
NV102470,2024-07-27,13395,12995,13505.0,-0.81,1,26,Retail Sold,2024-08-22,
NV102471,2025-04-25,25495,24695,25583.0,-0.34,1,23,Retail Sold,2025-05-18,
NV102472,2025-08-06,24195,22795,23966.0,0.96,2,43,Retail Sold,2025-09-18,
NV102473,2024-07-15,14295,13895,14019.0,1.97,1,34,Retail Sold,2024-08-18,
NV102474,2026-07-25,22895,21495,21046.0,8.78,2,60,Retail Sold,2026-09-23,
NV102475,2025-01-28,22595,21895,22324.0,1.21,1,41,Retail Sold,2025-03-10,
NV102476,2025-11-06,17395,16395,16284.0,6.82,2,57,Retail Sold,2026-01-02,
NV102477,2026-03-14,10895,9895,9388.0,16.05,3,75,Wholesaled,2026-05-28,8400.0
NV102478,2026-09-15,13595,13595,9771.0,39.14,0,15,Active,,
NV102479,2025-04-26,41795,41795,39920.0,4.7,0,17,Retail Sold,2025-05-13,
NV102480,2025-01-31,13695,12495,12944.0,5.8,3,130,Retail Sold,2025-06-10,
NV102481,2025-05-21,15095,13795,14428.0,4.62,3,75,Wholesaled,2025-08-04,11750.0
NV102482,2024-02-15,22295,21595,22049.0,1.12,1,24,Retail Sold,2024-03-10,
NV102483,2025-12-01,11395,10395,10978.0,3.8,3,75,Wholesaled,2026-02-14,9575.0
NV102484,2024-04-06,23495,22795,21574.0,8.91,1,38,Retail Sold,2024-05-14,
NV102485,2026-01-20,17495,15995,16287.0,7.42,3,75,Wholesaled,2026-04-05,14300.0
NV102486,2024-12-07,36195,35095,36339.0,-0.4,1,40,Retail Sold,2025-01-16,
NV102487,2024-11-19,17995,17495,17735.0,1.46,1,25,Retail Sold,2024-12-14,
NV102488,2025-03-01,19695,19095,19382.0,1.62,1,24,Retail Sold,2025-03-25,
NV102489,2026-02-04,29695,28795,29418.0,0.94,1,29,Retail Sold,2026-03-05,
NV102490,2025-04-18,11295,10295,10502.0,7.55,3,93,Retail Sold,2025-07-20,
NV102491,2026-08-14,16595,15595,14137.0,17.39,2,47,Active,,
NV102492,2025-07-02,14995,13695,11581.0,29.48,3,200,Retail Sold,2026-01-18,
NV102493,2024-04-13,12395,11995,12753.0,-2.81,1,25,Retail Sold,2024-05-08,
NV102494,2025-08-21,34895,33795,32327.0,7.94,1,30,Retail Sold,2025-09-20,
NV102495,2026-01-27,18095,16495,16991.0,6.5,3,72,Retail Sold,2026-04-09,
NV102496,2024-10-21,24795,22595,23601.0,5.06,3,68,Retail Sold,2024-12-28,
NV102497,2024-03-21,14995,13695,14001.0,7.1,3,75,Retail Sold,2024-06-04,
NV102498,2026-05-23,35295,34195,34366.0,2.7,1,38,Retail Sold,2026-06-30,
NV102499,2026-06-15,19895,18195,19470.0,2.18,3,81,Retail Sold,2026-09-04,
NV102500,2024-04-08,10895,10595,10873.0,0.2,1,29,Retail Sold,2024-05-07,
NV102501,2026-08-15,29595,27795,29090.0,1.74,2,46,Active,,
NV102502,2025-12-31,21295,20695,22506.0,-5.38,1,35,Retail Sold,2026-02-04,
NV102503,2024-07-01,21695,19795,19940.0,8.8,3,200,Retail Sold,2025-01-17,
NV102504,2024-04-16,15695,15695,16766.0,-6.39,0,10,Retail Sold,2024-04-26,
NV102505,2026-07-26,18495,16895,16255.0,13.78,3,66,Active,,
NV102506,2025-12-08,20195,18395,20518.0,-1.57,3,112,Retail Sold,2026-03-30,
NV102507,2026-08-17,41095,38695,39630.0,3.7,2,44,Active,,
NV102508,2025-01-17,11795,11395,11226.0,5.07,1,39,Retail Sold,2025-02-25,
NV102509,2025-02-19,14495,13195,13030.0,11.25,3,75,Wholesaled,2025-05-05,11000.0
NV102510,2024-11-09,24795,24795,23831.0,4.05,0,15,Retail Sold,2024-11-24,
NV102511,2025-05-05,13495,13095,13238.0,1.94,1,28,Retail Sold,2025-06-02,
NV102512,2025-12-01,21395,20095,19860.0,7.73,2,61,Retail Sold,2026-01-31,
NV102513,2026-07-14,27295,27295,29220.0,-6.59,0,13,Retail Sold,2026-07-27,
NV102514,2024-08-02,16095,14695,12691.0,26.83,3,75,Wholesaled,2024-10-16,11025.0
NV102515,2025-12-28,13895,13095,13368.0,3.94,2,45,Retail Sold,2026-02-11,
NV102516,2024-09-20,24695,23995,24369.0,1.34,1,30,Retail Sold,2024-10-20,
NV102517,2024-06-07,12495,12095,11827.0,5.64,1,41,Retail Sold,2024-07-18,
NV102518,2026-02-06,39895,37495,38411.0,3.86,2,43,Retail Sold,2026-03-21,
NV102519,2024-03-28,14295,12995,13702.0,4.33,3,73,Retail Sold,2024-06-09,
NV102520,2024-10-16,11295,10295,10225.0,10.46,3,168,Retail Sold,2025-04-02,
NV102521,2024-06-24,14295,13895,14035.0,1.86,1,24,Retail Sold,2024-07-18,
NV102522,2025-07-20,23195,22495,23491.0,-1.26,1,33,Retail Sold,2025-08-22,
NV102523,2024-09-13,24595,23895,25331.0,-2.91,1,22,Retail Sold,2024-10-05,
NV102524,2025-11-16,23895,23195,23333.0,2.41,1,38,Retail Sold,2025-12-24,
NV102525,2025-03-23,40695,40695,43945.0,-7.4,0,20,Retail Sold,2025-04-12,
NV102526,2026-06-20,19995,18195,20123.0,-0.63,3,98,Retail Sold,2026-09-26,
NV102527,2025-12-13,32895,31895,32465.0,1.33,1,21,Retail Sold,2026-01-03,
NV102528,2026-09-05,15795,15295,14431.0,9.46,1,25,Active,,
NV102529,2026-06-27,15595,15595,15337.0,1.68,0,13,Retail Sold,2026-07-10,
NV102530,2026-07-06,12395,11995,12224.0,1.4,1,21,Retail Sold,2026-07-27,
NV102531,2025-10-06,9895,9595,9639.0,2.65,1,33,Retail Sold,2025-11-08,
NV102532,2026-07-26,10795,9895,9598.0,12.47,3,66,Active,,
NV102533,2024-10-15,22095,20195,21686.0,1.89,3,77,Retail Sold,2024-12-31,
NV102534,2025-06-03,16895,16895,16510.0,2.33,0,18,Retail Sold,2025-06-21,
NV102535,2025-04-16,11695,10695,8830.0,32.45,3,200,Retail Sold,2025-11-02,
NV102536,2024-05-31,11595,10595,9771.0,18.67,3,200,Retail Sold,2024-12-17,
NV102537,2025-10-14,16995,16495,16701.0,1.76,1,34,Retail Sold,2025-11-17,
NV102538,2026-07-13,13395,12195,10885.0,23.05,3,75,Wholesaled,2026-09-26,9300.0
NV102539,2025-10-16,15495,14095,14113.0,9.79,3,75,Wholesaled,2025-12-30,12300.0
NV102540,2025-04-30,37695,36595,38039.0,-0.91,1,35,Retail Sold,2025-06-04,
NV102541,2026-01-20,38895,36595,36748.0,5.84,2,45,Retail Sold,2026-03-06,
NV102542,2024-09-26,34895,33795,36656.0,-4.8,1,21,Retail Sold,2024-10-17,
NV102543,2026-07-23,20195,19595,19220.0,5.07,1,34,Retail Sold,2026-08-26,
NV102544,2026-05-06,13695,13295,13046.0,4.98,1,41,Retail Sold,2026-06-16,
NV102545,2026-05-07,24695,23195,23474.0,5.2,2,49,Retail Sold,2026-06-25,
NV102546,2024-01-26,29495,28595,27903.0,5.71,1,34,Retail Sold,2024-02-29,
NV102547,2026-06-10,22495,21795,21733.0,3.5,1,24,Retail Sold,2026-07-04,
NV102548,2026-03-26,14495,13595,13938.0,4.0,2,56,Retail Sold,2026-05-21,
NV102549,2026-09-10,13195,13195,11488.0,14.86,0,20,Active,,
NV102550,2024-04-06,19595,18995,19274.0,1.67,1,33,Retail Sold,2024-05-09,
NV102551,2024-08-06,18095,16495,18348.0,-1.38,3,93,Retail Sold,2024-11-07,
NV102552,2024-09-20,29695,28795,29526.0,0.57,1,26,Retail Sold,2024-10-16,
NV102553,2026-04-18,14995,13695,9012.0,66.39,3,165,Active,,
NV102554,2026-05-01,25195,25195,24410.0,3.21,0,18,Retail Sold,2026-05-19,
NV102555,2025-05-23,11695,11295,11007.0,6.25,1,35,Retail Sold,2025-06-27,
NV102556,2024-04-05,18895,17795,17919.0,5.45,2,57,Retail Sold,2024-06-01,
NV102557,2026-05-09,20895,20295,18126.0,15.27,1,39,Retail Sold,2026-06-17,
NV102558,2026-04-08,17695,16095,15649.0,13.07,3,75,Wholesaled,2026-06-22,12900.0
NV102559,2024-10-18,28495,28495,30727.0,-7.26,0,14,Retail Sold,2024-11-01,
NV102560,2025-08-19,16295,14895,14882.0,9.49,3,83,Retail Sold,2025-11-10,
NV102561,2025-12-12,20995,20395,21935.0,-4.29,1,24,Retail Sold,2026-01-05,
NV102562,2024-05-05,26995,26195,26603.0,1.47,1,33,Retail Sold,2024-06-07,
NV102563,2024-03-21,27595,27595,27272.0,1.18,0,20,Retail Sold,2024-04-10,
NV102564,2026-02-26,12095,11695,12424.0,-2.65,1,23,Retail Sold,2026-03-21,
NV102565,2025-03-21,15395,14495,15112.0,1.87,2,50,Retail Sold,2025-05-10,
NV102566,2026-05-18,20995,20395,20591.0,1.96,1,30,Retail Sold,2026-06-17,
NV102567,2026-07-06,12895,11795,9005.0,43.21,3,75,Wholesaled,2026-09-19,7650.0
NV102568,2024-12-21,33395,30495,30088.0,10.99,3,146,Retail Sold,2025-05-16,
NV102569,2025-07-26,30495,30495,32803.0,-7.04,0,11,Retail Sold,2025-08-06,
NV102570,2025-02-26,22795,22095,22647.0,0.65,1,25,Retail Sold,2025-03-23,
NV102571,2024-12-27,31495,28695,30393.0,3.63,3,69,Retail Sold,2025-03-06,
NV102572,2026-05-31,14495,13195,12882.0,12.52,3,69,Retail Sold,2026-08-08,
NV102573,2024-08-04,18395,17795,17352.0,6.01,1,25,Retail Sold,2024-08-29,
NV102574,2025-08-10,27495,27495,28561.0,-3.73,0,17,Retail Sold,2025-08-27,
NV102575,2026-07-16,19295,17595,16919.0,14.04,3,76,Active,,
NV102576,2024-05-16,23495,22095,23187.0,1.33,2,46,Retail Sold,2024-07-01,
NV102577,2025-10-03,17095,16595,17489.0,-2.26,1,33,Retail Sold,2025-11-05,
NV102578,2025-03-12,20995,19195,18474.0,13.65,3,78,Retail Sold,2025-05-29,
NV102579,2024-12-30,19395,18195,19096.0,1.57,2,44,Retail Sold,2025-02-12,
NV102580,2026-06-29,16795,15295,14327.0,17.23,3,75,Wholesaled,2026-09-12,13425.0
NV102581,2026-05-09,29495,28595,28350.0,4.04,1,40,Retail Sold,2026-06-18,
NV102582,2025-09-09,25595,25595,23468.0,9.06,0,13,Retail Sold,2025-09-22,
NV102583,2026-08-31,16395,15895,14449.0,13.46,1,30,Active,,
NV102584,2024-05-06,48595,45695,48038.0,1.16,2,62,Retail Sold,2024-07-07,
NV102585,2024-06-04,31895,30895,31085.0,2.61,1,37,Retail Sold,2024-07-11,
NV102586,2025-10-07,24895,23395,24242.0,2.69,2,44,Retail Sold,2025-11-20,
NV102587,2026-02-24,14995,13695,14344.0,4.54,3,75,Wholesaled,2026-05-10,11500.0
NV102588,2025-02-07,38495,35095,37990.0,1.33,3,75,Wholesaled,2025-04-23,33950.0
NV102589,2026-05-03,25895,24395,23612.0,9.67,2,48,Retail Sold,2026-06-20,
NV102590,2025-11-26,33695,31695,30915.0,8.99,2,46,Retail Sold,2026-01-11,
NV102591,2025-10-02,29995,28195,28813.0,4.1,2,42,Retail Sold,2025-11-13,
NV102592,2026-07-05,33295,32295,32303.0,3.07,1,34,Retail Sold,2026-08-08,
NV102593,2024-10-04,15895,15395,15542.0,2.27,1,37,Retail Sold,2024-11-10,
NV102594,2025-04-22,25395,23895,24698.0,2.82,2,49,Retail Sold,2025-06-10,
NV102595,2025-11-11,41995,40695,41519.0,1.15,1,25,Retail Sold,2025-12-06,
NV102596,2026-09-13,15395,15395,15238.0,1.03,0,17,Active,,
NV102597,2025-09-04,12595,11495,11936.0,5.52,3,75,Wholesaled,2025-11-18,10275.0
NV102598,2024-03-07,10995,10695,10841.0,1.42,1,29,Retail Sold,2024-04-05,
NV102599,2025-04-30,12195,11795,11833.0,3.06,1,32,Retail Sold,2025-06-01,
NV102600,2024-09-11,17695,16095,15948.0,10.96,3,75,Wholesaled,2024-11-25,13400.0
NV102601,2024-11-21,18895,17195,17839.0,5.92,3,105,Retail Sold,2025-03-06,
NV102602,2025-10-08,21995,21995,22620.0,-2.76,0,7,Retail Sold,2025-10-15,
NV102603,2024-11-15,12195,11095,10403.0,17.23,3,75,Wholesaled,2025-01-29,9350.0
NV102604,2026-06-12,20595,18795,20408.0,0.91,3,70,Retail Sold,2026-08-21,
NV102605,2025-08-14,17295,16295,16241.0,6.49,2,62,Retail Sold,2025-10-15,
NV102606,2025-12-02,14695,13395,11209.0,31.1,3,200,Retail Sold,2026-06-20,
NV102607,2026-06-21,20195,18395,19591.0,3.08,3,86,Retail Sold,2026-09-15,
NV102608,2026-06-03,11995,11995,11969.0,0.22,0,19,Retail Sold,2026-06-22,
NV102609,2025-04-12,18795,17195,13540.0,38.81,3,75,Wholesaled,2025-06-26,11375.0
NV102610,2026-03-19,11095,10095,9123.0,21.62,3,195,Active,,
NV102611,2025-05-28,22595,22595,23469.0,-3.73,0,10,Retail Sold,2025-06-07,
NV102612,2025-06-02,22195,20895,20993.0,5.72,2,62,Retail Sold,2025-08-03,
NV102613,2024-06-24,26295,23995,24985.0,5.24,3,100,Retail Sold,2024-10-02,
NV102614,2026-05-13,23395,21395,22302.0,4.9,3,75,Wholesaled,2026-07-27,20075.0
NV102615,2024-03-02,25495,24695,24613.0,3.59,1,29,Retail Sold,2024-03-31,
NV102616,2024-06-18,15795,14395,14743.0,7.14,3,87,Retail Sold,2024-09-13,
NV102617,2026-02-19,14295,12995,11902.0,20.11,3,75,Wholesaled,2026-05-05,10650.0
NV102618,2024-12-21,18395,17795,18634.0,-1.28,1,21,Retail Sold,2025-01-11,
NV102619,2025-04-01,15695,15195,15804.0,-0.69,1,28,Retail Sold,2025-04-29,
NV102620,2026-01-07,16395,15395,15737.0,4.18,2,48,Retail Sold,2026-02-24,
NV102621,2026-03-19,13195,12795,12271.0,7.53,1,34,Retail Sold,2026-04-22,
NV102622,2026-02-17,17595,16095,14344.0,22.67,3,200,Retail Sold,2026-09-05,
NV102623,2025-08-26,13295,12895,13414.0,-0.89,1,22,Retail Sold,2025-09-17,
NV102624,2026-05-15,16995,15995,16192.0,4.96,2,44,Retail Sold,2026-06-28,
NV102625,2025-05-05,16395,16395,15674.0,4.6,0,18,Retail Sold,2025-05-23,
NV102626,2026-07-11,15895,15395,15440.0,2.95,1,24,Retail Sold,2026-08-04,
NV102627,2026-05-15,30795,29895,28985.0,6.25,1,40,Retail Sold,2026-06-24,
NV102628,2025-10-05,12495,12095,12662.0,-1.32,1,28,Retail Sold,2025-11-02,
NV102629,2024-11-10,21595,21595,22185.0,-2.66,0,14,Retail Sold,2024-11-24,
NV102630,2026-08-25,11195,10895,6060.0,84.73,1,36,Active,,
NV102631,2025-09-18,13195,11995,11579.0,13.96,3,75,Wholesaled,2025-12-02,10025.0
NV102632,2026-03-11,43195,41895,42449.0,1.76,1,32,Retail Sold,2026-04-12,
NV102633,2026-03-11,14195,14195,13881.0,2.26,0,18,Retail Sold,2026-03-29,
NV102634,2025-07-03,27395,27395,27414.0,-0.07,0,19,Retail Sold,2025-07-22,
NV102635,2026-09-02,12495,12095,11490.0,8.75,1,28,Active,,
NV102636,2024-07-06,21095,19295,20079.0,5.06,3,112,Retail Sold,2024-10-26,
NV102637,2026-08-11,17695,16595,15601.0,13.43,2,50,Active,,
NV102638,2026-08-22,12795,12395,8128.0,57.42,1,39,Active,,
NV102639,2026-01-23,19695,19095,18773.0,4.91,1,31,Retail Sold,2026-02-23,
NV102640,2026-02-15,25495,23995,23712.0,7.52,2,50,Retail Sold,2026-04-06,
NV102641,2024-04-06,29495,29495,29007.0,1.68,0,18,Retail Sold,2024-04-24,
NV102642,2024-03-16,25195,24395,23368.0,7.82,1,28,Retail Sold,2024-04-13,
NV102643,2025-03-23,30395,30395,30432.0,-0.12,0,12,Retail Sold,2025-04-04,
NV102644,2025-12-29,14595,13295,11711.0,24.62,3,200,Retail Sold,2026-07-17,
NV102645,2025-10-19,19895,18195,18217.0,9.21,3,75,Wholesaled,2026-01-02,15650.0
NV102646,2026-06-23,11195,10195,9326.0,20.05,3,75,Wholesaled,2026-09-06,8350.0
NV102647,2026-06-28,15195,15195,15853.0,-4.15,0,16,Retail Sold,2026-07-14,
NV102648,2026-04-11,14795,14395,14891.0,-0.65,1,24,Retail Sold,2026-05-05,
NV102649,2024-12-12,25695,24195,25605.0,0.35,2,55,Retail Sold,2025-02-05,
NV102650,2025-01-26,25895,25095,26529.0,-2.39,1,31,Retail Sold,2025-02-26,
NV102651,2025-01-13,21695,20995,20435.0,6.16,1,23,Retail Sold,2025-02-05,
NV102652,2026-09-03,23395,23395,23552.0,-0.67,0,19,Retail Sold,2026-09-22,
NV102653,2025-08-22,23095,22395,22955.0,0.61,1,36,Retail Sold,2025-09-27,
NV102654,2025-01-03,20495,19295,19347.0,5.93,2,47,Retail Sold,2025-02-19,
NV102655,2025-05-30,28695,27795,29466.0,-2.62,1,24,Retail Sold,2025-06-23,
NV102656,2025-07-01,16695,15195,15780.0,5.8,3,75,Wholesaled,2025-09-14,12575.0
NV102657,2025-02-02,18395,16795,18190.0,1.13,3,73,Retail Sold,2025-04-16,
NV102658,2025-04-15,12695,11595,10605.0,19.71,3,75,Wholesaled,2025-06-29,9575.0
NV102659,2025-07-14,24795,23295,23774.0,4.3,2,56,Retail Sold,2025-09-08,
NV102660,2024-03-01,15395,14095,13838.0,11.25,3,93,Retail Sold,2024-06-02,
NV102661,2025-11-16,21395,21395,22676.0,-5.65,0,20,Retail Sold,2025-12-06,
NV102662,2024-06-13,30395,29495,30320.0,0.25,1,40,Retail Sold,2024-07-23,
NV102663,2026-08-05,25395,24595,25152.0,0.97,1,33,Retail Sold,2026-09-07,
NV102664,2026-03-12,10095,9195,8463.0,19.29,3,92,Retail Sold,2026-06-12,
NV102665,2024-10-28,22195,21495,21404.0,3.69,1,25,Retail Sold,2024-11-22,
NV102666,2024-04-18,20795,20795,20770.0,0.12,0,20,Retail Sold,2024-05-08,
NV102667,2024-03-20,18495,18495,18880.0,-2.04,0,20,Retail Sold,2024-04-09,
NV102668,2024-07-27,27495,25895,28145.0,-2.31,2,49,Retail Sold,2024-09-14,
NV102669,2025-12-24,19395,18795,19813.0,-2.11,1,30,Retail Sold,2026-01-23,
NV102670,2025-05-04,12295,11195,11027.0,11.5,3,75,Wholesaled,2025-07-18,9050.0
NV102671,2026-08-18,18995,18395,18423.0,3.11,1,32,Retail Sold,2026-09-19,
NV102672,2025-05-13,16095,15595,16843.0,-4.44,1,24,Retail Sold,2025-06-06,
NV102673,2024-06-05,13695,13295,13907.0,-1.52,1,30,Retail Sold,2024-07-05,
NV102674,2025-02-09,32995,30995,31237.0,5.63,2,44,Retail Sold,2025-03-25,
NV102675,2026-03-09,16995,15995,16585.0,2.47,2,58,Retail Sold,2026-05-06,
NV102676,2026-01-02,24095,23395,23336.0,3.25,1,35,Retail Sold,2026-02-06,
NV102677,2024-05-11,35395,32295,31173.0,13.54,3,75,Wholesaled,2024-07-25,26775.0
NV102678,2024-05-01,34195,34195,32725.0,4.49,0,14,Retail Sold,2024-05-15,
NV102679,2024-01-23,19095,19095,17879.0,6.8,0,15,Retail Sold,2024-02-07,
NV102680,2024-08-09,31795,30795,30767.0,3.34,1,37,Retail Sold,2024-09-15,
NV102681,2024-11-22,16595,15095,15259.0,8.75,3,104,Retail Sold,2025-03-06,
NV102682,2025-08-17,23795,21695,21796.0,9.17,3,75,Wholesaled,2025-10-31,18500.0
NV102683,2024-08-02,23395,21995,22645.0,3.31,2,49,Retail Sold,2024-09-20,
NV102684,2025-09-08,18695,18095,18903.0,-1.1,1,40,Retail Sold,2025-10-18,
NV102685,2026-07-17,39695,36195,37362.0,6.25,3,75,Wholesaled,2026-09-30,31500.0
NV102686,2024-06-06,32495,29695,32453.0,0.13,3,63,Retail Sold,2024-08-08,
NV102687,2026-02-04,30095,28295,29462.0,2.15,2,60,Retail Sold,2026-04-05,
NV102688,2025-05-18,34495,31495,32692.0,5.52,3,73,Retail Sold,2025-07-30,
NV102689,2024-06-14,22895,22195,22679.0,0.95,1,29,Retail Sold,2024-07-13,
NV102690,2024-06-06,14995,13695,13580.0,10.42,3,168,Retail Sold,2024-11-21,
NV102691,2025-05-09,38795,37595,37536.0,3.36,1,30,Retail Sold,2025-06-08,
NV102692,2026-09-15,12095,12095,11422.0,5.89,0,15,Active,,
NV102693,2026-03-31,10895,9895,9467.0,15.09,3,75,Wholesaled,2026-06-14,8400.0
NV102694,2026-02-27,11695,10695,8040.0,45.47,3,200,Retail Sold,2026-09-15,
NV102695,2024-11-16,34395,33395,32371.0,6.25,1,27,Retail Sold,2024-12-13,
NV102696,2025-10-27,20295,18495,20800.0,-2.43,3,151,Retail Sold,2026-03-27,
NV102697,2024-04-18,19295,18695,19319.0,-0.13,1,24,Retail Sold,2024-05-12,
NV102698,2025-12-26,16595,16595,16658.0,-0.38,0,12,Retail Sold,2026-01-07,
NV102699,2025-10-10,16895,15895,17155.0,-1.52,2,56,Retail Sold,2025-12-05,
NV102700,2026-01-11,25695,23495,24204.0,6.16,3,64,Retail Sold,2026-03-16,
NV102701,2025-10-31,31195,29395,31185.0,0.03,2,54,Retail Sold,2025-12-24,
NV102702,2025-06-14,21995,21295,20634.0,6.6,1,36,Retail Sold,2025-07-20,
NV102703,2025-06-15,30295,29395,28864.0,4.96,1,31,Retail Sold,2025-07-16,
NV102704,2024-07-11,9095,8295,8464.0,7.45,3,81,Retail Sold,2024-09-30,
NV102705,2025-06-28,16895,16395,16274.0,3.81,1,32,Retail Sold,2025-07-30,
NV102706,2025-03-20,14195,13795,13607.0,4.32,1,23,Retail Sold,2025-04-12,
NV102707,2026-05-10,17895,17895,18149.0,-1.4,0,18,Retail Sold,2026-05-28,
NV102708,2025-02-25,10595,9995,10021.0,5.73,2,49,Retail Sold,2025-04-15,
NV102709,2026-03-21,14995,14495,15000.0,-0.03,1,37,Retail Sold,2026-04-27,
NV102710,2025-08-06,16495,15495,17197.0,-4.08,2,55,Retail Sold,2025-09-30,
NV102711,2025-11-02,12795,11695,12510.0,2.28,3,117,Retail Sold,2026-02-27,
NV102712,2025-07-28,13995,12795,13189.0,6.11,3,75,Retail Sold,2025-10-11,
NV102713,2026-09-04,31695,30695,31702.0,-0.02,1,26,Active,,
NV102714,2026-03-14,31595,31595,31956.0,-1.13,0,11,Retail Sold,2026-03-25,
NV102715,2024-07-27,11695,11695,11449.0,2.15,0,16,Retail Sold,2024-08-12,
NV102716,2025-01-05,18795,18195,19596.0,-4.09,1,29,Retail Sold,2025-02-03,
NV102717,2024-09-29,21995,20695,20903.0,5.22,2,55,Retail Sold,2024-11-23,
NV102718,2026-04-09,17095,15595,15981.0,6.97,3,75,Wholesaled,2026-06-23,12975.0
NV102719,2026-04-17,15395,14095,12415.0,24.0,3,75,Wholesaled,2026-07-01,10775.0
NV102720,2024-07-19,20995,19195,20898.0,0.46,3,108,Retail Sold,2024-11-04,
NV102721,2025-12-23,27295,24895,26130.0,4.46,3,76,Retail Sold,2026-03-09,
NV102722,2024-12-29,13495,12295,12619.0,6.94,3,66,Retail Sold,2025-03-05,
NV102723,2026-02-22,13095,11995,12428.0,5.36,3,75,Wholesaled,2026-05-08,10875.0
NV102724,2024-09-01,25395,24595,23663.0,7.32,1,35,Retail Sold,2024-10-06,
NV102725,2026-07-28,14595,14195,14206.0,2.74,1,29,Retail Sold,2026-08-26,
NV102726,2026-04-09,18695,17595,17285.0,8.15,2,51,Retail Sold,2026-05-30,
NV102727,2024-06-06,12095,10995,11300.0,7.04,3,75,Wholesaled,2024-08-20,10200.0
NV102728,2024-10-22,24495,23795,23221.0,5.49,1,37,Retail Sold,2024-11-28,
NV102729,2025-08-08,13595,13195,13136.0,3.49,1,24,Retail Sold,2025-09-01,
NV102730,2025-07-23,14195,12995,13168.0,7.8,3,75,Wholesaled,2025-10-06,11150.0
NV102731,2025-01-11,19095,17395,18392.0,3.82,3,78,Retail Sold,2025-03-30,
NV102732,2025-12-03,11095,10095,10224.0,8.52,3,112,Retail Sold,2026-03-25,
NV102733,2024-08-02,17595,16595,15817.0,11.24,2,52,Retail Sold,2024-09-23,
NV102734,2026-06-06,12995,11895,9964.0,30.42,3,116,Active,,
NV102735,2026-09-09,17695,17195,17550.0,0.83,1,21,Active,,
NV102736,2024-06-10,10595,9695,9601.0,10.35,3,75,Wholesaled,2024-08-24,8150.0
NV102737,2026-04-03,12895,12095,12664.0,1.83,2,62,Retail Sold,2026-06-04,
NV102738,2024-04-25,26095,23795,24897.0,4.81,3,117,Retail Sold,2024-08-20,
NV102739,2026-06-01,17395,16895,17045.0,2.05,1,21,Retail Sold,2026-06-22,
NV102740,2026-07-04,11495,10495,6731.0,70.77,3,75,Wholesaled,2026-09-17,5575.0
NV102741,2025-01-11,23695,21595,23737.0,-0.18,3,69,Retail Sold,2025-03-21,
NV102742,2026-07-16,21995,20695,19740.0,11.42,2,46,Retail Sold,2026-08-31,
NV102743,2025-06-30,28395,28395,30691.0,-7.48,0,8,Retail Sold,2025-07-08,
NV102744,2025-01-27,11495,10495,9321.0,23.32,3,200,Retail Sold,2025-08-15,
NV102745,2024-04-29,39095,37895,37691.0,3.72,1,32,Retail Sold,2024-05-31,
NV102746,2024-03-10,28495,27595,28376.0,0.42,1,28,Retail Sold,2024-04-07,
NV102747,2026-07-11,48695,45795,46917.0,3.79,2,55,Retail Sold,2026-09-04,
NV102748,2025-10-31,15195,13895,14934.0,1.75,3,73,Retail Sold,2026-01-12,
NV102749,2026-07-18,16095,14695,14769.0,8.98,3,74,Active,,
NV102750,2025-02-22,16595,15595,16016.0,3.61,2,46,Retail Sold,2025-04-09,
NV102751,2026-05-30,17895,16295,16692.0,7.2,3,81,Retail Sold,2026-08-19,
NV102752,2024-05-28,27195,26395,27444.0,-0.91,1,40,Retail Sold,2024-07-07,
NV102753,2025-06-14,20395,18595,17855.0,14.23,3,75,Wholesaled,2025-08-28,14975.0
NV102754,2024-01-20,37595,37595,39292.0,-4.32,0,7,Retail Sold,2024-01-27,
NV102755,2025-05-01,13095,13095,13368.0,-2.04,0,14,Retail Sold,2025-05-15,
NV102756,2026-01-01,15495,15495,16505.0,-6.12,0,16,Retail Sold,2026-01-17,
NV102757,2026-07-21,23495,23495,25181.0,-6.7,0,18,Retail Sold,2026-08-08,
NV102758,2025-04-07,31195,30295,30998.0,0.63,1,35,Retail Sold,2025-05-12,
NV102759,2024-04-19,14795,13495,15071.0,-1.83,3,65,Retail Sold,2024-06-23,
NV102760,2025-05-28,21795,21095,19800.0,10.08,1,29,Retail Sold,2025-06-26,
NV102761,2025-06-23,11095,10095,8451.0,31.28,3,75,Wholesaled,2025-09-06,7275.0
NV102762,2025-04-01,30195,30195,29754.0,1.48,0,11,Retail Sold,2025-04-12,
NV102763,2026-06-28,12795,12395,11866.0,7.82,1,41,Retail Sold,2026-08-08,
NV102764,2026-06-28,26195,24595,25967.0,0.88,2,44,Retail Sold,2026-08-11,
NV102765,2026-05-18,12495,11395,12556.0,-0.48,3,75,Wholesaled,2026-08-01,11150.0
NV102766,2025-10-10,26795,26795,26814.0,-0.07,0,19,Retail Sold,2025-10-29,
NV102767,2024-04-11,25395,24595,24779.0,2.49,1,31,Retail Sold,2024-05-12,
NV102768,2026-04-25,14095,13295,12879.0,9.44,2,51,Retail Sold,2026-06-15,
NV102769,2026-07-30,30095,30095,28918.0,4.07,0,15,Retail Sold,2026-08-14,
NV102770,2025-09-06,22295,21595,22211.0,0.38,1,34,Retail Sold,2025-10-10,
NV102771,2026-03-25,22295,21595,21449.0,3.94,1,38,Retail Sold,2026-05-02,
NV102772,2024-07-01,48695,44395,44678.0,8.99,3,75,Retail Sold,2024-09-14,
NV102773,2026-05-26,20895,19695,20143.0,3.73,2,42,Retail Sold,2026-07-07,
NV102774,2026-04-11,19395,18795,18364.0,5.62,1,26,Retail Sold,2026-05-07,
NV102775,2024-10-15,23795,23795,25311.0,-5.99,0,7,Retail Sold,2024-10-22,
NV102776,2024-10-13,34995,34995,34850.0,0.42,0,14,Retail Sold,2024-10-27,
NV102777,2026-01-18,14095,12895,13096.0,7.63,3,76,Retail Sold,2026-04-04,
NV102778,2025-07-18,16995,15995,17470.0,-2.72,2,44,Retail Sold,2025-08-31,
NV102779,2026-03-15,21495,20895,21225.0,1.27,1,33,Retail Sold,2026-04-17,
NV102780,2025-10-04,27195,26395,27622.0,-1.54,1,23,Retail Sold,2025-10-27,
NV102781,2026-05-25,16495,15095,13482.0,22.34,3,75,Wholesaled,2026-08-08,11250.0
NV102782,2026-05-27,20795,20795,22093.0,-5.87,0,10,Retail Sold,2026-06-06,
NV102783,2024-09-11,20695,18895,18732.0,10.48,3,112,Retail Sold,2025-01-01,
NV102784,2026-03-07,17995,16895,16112.0,11.69,2,62,Retail Sold,2026-05-08,
NV102785,2025-02-19,22295,21595,21925.0,1.69,1,36,Retail Sold,2025-03-27,
NV102786,2026-02-03,18195,17595,18337.0,-0.78,1,26,Retail Sold,2026-03-01,
NV102787,2025-01-13,25495,23995,24502.0,4.05,2,45,Retail Sold,2025-02-27,
NV102788,2025-08-25,14395,13495,13467.0,6.89,2,51,Retail Sold,2025-10-15,
NV102789,2026-09-13,13695,13695,13714.0,-0.14,0,14,Retail Sold,2026-09-27,
NV102790,2026-04-10,19895,19295,20281.0,-1.9,1,24,Retail Sold,2026-05-04,
NV102791,2026-04-22,26595,26595,27700.0,-3.99,0,17,Retail Sold,2026-05-09,
NV102792,2024-05-10,33395,30495,30143.0,10.79,3,64,Retail Sold,2024-07-13,
NV102793,2025-08-08,11595,10595,8949.0,29.57,3,200,Retail Sold,2026-02-24,
NV102794,2025-05-25,25295,24495,25251.0,0.17,1,23,Retail Sold,2025-06-17,
NV102795,2026-05-23,14995,13695,10613.0,41.29,3,75,Wholesaled,2026-08-06,9300.0
NV102796,2026-05-17,16895,15395,15736.0,7.37,3,72,Retail Sold,2026-07-28,
NV102797,2024-02-06,12295,11595,11432.0,7.55,2,55,Retail Sold,2024-04-01,
NV102798,2025-05-05,15995,15995,15639.0,2.27,0,14,Retail Sold,2025-05-19,
NV102799,2025-10-28,17995,16395,17373.0,3.58,3,104,Retail Sold,2026-02-09,
NV102800,2025-11-30,46995,42895,44701.0,5.13,3,75,Wholesaled,2026-02-13,38375.0
NV102801,2025-04-05,27595,26795,27159.0,1.61,1,27,Retail Sold,2025-05-02,
NV102802,2024-07-03,19795,19195,18777.0,5.42,1,34,Retail Sold,2024-08-06,
NV102803,2026-01-16,21495,19595,21785.0,-1.33,3,85,Retail Sold,2026-04-11,
NV102804,2026-06-22,14195,12995,14189.0,0.04,3,63,Retail Sold,2026-08-24,
NV102805,2025-05-28,22295,22295,23281.0,-4.24,0,16,Retail Sold,2025-06-13,
NV102806,2025-04-05,25995,25195,24631.0,5.54,1,30,Retail Sold,2025-05-05,
NV102807,2024-04-11,11695,10695,9439.0,23.9,3,200,Retail Sold,2024-10-28,
NV102808,2025-06-03,33195,31195,32537.0,2.02,2,45,Retail Sold,2025-07-18,
NV102809,2024-02-02,15995,14595,14610.0,9.48,3,75,Wholesaled,2024-04-17,12075.0
NV102810,2026-07-05,19095,18495,18211.0,4.85,1,38,Retail Sold,2026-08-12,
NV102811,2026-07-18,23095,21095,21605.0,6.9,3,74,Active,,
NV102812,2024-07-22,16495,16495,16756.0,-1.56,0,18,Retail Sold,2024-08-09,
NV102813,2026-05-17,29795,28895,29372.0,1.44,1,31,Retail Sold,2026-06-17,
NV102814,2024-07-02,17695,17195,17587.0,0.61,1,34,Retail Sold,2024-08-05,
NV102815,2025-02-26,31395,28695,30639.0,2.47,3,75,Wholesaled,2025-05-12,26875.0
NV102816,2025-10-04,17395,15895,16202.0,7.36,3,75,Wholesaled,2025-12-18,14350.0
NV102817,2025-09-25,31295,29395,31700.0,-1.28,2,42,Retail Sold,2025-11-06,
NV102818,2024-12-13,22995,20995,22839.0,0.68,3,68,Retail Sold,2025-02-19,
NV102819,2026-01-08,15695,14795,15063.0,4.2,2,62,Retail Sold,2026-03-11,
NV102820,2026-01-12,14595,13295,12763.0,14.35,3,95,Retail Sold,2026-04-17,
NV102821,2025-06-23,26195,25395,26648.0,-1.7,1,26,Retail Sold,2025-07-19,
NV102822,2024-04-11,20295,19695,20807.0,-2.46,1,35,Retail Sold,2024-05-16,
NV102823,2026-04-15,15995,15495,15164.0,5.48,1,32,Retail Sold,2026-05-17,
NV102824,2026-04-22,16995,16495,16903.0,0.55,1,26,Retail Sold,2026-05-18,
NV102825,2026-01-09,19295,18195,19320.0,-0.13,2,46,Retail Sold,2026-02-24,
NV102826,2025-04-06,18295,17695,17133.0,6.78,1,23,Retail Sold,2025-04-29,
NV102827,2026-03-15,11795,10795,9426.0,25.14,3,199,Active,,
NV102828,2025-03-14,25495,24695,24189.0,5.4,1,23,Retail Sold,2025-04-06,
NV102829,2025-05-13,20395,20395,20975.0,-2.77,0,14,Retail Sold,2025-05-27,
NV102830,2025-06-15,31295,31295,31899.0,-1.89,0,7,Retail Sold,2025-06-22,
NV102831,2026-05-13,22195,22195,22174.0,0.09,0,18,Retail Sold,2026-05-31,
NV102832,2024-04-28,29495,27795,28552.0,3.3,2,42,Retail Sold,2024-06-09,
NV102833,2024-09-27,31595,29695,29993.0,5.34,2,52,Retail Sold,2024-11-18,
NV102834,2025-09-13,13495,12695,13227.0,2.02,2,59,Retail Sold,2025-11-11,
NV102835,2024-07-16,19895,19295,19936.0,-0.2,1,23,Retail Sold,2024-08-08,
NV102836,2024-04-20,22095,21395,22206.0,-0.5,1,24,Retail Sold,2024-05-14,
NV102837,2024-08-07,18195,17595,17661.0,3.02,1,40,Retail Sold,2024-09-16,
NV102838,2026-07-21,20695,18895,18632.0,11.07,3,71,Active,,
NV102839,2024-05-03,12095,10995,10861.0,11.37,3,90,Retail Sold,2024-08-01,
NV102840,2026-01-29,23895,21795,21848.0,9.37,3,75,Wholesaled,2026-04-14,20125.0
NV102841,2026-06-12,24095,22695,24726.0,-2.55,2,55,Retail Sold,2026-08-06,
NV102842,2024-09-03,30195,29295,30829.0,-2.06,1,37,Retail Sold,2024-10-10,
NV102843,2025-07-24,22695,22695,23094.0,-1.73,0,13,Retail Sold,2025-08-06,
NV102844,2025-05-16,21695,20995,21734.0,-0.18,1,34,Retail Sold,2025-06-19,
NV102845,2025-02-11,44395,41795,42660.0,4.07,2,42,Retail Sold,2025-03-25,
NV102846,2025-08-16,17295,17295,18548.0,-6.76,0,7,Retail Sold,2025-08-23,
NV102847,2024-12-12,26095,24595,26053.0,0.16,2,59,Retail Sold,2025-02-09,
NV102848,2026-07-10,20595,18795,19180.0,7.38,3,82,Active,,
NV102849,2025-01-09,50195,50195,48284.0,3.96,0,12,Retail Sold,2025-01-21,
NV102850,2026-08-06,18995,17895,17498.0,8.56,2,55,Active,,
NV102851,2026-09-10,20395,20395,19572.0,4.21,0,20,Active,,
NV102852,2025-07-06,33895,32895,31775.0,6.67,1,24,Retail Sold,2025-07-30,
NV102853,2025-02-24,23495,22795,23876.0,-1.6,1,24,Retail Sold,2025-03-20,
NV102854,2025-12-09,17595,16595,17726.0,-0.74,2,53,Retail Sold,2026-01-31,
NV102855,2024-02-15,21095,20495,19989.0,5.53,1,29,Retail Sold,2024-03-15,
NV102856,2026-06-26,13695,12495,11996.0,14.16,3,96,Active,,
NV102857,2026-08-08,11895,11195,10753.0,10.62,2,53,Active,,
NV102858,2026-01-20,21495,20895,21219.0,1.3,1,31,Retail Sold,2026-02-20,
NV102859,2025-10-16,11695,11295,11059.0,5.75,1,41,Retail Sold,2025-11-26,
NV102860,2025-06-28,25495,23295,25891.0,-1.53,3,75,Wholesaled,2025-09-11,20975.0
NV102861,2026-03-03,13895,13495,13992.0,-0.69,1,24,Retail Sold,2026-03-27,
NV102862,2026-05-24,20295,18495,17782.0,14.13,3,129,Active,,
NV102863,2024-10-06,16395,14995,15133.0,8.34,3,75,Wholesaled,2024-12-20,13050.0
NV102864,2025-10-15,14695,14295,14769.0,-0.5,1,24,Retail Sold,2025-11-08,
NV102865,2024-07-11,14195,12995,12307.0,15.34,3,148,Retail Sold,2024-12-06,
NV102866,2026-06-05,11695,10695,10952.0,6.78,3,75,Wholesaled,2026-08-19,9200.0
NV102867,2026-09-06,16895,16395,16025.0,5.43,1,24,Active,,
NV102868,2025-12-22,33195,30295,34384.0,-3.46,3,67,Retail Sold,2026-02-27,
NV102869,2026-07-02,24995,24995,24795.0,0.81,0,20,Retail Sold,2026-07-22,
NV102870,2025-08-12,16695,16695,15288.0,9.21,0,17,Retail Sold,2025-08-29,
NV102871,2026-06-23,9895,8995,8138.0,21.6,3,75,Wholesaled,2026-09-06,6900.0
NV102872,2025-04-11,18295,17695,18695.0,-2.14,1,24,Retail Sold,2025-05-05,
NV102873,2025-04-22,26895,26095,25319.0,6.22,1,23,Retail Sold,2025-05-15,
NV102874,2025-12-05,24395,23695,25241.0,-3.35,1,27,Retail Sold,2026-01-01,
NV102875,2026-02-19,25695,24195,24707.0,4.0,2,54,Retail Sold,2026-04-14,
NV102876,2026-06-29,12395,11995,11980.0,3.46,1,22,Retail Sold,2026-07-21,
NV102877,2024-08-17,31395,31395,32529.0,-3.49,0,17,Retail Sold,2024-09-03,
NV102878,2026-06-09,24995,22795,23869.0,4.72,3,75,Wholesaled,2026-08-23,20350.0
NV102879,2024-07-17,17095,16095,17454.0,-2.06,2,56,Retail Sold,2024-09-11,
NV102880,2026-07-10,26095,25295,25133.0,3.83,1,41,Retail Sold,2026-08-20,
NV102881,2024-07-05,15395,14095,13269.0,16.03,3,83,Retail Sold,2024-09-26,
NV102882,2024-06-04,45795,44395,43405.0,5.51,1,41,Retail Sold,2024-07-15,
NV102883,2026-04-21,17295,15795,16527.0,4.64,3,65,Retail Sold,2026-06-25,
NV102884,2026-03-11,10095,9495,10037.0,0.58,2,57,Retail Sold,2026-05-07,
NV102885,2026-08-14,20995,19795,20606.0,1.89,2,47,Active,,
NV102886,2024-05-28,17395,15895,15406.0,12.91,3,75,Wholesaled,2024-08-11,13050.0
NV102887,2025-03-05,33595,33595,35038.0,-4.12,0,11,Retail Sold,2025-03-16,
NV102888,2025-04-17,20695,20095,20853.0,-0.76,1,25,Retail Sold,2025-05-12,
NV102889,2024-03-25,19495,18895,18389.0,6.02,1,35,Retail Sold,2024-04-29,
NV102890,2025-08-17,16495,16495,15548.0,6.09,0,18,Retail Sold,2025-09-04,
NV102891,2026-02-05,18795,17695,16783.0,11.99,2,59,Retail Sold,2026-04-05,
NV102892,2026-05-31,8595,7795,6198.0,38.68,3,75,Wholesaled,2026-08-14,5525.0
NV102893,2025-10-19,16995,16995,18210.0,-6.67,0,12,Retail Sold,2025-10-31,
NV102894,2026-04-21,34995,33895,34131.0,2.53,1,22,Retail Sold,2026-05-13,
NV102895,2025-08-28,21495,20895,21134.0,1.71,1,34,Retail Sold,2025-10-01,
NV102896,2024-05-05,53795,53795,54251.0,-0.84,0,17,Retail Sold,2024-05-22,
NV102897,2025-01-02,25195,22995,22211.0,13.43,3,84,Retail Sold,2025-03-27,
NV102898,2024-05-19,34295,33295,33446.0,2.54,1,34,Retail Sold,2024-06-22,
NV102899,2024-10-29,17595,17095,16403.0,7.26,1,24,Retail Sold,2024-11-22,
NV102900,2024-05-21,25795,24995,26990.0,-4.43,1,22,Retail Sold,2024-06-12,
NV102901,2026-05-17,27495,26695,26848.0,2.41,1,35,Retail Sold,2026-06-21,
NV102902,2026-02-14,23095,22395,22680.0,1.83,1,22,Retail Sold,2026-03-08,
NV102903,2024-08-01,21695,21695,21790.0,-0.44,0,13,Retail Sold,2024-08-14,
NV102904,2024-09-04,19195,18595,19201.0,-0.03,1,31,Retail Sold,2024-10-05,
NV102905,2026-06-16,14195,12995,10656.0,33.21,3,75,Wholesaled,2026-08-30,9750.0
NV102906,2026-07-18,16995,15495,16022.0,6.07,3,74,Active,,
NV102907,2026-01-07,22395,21695,21486.0,4.23,1,41,Retail Sold,2026-02-17,
NV102908,2026-03-22,23195,22495,21604.0,7.36,1,22,Retail Sold,2026-04-13,
NV102909,2026-07-09,22295,20995,21073.0,5.8,2,55,Retail Sold,2026-09-02,
NV102910,2025-10-15,23095,21095,22137.0,4.33,3,67,Retail Sold,2025-12-21,
NV102911,2024-01-17,13895,12695,12848.0,8.15,3,75,Wholesaled,2024-04-01,10850.0
NV102912,2025-05-24,22195,21495,20910.0,6.15,1,32,Retail Sold,2025-06-25,
NV102913,2025-09-14,11695,10695,9209.0,26.99,3,75,Wholesaled,2025-11-28,7850.0
NV102914,2026-05-26,14295,13895,14019.0,1.97,1,29,Retail Sold,2026-06-24,
NV102915,2025-08-14,12295,11195,10767.0,14.19,3,167,Retail Sold,2026-01-28,
NV102916,2026-05-26,11795,10795,9665.0,22.04,3,75,Wholesaled,2026-08-09,8200.0
NV102917,2026-08-29,25995,25195,26052.0,-0.22,1,32,Active,,
NV102918,2024-08-10,23795,22395,23505.0,1.23,2,56,Retail Sold,2024-10-05,
NV102919,2025-01-16,29095,28195,29255.0,-0.55,1,31,Retail Sold,2025-02-16,
NV102920,2025-03-26,22295,21595,22392.0,-0.43,1,25,Retail Sold,2025-04-20,
NV102921,2026-03-03,10995,10295,10575.0,3.97,2,50,Retail Sold,2026-04-22,
NV102922,2026-05-16,21195,20595,20083.0,5.53,1,26,Retail Sold,2026-06-11,
NV102923,2026-01-30,28395,26695,27308.0,3.98,2,44,Retail Sold,2026-03-15,
NV102924,2024-01-16,47395,45995,48126.0,-1.52,1,28,Retail Sold,2024-02-13,
NV102925,2024-04-07,31295,28595,28758.0,8.82,3,75,Wholesaled,2024-06-21,24775.0
NV102926,2026-04-10,23695,22995,22446.0,5.56,1,24,Retail Sold,2026-05-04,
NV102927,2025-12-06,22995,22295,22059.0,4.24,1,39,Retail Sold,2026-01-14,
NV102928,2026-04-14,21395,19495,19559.0,9.39,3,134,Retail Sold,2026-08-26,
NV102929,2025-03-31,19695,17995,18151.0,8.51,3,75,Wholesaled,2025-06-14,15075.0
NV102930,2025-09-13,20295,19695,20227.0,0.34,1,27,Retail Sold,2025-10-10,
NV102931,2025-12-23,27695,25295,25875.0,7.03,3,200,Retail Sold,2026-07-11,
NV102932,2024-10-17,16395,15395,15750.0,4.09,2,59,Retail Sold,2024-12-15,
NV102933,2026-06-12,15995,14595,15677.0,2.03,3,102,Retail Sold,2026-09-22,
NV102934,2025-01-10,15695,14795,15242.0,2.97,2,43,Retail Sold,2025-02-22,
NV102935,2025-08-26,10595,9695,10016.0,5.78,3,108,Retail Sold,2025-12-12,
NV102936,2026-05-24,24195,23495,24803.0,-2.45,1,27,Retail Sold,2026-06-20,
NV102937,2024-12-15,22695,21995,23174.0,-2.07,1,23,Retail Sold,2025-01-07,
NV102938,2024-09-10,19395,19395,19324.0,0.37,0,14,Retail Sold,2024-09-24,
NV102939,2025-05-13,26895,26095,26860.0,0.13,1,34,Retail Sold,2025-06-16,
NV102940,2024-05-25,43695,43695,45428.0,-3.81,0,18,Retail Sold,2024-06-12,
NV102941,2025-10-14,29995,29095,29665.0,1.11,1,30,Retail Sold,2025-11-13,
NV102942,2024-04-15,13695,12895,13370.0,2.43,2,45,Retail Sold,2024-05-30,
NV102943,2025-12-25,22895,22195,23644.0,-3.17,1,22,Retail Sold,2026-01-16,
NV102944,2025-12-23,20895,19095,20190.0,3.49,3,67,Retail Sold,2026-02-28,
NV102945,2024-02-16,20895,20295,22863.0,-8.61,1,24,Retail Sold,2024-03-11,
NV102946,2026-06-13,14795,14395,14459.0,2.32,1,37,Retail Sold,2026-07-20,
NV102947,2025-06-13,16795,15295,14975.0,12.15,3,75,Wholesaled,2025-08-27,13100.0
NV102948,2025-01-04,13995,13195,13772.0,1.62,2,51,Retail Sold,2025-02-24,
NV102949,2026-02-18,30095,29195,29321.0,2.64,1,38,Retail Sold,2026-03-28,
NV102950,2025-03-30,27095,26295,26998.0,0.36,1,25,Retail Sold,2025-04-24,
NV102951,2024-11-09,16095,14695,15361.0,4.78,3,69,Retail Sold,2025-01-17,
NV102952,2024-09-07,21695,20995,22506.0,-3.6,1,39,Retail Sold,2024-10-16,
NV102953,2024-04-03,55695,53995,53614.0,3.88,1,28,Retail Sold,2024-05-01,
NV102954,2025-12-29,9095,8295,8431.0,7.87,3,64,Retail Sold,2026-03-03,
NV102955,2026-02-23,16295,14895,16183.0,0.69,3,75,Wholesaled,2026-05-09,14250.0
NV102956,2025-11-02,17895,17895,19010.0,-5.87,0,16,Retail Sold,2025-11-18,
NV102957,2026-05-16,18095,17595,17910.0,1.03,1,39,Retail Sold,2026-06-24,
NV102958,2026-06-23,11595,10895,11267.0,2.91,2,55,Retail Sold,2026-08-17,
NV102959,2026-06-18,12795,11695,11749.0,8.9,3,64,Retail Sold,2026-08-21,
NV102960,2026-09-02,18995,18395,18023.0,5.39,1,28,Active,,
NV102961,2025-06-07,11995,10895,9312.0,28.81,3,200,Retail Sold,2025-12-24,
NV102962,2026-05-20,13795,12595,12939.0,6.61,3,68,Retail Sold,2026-07-27,
NV102963,2026-01-02,19295,17595,18474.0,4.45,3,75,Wholesaled,2026-03-18,16450.0
NV102964,2024-10-11,30695,28895,27566.0,11.35,2,52,Retail Sold,2024-12-02,
NV102965,2024-05-09,25495,24695,26173.0,-2.59,1,21,Retail Sold,2024-05-30,
NV102966,2024-12-07,25395,23895,25640.0,-0.96,2,47,Retail Sold,2025-01-23,
NV102967,2025-08-31,14295,13895,13652.0,4.71,1,40,Retail Sold,2025-10-10,
NV102968,2026-01-02,35595,33495,32945.0,8.04,2,42,Retail Sold,2026-02-13,
NV102969,2026-04-12,22395,21695,20990.0,6.69,1,24,Retail Sold,2026-05-06,
NV102970,2026-08-21,10795,10495,9477.0,13.91,1,40,Active,,
NV102971,2026-05-07,37595,36495,33392.0,12.59,1,39,Retail Sold,2026-06-15,
NV102972,2024-03-10,14395,13995,14025.0,2.64,1,30,Retail Sold,2024-04-09,
NV102973,2026-07-05,20695,19495,19121.0,8.23,2,42,Retail Sold,2026-08-16,
NV102974,2024-03-01,19195,17495,17761.0,8.07,3,72,Retail Sold,2024-05-12,
NV102975,2024-07-01,19195,18595,19067.0,0.67,1,31,Retail Sold,2024-08-01,
NV102976,2025-03-14,16995,16995,16512.0,2.93,0,10,Retail Sold,2025-03-24,
NV102977,2025-06-10,15195,13895,11743.0,29.39,3,75,Wholesaled,2025-08-24,9700.0
NV102978,2025-05-17,11895,11495,11854.0,0.34,1,39,Retail Sold,2025-06-25,
NV102979,2025-03-03,18695,18095,19014.0,-1.68,1,24,Retail Sold,2025-03-27,
NV102980,2026-05-26,29695,27895,26911.0,10.34,2,58,Retail Sold,2026-07-23,
NV102981,2025-07-04,18795,18195,18814.0,-0.1,1,23,Retail Sold,2025-07-27,
NV102982,2024-05-19,13095,11995,11711.0,11.81,3,72,Retail Sold,2024-07-30,
NV102983,2025-07-12,17095,15595,15665.0,9.13,3,81,Retail Sold,2025-10-01,
NV102984,2026-05-27,10295,9395,8442.0,21.95,3,75,Wholesaled,2026-08-10,7500.0
NV102985,2024-08-08,16795,16295,17754.0,-5.4,1,24,Retail Sold,2024-09-01,
NV102986,2024-04-24,18095,16495,17151.0,5.5,3,75,Wholesaled,2024-07-08,15125.0
NV102987,2025-03-14,11295,10295,10761.0,4.96,3,89,Retail Sold,2025-06-11,
NV102988,2026-08-23,19495,19495,19828.0,-1.68,0,14,Retail Sold,2026-09-06,
NV102989,2026-06-12,12695,11595,11293.0,12.42,3,110,Active,,
NV102990,2026-02-22,14795,14395,13992.0,5.74,1,36,Retail Sold,2026-03-30,
NV102991,2026-03-27,15795,14395,11941.0,32.27,3,187,Active,,
NV102992,2025-08-28,21095,20495,20902.0,0.92,1,28,Retail Sold,2025-09-25,
NV102993,2025-07-17,31095,30195,29677.0,4.78,1,25,Retail Sold,2025-08-11,
NV102994,2025-08-19,25295,23795,24499.0,3.25,2,47,Retail Sold,2025-10-05,
NV102995,2026-07-07,16495,15095,15974.0,3.26,3,85,Active,,
NV102996,2026-08-28,13595,13195,13559.0,0.27,1,23,Retail Sold,2026-09-20,
NV102997,2024-08-06,15495,14595,15142.0,2.33,2,59,Retail Sold,2024-10-04,
NV102998,2025-01-01,11995,10895,11009.0,8.95,3,74,Retail Sold,2025-03-16,
NV102999,2025-02-12,12195,11095,10168.0,19.93,3,200,Retail Sold,2025-08-31,
NV103000,2025-12-21,28595,26095,27188.0,5.17,3,67,Retail Sold,2026-02-26,
NV103001,2025-10-10,25695,24195,24891.0,3.23,2,44,Retail Sold,2025-11-23,
NV103002,2024-09-16,15795,14895,15185.0,4.02,2,50,Retail Sold,2024-11-05,
NV103003,2024-11-29,13395,12195,13115.0,2.13,3,67,Retail Sold,2025-02-04,
NV103004,2026-01-11,19895,19295,19430.0,2.39,1,29,Retail Sold,2026-02-09,
NV103005,2025-03-01,19595,18995,19684.0,-0.45,1,22,Retail Sold,2025-03-23,
NV103006,2026-05-18,14395,14395,14907.0,-3.43,0,17,Retail Sold,2026-06-04,
NV103007,2026-04-11,16795,15295,12758.0,31.65,3,75,Wholesaled,2026-06-25,10900.0
NV103008,2025-06-24,25695,24895,26356.0,-2.51,1,23,Retail Sold,2025-07-17,
NV103009,2024-02-23,28895,27195,27617.0,4.63,2,44,Retail Sold,2024-04-07,
NV103010,2025-07-13,28295,25795,28075.0,0.78,3,75,Retail Sold,2025-09-26,
NV103011,2025-06-01,11895,11195,10987.0,8.26,2,45,Retail Sold,2025-07-16,
NV103012,2025-10-03,32395,31395,31374.0,3.25,1,39,Retail Sold,2025-11-11,
NV103013,2025-09-01,17795,17295,17583.0,1.21,1,24,Retail Sold,2025-09-25,
NV103014,2024-09-27,33995,30995,30069.0,13.06,3,157,Retail Sold,2025-03-03,
NV103015,2024-06-09,23995,22595,22226.0,7.96,2,54,Retail Sold,2024-08-02,
NV103016,2024-09-24,23995,23295,23163.0,3.59,1,34,Retail Sold,2024-10-28,
NV103017,2026-05-13,16995,16495,16923.0,0.43,1,22,Retail Sold,2026-06-04,
NV103018,2025-12-14,34695,33695,35569.0,-2.46,1,22,Retail Sold,2026-01-05,
NV103019,2025-08-16,28595,26095,28119.0,1.69,3,67,Retail Sold,2025-10-22,
NV103020,2025-10-18,34895,31795,31782.0,9.79,3,75,Wholesaled,2026-01-01,26550.0
NV103021,2024-08-11,17395,16395,16179.0,7.51,2,62,Retail Sold,2024-10-12,
NV103022,2026-01-16,14395,13095,12769.0,12.74,3,75,Wholesaled,2026-04-01,11375.0
NV103023,2025-05-23,23795,23095,24641.0,-3.43,1,35,Retail Sold,2025-06-27,
NV103024,2024-05-22,27395,24995,25227.0,8.59,3,75,Wholesaled,2024-08-05,20300.0
NV103025,2025-09-30,13195,11995,12186.0,8.28,3,157,Retail Sold,2026-03-06,
NV103026,2024-07-13,43995,42695,42141.0,4.4,1,27,Retail Sold,2024-08-09,
NV103027,2024-02-08,29595,27795,29085.0,1.75,2,47,Retail Sold,2024-03-26,
NV103028,2025-04-22,16695,15695,16545.0,0.91,2,56,Retail Sold,2025-06-17,
NV103029,2025-05-26,43595,40995,40326.0,8.11,2,62,Retail Sold,2025-07-27,
NV103030,2024-08-31,22495,21795,22196.0,1.35,1,25,Retail Sold,2024-09-25,
NV103031,2026-06-28,20495,19895,20477.0,0.09,1,27,Retail Sold,2026-07-25,
NV103032,2025-12-17,13495,12295,12328.0,9.46,3,75,Wholesaled,2026-03-02,10650.0
NV103033,2024-11-04,18695,17095,17059.0,9.59,3,75,Wholesaled,2025-01-18,14700.0
NV103034,2026-03-20,31795,30795,30912.0,2.86,1,25,Retail Sold,2026-04-14,
NV103035,2025-08-15,18795,17695,19441.0,-3.32,2,55,Retail Sold,2025-10-09,
NV103036,2026-09-12,15195,15195,9960.0,52.56,0,18,Active,,
NV103037,2024-07-16,32295,32295,32663.0,-1.13,0,16,Retail Sold,2024-08-01,
NV103038,2026-01-09,33995,33995,33253.0,2.23,0,17,Retail Sold,2026-01-26,
NV103039,2026-01-01,41095,41095,38610.0,6.44,0,18,Retail Sold,2026-01-19,
NV103040,2026-03-09,20595,18795,17153.0,20.07,3,200,Retail Sold,2026-09-25,
NV103041,2024-02-20,20295,20295,21725.0,-6.58,0,16,Retail Sold,2024-03-07,
NV103042,2026-07-24,26995,25395,27735.0,-2.67,2,60,Retail Sold,2026-09-22,
NV103043,2025-06-07,18895,18295,18251.0,3.53,1,32,Retail Sold,2025-07-09,
NV103044,2025-07-02,29595,27795,28327.0,4.48,2,45,Retail Sold,2025-08-16,
NV103045,2024-11-06,11495,10795,10290.0,11.71,2,58,Retail Sold,2025-01-03,
NV103046,2026-07-29,19395,18795,19374.0,0.11,1,39,Retail Sold,2026-09-06,
NV103047,2025-10-10,22095,20195,20910.0,5.67,3,123,Retail Sold,2026-02-10,
NV103048,2024-11-18,34095,34095,33560.0,1.6,0,20,Retail Sold,2024-12-08,
NV103049,2024-08-15,18595,18595,20089.0,-7.44,0,10,Retail Sold,2024-08-25,
NV103050,2026-05-29,29795,28895,29165.0,2.16,1,31,Retail Sold,2026-06-29,
NV103051,2026-07-30,14195,13395,9266.0,53.19,2,62,Active,,
NV103052,2024-11-04,27095,27095,28059.0,-3.43,0,8,Retail Sold,2024-11-12,
NV103053,2026-07-26,16795,15295,14812.0,13.39,3,66,Active,,
NV103054,2026-03-06,19095,18495,17824.0,7.13,1,28,Retail Sold,2026-04-03,
NV103055,2024-08-08,21895,20595,21282.0,2.88,2,47,Retail Sold,2024-09-24,
NV103056,2025-07-30,11395,11095,11215.0,1.61,1,39,Retail Sold,2025-09-07,
NV103057,2025-03-20,25795,24995,26470.0,-2.55,1,22,Retail Sold,2025-04-11,
NV103058,2025-07-27,29895,28995,30036.0,-0.47,1,39,Retail Sold,2025-09-04,
NV103059,2025-09-08,18095,16995,18831.0,-3.91,2,53,Retail Sold,2025-10-31,
NV103060,2026-06-11,29495,28595,28754.0,2.58,1,38,Retail Sold,2026-07-19,
NV103061,2024-04-15,15595,15595,15353.0,1.57,0,11,Retail Sold,2024-04-26,
NV103062,2025-07-18,30495,30495,33863.0,-9.95,0,19,Retail Sold,2025-08-06,
NV103063,2026-08-07,30595,29695,29525.0,3.62,1,40,Retail Sold,2026-09-16,
NV103064,2026-05-17,26395,25595,25678.0,2.79,1,35,Retail Sold,2026-06-21,
NV103065,2026-07-19,17795,17295,17526.0,1.53,1,24,Retail Sold,2026-08-12,
NV103066,2025-05-30,16195,16195,15925.0,1.7,0,13,Retail Sold,2025-06-12,
NV103067,2025-08-24,30695,30695,31737.0,-3.28,0,11,Retail Sold,2025-09-04,
NV103068,2025-10-18,14595,13695,14411.0,1.27,2,60,Retail Sold,2025-12-17,
NV103069,2026-02-21,15895,14495,14243.0,11.6,3,65,Retail Sold,2026-04-27,
NV103070,2026-08-10,21095,19795,18180.0,16.04,2,51,Active,,
NV103071,2024-08-09,19295,18195,18829.0,2.47,2,43,Retail Sold,2024-09-21,
NV103072,2024-07-03,15095,14595,14156.0,6.63,1,26,Retail Sold,2024-07-29,
NV103073,2026-05-27,37295,37295,39768.0,-6.22,0,20,Retail Sold,2026-06-16,
NV103074,2024-03-09,21595,20895,22026.0,-1.96,1,23,Retail Sold,2024-04-01,
NV103075,2025-04-01,23295,21895,24516.0,-4.98,2,42,Retail Sold,2025-05-13,
NV103076,2025-02-25,25995,25195,26047.0,-0.2,1,34,Retail Sold,2025-03-31,
NV103077,2024-05-19,25895,25895,27186.0,-4.75,0,4,Retail Sold,2024-05-23,
NV103078,2026-06-27,15095,13795,11845.0,27.44,3,95,Active,,
NV103079,2025-06-21,16895,16895,16638.0,1.55,0,17,Retail Sold,2025-07-08,
NV103080,2024-07-16,38795,37595,37825.0,2.57,1,36,Retail Sold,2024-08-21,
NV103081,2025-05-29,21095,19295,19116.0,10.35,3,75,Wholesaled,2025-08-12,15475.0
NV103082,2026-06-26,12595,12195,13068.0,-3.62,1,33,Retail Sold,2026-07-29,
NV103083,2026-06-05,11495,10495,8619.0,33.37,3,117,Active,,
NV103084,2024-05-25,14895,13995,15688.0,-5.05,2,45,Retail Sold,2024-07-09,
NV103085,2025-08-30,20395,19795,21660.0,-5.84,1,24,Retail Sold,2025-09-23,
NV103086,2025-09-27,14395,13095,9548.0,50.76,3,200,Retail Sold,2026-04-15,
NV103087,2025-11-28,23595,22195,23681.0,-0.36,2,46,Retail Sold,2026-01-13,
NV103088,2024-05-31,26995,26195,27485.0,-1.78,1,36,Retail Sold,2024-07-06,
NV103089,2025-03-06,14295,12995,12587.0,13.57,3,83,Retail Sold,2025-05-28,
NV103090,2025-06-04,27995,26295,26647.0,5.06,2,61,Retail Sold,2025-08-04,
NV103091,2025-12-24,27395,26595,28657.0,-4.4,1,29,Retail Sold,2026-01-22,
NV103092,2024-10-17,9195,8395,8328.0,10.41,3,69,Retail Sold,2024-12-25,
NV103093,2025-07-01,28695,28695,31418.0,-8.67,0,17,Retail Sold,2025-07-18,
NV103094,2026-02-12,13595,12395,11067.0,22.84,3,150,Retail Sold,2026-07-12,
NV103095,2025-05-20,16995,16995,16577.0,2.52,0,19,Retail Sold,2025-06-08,
NV103096,2024-05-20,23095,22395,22027.0,4.85,1,37,Retail Sold,2024-06-26,
NV103097,2026-02-18,11895,10895,11745.0,1.28,3,88,Retail Sold,2026-05-17,
NV103098,2025-06-16,13395,12195,13372.0,0.18,3,75,Wholesaled,2025-08-30,11300.0
NV103099,2025-08-07,22295,20995,20025.0,11.34,2,54,Retail Sold,2025-09-30,
NV103100,2025-12-21,19595,19595,19701.0,-0.54,0,19,Retail Sold,2026-01-09,
NV103101,2026-06-08,19295,18695,18181.0,6.13,1,31,Retail Sold,2026-07-09,
NV103102,2024-01-13,28695,26195,28441.0,0.89,3,70,Retail Sold,2024-03-23,
NV103103,2024-09-16,26995,25395,25222.0,7.03,2,42,Retail Sold,2024-10-28,
NV103104,2024-10-04,18595,17995,19071.0,-2.49,1,26,Retail Sold,2024-10-30,
NV103105,2025-05-14,25495,24695,24584.0,3.71,1,29,Retail Sold,2025-06-12,
NV103106,2026-08-16,19595,18395,17804.0,10.06,2,45,Active,,
NV103107,2026-02-17,15995,14595,15161.0,5.5,3,68,Retail Sold,2026-04-26,
NV103108,2025-07-01,22795,22795,23326.0,-2.28,0,15,Retail Sold,2025-07-16,
NV103109,2026-08-19,12495,11795,9541.0,30.96,2,42,Active,,
NV103110,2026-01-20,20895,19695,21814.0,-4.21,2,49,Retail Sold,2026-03-10,
NV103111,2024-11-09,16295,15795,16152.0,0.89,1,24,Retail Sold,2024-12-03,
NV103112,2025-01-25,18995,17895,17917.0,6.02,2,50,Retail Sold,2025-03-16,
NV103113,2024-05-08,25995,25195,26483.0,-1.84,1,30,Retail Sold,2024-06-07,
NV103114,2026-02-08,15595,14695,15847.0,-1.59,2,45,Retail Sold,2026-03-25,
NV103115,2026-06-10,34495,33495,33645.0,2.53,1,34,Retail Sold,2026-07-14,
NV103116,2025-10-10,17595,16595,18009.0,-2.3,2,48,Retail Sold,2025-11-27,
NV103117,2025-05-22,17495,16995,17847.0,-1.97,1,22,Retail Sold,2025-06-13,
NV103118,2024-06-21,39395,37095,35660.0,10.47,2,52,Retail Sold,2024-08-12,
NV103119,2025-04-08,17395,16395,16278.0,6.86,2,46,Retail Sold,2025-05-24,
NV103120,2026-07-05,15495,14995,14835.0,4.45,1,38,Retail Sold,2026-08-12,
NV103121,2026-07-08,14995,14095,13712.0,9.35,2,53,Retail Sold,2026-08-30,
NV103122,2025-12-01,51395,48395,48689.0,5.56,2,62,Retail Sold,2026-02-01,
NV103123,2025-08-18,13695,12495,13010.0,5.27,3,119,Retail Sold,2025-12-15,
NV103124,2026-03-05,16395,15895,15879.0,3.25,1,37,Retail Sold,2026-04-11,
NV103125,2025-12-19,22095,20795,20913.0,5.65,2,50,Retail Sold,2026-02-07,
NV103126,2025-07-09,14795,13495,13614.0,8.67,3,79,Retail Sold,2025-09-26,
NV103127,2025-01-04,14595,13295,11503.0,26.88,3,75,Wholesaled,2025-03-20,9650.0
NV103128,2024-07-10,26295,23995,24895.0,5.62,3,74,Retail Sold,2024-09-22,
NV103129,2024-02-01,36195,32995,35544.0,1.83,3,64,Retail Sold,2024-04-05,
NV103130,2025-04-18,13095,11995,9684.0,35.23,3,75,Wholesaled,2025-07-02,7800.0
NV103131,2025-10-08,14695,13395,12753.0,15.23,3,200,Retail Sold,2026-04-26,
NV103132,2025-07-11,17295,16795,17404.0,-0.63,1,29,Retail Sold,2025-08-09,
NV103133,2024-05-26,56295,54595,55006.0,2.34,1,22,Retail Sold,2024-06-17,
NV103134,2025-09-14,16895,16395,17140.0,-1.43,1,27,Retail Sold,2025-10-11,
NV103135,2024-04-09,32195,30295,30799.0,4.53,2,49,Retail Sold,2024-05-28,
NV103136,2024-11-29,24795,24095,25032.0,-0.95,1,28,Retail Sold,2024-12-27,
NV103137,2025-01-07,14495,13595,14387.0,0.75,2,48,Retail Sold,2025-02-24,
NV103138,2024-06-15,33695,32695,33576.0,0.35,1,31,Retail Sold,2024-07-16,
NV103139,2025-07-29,12595,12195,12865.0,-2.1,1,26,Retail Sold,2025-08-24,
NV103140,2026-06-26,10495,9595,8437.0,24.39,3,96,Active,,
NV103141,2026-03-02,24295,22895,23664.0,2.67,2,43,Retail Sold,2026-04-14,
NV103142,2026-06-12,14795,13495,9392.0,57.52,3,75,Wholesaled,2026-08-26,8100.0
NV103143,2026-03-22,16095,14695,11300.0,42.43,3,192,Active,,
NV103144,2025-01-11,15895,14495,15340.0,3.62,3,88,Retail Sold,2025-04-09,
NV103145,2024-05-28,21595,19695,19228.0,12.31,3,75,Wholesaled,2024-08-11,16225.0
NV103146,2025-10-23,10595,9695,9342.0,13.42,3,75,Wholesaled,2026-01-06,8175.0
NV103147,2026-07-10,24995,22795,22806.0,9.6,3,82,Active,,
NV103148,2026-06-30,22895,22195,22368.0,2.36,1,34,Retail Sold,2026-08-03,
NV103149,2026-08-12,24995,23495,25167.0,-0.68,2,49,Active,,
NV103150,2026-02-25,12095,10995,9840.0,22.92,3,200,Retail Sold,2026-09-13,
NV103151,2026-08-04,16595,15595,13500.0,22.92,2,57,Active,,
NV103152,2025-11-24,22195,21495,20921.0,6.09,1,37,Retail Sold,2025-12-31,
NV103153,2024-01-31,47095,47095,48747.0,-3.39,0,14,Retail Sold,2024-02-14,
NV103154,2026-02-27,11095,10095,8321.0,33.33,3,200,Retail Sold,2026-09-15,
NV103155,2024-02-08,20595,19995,19749.0,4.29,1,31,Retail Sold,2024-03-10,
NV103156,2024-08-21,26895,24495,26081.0,3.12,3,64,Retail Sold,2024-10-24,
NV103157,2026-06-03,41095,39895,41933.0,-2.0,1,23,Retail Sold,2026-06-26,
NV103158,2026-08-23,16295,16295,15476.0,5.29,0,20,Retail Sold,2026-09-12,
NV103159,2025-03-05,13695,13295,14153.0,-3.23,1,24,Retail Sold,2025-03-29,
NV103160,2025-08-16,23395,22695,23772.0,-1.58,1,36,Retail Sold,2025-09-21,
NV103161,2026-03-02,17495,16995,16639.0,5.15,1,34,Retail Sold,2026-04-05,
NV103162,2026-05-03,20295,19695,20192.0,0.51,1,22,Retail Sold,2026-05-25,
NV103163,2026-04-03,12595,11895,12512.0,0.67,2,61,Retail Sold,2026-06-03,
NV103164,2025-12-29,18795,18195,19617.0,-4.19,1,35,Retail Sold,2026-02-02,
NV103165,2025-06-11,21095,19295,19056.0,10.7,3,75,Wholesaled,2025-08-25,16600.0
NV103166,2025-09-21,42395,38695,38693.0,9.57,3,73,Retail Sold,2025-12-03,
NV103167,2024-10-26,11695,10695,9074.0,28.89,3,75,Wholesaled,2025-01-09,7725.0
NV103168,2026-05-30,21895,20595,20336.0,7.67,2,53,Retail Sold,2026-07-22,
NV103169,2026-04-12,12595,11895,11988.0,5.07,2,52,Retail Sold,2026-06-03,
NV103170,2026-01-27,16695,15695,16875.0,-1.07,2,54,Retail Sold,2026-03-22,
NV103171,2025-10-19,19195,18595,18503.0,3.74,1,23,Retail Sold,2025-11-11,
NV103172,2024-04-03,35595,33495,32647.0,9.03,2,47,Retail Sold,2024-05-20,
NV103173,2024-04-18,16295,16295,17128.0,-4.86,0,14,Retail Sold,2024-05-02,
NV103174,2026-05-19,21195,19295,19813.0,6.97,3,107,Retail Sold,2026-09-03,
NV103175,2026-07-26,15095,14595,14690.0,2.76,1,28,Retail Sold,2026-08-23,
NV103176,2024-06-30,19495,18895,17451.0,11.71,1,28,Retail Sold,2024-07-28,
NV103177,2024-05-22,19695,19095,18070.0,8.99,1,33,Retail Sold,2024-06-24,
NV103178,2026-06-23,24695,24695,23594.0,4.67,0,18,Retail Sold,2026-07-11,
NV103179,2026-08-24,13195,12795,9759.0,35.21,1,37,Active,,
NV103180,2024-09-28,11495,10495,10195.0,12.75,3,147,Retail Sold,2025-02-22,
NV103181,2026-05-02,16795,16795,17534.0,-4.21,0,9,Retail Sold,2026-05-11,
NV103182,2026-08-30,21195,20595,20994.0,0.96,1,29,Retail Sold,2026-09-28,
NV103183,2025-10-16,30995,29195,31065.0,-0.23,2,60,Retail Sold,2025-12-15,
NV103184,2026-01-12,23295,23295,23624.0,-1.39,0,15,Retail Sold,2026-01-27,
NV103185,2025-03-01,36095,36095,36112.0,-0.05,0,19,Retail Sold,2025-03-20,
NV103186,2025-08-20,35595,32495,32731.0,8.75,3,75,Wholesaled,2025-11-03,28350.0
NV103187,2026-05-30,26695,24395,25479.0,4.77,3,66,Retail Sold,2026-08-04,
NV103188,2025-07-09,11195,10895,10644.0,5.17,1,26,Retail Sold,2025-08-04,
NV103189,2026-02-12,24595,24595,24513.0,0.33,0,18,Retail Sold,2026-03-02,
NV103190,2026-06-14,14595,13295,13000.0,12.27,3,108,Active,,
NV103191,2024-02-17,40095,36595,38472.0,4.22,3,68,Retail Sold,2024-04-25,
NV103192,2024-09-12,13795,13795,14034.0,-1.7,0,20,Retail Sold,2024-10-02,
NV103193,2024-01-30,27095,25495,25968.0,4.34,2,56,Retail Sold,2024-03-26,
NV103194,2024-07-21,41395,40195,42512.0,-2.63,1,22,Retail Sold,2024-08-12,
NV103195,2025-10-29,29095,28195,31598.0,-7.92,1,22,Retail Sold,2025-11-20,
NV103196,2025-01-08,25995,25195,25861.0,0.52,1,23,Retail Sold,2025-01-31,
NV103197,2024-01-19,30295,27595,26684.0,13.53,3,134,Retail Sold,2024-06-01,
NV103198,2025-03-30,14495,13195,13172.0,10.04,3,75,Wholesaled,2025-06-13,11800.0
NV103199,2026-01-05,22295,22295,24110.0,-7.53,0,4,Retail Sold,2026-01-09,
NV103200,2026-06-18,33595,32595,30665.0,9.55,1,34,Retail Sold,2026-07-22,
NV103201,2024-08-11,22195,20295,20859.0,6.41,3,122,Retail Sold,2024-12-11,
NV103202,2025-09-26,22995,22295,21637.0,6.27,1,36,Retail Sold,2025-11-01,
NV103203,2025-11-11,20895,20895,21638.0,-3.43,0,9,Retail Sold,2025-11-20,
NV103204,2025-06-29,22495,22495,24613.0,-8.61,0,13,Retail Sold,2025-07-12,
NV103205,2026-05-09,13795,12595,10020.0,37.68,3,75,Wholesaled,2026-07-23,8600.0
NV103206,2024-05-14,15895,15895,16456.0,-3.41,0,12,Retail Sold,2024-05-26,
NV103207,2024-03-09,17595,17095,16483.0,6.74,1,29,Retail Sold,2024-04-07,
NV103208,2025-07-23,13595,13195,13380.0,1.61,1,22,Retail Sold,2025-08-14,
NV103209,2024-11-13,19195,17495,18916.0,1.48,3,75,Wholesaled,2025-01-27,15875.0
NV103210,2026-05-05,15095,14595,14595.0,3.43,1,38,Retail Sold,2026-06-12,
NV103211,2025-10-25,49195,46295,45216.0,8.8,2,58,Retail Sold,2025-12-22,
NV103212,2025-11-08,39195,35795,38124.0,2.81,3,85,Retail Sold,2026-02-01,
NV103213,2026-08-19,13995,13195,13229.0,5.79,2,42,Active,,
NV103214,2025-01-05,20795,20795,21392.0,-2.79,0,19,Retail Sold,2025-01-24,
NV103215,2024-06-30,22195,21495,21137.0,5.0,1,22,Retail Sold,2024-07-22,
NV103216,2026-07-14,31495,30595,32018.0,-1.63,1,37,Retail Sold,2026-08-20,
NV103217,2025-11-05,26595,25795,25962.0,2.44,1,30,Retail Sold,2025-12-05,
NV103218,2024-06-02,47795,46395,48369.0,-1.19,1,40,Retail Sold,2024-07-12,
NV103219,2026-04-12,12795,12795,12063.0,6.07,0,20,Retail Sold,2026-05-02,
NV103220,2026-04-28,41495,37895,37755.0,9.91,3,132,Retail Sold,2026-09-07,
NV103221,2026-07-11,13595,12395,12984.0,4.71,3,75,Wholesaled,2026-09-24,11050.0
NV103222,2026-06-01,18195,17095,16911.0,7.59,2,56,Retail Sold,2026-07-27,
NV103223,2026-06-13,17695,17195,16742.0,5.69,1,31,Retail Sold,2026-07-14,
NV103224,2026-01-30,19895,18695,19384.0,2.64,2,52,Retail Sold,2026-03-23,
NV103225,2024-12-12,62895,59195,59884.0,5.03,2,42,Retail Sold,2025-01-23,
NV103226,2024-09-10,12495,11395,10205.0,22.44,3,139,Retail Sold,2025-01-27,
NV103227,2026-06-15,21495,20895,20341.0,5.67,1,35,Retail Sold,2026-07-20,
NV103228,2025-06-24,26995,26995,28920.0,-6.66,0,15,Retail Sold,2025-07-09,
NV103229,2025-10-16,30595,27895,27901.0,9.66,3,64,Retail Sold,2025-12-19,
NV103230,2026-04-20,22495,20495,21504.0,4.61,3,75,Wholesaled,2026-07-04,17175.0
NV103231,2024-06-26,22095,20795,23839.0,-7.32,2,55,Retail Sold,2024-08-20,
NV103232,2026-07-21,29095,27395,28651.0,1.55,2,42,Retail Sold,2026-09-01,
NV103233,2026-05-17,19095,17995,19359.0,-1.36,2,58,Retail Sold,2026-07-14,
NV103234,2026-05-20,11495,10495,10507.0,9.41,3,124,Retail Sold,2026-09-21,
NV103235,2025-04-28,16795,15795,16001.0,4.96,2,48,Retail Sold,2025-06-15,
NV103236,2025-02-27,24195,24195,25966.0,-6.82,0,16,Retail Sold,2025-03-15,
NV103237,2025-05-17,10895,9895,8664.0,25.76,3,75,Wholesaled,2025-07-31,7525.0
NV103238,2025-04-18,18095,16495,16149.0,12.05,3,75,Wholesaled,2025-07-02,13475.0
NV103239,2025-06-05,15395,14895,15362.0,0.22,1,36,Retail Sold,2025-07-11,
NV103240,2025-05-08,15295,15295,15568.0,-1.75,0,17,Retail Sold,2025-05-25,
NV103241,2026-05-12,45295,43895,41721.0,8.57,1,31,Retail Sold,2026-06-12,
NV103242,2024-01-18,18295,16695,18496.0,-1.09,3,75,Wholesaled,2024-04-02,16075.0
NV103243,2026-03-22,14395,13995,13901.0,3.56,1,29,Retail Sold,2026-04-20,
NV103244,2025-04-01,13995,12795,13468.0,3.91,3,84,Retail Sold,2025-06-24,
NV103245,2026-09-15,16595,16595,14259.0,16.38,0,15,Active,,
NV103246,2026-04-09,15595,14195,8090.0,92.77,3,174,Active,,
NV103247,2025-01-28,22495,21195,20577.0,9.32,2,49,Retail Sold,2025-03-18,
NV103248,2026-05-01,16095,14695,15446.0,4.2,3,75,Wholesaled,2026-07-15,13175.0
NV103249,2025-05-14,25495,25495,25890.0,-1.53,0,17,Retail Sold,2025-05-31,
NV103250,2024-03-17,31095,30195,29958.0,3.8,1,35,Retail Sold,2024-04-21,
NV103251,2025-04-26,16295,16295,16374.0,-0.48,0,19,Retail Sold,2025-05-15,
NV103252,2024-12-27,11495,10495,10474.0,9.75,3,63,Retail Sold,2025-02-28,
NV103253,2025-08-28,24995,23495,24456.0,2.2,2,53,Retail Sold,2025-10-20,
NV103254,2025-04-16,28795,28795,27021.0,6.57,0,15,Retail Sold,2025-05-01,
NV103255,2026-07-01,12995,11895,9689.0,34.12,3,75,Wholesaled,2026-09-14,8025.0
NV103256,2025-07-26,21095,20495,20712.0,1.85,1,25,Retail Sold,2025-08-20,
NV103257,2025-04-29,25895,25895,24060.0,7.63,0,18,Retail Sold,2025-05-17,
NV103258,2026-05-06,14495,13195,12863.0,12.69,3,67,Retail Sold,2026-07-12,
NV103259,2026-02-20,17795,16195,16594.0,7.24,3,67,Retail Sold,2026-04-28,
NV103260,2025-03-07,30395,29495,32908.0,-7.64,1,31,Retail Sold,2025-04-07,
NV103261,2025-02-12,19995,18195,19074.0,4.83,3,75,Wholesaled,2025-04-28,16675.0
NV103262,2026-04-16,27395,26595,24677.0,11.01,1,25,Retail Sold,2026-05-11,
NV103263,2026-01-06,18595,16995,17643.0,5.4,3,75,Wholesaled,2026-03-22,16000.0
NV103264,2026-09-06,16395,15895,15524.0,5.61,1,24,Active,,
NV103265,2025-03-19,21295,19995,19901.0,7.01,2,43,Retail Sold,2025-05-01,
NV103266,2025-10-13,18195,17595,16784.0,8.41,1,33,Retail Sold,2025-11-15,
NV103267,2024-04-16,20595,20595,19625.0,4.94,0,11,Retail Sold,2024-04-27,
NV103268,2025-06-16,15995,14995,15854.0,0.89,2,59,Retail Sold,2025-08-14,
NV103269,2026-06-09,11395,10395,10425.0,9.3,3,75,Wholesaled,2026-08-23,8550.0
NV103270,2026-02-15,19195,18595,19217.0,-0.12,1,30,Retail Sold,2026-03-17,
NV103271,2025-06-03,10095,9195,7773.0,29.87,3,200,Retail Sold,2025-12-20,
NV103272,2025-10-08,27395,26595,26847.0,2.04,1,27,Retail Sold,2025-11-04,
NV103273,2026-01-18,21395,21395,21287.0,0.51,0,9,Retail Sold,2026-01-27,
NV103274,2026-02-02,34995,33895,33697.0,3.85,1,38,Retail Sold,2026-03-12,
NV103275,2025-01-10,18495,17895,17957.0,3.0,1,40,Retail Sold,2025-02-19,
NV103276,2024-08-06,24395,22295,22012.0,10.83,3,135,Retail Sold,2024-12-19,
NV103277,2024-03-13,30295,29395,30008.0,0.96,1,38,Retail Sold,2024-04-20,
NV103278,2024-12-21,11995,10895,8410.0,42.63,3,75,Wholesaled,2025-03-06,7250.0
NV103279,2025-04-10,21595,21595,20731.0,4.17,0,12,Retail Sold,2025-04-22,
NV103280,2025-06-20,21295,20695,20672.0,3.01,1,32,Retail Sold,2025-07-22,
NV103281,2024-08-16,28895,26395,26941.0,7.25,3,75,Wholesaled,2024-10-30,23675.0
NV103282,2026-08-17,13495,12695,11563.0,16.71,2,44,Active,,
NV103283,2026-02-15,15195,14295,14790.0,2.74,2,60,Retail Sold,2026-04-16,
NV103284,2025-07-02,20695,20695,20133.0,2.79,0,16,Retail Sold,2025-07-18,
NV103285,2025-01-31,19795,19195,19473.0,1.66,1,23,Retail Sold,2025-02-23,
NV103286,2026-04-10,11395,10395,8072.0,41.16,3,75,Wholesaled,2026-06-24,6750.0
NV103287,2025-08-23,14595,14195,14271.0,2.27,1,31,Retail Sold,2025-09-23,
NV103288,2025-05-25,18695,17095,16480.0,13.44,3,75,Wholesaled,2025-08-08,14625.0
NV103289,2026-06-11,26195,25395,24927.0,5.09,1,40,Retail Sold,2026-07-21,
NV103290,2024-06-01,13095,12695,12966.0,1.0,1,27,Retail Sold,2024-06-28,
NV103291,2025-07-04,15095,13795,15670.0,-3.67,3,78,Retail Sold,2025-09-20,
NV103292,2024-11-28,21695,20995,21093.0,2.85,1,24,Retail Sold,2024-12-22,
NV103293,2025-04-13,19495,18895,19345.0,0.78,1,29,Retail Sold,2025-05-12,
NV103294,2026-07-16,15295,13995,13210.0,15.78,3,75,Wholesaled,2026-09-29,11475.0
NV103295,2024-08-19,12995,12195,11512.0,12.88,2,58,Retail Sold,2024-10-16,
NV103296,2025-09-08,20695,20095,19716.0,4.97,1,32,Retail Sold,2025-10-10,
NV103297,2025-09-24,22895,22195,22366.0,2.36,1,38,Retail Sold,2025-11-01,
NV103298,2024-10-31,40395,39195,40849.0,-1.11,1,37,Retail Sold,2024-12-07,
NV103299,2024-07-13,14995,14495,15450.0,-2.95,1,25,Retail Sold,2024-08-07,
NV103300,2024-08-21,16295,16295,16453.0,-0.96,0,17,Retail Sold,2024-09-07,
NV103301,2025-04-04,21895,19995,21442.0,2.11,3,75,Wholesaled,2025-06-18,19025.0
NV103302,2024-06-12,18195,16595,18159.0,0.2,3,73,Retail Sold,2024-08-24,
NV103303,2026-06-22,18695,18695,19669.0,-4.95,0,12,Retail Sold,2026-07-04,
NV103304,2025-04-07,14395,13995,15152.0,-5.0,1,21,Retail Sold,2025-04-28,
NV103305,2026-08-17,16895,15895,16594.0,1.82,2,44,Active,,
NV103306,2026-09-10,13595,13595,10927.0,24.41,0,20,Active,,
NV103307,2026-04-25,25295,24495,25098.0,0.79,1,41,Retail Sold,2026-06-05,
NV103308,2024-02-01,20095,20095,19978.0,0.58,0,16,Retail Sold,2024-02-17,
NV103309,2024-06-14,40895,39695,40178.0,1.78,1,32,Retail Sold,2024-07-16,
NV103310,2025-07-23,18195,17595,17461.0,4.2,1,30,Retail Sold,2025-08-22,
NV103311,2024-11-16,12495,11395,9561.0,30.69,3,200,Retail Sold,2025-06-04,
NV103312,2025-10-13,31495,31495,30993.0,1.62,0,17,Retail Sold,2025-10-30,
NV103313,2024-12-27,26195,25395,26117.0,0.3,1,36,Retail Sold,2025-02-01,
NV103314,2025-10-09,15995,14995,14991.0,6.7,2,52,Retail Sold,2025-11-30,
NV103315,2024-08-05,22195,21495,21932.0,1.2,1,33,Retail Sold,2024-09-07,
NV103316,2026-08-03,20495,19295,19745.0,3.8,2,58,Active,,
NV103317,2026-01-21,22595,21895,22618.0,-0.1,1,34,Retail Sold,2026-02-24,
NV103318,2025-08-06,18095,16995,17975.0,0.67,2,43,Retail Sold,2025-09-18,
NV103319,2025-09-21,34295,34295,36286.0,-5.49,0,16,Retail Sold,2025-10-07,
NV103320,2026-09-04,18495,17895,17594.0,5.12,1,26,Active,,
NV103321,2026-05-26,16995,16495,16210.0,4.84,1,26,Retail Sold,2026-06-21,
NV103322,2024-10-30,26795,25195,29852.0,-10.24,2,42,Retail Sold,2024-12-11,
NV103323,2026-03-29,16395,16395,17650.0,-7.11,0,14,Retail Sold,2026-04-12,
NV103324,2026-03-02,12795,12395,12784.0,0.09,1,26,Retail Sold,2026-03-28,
NV103325,2026-06-22,11195,10195,9059.0,23.58,3,75,Wholesaled,2026-09-05,8175.0
NV103326,2025-07-27,23795,21695,23066.0,3.16,3,75,Wholesaled,2025-10-10,20000.0
NV103327,2024-02-09,28695,26195,25314.0,13.36,3,164,Retail Sold,2024-07-22,
NV103328,2025-03-30,14095,12895,13306.0,5.93,3,92,Retail Sold,2025-06-30,
NV103329,2025-02-20,29295,26695,28817.0,1.66,3,64,Retail Sold,2025-04-25,
NV103330,2024-09-21,18995,18395,19020.0,-0.13,1,41,Retail Sold,2024-11-01,
NV103331,2026-05-04,24395,22295,22540.0,8.23,3,76,Retail Sold,2026-07-19,
NV103332,2024-03-21,26595,24995,26608.0,-0.05,2,48,Retail Sold,2024-05-08,
NV103333,2026-02-23,25395,23195,23696.0,7.17,3,82,Retail Sold,2026-05-16,
NV103334,2024-12-22,19895,19895,19058.0,4.39,0,14,Retail Sold,2025-01-05,
NV103335,2026-01-08,24195,23495,24393.0,-0.81,1,22,Retail Sold,2026-01-30,
NV103336,2024-02-22,25195,24395,25165.0,0.12,1,35,Retail Sold,2024-03-28,
NV103337,2025-07-13,17095,15595,15935.0,7.28,3,71,Retail Sold,2025-09-22,
NV103338,2025-12-24,10495,9595,8762.0,19.78,3,200,Retail Sold,2026-07-12,
NV103339,2025-02-22,12595,11495,12674.0,-0.63,3,109,Retail Sold,2025-06-11,
NV103340,2026-07-29,11095,10095,7798.0,42.29,3,63,Active,,
NV103341,2026-03-03,11695,11295,11725.0,-0.25,1,31,Retail Sold,2026-04-03,
NV103342,2025-08-23,17595,17595,17857.0,-1.47,0,19,Retail Sold,2025-09-11,
NV103343,2024-06-06,14595,14195,13829.0,5.54,1,41,Retail Sold,2024-07-17,
NV103344,2024-11-21,29695,28795,28312.0,4.88,1,28,Retail Sold,2024-12-19,
NV103345,2026-09-04,19195,18595,18642.0,2.97,1,26,Active,,
NV103346,2026-02-24,24095,22695,23308.0,3.38,2,53,Retail Sold,2026-04-18,
NV103347,2026-08-24,19095,18495,17739.0,7.64,1,37,Active,,
NV103348,2026-04-04,18995,18395,18223.0,4.24,1,24,Retail Sold,2026-04-28,
NV103349,2024-10-28,39995,38795,39375.0,1.58,1,36,Retail Sold,2024-12-03,
NV103350,2024-05-08,21195,21195,21167.0,0.13,0,14,Retail Sold,2024-05-22,
NV103351,2025-09-04,22095,21395,22859.0,-3.34,1,23,Retail Sold,2025-09-27,
NV103352,2026-04-08,26795,25195,26031.0,2.93,2,45,Retail Sold,2026-05-23,
NV103353,2025-05-28,36295,35195,34962.0,3.81,1,28,Retail Sold,2025-06-25,
NV103354,2026-07-07,23395,23395,23385.0,0.04,0,20,Retail Sold,2026-07-27,
NV103355,2026-06-22,29695,27895,29874.0,-0.6,2,50,Retail Sold,2026-08-11,
NV103356,2025-11-19,14595,13295,11108.0,31.39,3,200,Retail Sold,2026-06-07,
NV103357,2025-10-20,32395,31395,31916.0,1.5,1,38,Retail Sold,2025-11-27,
NV103358,2026-09-21,13695,13695,8416.0,62.73,0,9,Active,,
NV103359,2025-07-20,17695,16095,16264.0,8.8,3,90,Retail Sold,2025-10-18,
NV103360,2024-10-17,10395,9495,8902.0,16.78,3,75,Wholesaled,2024-12-31,7650.0
NV103361,2026-01-08,29895,27295,27441.0,8.94,3,69,Retail Sold,2026-03-18,
NV103362,2026-02-13,14895,13595,13525.0,10.13,3,73,Retail Sold,2026-04-27,
NV103363,2025-07-22,15995,15495,15690.0,1.94,1,25,Retail Sold,2025-08-16,
NV103364,2024-05-16,12095,10995,11077.0,9.19,3,75,Wholesaled,2024-07-30,9650.0
NV103365,2026-02-11,21095,20495,19253.0,9.56,1,32,Retail Sold,2026-03-15,
NV103366,2026-07-06,22095,21395,20699.0,6.75,1,24,Retail Sold,2026-07-30,
NV103367,2026-08-21,20195,19595,19918.0,1.39,1,27,Retail Sold,2026-09-17,
NV103368,2025-09-19,20595,20595,20297.0,1.47,0,17,Retail Sold,2025-10-06,
NV103369,2024-02-22,16595,15095,15008.0,10.57,3,200,Retail Sold,2024-09-09,
NV103370,2025-07-27,34195,34195,34213.0,-0.05,0,20,Retail Sold,2025-08-16,
NV103371,2026-04-06,17595,16095,17300.0,1.71,3,84,Retail Sold,2026-06-29,
NV103372,2026-06-06,22995,22295,22319.0,3.03,1,32,Retail Sold,2026-07-08,
NV103373,2025-10-06,15395,14895,15948.0,-3.47,1,24,Retail Sold,2025-10-30,
NV103374,2026-06-17,17295,15795,16321.0,5.97,3,75,Wholesaled,2026-08-31,13500.0
NV103375,2026-07-27,30595,27895,28152.0,8.68,3,65,Active,,
NV103376,2026-06-21,25295,24495,25249.0,0.18,1,22,Retail Sold,2026-07-13,
NV103377,2025-07-02,23495,21395,21283.0,10.39,3,92,Retail Sold,2025-10-02,
NV103378,2026-07-04,16795,16295,16863.0,-0.4,1,29,Retail Sold,2026-08-02,
NV103379,2026-09-02,13695,13295,9964.0,37.44,1,28,Active,,
NV103380,2024-08-05,24395,23695,23542.0,3.62,1,34,Retail Sold,2024-09-08,
NV103381,2025-01-23,13395,12195,7947.0,68.55,3,200,Retail Sold,2025-08-11,
NV103382,2026-05-27,20495,18695,20400.0,0.47,3,75,Wholesaled,2026-08-10,17475.0
NV103383,2026-04-28,15395,14895,15215.0,1.18,1,31,Retail Sold,2026-05-29,
NV103384,2025-12-05,10295,9395,6179.0,66.61,3,75,Wholesaled,2026-02-18,5500.0
NV103385,2025-03-11,21895,20595,21442.0,2.11,2,47,Retail Sold,2025-04-27,
NV103386,2026-01-22,27195,26395,25239.0,7.75,1,26,Retail Sold,2026-02-17,
NV103387,2025-02-02,39495,37195,38505.0,2.57,2,55,Retail Sold,2025-03-29,
NV103388,2025-03-03,23095,21095,22103.0,4.49,3,69,Retail Sold,2025-05-11,
NV103389,2025-09-23,18695,18695,19365.0,-3.46,0,16,Retail Sold,2025-10-09,
NV103390,2026-01-31,23195,22495,22517.0,3.01,1,29,Retail Sold,2026-03-01,
NV103391,2025-09-24,22895,20895,20836.0,9.88,3,101,Retail Sold,2026-01-03,
NV103392,2025-04-17,29795,29795,29133.0,2.27,0,13,Retail Sold,2025-04-30,
NV103393,2025-10-10,10495,9595,5437.0,93.03,3,75,Wholesaled,2025-12-24,4550.0
NV103394,2025-09-10,24695,22495,22664.0,8.96,3,75,Wholesaled,2025-11-24,19475.0
NV103395,2025-07-28,21495,20895,21996.0,-2.28,1,32,Retail Sold,2025-08-29,
NV103396,2026-03-16,30695,28895,29257.0,4.91,2,47,Retail Sold,2026-05-02,
NV103397,2024-06-18,26695,25095,26483.0,0.8,2,49,Retail Sold,2024-08-06,
NV103398,2026-03-22,34895,34895,38509.0,-9.38,0,13,Retail Sold,2026-04-04,
NV103399,2026-06-15,15295,14395,14676.0,4.21,2,47,Retail Sold,2026-08-01,
NV103400,2025-05-20,11995,11295,11116.0,7.9,2,51,Retail Sold,2025-07-10,
NV103401,2026-06-17,15995,15495,16414.0,-2.55,1,28,Retail Sold,2026-07-15,
NV103402,2025-10-18,13895,13495,12719.0,9.24,1,29,Retail Sold,2025-11-16,
NV103403,2025-11-25,12495,11395,9896.0,26.26,3,75,Wholesaled,2026-02-08,8350.0
NV103404,2026-03-28,29695,27095,25227.0,17.71,3,116,Retail Sold,2026-07-22,
NV103405,2025-08-27,16895,15395,16589.0,1.84,3,65,Retail Sold,2025-10-31,
NV103406,2024-09-26,17995,17495,17793.0,1.14,1,26,Retail Sold,2024-10-22,
NV103407,2025-11-02,21195,20595,22538.0,-5.96,1,21,Retail Sold,2025-11-23,
NV103408,2024-11-29,24695,23995,25439.0,-2.93,1,34,Retail Sold,2025-01-02,
NV103409,2025-05-25,37295,33995,33949.0,9.86,3,75,Wholesaled,2025-08-08,30125.0
NV103410,2025-08-14,23995,23295,23898.0,0.4,1,28,Retail Sold,2025-09-11,
NV103411,2026-09-06,18895,18295,18078.0,4.52,1,24,Active,,
NV103412,2025-06-14,15795,15795,15485.0,2.0,0,10,Retail Sold,2025-06-24,
NV103413,2026-03-24,20695,20695,20427.0,1.31,0,18,Retail Sold,2026-04-11,
NV103414,2025-10-29,14995,13695,14044.0,6.77,3,84,Retail Sold,2026-01-21,
NV103415,2026-04-16,27895,27895,27215.0,2.5,0,15,Retail Sold,2026-05-01,
NV103416,2025-05-21,19195,19195,19369.0,-0.9,0,19,Retail Sold,2025-06-09,
NV103417,2025-02-15,24695,23995,22434.0,10.08,1,39,Retail Sold,2025-03-26,
NV103418,2026-05-26,23595,22895,23268.0,1.41,1,31,Retail Sold,2026-06-26,
NV103419,2025-09-09,22895,22195,23062.0,-0.73,1,29,Retail Sold,2025-10-08,
NV103420,2024-06-18,15895,15395,15238.0,4.31,1,30,Retail Sold,2024-07-18,
NV103421,2025-02-16,17595,16595,17010.0,3.44,2,50,Retail Sold,2025-04-07,
NV103422,2024-03-04,37195,37195,35911.0,3.58,0,12,Retail Sold,2024-03-16,
NV103423,2026-05-02,20295,19095,19511.0,4.02,2,44,Retail Sold,2026-06-15,
NV103424,2026-08-05,38395,37195,36738.0,4.51,1,26,Retail Sold,2026-08-31,
NV103425,2024-10-30,34195,31195,31733.0,7.76,3,90,Retail Sold,2025-01-28,
NV103426,2025-03-14,12095,11395,11839.0,2.16,2,57,Retail Sold,2025-05-10,
NV103427,2024-03-21,16895,15395,14692.0,14.99,3,69,Retail Sold,2024-05-29,
NV103428,2025-05-12,16495,15995,15497.0,6.44,1,27,Retail Sold,2025-06-08,
NV103429,2026-08-14,13195,12395,13026.0,1.29,2,47,Active,,
NV103430,2025-02-13,20295,19695,21334.0,-4.87,1,29,Retail Sold,2025-03-14,
NV103431,2025-12-11,20395,18595,19646.0,3.81,3,72,Retail Sold,2026-02-21,
NV103432,2025-01-29,19895,18695,19847.0,0.24,2,59,Retail Sold,2025-03-29,
NV103433,2026-03-09,17795,17295,17744.0,0.29,1,22,Retail Sold,2026-03-31,
NV103434,2026-05-30,28995,27295,28501.0,1.73,2,57,Retail Sold,2026-07-26,
NV103435,2026-03-14,32995,32995,33049.0,-0.16,0,17,Retail Sold,2026-03-31,
NV103436,2025-05-18,17095,16595,18236.0,-6.26,1,23,Retail Sold,2025-06-10,
NV103437,2026-04-01,25595,24795,25480.0,0.45,1,36,Retail Sold,2026-05-07,
NV103438,2025-07-21,19695,17995,19060.0,3.33,3,72,Retail Sold,2025-10-01,
NV103439,2026-06-21,16795,15295,11948.0,40.56,3,75,Wholesaled,2026-09-04,10125.0
NV103440,2025-04-14,22095,20195,20888.0,5.78,3,99,Retail Sold,2025-07-22,
NV103441,2026-05-28,23895,22495,23076.0,3.55,2,45,Retail Sold,2026-07-12,
NV103442,2026-01-24,13795,12595,12635.0,9.18,3,75,Wholesaled,2026-04-09,10800.0
NV103443,2024-05-23,28595,27695,28406.0,0.66,1,23,Retail Sold,2024-06-15,
NV103444,2024-10-29,42395,41095,43197.0,-1.86,1,40,Retail Sold,2024-12-08,
NV103445,2026-01-07,14895,13595,10206.0,45.94,3,75,Wholesaled,2026-03-23,8425.0
NV103446,2025-05-28,14495,13195,12944.0,11.98,3,186,Retail Sold,2025-11-30,
NV103447,2026-05-03,16795,16795,16161.0,3.92,0,10,Retail Sold,2026-05-13,
NV103448,2024-10-27,32195,29395,30838.0,4.4,3,75,Wholesaled,2025-01-10,27225.0
NV103449,2026-04-23,13295,12895,14449.0,-7.99,1,22,Retail Sold,2026-05-15,
NV103450,2024-11-28,16995,15495,15512.0,9.56,3,110,Retail Sold,2025-03-18,
NV103451,2025-05-14,24395,24395,25187.0,-3.14,0,12,Retail Sold,2025-05-26,
NV103452,2025-11-25,48895,45995,48961.0,-0.14,2,49,Retail Sold,2026-01-13,
NV103453,2026-02-09,10095,9195,9428.0,7.08,3,75,Wholesaled,2026-04-25,8050.0
NV103454,2026-08-09,27295,26495,25003.0,9.16,1,36,Retail Sold,2026-09-14,
NV103455,2026-05-07,23795,22395,23017.0,3.38,2,50,Retail Sold,2026-06-26,
NV103456,2025-04-18,14195,12995,12914.0,9.92,3,160,Retail Sold,2025-09-25,
NV103457,2026-05-23,17395,15895,16095.0,8.08,3,75,Wholesaled,2026-08-06,13400.0
NV103458,2024-07-30,18295,18295,18786.0,-2.61,0,17,Retail Sold,2024-08-16,
NV103459,2026-07-19,16095,15095,15764.0,2.1,2,48,Retail Sold,2026-09-05,
NV103460,2025-04-08,13895,12695,12316.0,12.82,3,75,Wholesaled,2025-06-22,10175.0
NV103461,2025-08-18,25695,24895,25797.0,-0.39,1,23,Retail Sold,2025-09-10,
NV103462,2026-08-01,12095,11395,9674.0,25.03,2,60,Active,,
NV103463,2025-12-12,16495,15095,15401.0,7.1,3,112,Retail Sold,2026-04-03,
NV103464,2026-04-25,30995,30995,28605.0,8.36,0,18,Retail Sold,2026-05-13,
NV103465,2026-01-26,13495,12295,9522.0,41.73,3,75,Wholesaled,2026-04-11,8250.0
NV103466,2024-08-17,16295,14895,14692.0,10.91,3,75,Wholesaled,2024-10-31,12675.0
NV103467,2025-05-20,15595,14195,13711.0,13.74,3,75,Wholesaled,2025-08-03,11925.0
NV103468,2025-04-28,32295,31295,30197.0,6.95,1,36,Retail Sold,2025-06-03,
NV103469,2024-05-03,35895,32795,31895.0,12.54,3,73,Retail Sold,2024-07-15,
NV103470,2026-05-12,12495,11395,8030.0,55.61,3,75,Wholesaled,2026-07-26,6850.0
NV103471,2025-05-27,17495,16995,17221.0,1.59,1,21,Retail Sold,2025-06-17,
NV103472,2026-07-19,38495,37295,38262.0,0.61,1,27,Retail Sold,2026-08-15,
NV103473,2026-04-02,13695,12895,13402.0,2.19,2,44,Retail Sold,2026-05-16,
NV103474,2025-05-10,27695,26095,26721.0,3.65,2,48,Retail Sold,2025-06-27,
NV103475,2024-03-10,14295,13895,13051.0,9.53,1,31,Retail Sold,2024-04-10,
NV103476,2026-07-26,14995,14995,15063.0,-0.45,0,20,Retail Sold,2026-08-15,
NV103477,2024-04-24,10195,9895,9869.0,3.31,1,37,Retail Sold,2024-05-31,
NV103478,2025-06-02,15195,13895,13602.0,11.71,3,75,Wholesaled,2025-08-16,11500.0
NV103479,2024-10-30,52695,51095,48834.0,7.91,1,29,Retail Sold,2024-11-28,
NV103480,2026-09-09,13495,13095,10756.0,25.47,1,21,Active,,
NV103481,2026-07-03,17095,15595,15421.0,10.85,3,89,Active,,
NV103482,2025-01-04,18395,16795,17740.0,3.69,3,93,Retail Sold,2025-04-07,
NV103483,2024-09-15,28795,27895,28612.0,0.64,1,29,Retail Sold,2024-10-14,
NV103484,2024-04-18,45195,41195,40418.0,11.82,3,167,Retail Sold,2024-10-02,
NV103485,2024-02-15,22395,21095,21741.0,3.01,2,55,Retail Sold,2024-04-10,
NV103486,2024-07-20,12595,11495,10853.0,16.06,3,200,Retail Sold,2025-02-05,
NV103487,2025-07-07,16795,16295,14952.0,12.33,1,24,Retail Sold,2025-07-31,
NV103488,2025-06-16,34795,33795,33871.0,2.73,1,26,Retail Sold,2025-07-12,
NV103489,2026-02-05,43695,41095,41988.0,4.06,2,52,Retail Sold,2026-03-29,
NV103490,2024-05-23,18295,17695,17864.0,2.41,1,35,Retail Sold,2024-06-27,
NV103491,2024-07-02,13795,12995,12769.0,8.04,2,42,Retail Sold,2024-08-13,
NV103492,2025-10-13,14095,12895,8641.0,63.12,3,75,Wholesaled,2025-12-27,7275.0
NV103493,2024-05-09,50195,47195,47244.0,6.25,2,55,Retail Sold,2024-07-03,
NV103494,2025-03-13,36795,36795,36318.0,1.31,0,18,Retail Sold,2025-03-31,
NV103495,2026-07-27,25395,23195,23278.0,9.09,3,65,Active,,
NV103496,2024-09-27,21495,19595,20468.0,5.02,3,75,Wholesaled,2024-12-11,18425.0
NV103497,2025-06-04,21195,19895,20024.0,5.85,2,47,Retail Sold,2025-07-21,
NV103498,2025-08-12,13295,12095,10262.0,29.55,3,200,Retail Sold,2026-02-28,
NV103499,2025-12-14,15895,15395,16846.0,-5.64,1,25,Retail Sold,2026-01-08,
NV103500,2026-04-30,23495,22795,23065.0,1.86,1,31,Retail Sold,2026-05-31,
NV103501,2025-03-08,16695,15195,15092.0,10.62,3,75,Wholesaled,2025-05-22,13200.0
NV103502,2025-09-27,30095,29195,27922.0,7.78,1,39,Retail Sold,2025-11-05,
NV103503,2024-06-09,11295,10295,6259.0,80.47,3,75,Wholesaled,2024-08-23,5075.0
NV103504,2025-03-15,19095,17995,18775.0,1.7,2,56,Retail Sold,2025-05-10,
NV103505,2025-04-28,10295,9395,8987.0,14.55,3,75,Wholesaled,2025-07-12,7625.0
NV103506,2025-04-23,16595,16095,17017.0,-2.48,1,26,Retail Sold,2025-05-19,
NV103507,2026-01-13,29195,29195,29730.0,-1.8,0,14,Retail Sold,2026-01-27,
NV103508,2026-05-10,13895,12695,12057.0,15.24,3,89,Retail Sold,2026-08-07,
NV103509,2025-12-22,16795,15795,16306.0,3.0,2,59,Retail Sold,2026-02-19,
NV103510,2026-03-01,26695,24395,24623.0,8.41,3,66,Retail Sold,2026-05-06,
NV103511,2024-04-20,11195,10195,10096.0,10.89,3,69,Retail Sold,2024-06-28,
NV103512,2025-12-22,15495,14095,14408.0,7.55,3,95,Retail Sold,2026-03-27,
NV103513,2024-06-19,38195,36995,38086.0,0.29,1,32,Retail Sold,2024-07-21,
NV103514,2026-05-13,12395,11295,8593.0,44.24,3,140,Active,,
NV103515,2024-11-27,23495,21395,18147.0,29.47,3,200,Retail Sold,2025-06-15,
NV103516,2024-09-10,19195,18095,18155.0,5.73,2,52,Retail Sold,2024-11-01,
NV103517,2025-10-10,25695,23495,24372.0,5.43,3,72,Retail Sold,2025-12-21,
NV103518,2025-07-02,21495,20895,21656.0,-0.75,1,21,Retail Sold,2025-07-23,
NV103519,2024-10-26,24295,22895,22759.0,6.75,2,50,Retail Sold,2024-12-15,
NV103520,2024-03-07,20095,18895,19313.0,4.05,2,48,Retail Sold,2024-04-24,
NV103521,2024-03-04,27795,26995,27393.0,1.47,1,21,Retail Sold,2024-03-25,
NV103522,2025-06-28,16795,15295,16761.0,0.2,3,73,Retail Sold,2025-09-09,
NV103523,2025-03-16,28795,28795,29583.0,-2.66,0,10,Retail Sold,2025-03-26,
NV103524,2024-03-24,36595,36595,36399.0,0.54,0,20,Retail Sold,2024-04-13,
NV103525,2026-07-05,21895,20595,20584.0,6.37,2,50,Retail Sold,2026-08-24,
NV103526,2024-06-13,21595,20895,22009.0,-1.88,1,34,Retail Sold,2024-07-17,
NV103527,2025-01-31,10395,9495,7978.0,30.3,3,75,Wholesaled,2025-04-16,6600.0
NV103528,2026-05-17,19395,18795,20610.0,-5.9,1,25,Retail Sold,2026-06-11,
NV103529,2026-02-17,47095,47095,47137.0,-0.09,0,14,Retail Sold,2026-03-03,
NV103530,2025-12-07,13895,12695,12995.0,6.93,3,73,Retail Sold,2026-02-18,
NV103531,2026-04-19,16795,16795,16022.0,4.83,0,18,Retail Sold,2026-05-07,
NV103532,2025-10-15,16995,15995,16109.0,5.5,2,61,Retail Sold,2025-12-15,
NV103533,2025-06-07,16695,15695,15695.0,6.37,2,59,Retail Sold,2025-08-05,
NV103534,2026-09-03,8695,8395,5538.0,57.0,1,27,Active,,
NV103535,2024-05-11,17895,17395,17141.0,4.4,1,39,Retail Sold,2024-06-19,
NV103536,2024-07-14,17895,16795,16298.0,9.8,2,46,Retail Sold,2024-08-29,
NV103537,2026-07-27,27595,26795,26919.0,2.51,1,22,Retail Sold,2026-08-18,
NV103538,2025-05-13,16595,16095,16050.0,3.39,1,40,Retail Sold,2025-06-22,
NV103539,2025-12-20,25995,25195,26414.0,-1.59,1,23,Retail Sold,2026-01-12,
NV103540,2025-02-07,13495,12295,11947.0,12.95,3,75,Wholesaled,2025-04-23,10350.0
NV103541,2025-06-03,26295,25495,25260.0,4.1,1,21,Retail Sold,2025-06-24,
NV103542,2025-08-13,24195,22795,24112.0,0.34,2,42,Retail Sold,2025-09-24,
NV103543,2026-08-23,29595,28695,27494.0,7.64,1,33,Retail Sold,2026-09-25,
NV103544,2026-03-05,7595,6895,6804.0,11.62,3,180,Retail Sold,2026-09-01,
NV103545,2026-04-11,25895,25895,25611.0,1.11,0,17,Retail Sold,2026-04-28,
NV103546,2026-07-19,18095,18095,17703.0,2.21,0,17,Retail Sold,2026-08-05,
NV103547,2024-08-07,21495,21495,21527.0,-0.15,0,12,Retail Sold,2024-08-19,
NV103548,2024-05-06,25395,23895,22930.0,10.75,2,52,Retail Sold,2024-06-27,
NV103549,2025-11-25,40595,39395,41036.0,-1.07,1,24,Retail Sold,2025-12-19,
NV103550,2026-09-01,11895,11895,12063.0,-1.39,0,18,Retail Sold,2026-09-19,
NV103551,2024-01-28,18295,18295,19772.0,-7.47,0,9,Retail Sold,2024-02-06,
NV103552,2026-07-10,11795,11095,11553.0,2.09,2,47,Retail Sold,2026-08-26,
NV103553,2024-12-27,24695,22495,22168.0,11.4,3,75,Wholesaled,2025-03-12,19875.0
NV103554,2025-03-03,19095,17395,18360.0,4.0,3,77,Retail Sold,2025-05-19,
NV103555,2025-08-31,20395,18595,20273.0,0.6,3,71,Retail Sold,2025-11-10,
NV103556,2025-04-05,17595,16095,14974.0,17.5,3,75,Wholesaled,2025-06-19,13325.0
NV103557,2025-06-02,28295,28295,29501.0,-4.09,0,13,Retail Sold,2025-06-15,
NV103558,2024-10-23,22595,21295,22511.0,0.37,2,61,Retail Sold,2024-12-23,
NV103559,2025-11-22,11895,10895,10807.0,10.07,3,126,Retail Sold,2026-03-28,
NV103560,2025-06-02,34495,33495,32830.0,5.07,1,36,Retail Sold,2025-07-08,
NV103561,2026-06-18,11795,10795,9882.0,19.36,3,75,Wholesaled,2026-09-01,8975.0
NV103562,2026-06-15,17995,17495,17201.0,4.62,1,38,Retail Sold,2026-07-23,
NV103563,2025-03-15,11395,10395,8344.0,36.57,3,75,Wholesaled,2025-05-29,7125.0
NV103564,2025-12-12,13795,13395,14271.0,-3.34,1,28,Retail Sold,2026-01-09,
NV103565,2026-04-18,10395,9495,7464.0,39.26,3,75,Wholesaled,2026-07-02,6400.0
NV103566,2025-05-14,17695,17195,17098.0,3.49,1,29,Retail Sold,2025-06-12,
NV103567,2026-06-29,33695,32695,30538.0,10.34,1,26,Retail Sold,2026-07-25,
NV103568,2026-02-19,14495,14495,13887.0,4.38,0,19,Retail Sold,2026-03-10,
NV103569,2026-06-30,21995,20695,20861.0,5.43,2,58,Retail Sold,2026-08-27,
NV103570,2024-01-18,51295,46795,47343.0,8.35,3,65,Retail Sold,2024-03-23,
NV103571,2024-04-03,56995,55295,55418.0,2.85,1,30,Retail Sold,2024-05-03,
NV103572,2025-10-18,41495,41495,40144.0,3.36,0,17,Retail Sold,2025-11-04,
NV103573,2025-01-11,21995,20695,22307.0,-1.4,2,48,Retail Sold,2025-02-28,
NV103574,2026-08-14,24495,22995,22144.0,10.62,2,47,Active,,
NV103575,2025-02-20,31495,30595,30910.0,1.89,1,27,Retail Sold,2025-03-19,
NV103576,2024-04-23,18895,17795,19868.0,-4.9,2,48,Retail Sold,2024-06-10,
NV103577,2024-02-19,10495,9595,10100.0,3.91,3,161,Retail Sold,2024-07-29,
NV103578,2026-03-04,16995,16995,17184.0,-1.1,0,17,Retail Sold,2026-03-21,
NV103579,2025-08-28,14395,13495,13293.0,8.29,2,56,Retail Sold,2025-10-23,
NV103580,2024-08-20,22595,21895,22241.0,1.59,1,23,Retail Sold,2024-09-12,
NV103581,2024-06-22,33895,32895,34083.0,-0.55,1,26,Retail Sold,2024-07-18,
NV103582,2025-05-18,34095,33095,34286.0,-0.56,1,30,Retail Sold,2025-06-17,
NV103583,2026-07-09,21095,20495,21065.0,0.14,1,28,Retail Sold,2026-08-06,
NV103584,2025-12-03,33095,33095,35177.0,-5.92,0,20,Retail Sold,2025-12-23,
NV103585,2025-09-24,14795,14395,13138.0,12.61,1,41,Retail Sold,2025-11-04,
NV103586,2025-01-27,13095,12695,13254.0,-1.2,1,23,Retail Sold,2025-02-19,
NV103587,2026-07-10,17095,17095,17511.0,-2.38,0,17,Retail Sold,2026-07-27,
NV103588,2026-05-15,14595,13295,13938.0,4.72,3,74,Retail Sold,2026-07-28,
NV103589,2024-11-16,30195,29295,29365.0,2.83,1,38,Retail Sold,2024-12-24,
NV103590,2026-04-23,15195,14695,14474.0,4.98,1,30,Retail Sold,2026-05-23,
NV103591,2024-12-01,19795,18595,19572.0,1.14,2,55,Retail Sold,2025-01-25,
NV103592,2026-02-13,17395,15895,14166.0,22.79,3,75,Wholesaled,2026-04-29,11600.0
NV103593,2024-07-07,29295,28395,29287.0,0.03,1,26,Retail Sold,2024-08-02,
NV103594,2025-10-07,15195,13895,14882.0,2.1,3,69,Retail Sold,2025-12-15,
NV103595,2026-04-04,24795,23295,25208.0,-1.64,2,55,Retail Sold,2026-05-29,
NV103596,2024-02-22,13795,13395,13434.0,2.69,1,39,Retail Sold,2024-04-01,
NV103597,2026-03-13,19795,18095,19785.0,0.05,3,90,Retail Sold,2026-06-11,
NV103598,2025-06-06,19995,18795,19222.0,4.02,2,44,Retail Sold,2025-07-20,
NV103599,2026-06-28,15095,13795,9217.0,63.77,3,94,Active,,
NV103600,2026-03-10,12495,11395,9192.0,35.93,3,200,Retail Sold,2026-09-26,
NV103601,2025-06-05,17995,17495,17496.0,2.85,1,41,Retail Sold,2025-07-16,
NV103602,2026-03-28,16895,15395,10089.0,67.46,3,75,Wholesaled,2026-06-11,8750.0
NV103603,2026-09-01,18395,17795,18310.0,0.46,1,28,Retail Sold,2026-09-29,
NV103604,2026-05-08,10395,9495,8027.0,29.49,3,75,Wholesaled,2026-07-22,7175.0
NV103605,2025-12-26,13295,12095,10701.0,24.24,3,200,Retail Sold,2026-07-14,
NV103606,2026-05-31,10795,9895,8653.0,24.75,3,75,Wholesaled,2026-08-14,7375.0
NV103607,2025-09-18,14195,12995,13451.0,5.53,3,75,Wholesaled,2025-12-02,11875.0
NV103608,2026-05-31,13695,12495,11752.0,16.53,3,122,Active,,
NV103609,2025-07-14,25095,24295,25479.0,-1.51,1,39,Retail Sold,2025-08-22,
NV103610,2026-02-25,14695,13395,12103.0,21.41,3,75,Wholesaled,2026-05-11,10350.0
NV103611,2024-02-10,15595,14195,13809.0,12.93,3,75,Wholesaled,2024-04-25,11925.0
NV103612,2025-10-23,38195,36995,34873.0,9.53,1,31,Retail Sold,2025-11-23,
NV103613,2025-12-04,24695,23995,25309.0,-2.43,1,35,Retail Sold,2026-01-08,
NV103614,2025-02-20,16595,15095,14714.0,12.78,3,75,Wholesaled,2025-05-06,13500.0
NV103615,2025-07-09,10995,9995,11486.0,-4.27,3,74,Retail Sold,2025-09-21,
NV103616,2024-11-24,21695,20995,20193.0,7.44,1,30,Retail Sold,2024-12-24,
NV103617,2024-09-27,16995,15495,15503.0,9.63,3,64,Retail Sold,2024-11-30,
NV103618,2026-01-26,22695,21395,24236.0,-6.36,2,44,Retail Sold,2026-03-11,
NV103619,2026-08-17,21095,19795,20527.0,2.77,2,44,Active,,
NV103620,2026-04-29,24895,23395,23642.0,5.3,2,58,Retail Sold,2026-06-26,
NV103621,2025-07-10,14895,14395,15604.0,-4.54,1,21,Retail Sold,2025-07-31,
NV103622,2026-08-28,12395,11995,11169.0,10.97,1,33,Active,,
NV103623,2026-09-04,17695,17195,16266.0,8.79,1,26,Active,,
NV103624,2025-11-25,24895,24095,23591.0,5.53,1,38,Retail Sold,2026-01-02,
NV103625,2026-03-17,15295,13995,14985.0,2.07,3,64,Retail Sold,2026-05-20,
NV103626,2024-09-14,33095,33095,36222.0,-8.63,0,11,Retail Sold,2024-09-25,
NV103627,2025-10-04,18695,17595,17393.0,7.49,2,61,Retail Sold,2025-12-04,
NV103628,2024-10-09,12395,11295,9389.0,32.01,3,200,Retail Sold,2025-04-27,
NV103629,2025-11-11,18995,18395,18159.0,4.6,1,33,Retail Sold,2025-12-14,
NV103630,2024-09-24,31395,28695,30112.0,4.26,3,146,Retail Sold,2025-02-17,
NV103631,2025-08-30,24095,21995,22551.0,6.85,3,65,Retail Sold,2025-11-03,
NV103632,2025-11-28,21895,20595,20064.0,9.13,2,42,Retail Sold,2026-01-09,
NV103633,2024-04-12,33595,30695,32498.0,3.38,3,84,Retail Sold,2024-07-05,
NV103634,2025-04-22,25895,25095,25184.0,2.82,1,24,Retail Sold,2025-05-16,
NV103635,2024-07-04,13495,13495,14076.0,-4.12,0,17,Retail Sold,2024-07-21,
NV103636,2025-07-19,16995,15495,12854.0,32.22,3,75,Wholesaled,2025-10-02,11450.0
NV103637,2025-06-04,16995,15995,16173.0,5.08,2,51,Retail Sold,2025-07-25,
NV103638,2025-01-23,19895,18195,19977.0,-0.41,3,75,Wholesaled,2025-04-08,16775.0
NV103639,2025-12-28,20695,20695,21365.0,-3.14,0,11,Retail Sold,2026-01-08,
NV103640,2026-09-04,24695,23995,25040.0,-1.38,1,26,Active,,
NV103641,2025-01-10,35695,32595,33021.0,8.1,3,65,Retail Sold,2025-03-16,
NV103642,2025-03-23,16695,15695,16632.0,0.38,2,60,Retail Sold,2025-05-22,
NV103643,2026-08-22,13295,12895,13734.0,-3.19,1,37,Retail Sold,2026-09-28,
NV103644,2024-11-10,15495,14095,13978.0,10.85,3,75,Wholesaled,2025-01-24,11950.0
NV103645,2025-06-25,22495,22495,23103.0,-2.63,0,8,Retail Sold,2025-07-03,
NV103646,2025-06-30,20095,19495,20549.0,-2.21,1,37,Retail Sold,2025-08-06,
NV103647,2025-07-16,15495,14095,13621.0,13.76,3,139,Retail Sold,2025-12-02,
NV103648,2025-08-06,25095,23595,24881.0,0.86,2,47,Retail Sold,2025-09-22,
NV103649,2025-08-05,16295,15295,16503.0,-1.26,2,42,Retail Sold,2025-09-16,
NV103650,2024-08-29,14895,13595,13019.0,14.41,3,75,Wholesaled,2024-11-12,10825.0
NV103651,2026-06-06,14895,14395,14800.0,0.64,1,21,Retail Sold,2026-06-27,
NV103652,2024-04-21,19395,19395,17778.0,9.09,0,16,Retail Sold,2024-05-07,
NV103653,2025-10-11,23895,23195,24501.0,-2.47,1,27,Retail Sold,2025-11-07,
NV103654,2026-01-22,15095,13795,12381.0,21.92,3,75,Wholesaled,2026-04-07,10275.0
NV103655,2024-04-04,23995,23295,24152.0,-0.65,1,21,Retail Sold,2024-04-25,
NV103656,2024-08-28,24795,22595,22868.0,8.43,3,79,Retail Sold,2024-11-15,
NV103657,2026-02-16,15095,13795,12615.0,19.66,3,200,Retail Sold,2026-09-04,
NV103658,2025-04-06,10995,9995,8345.0,31.76,3,200,Retail Sold,2025-10-23,
NV103659,2026-06-18,12495,11795,11638.0,7.36,2,46,Retail Sold,2026-08-03,
NV103660,2024-04-25,37595,36495,36053.0,4.28,1,36,Retail Sold,2024-05-31,
NV103661,2025-09-30,16995,15995,15324.0,10.91,2,43,Retail Sold,2025-11-12,
NV103662,2026-09-01,15495,14995,15060.0,2.89,1,29,Active,,
NV103663,2025-05-30,13395,12595,12715.0,5.35,2,44,Retail Sold,2025-07-13,
NV103664,2024-06-19,15895,15395,15448.0,2.89,1,22,Retail Sold,2024-07-11,
NV103665,2026-05-15,12395,11295,9245.0,34.08,3,138,Active,,
NV103666,2024-06-07,37095,33895,35093.0,5.71,3,65,Retail Sold,2024-08-11,
NV103667,2024-02-21,29795,29795,30853.0,-3.43,0,7,Retail Sold,2024-02-28,
NV103668,2025-01-23,18595,17495,18067.0,2.92,2,46,Retail Sold,2025-03-10,
NV103669,2026-05-19,29595,29595,30234.0,-2.11,0,11,Retail Sold,2026-05-30,
NV103670,2026-08-30,15195,14695,13609.0,11.66,1,31,Active,,
NV103671,2026-07-03,16395,14995,13720.0,19.5,3,89,Active,,
NV103672,2025-04-05,14295,12995,12627.0,13.21,3,75,Wholesaled,2025-06-19,10925.0
NV103673,2025-08-20,16195,14795,13908.0,16.45,3,160,Retail Sold,2026-01-27,
NV103674,2025-01-20,14395,13495,13649.0,5.46,2,46,Retail Sold,2025-03-07,
NV103675,2024-07-01,14395,13095,13032.0,10.46,3,109,Retail Sold,2024-10-18,
NV103676,2024-08-19,16795,16295,15932.0,5.42,1,34,Retail Sold,2024-09-22,
NV103677,2026-04-11,17895,16795,16079.0,11.29,2,50,Retail Sold,2026-05-31,
NV103678,2026-03-02,25995,25995,26896.0,-3.35,0,20,Retail Sold,2026-03-22,
NV103679,2025-09-26,12795,11995,11294.0,13.29,2,61,Retail Sold,2025-11-26,
NV103680,2025-09-09,15495,15495,15389.0,0.69,0,11,Retail Sold,2025-09-20,
NV103681,2025-09-06,13295,12095,11876.0,11.95,3,75,Wholesaled,2025-11-20,10375.0
NV103682,2026-03-02,11995,10895,10282.0,16.66,3,200,Retail Sold,2026-09-18,
NV103683,2026-07-25,18895,17195,17033.0,10.93,3,67,Active,,
NV103684,2025-07-06,47795,46395,48728.0,-1.91,1,32,Retail Sold,2025-08-07,
NV103685,2026-07-27,16795,16295,15039.0,11.68,1,40,Retail Sold,2026-09-05,
NV103686,2026-07-16,38595,37395,42023.0,-8.16,1,32,Retail Sold,2026-08-17,
NV103687,2025-06-19,22395,21095,21111.0,6.08,2,52,Retail Sold,2025-08-10,
NV103688,2025-05-13,16695,15695,15231.0,9.61,2,57,Retail Sold,2025-07-09,
NV103689,2024-12-11,15795,14395,15608.0,1.2,3,92,Retail Sold,2025-03-13,
NV103690,2024-05-06,11995,11595,11152.0,7.56,1,32,Retail Sold,2024-06-07,
NV103691,2026-08-25,22595,21895,20764.0,8.82,1,36,Active,,
NV103692,2025-05-13,15095,13795,14265.0,5.82,3,75,Wholesaled,2025-07-27,12625.0
NV103693,2026-05-27,10695,9795,6256.0,70.96,3,75,Wholesaled,2026-08-10,5425.0
NV103694,2026-04-06,15295,13995,13141.0,16.39,3,72,Retail Sold,2026-06-17,
NV103695,2026-04-10,35995,34895,33370.0,7.87,1,41,Retail Sold,2026-05-21,
NV103696,2025-04-22,26095,25295,26621.0,-1.98,1,23,Retail Sold,2025-05-15,
NV103697,2025-04-26,17995,17495,18543.0,-2.95,1,22,Retail Sold,2025-05-18,
NV103698,2026-03-18,14895,13995,14367.0,3.67,2,45,Retail Sold,2026-05-02,
NV103699,2026-05-06,21195,20595,22975.0,-7.75,1,26,Retail Sold,2026-06-01,
NV103700,2025-04-19,23995,23295,23771.0,0.94,1,29,Retail Sold,2025-05-18,
NV103701,2026-03-29,23595,21495,21105.0,11.8,3,79,Retail Sold,2026-06-16,
NV103702,2025-06-10,21795,19895,20484.0,6.4,3,75,Wholesaled,2025-08-24,17575.0
NV103703,2026-08-31,24595,23895,22424.0,9.68,1,30,Active,,
NV103704,2026-08-04,15695,15195,15422.0,1.77,1,33,Retail Sold,2026-09-06,
NV103705,2025-04-14,16395,15895,16010.0,2.4,1,23,Retail Sold,2025-05-07,
NV103706,2024-10-16,21095,21095,22898.0,-7.87,0,4,Retail Sold,2024-10-20,
NV103707,2026-02-04,10695,9795,9379.0,14.03,3,75,Wholesaled,2026-04-20,7625.0
NV103708,2025-12-12,30495,28695,30083.0,1.37,2,50,Retail Sold,2026-01-31,
NV103709,2024-08-28,31295,31295,33547.0,-6.71,0,8,Retail Sold,2024-09-05,
NV103710,2024-02-12,12195,11795,11855.0,2.87,1,22,Retail Sold,2024-03-05,
NV103711,2025-04-30,25595,23395,26212.0,-2.35,3,177,Retail Sold,2025-10-24,
NV103712,2025-11-07,14295,12995,13183.0,8.44,3,75,Wholesaled,2026-01-21,11475.0
NV103713,2026-06-09,14195,12995,13481.0,5.3,3,75,Wholesaled,2026-08-23,10975.0
NV103714,2025-06-04,13295,12095,9971.0,33.34,3,75,Wholesaled,2025-08-18,8925.0
NV103715,2025-02-17,12995,11895,11880.0,9.39,3,96,Retail Sold,2025-05-24,
NV103716,2024-05-30,18995,18395,19216.0,-1.15,1,37,Retail Sold,2024-07-06,
NV103717,2025-05-09,20995,20395,20864.0,0.63,1,41,Retail Sold,2025-06-19,
NV103718,2026-06-17,12095,10995,8772.0,37.88,3,75,Wholesaled,2026-08-31,7375.0
NV103719,2026-06-28,24295,22195,24448.0,-0.62,3,74,Retail Sold,2026-09-10,
NV103720,2025-09-02,26695,25895,25620.0,4.2,1,40,Retail Sold,2025-10-12,
NV103721,2025-04-27,25395,24595,25055.0,1.36,1,25,Retail Sold,2025-05-22,
NV103722,2026-08-02,19595,18995,19367.0,1.18,1,21,Retail Sold,2026-08-23,
NV103723,2024-04-24,21795,20495,20898.0,4.29,2,42,Retail Sold,2024-06-05,
NV103724,2025-11-17,21395,20795,21049.0,1.64,1,24,Retail Sold,2025-12-11,
NV103725,2024-08-09,33595,30695,30193.0,11.27,3,66,Retail Sold,2024-10-14,
NV103726,2025-08-25,30995,30095,30116.0,2.92,1,38,Retail Sold,2025-10-02,
NV103727,2026-05-21,14095,13295,14589.0,-3.38,2,42,Retail Sold,2026-07-02,
NV103728,2026-03-11,17595,16095,14577.0,20.71,3,75,Wholesaled,2026-05-25,12150.0
NV103729,2025-11-04,24695,22495,24362.0,1.37,3,90,Retail Sold,2026-02-02,
NV103730,2026-02-18,24295,23595,23871.0,1.78,1,32,Retail Sold,2026-03-22,
NV103731,2025-10-25,23195,21195,22449.0,3.32,3,75,Wholesaled,2026-01-08,18725.0
NV103732,2025-11-11,17095,16595,15676.0,9.05,1,22,Retail Sold,2025-12-03,
NV103733,2026-07-11,25895,25895,24119.0,7.36,0,17,Retail Sold,2026-07-28,
NV103734,2026-02-21,16795,15295,16447.0,2.12,3,64,Retail Sold,2026-04-26,
NV103735,2024-02-15,24395,23695,25080.0,-2.73,1,31,Retail Sold,2024-03-17,
NV103736,2025-01-01,26895,25295,26396.0,1.89,2,48,Retail Sold,2025-02-18,
NV103737,2026-05-11,29195,28295,29051.0,0.5,1,25,Retail Sold,2026-06-05,
NV103738,2026-07-17,29595,29595,30195.0,-1.99,0,19,Retail Sold,2026-08-05,
NV103739,2025-08-24,22495,20495,22700.0,-0.9,3,144,Retail Sold,2026-01-15,
NV103740,2025-04-24,24295,24295,25773.0,-5.73,0,6,Retail Sold,2025-04-30,
NV103741,2026-01-28,18795,17195,18858.0,-0.33,3,100,Retail Sold,2026-05-08,
NV103742,2024-03-18,19195,19195,20667.0,-7.12,0,8,Retail Sold,2024-03-26,
NV103743,2024-02-15,29795,29795,29896.0,-0.34,0,20,Retail Sold,2024-03-06,
NV103744,2024-01-11,27595,26795,28802.0,-4.19,1,29,Retail Sold,2024-02-09,
NV103745,2026-08-26,14695,14295,13546.0,8.48,1,35,Active,,
NV103746,2026-01-24,18395,17795,18363.0,0.18,1,33,Retail Sold,2026-02-26,
NV103747,2024-02-20,36895,36895,36693.0,0.55,0,18,Retail Sold,2024-03-09,
NV103748,2025-08-25,13095,11995,10588.0,23.67,3,75,Wholesaled,2025-11-08,8950.0
NV103749,2026-08-17,25595,24095,23803.0,7.53,2,44,Active,,
NV103750,2024-02-25,38295,38295,36082.0,6.13,0,16,Retail Sold,2024-03-12,
NV103751,2026-06-30,13595,12395,10373.0,31.06,3,75,Wholesaled,2026-09-13,9050.0
NV103752,2025-07-18,12895,11795,9489.0,35.89,3,200,Retail Sold,2026-02-03,
NV103753,2026-04-15,13895,12695,9134.0,52.13,3,168,Active,,
NV103754,2025-12-27,23195,23195,23513.0,-1.35,0,15,Retail Sold,2026-01-11,
NV103755,2025-04-03,19895,19295,18647.0,6.69,1,25,Retail Sold,2025-04-28,
NV103756,2025-03-20,16995,15495,15641.0,8.66,3,75,Wholesaled,2025-06-03,13325.0
NV103757,2024-10-01,13395,12995,13298.0,0.73,1,27,Retail Sold,2024-10-28,
NV103758,2024-04-30,17395,17395,17385.0,0.06,0,12,Retail Sold,2024-05-12,
NV103759,2025-09-27,34295,32295,32813.0,4.52,2,48,Retail Sold,2025-11-14,
NV103760,2024-03-22,25795,23495,23867.0,8.08,3,97,Retail Sold,2024-06-27,
NV103761,2025-03-31,44395,41795,42097.0,5.46,2,55,Retail Sold,2025-05-25,
NV103762,2024-08-03,27995,27995,26946.0,3.89,0,16,Retail Sold,2024-08-19,
NV103763,2026-08-27,25995,25195,26949.0,-3.54,1,34,Active,,
NV103764,2025-11-23,10995,9995,8687.0,26.56,3,200,Retail Sold,2026-06-11,
NV103765,2024-10-15,19295,17595,13741.0,40.42,3,200,Retail Sold,2025-05-03,
NV103766,2024-01-26,27995,27195,27092.0,3.33,1,41,Retail Sold,2024-03-07,
NV103767,2025-04-12,20095,18895,19390.0,3.64,2,58,Retail Sold,2025-06-09,
NV103768,2025-07-15,15195,14695,14477.0,4.96,1,41,Retail Sold,2025-08-25,
NV103769,2025-08-27,19495,18295,17858.0,9.17,2,51,Retail Sold,2025-10-17,
NV103770,2025-06-08,10795,10195,10996.0,-1.83,2,54,Retail Sold,2025-08-01,
NV103771,2025-11-12,17295,16295,16368.0,5.67,2,52,Retail Sold,2026-01-03,
NV103772,2026-03-28,13795,12595,13198.0,4.52,3,65,Retail Sold,2026-06-01,
NV103773,2025-05-13,25695,23495,24109.0,6.58,3,65,Retail Sold,2025-07-17,
NV103774,2024-10-07,19595,17895,18224.0,7.52,3,75,Retail Sold,2024-12-21,
NV103775,2026-01-03,21895,21195,23023.0,-4.9,1,22,Retail Sold,2026-01-25,
NV103776,2025-11-26,22195,20895,21860.0,1.53,2,48,Retail Sold,2026-01-13,
NV103777,2025-06-07,38395,38395,38199.0,0.51,0,12,Retail Sold,2025-06-19,
NV103778,2025-04-28,22295,21595,21049.0,5.92,1,30,Retail Sold,2025-05-28,
NV103779,2025-02-28,11595,10595,9384.0,23.56,3,200,Retail Sold,2025-09-16,
NV103780,2026-01-08,36395,36395,35937.0,1.27,0,17,Retail Sold,2026-01-25,
NV103781,2025-02-14,43495,42195,42138.0,3.22,1,30,Retail Sold,2025-03-16,
NV103782,2026-05-06,16995,15495,15652.0,8.58,3,147,Active,,
NV103783,2026-08-24,17195,16695,16108.0,6.75,1,37,Active,,
NV103784,2024-06-03,30995,30095,32435.0,-4.44,1,38,Retail Sold,2024-07-11,
NV103785,2024-01-31,29195,29195,29373.0,-0.61,0,4,Retail Sold,2024-02-04,
NV103786,2026-05-15,14695,14295,13443.0,9.31,1,21,Retail Sold,2026-06-05,
NV103787,2026-06-13,18295,16695,17772.0,2.94,3,75,Wholesaled,2026-08-27,15725.0
NV103788,2025-09-06,11895,10895,9150.0,30.0,3,75,Wholesaled,2025-11-20,7625.0
NV103789,2024-06-14,33395,30495,32743.0,1.99,3,75,Wholesaled,2024-08-28,27800.0
NV103790,2025-09-16,16895,16395,15736.0,7.37,1,36,Retail Sold,2025-10-22,
NV103791,2025-03-09,11195,10195,9391.0,19.21,3,78,Retail Sold,2025-05-26,
NV103792,2025-02-06,19195,19195,19656.0,-2.35,0,9,Retail Sold,2025-02-15,
NV103793,2024-11-11,14995,14495,15525.0,-3.41,1,26,Retail Sold,2024-12-07,
NV103794,2024-03-15,18395,18395,18479.0,-0.45,0,15,Retail Sold,2024-03-30,
NV103795,2024-09-25,11595,10595,10872.0,6.65,3,129,Retail Sold,2025-02-01,
NV103796,2025-04-15,35595,34495,37502.0,-5.09,1,24,Retail Sold,2025-05-09,
NV103797,2024-03-25,21095,20495,20928.0,0.8,1,28,Retail Sold,2024-04-22,
NV103798,2024-09-14,19095,18495,18718.0,2.01,1,39,Retail Sold,2024-10-23,
NV103799,2024-10-05,32095,31095,31391.0,2.24,1,28,Retail Sold,2024-11-02,
NV103800,2024-07-19,33695,33695,34133.0,-1.28,0,15,Retail Sold,2024-08-03,
NV103801,2025-05-16,31895,29995,31576.0,1.01,2,45,Retail Sold,2025-06-30,
NV103802,2026-03-17,11695,10995,12127.0,-3.57,2,50,Retail Sold,2026-05-06,
NV103803,2026-06-17,26295,25495,25955.0,1.31,1,37,Retail Sold,2026-07-24,
NV103804,2025-07-29,27395,26595,26540.0,3.22,1,33,Retail Sold,2025-08-31,
NV103805,2026-04-22,15595,15095,15095.0,3.31,1,38,Retail Sold,2026-05-30,
NV103806,2025-05-09,14295,12995,13862.0,3.13,3,65,Retail Sold,2025-07-13,
NV103807,2026-01-22,22895,22895,23444.0,-2.34,0,19,Retail Sold,2026-02-10,
NV103808,2024-12-06,19395,17695,17588.0,10.28,3,75,Wholesaled,2025-02-19,14800.0
NV103809,2025-08-07,11895,10895,7171.0,65.88,3,200,Retail Sold,2026-02-23,
NV103810,2025-12-06,14195,12995,13492.0,5.21,3,75,Wholesaled,2026-02-19,11375.0
NV103811,2024-10-27,19995,19995,21099.0,-5.23,0,17,Retail Sold,2024-11-13,
NV103812,2025-05-20,18595,17995,18105.0,2.71,1,21,Retail Sold,2025-06-10,
NV103813,2025-03-13,14495,13195,11182.0,29.63,3,200,Retail Sold,2025-09-29,
NV103814,2024-10-08,28495,27595,28789.0,-1.02,1,33,Retail Sold,2024-11-10,
NV103815,2026-06-23,17695,16595,17112.0,3.41,2,43,Retail Sold,2026-08-05,
NV103816,2025-02-13,15395,14895,15265.0,0.85,1,23,Retail Sold,2025-03-08,
NV103817,2024-05-09,13395,12195,10173.0,31.68,3,75,Wholesaled,2024-07-23,9000.0
NV103818,2026-01-09,15395,14095,14952.0,2.96,3,65,Retail Sold,2026-03-15,
NV103819,2024-11-09,18195,16595,17005.0,7.0,3,69,Retail Sold,2025-01-17,
NV103820,2024-12-04,28095,28095,30150.0,-6.82,0,16,Retail Sold,2024-12-20,
NV103821,2026-07-07,11795,11095,10560.0,11.69,2,51,Retail Sold,2026-08-27,
NV103822,2025-07-16,9495,8695,8741.0,8.63,3,200,Retail Sold,2026-02-01,
NV103823,2024-06-29,27795,27795,29471.0,-5.69,0,16,Retail Sold,2024-07-15,
NV103824,2025-09-08,24295,23595,24326.0,-0.13,1,39,Retail Sold,2025-10-17,
NV103825,2026-08-23,17295,16795,15705.0,10.12,1,38,Active,,
NV103826,2026-07-28,12795,12395,12038.0,6.29,1,41,Retail Sold,2026-09-07,
NV103827,2025-03-01,11995,10895,9604.0,24.9,3,200,Retail Sold,2025-09-17,
NV103828,2025-11-08,21495,21495,22998.0,-6.53,0,17,Retail Sold,2025-11-25,
NV103829,2025-05-04,25195,25195,24961.0,0.94,0,20,Retail Sold,2025-05-24,
NV103830,2026-05-17,13595,13195,13726.0,-0.95,1,32,Retail Sold,2026-06-18,
NV103831,2026-02-06,33195,32195,32234.0,2.98,1,35,Retail Sold,2026-03-13,
NV103832,2025-01-10,28695,27795,28773.0,-0.27,1,26,Retail Sold,2025-02-05,
NV103833,2024-09-21,22195,20295,21404.0,3.7,3,75,Wholesaled,2024-12-05,17500.0
NV103834,2026-08-19,25395,23895,24249.0,4.73,2,42,Active,,
NV103835,2025-05-04,13395,12595,12899.0,3.85,2,55,Retail Sold,2025-06-28,
NV103836,2026-01-05,11695,10695,7685.0,52.19,3,75,Wholesaled,2026-03-21,6575.0
NV103837,2026-07-20,11495,10495,9891.0,16.22,3,72,Active,,
NV103838,2025-02-19,29195,26595,27848.0,4.84,3,75,Wholesaled,2025-05-05,23825.0
NV103839,2026-01-02,11395,10695,11491.0,-0.84,2,51,Retail Sold,2026-02-22,
NV103840,2025-05-06,14695,14295,14223.0,3.32,1,27,Retail Sold,2025-06-02,
NV103841,2026-01-28,26595,24995,26151.0,1.7,2,56,Retail Sold,2026-03-25,
NV103842,2025-06-18,28595,27695,28650.0,-0.19,1,28,Retail Sold,2025-07-16,
NV103843,2025-03-31,37795,36695,37716.0,0.21,1,29,Retail Sold,2025-04-29,
NV103844,2026-07-26,13695,12895,13262.0,3.26,2,42,Retail Sold,2026-09-06,
NV103845,2025-07-19,21995,21295,19846.0,10.83,1,35,Retail Sold,2025-08-23,
NV103846,2026-02-23,20595,19995,20655.0,-0.29,1,31,Retail Sold,2026-03-26,
NV103847,2025-04-01,19795,19795,18689.0,5.92,0,14,Retail Sold,2025-04-15,
NV103848,2025-04-28,19595,17895,18743.0,4.55,3,75,Retail Sold,2025-07-12,
NV103849,2026-08-20,11795,11395,11336.0,4.05,1,41,Active,,
NV103850,2026-03-07,17195,15695,14231.0,20.83,3,75,Wholesaled,2026-05-21,12825.0
NV103851,2026-04-09,17095,16595,16797.0,1.77,1,31,Retail Sold,2026-05-10,
NV103852,2025-12-16,16895,16395,17276.0,-2.2,1,26,Retail Sold,2026-01-11,
NV103853,2026-04-07,19795,19195,19401.0,2.03,1,35,Retail Sold,2026-05-12,
NV103854,2025-12-13,38795,36495,37003.0,4.84,2,55,Retail Sold,2026-02-06,
NV103855,2026-05-04,12695,11895,12444.0,2.02,2,60,Retail Sold,2026-07-03,
NV103856,2025-08-27,27195,24795,27079.0,0.43,3,75,Wholesaled,2025-11-10,23475.0
NV103857,2026-03-29,11495,10795,10540.0,9.06,2,42,Retail Sold,2026-05-10,
NV103858,2025-09-24,29695,28795,31694.0,-6.31,1,26,Retail Sold,2025-10-20,
NV103859,2026-03-31,13795,12995,13008.0,6.05,2,56,Retail Sold,2026-05-26,
NV103860,2025-10-04,15995,14595,16005.0,-0.07,3,75,Wholesaled,2025-12-18,13850.0
NV103861,2025-01-29,22695,21395,21789.0,4.16,2,46,Retail Sold,2025-03-16,
NV103862,2026-07-13,21895,20595,20935.0,4.59,2,56,Retail Sold,2026-09-07,
NV103863,2024-07-11,39595,38395,39600.0,-0.01,1,36,Retail Sold,2024-08-16,
NV103864,2025-11-05,14095,13695,13575.0,3.83,1,35,Retail Sold,2025-12-10,
NV103865,2025-04-03,20995,20995,20668.0,1.58,0,17,Retail Sold,2025-04-20,
NV103866,2024-12-10,12095,10995,9677.0,24.99,3,200,Retail Sold,2025-06-28,
NV103867,2026-07-31,27495,25895,26112.0,5.3,2,61,Active,,
NV103868,2026-07-30,19495,18895,18704.0,4.23,1,31,Retail Sold,2026-08-30,
NV103869,2026-08-31,26995,26195,25710.0,5.0,1,30,Active,,
NV103870,2025-09-02,14695,13795,13403.0,9.64,2,62,Retail Sold,2025-11-03,
NV103871,2025-11-15,13195,11995,10978.0,20.2,3,75,Wholesaled,2026-01-29,9950.0
NV103872,2025-05-16,15895,15895,16946.0,-6.2,0,20,Retail Sold,2025-06-05,
NV103873,2025-07-23,13895,12695,12697.0,9.43,3,65,Retail Sold,2025-09-26,
NV103874,2025-06-02,28395,26695,27242.0,4.23,2,51,Retail Sold,2025-07-23,
NV103875,2025-12-26,11595,10895,10646.0,8.92,2,60,Retail Sold,2026-02-24,
NV103876,2025-08-10,23795,23095,22998.0,3.47,1,28,Retail Sold,2025-09-07,
NV103877,2024-07-02,46795,45395,42407.0,10.35,1,33,Retail Sold,2024-08-04,
NV103878,2024-08-15,23995,21895,22200.0,8.08,3,75,Wholesaled,2024-10-29,18800.0
NV103879,2024-05-10,11595,10595,9584.0,20.99,3,75,Wholesaled,2024-07-24,8125.0
NV103880,2025-08-15,19995,19995,18686.0,7.01,0,17,Retail Sold,2025-09-01,
NV103881,2024-11-12,23895,23895,25552.0,-6.49,0,20,Retail Sold,2024-12-02,
NV103882,2025-08-04,15395,14095,13529.0,13.8,3,169,Retail Sold,2026-01-20,
NV103883,2025-02-25,39295,39295,41337.0,-4.94,0,10,Retail Sold,2025-03-07,
NV103884,2026-05-06,26595,25795,26180.0,1.59,1,29,Retail Sold,2026-06-04,
NV103885,2026-06-21,12395,11295,8626.0,43.69,3,75,Wholesaled,2026-09-04,7350.0
NV103886,2024-04-17,42095,40795,43483.0,-3.19,1,32,Retail Sold,2024-05-19,
NV103887,2026-06-29,27095,27095,27864.0,-2.76,0,13,Retail Sold,2026-07-12,
NV103888,2025-04-04,14795,13495,13948.0,6.07,3,92,Retail Sold,2025-07-05,
NV103889,2025-08-01,19295,18195,18923.0,1.97,2,51,Retail Sold,2025-09-21,
NV103890,2024-06-11,19895,19295,19108.0,4.12,1,24,Retail Sold,2024-07-05,
NV103891,2024-04-12,35995,35995,37370.0,-3.68,0,15,Retail Sold,2024-04-27,
NV103892,2026-05-30,13195,12795,12684.0,4.03,1,39,Retail Sold,2026-07-08,
NV103893,2025-05-23,11595,10595,11695.0,-0.86,3,66,Retail Sold,2025-07-28,
NV103894,2024-08-14,23495,21395,22828.0,2.92,3,130,Retail Sold,2024-12-22,
NV103895,2026-04-25,46895,46895,47310.0,-0.88,0,12,Retail Sold,2026-05-07,
NV103896,2025-10-31,19595,17895,17829.0,9.91,3,70,Retail Sold,2026-01-09,
NV103897,2026-04-23,19095,18495,18943.0,0.8,1,27,Retail Sold,2026-05-20,
NV103898,2025-07-25,13695,12895,12678.0,8.03,2,53,Retail Sold,2025-09-16,
NV103899,2025-05-27,15795,14895,15884.0,-0.56,2,49,Retail Sold,2025-07-15,
NV103900,2026-05-03,20495,19895,20677.0,-0.88,1,21,Retail Sold,2026-05-24,
NV103901,2025-09-27,23695,21595,22989.0,3.07,3,71,Retail Sold,2025-12-07,
NV103902,2025-10-13,32995,30995,31040.0,6.3,2,59,Retail Sold,2025-12-11,
NV103903,2025-02-18,36395,35295,35218.0,3.34,1,41,Retail Sold,2025-03-31,
NV103904,2025-08-04,19695,19095,19604.0,0.46,1,41,Retail Sold,2025-09-14,
NV103905,2025-05-29,11495,11195,11455.0,0.35,1,30,Retail Sold,2025-06-28,
NV103906,2025-04-21,36695,35595,36893.0,-0.54,1,33,Retail Sold,2025-05-24,
NV103907,2026-08-21,19195,18595,18909.0,1.51,1,40,Active,,
NV103908,2026-03-25,16595,15095,16412.0,1.11,3,75,Wholesaled,2026-06-08,14825.0
NV103909,2025-02-22,11895,11195,12248.0,-2.88,2,47,Retail Sold,2025-04-10,
NV103910,2026-07-16,28095,26395,27558.0,1.95,2,55,Retail Sold,2026-09-09,
NV103911,2026-05-02,27695,26895,26367.0,5.04,1,33,Retail Sold,2026-06-04,
NV103912,2024-05-13,12195,11495,11666.0,4.53,2,58,Retail Sold,2024-07-10,
NV103913,2026-08-11,23195,21795,21781.0,6.49,2,50,Active,,
NV103914,2026-04-05,18295,16695,14416.0,26.91,3,178,Active,,
NV103915,2026-06-28,16195,14795,16270.0,-0.46,3,70,Retail Sold,2026-09-06,
NV103916,2026-09-18,18495,18495,16144.0,14.56,0,12,Active,,
NV103917,2025-07-07,20795,20795,21308.0,-2.41,0,13,Retail Sold,2025-07-20,
NV103918,2026-06-06,22295,21595,22157.0,0.62,1,41,Retail Sold,2026-07-17,
NV103919,2025-05-04,23795,23095,23455.0,1.45,1,21,Retail Sold,2025-05-25,
NV103920,2025-12-04,18695,17095,18589.0,0.57,3,75,Wholesaled,2026-02-17,15650.0
NV103921,2026-09-13,14495,14495,13022.0,11.31,0,17,Active,,
NV103922,2026-08-02,32395,30495,30341.0,6.77,2,59,Active,,
NV103923,2025-04-23,16795,16295,17195.0,-2.33,1,29,Retail Sold,2025-05-22,
NV103924,2025-03-07,18095,16495,15414.0,17.39,3,75,Wholesaled,2025-05-21,13150.0
NV103925,2026-07-14,14095,12895,12094.0,16.54,3,78,Active,,
NV103926,2026-07-19,9795,8895,8855.0,10.62,3,73,Active,,
NV103927,2025-02-11,15895,14495,12677.0,25.39,3,75,Wholesaled,2025-04-27,11300.0
NV103928,2024-06-13,22995,22295,22860.0,0.59,1,35,Retail Sold,2024-07-18,
NV103929,2024-12-09,19295,18695,19376.0,-0.42,1,36,Retail Sold,2025-01-14,
NV103930,2025-07-06,23995,23995,23306.0,2.96,0,11,Retail Sold,2025-07-17,
NV103931,2024-05-11,23895,23895,24061.0,-0.69,0,15,Retail Sold,2024-05-26,
NV103932,2026-05-02,24795,22595,23717.0,4.55,3,68,Retail Sold,2026-07-09,
NV103933,2026-04-08,24095,23395,26731.0,-9.86,1,21,Retail Sold,2026-04-29,
NV103934,2025-05-22,20795,18995,20555.0,1.17,3,71,Retail Sold,2025-08-01,
NV103935,2025-08-31,17695,16595,17040.0,3.84,2,58,Retail Sold,2025-10-28,
NV103936,2026-01-10,19495,18895,20495.0,-4.88,1,26,Retail Sold,2026-02-05,
NV103937,2024-03-06,16795,16295,16972.0,-1.04,1,26,Retail Sold,2024-04-01,
NV103938,2025-01-28,21695,19795,19204.0,12.97,3,130,Retail Sold,2025-06-07,
NV103939,2025-06-29,22595,22595,22608.0,-0.06,0,11,Retail Sold,2025-07-10,
NV103940,2024-02-21,18295,18295,17829.0,2.61,0,18,Retail Sold,2024-03-10,
NV103941,2024-05-11,20295,18495,19066.0,6.45,3,72,Retail Sold,2024-07-22,
NV103942,2026-08-03,12895,12095,10194.0,26.5,2,58,Active,,
NV103943,2026-09-08,18895,18895,18959.0,-0.34,0,14,Retail Sold,2026-09-22,
NV103944,2026-02-14,9695,8795,6732.0,44.02,3,75,Wholesaled,2026-04-30,5725.0
NV103945,2026-04-23,26695,24395,25827.0,3.36,3,74,Retail Sold,2026-07-06,
NV103946,2024-10-26,28295,26595,25806.0,9.65,2,55,Retail Sold,2024-12-20,
NV103947,2026-05-17,15295,13995,12937.0,18.22,3,136,Active,,
NV103948,2024-05-29,14795,13495,13155.0,12.47,3,75,Wholesaled,2024-08-12,11275.0
NV103949,2025-11-01,35595,33495,33758.0,5.44,2,62,Retail Sold,2026-01-02,
NV103950,2025-04-07,21195,20595,21304.0,-0.51,1,35,Retail Sold,2025-05-12,
NV103951,2026-07-14,21395,20795,22611.0,-5.38,1,38,Retail Sold,2026-08-21,
NV103952,2026-06-15,24595,23895,26136.0,-5.89,1,33,Retail Sold,2026-07-18,
NV103953,2025-08-04,15795,14395,14789.0,6.81,3,72,Retail Sold,2025-10-15,
NV103954,2025-07-08,24495,24495,26371.0,-7.11,0,6,Retail Sold,2025-07-14,
NV103955,2025-10-22,30995,30095,29442.0,5.27,1,28,Retail Sold,2025-11-19,
NV103956,2025-12-09,14595,13695,13196.0,10.6,2,52,Retail Sold,2026-01-30,
NV103957,2024-09-07,22295,20295,20729.0,7.56,3,92,Retail Sold,2024-12-08,
NV103958,2024-06-16,31695,29795,30773.0,2.99,2,47,Retail Sold,2024-08-02,
NV103959,2025-12-16,11295,10295,10657.0,5.99,3,88,Retail Sold,2026-03-14,
NV103960,2025-02-28,21395,19495,19322.0,10.73,3,75,Wholesaled,2025-05-14,15875.0
NV103961,2025-11-22,14695,13395,13429.0,9.43,3,75,Wholesaled,2026-02-05,12050.0
NV103962,2025-09-07,40295,37895,37682.0,6.94,2,47,Retail Sold,2025-10-24,
NV103963,2024-08-28,15795,15795,16417.0,-3.79,0,20,Retail Sold,2024-09-17,
NV103964,2025-07-11,29295,27595,27682.0,5.83,2,62,Retail Sold,2025-09-11,
NV103965,2026-06-27,12595,11495,11091.0,13.56,3,75,Wholesaled,2026-09-10,9650.0
NV103966,2024-04-01,21795,21795,22556.0,-3.38,0,7,Retail Sold,2024-04-08,
NV103967,2026-04-21,21795,21795,23284.0,-6.4,0,8,Retail Sold,2026-04-29,
NV103968,2025-02-07,37595,34295,34653.0,8.49,3,63,Retail Sold,2025-04-11,
NV103969,2026-04-27,21895,20595,20489.0,6.86,2,46,Retail Sold,2026-06-12,
NV103970,2025-05-09,24695,23995,24609.0,0.35,1,25,Retail Sold,2025-06-03,
NV103971,2025-10-04,28895,27195,28402.0,1.74,2,45,Retail Sold,2025-11-18,
NV103972,2025-02-01,15495,15495,15229.0,1.75,0,13,Retail Sold,2025-02-14,
NV103973,2026-07-09,10995,9995,9502.0,15.71,3,83,Active,,
NV103974,2024-06-17,42195,40895,39054.0,8.04,1,24,Retail Sold,2024-07-11,
NV103975,2025-07-10,14795,13895,14048.0,5.32,2,56,Retail Sold,2025-09-04,
NV103976,2025-09-20,23195,21795,24485.0,-5.27,2,45,Retail Sold,2025-11-04,
NV103977,2025-01-29,22295,22295,22521.0,-1.0,0,13,Retail Sold,2025-02-11,
NV103978,2025-05-15,23095,23095,23152.0,-0.25,0,15,Retail Sold,2025-05-30,
NV103979,2026-08-10,35495,33395,34358.0,3.31,2,50,Retail Sold,2026-09-29,
NV103980,2025-08-22,36795,35695,34713.0,6.0,1,21,Retail Sold,2025-09-12,
NV103981,2026-05-18,28295,27395,27626.0,2.42,1,29,Retail Sold,2026-06-16,
NV103982,2026-07-14,14295,13495,14011.0,2.03,2,53,Retail Sold,2026-09-05,
NV103983,2025-07-29,26195,26195,25919.0,1.07,0,18,Retail Sold,2025-08-16,
NV103984,2026-05-19,30995,30995,29172.0,6.25,0,16,Retail Sold,2026-06-04,
NV103985,2024-03-25,22095,21395,21122.0,4.61,1,23,Retail Sold,2024-04-17,
NV103986,2026-08-21,18095,17595,14599.0,23.95,1,40,Active,,
NV103987,2025-07-03,16395,15895,16523.0,-0.78,1,26,Retail Sold,2025-07-29,
NV103988,2024-10-12,25095,22895,23970.0,4.69,3,100,Retail Sold,2025-01-20,
NV103989,2024-05-30,12195,12195,12735.0,-4.24,0,16,Retail Sold,2024-06-15,
NV103990,2025-05-10,23795,22395,23639.0,0.66,2,49,Retail Sold,2025-06-28,
NV103991,2025-09-06,21195,21195,22526.0,-5.91,0,17,Retail Sold,2025-09-23,
NV103992,2026-05-27,40395,39195,37879.0,6.64,1,34,Retail Sold,2026-06-30,
NV103993,2025-12-28,14195,12995,14586.0,-2.68,3,75,Wholesaled,2026-03-13,12125.0
NV103994,2025-01-22,10095,9495,10049.0,0.46,2,59,Retail Sold,2025-03-22,
NV103995,2026-08-24,11695,11295,9138.0,27.98,1,37,Active,,
NV103996,2025-07-22,31995,31995,33299.0,-3.92,0,17,Retail Sold,2025-08-08,
NV103997,2026-06-03,14495,13195,13022.0,11.31,3,75,Wholesaled,2026-08-17,12250.0
NV103998,2026-06-21,10095,9195,8254.0,22.3,3,75,Wholesaled,2026-09-04,7200.0
NV103999,2024-01-28,13295,12495,13053.0,1.86,2,55,Retail Sold,2024-03-23,
NV104000,2024-08-26,36295,34095,34782.0,4.35,2,55,Retail Sold,2024-10-20,
NV104001,2025-10-07,17195,16695,17458.0,-1.51,1,34,Retail Sold,2025-11-10,
NV104002,2025-06-02,34695,32595,31630.0,9.69,2,59,Retail Sold,2025-07-31,
NV104003,2024-05-01,38995,35595,37052.0,5.24,3,76,Retail Sold,2024-07-16,
NV104004,2025-04-14,24095,22695,23076.0,4.42,2,50,Retail Sold,2025-06-03,
NV104005,2025-05-17,41095,37495,38457.0,6.86,3,83,Retail Sold,2025-08-08,
NV104006,2026-04-16,17395,15895,14587.0,19.25,3,75,Wholesaled,2026-06-30,12050.0
NV104007,2024-04-22,20495,20495,19951.0,2.73,0,10,Retail Sold,2024-05-02,
NV104008,2026-06-04,16595,16095,17431.0,-4.79,1,25,Retail Sold,2026-06-29,
NV104009,2026-08-25,15595,15095,14987.0,4.06,1,36,Active,,
NV104010,2026-04-24,17395,17395,18001.0,-3.37,0,6,Retail Sold,2026-04-30,
NV104011,2024-07-30,25595,24795,25520.0,0.29,1,21,Retail Sold,2024-08-20,
NV104012,2026-05-27,24895,22695,24247.0,2.67,3,82,Retail Sold,2026-08-17,
NV104013,2026-08-09,13795,12995,12705.0,8.58,2,52,Active,,
NV104014,2024-02-11,46595,45195,42920.0,8.56,1,32,Retail Sold,2024-03-14,
NV104015,2025-01-05,21595,20895,21278.0,1.49,1,36,Retail Sold,2025-02-10,
NV104016,2024-05-04,19095,18495,19089.0,0.03,1,41,Retail Sold,2024-06-14,
NV104017,2026-06-12,13595,12395,12496.0,8.79,3,75,Wholesaled,2026-08-26,10875.0
NV104018,2026-07-11,19695,18495,19358.0,1.74,2,47,Retail Sold,2026-08-27,
NV104019,2025-05-29,32295,32295,35532.0,-9.11,0,5,Retail Sold,2025-06-03,
NV104020,2024-06-23,21395,21395,21427.0,-0.15,0,19,Retail Sold,2024-07-12,
NV104021,2026-07-12,23295,21295,21492.0,8.39,3,80,Active,,
NV104022,2026-09-13,10595,10595,9428.0,12.37,0,17,Active,,
NV104023,2026-06-02,16095,14695,15224.0,5.72,3,66,Retail Sold,2026-08-07,
NV104024,2025-11-06,16595,15095,14991.0,10.7,3,200,Retail Sold,2026-05-25,
NV104025,2026-07-19,25595,24795,22874.0,11.9,1,37,Retail Sold,2026-08-25,
NV104026,2026-07-17,22495,21795,22030.0,2.11,1,21,Retail Sold,2026-08-07,
NV104027,2026-03-30,17795,17795,17997.0,-1.12,0,14,Retail Sold,2026-04-13,
NV104028,2026-04-08,23095,22395,23886.0,-3.31,1,32,Retail Sold,2026-05-10,
NV104029,2024-01-16,22995,22295,24487.0,-6.09,1,37,Retail Sold,2024-02-22,
NV104030,2026-06-28,18195,16595,13041.0,39.52,3,75,Wholesaled,2026-09-11,11400.0
NV104031,2024-05-08,12395,11295,10909.0,13.62,3,75,Wholesaled,2024-07-22,9475.0
NV104032,2025-10-31,16095,15595,15818.0,1.75,1,38,Retail Sold,2025-12-08,
NV104033,2024-05-03,19195,18595,18543.0,3.52,1,40,Retail Sold,2024-06-12,
NV104034,2026-03-20,12695,11595,9854.0,28.84,3,75,Wholesaled,2026-06-03,8850.0
NV104035,2025-01-15,23295,22595,23700.0,-1.71,1,39,Retail Sold,2025-02-23,
NV104036,2025-12-23,18295,17195,17768.0,2.96,2,45,Retail Sold,2026-02-06,
NV104037,2025-05-28,25795,23495,24930.0,3.47,3,97,Retail Sold,2025-09-02,
NV104038,2025-10-05,19295,18195,18722.0,3.06,2,58,Retail Sold,2025-12-02,
NV104039,2025-08-08,11395,11395,11548.0,-1.32,0,11,Retail Sold,2025-08-19,
NV104040,2026-03-04,22495,22495,21078.0,6.72,0,20,Retail Sold,2026-03-24,
NV104041,2026-02-10,15595,15095,15736.0,-0.9,1,39,Retail Sold,2026-03-21,
NV104042,2026-08-03,12295,11595,11450.0,7.38,2,58,Active,,
NV104043,2026-04-16,38395,36095,37495.0,2.4,2,46,Retail Sold,2026-06-01,
NV104044,2025-04-09,16895,16395,18748.0,-9.89,1,25,Retail Sold,2025-05-04,
NV104045,2024-06-29,15095,13795,13947.0,8.23,3,69,Retail Sold,2024-09-06,
NV104046,2026-05-05,31495,31495,29995.0,5.0,0,14,Retail Sold,2026-05-19,
NV104047,2025-07-20,26795,26795,27378.0,-2.13,0,19,Retail Sold,2025-08-08,
NV104048,2026-04-09,24895,24095,24685.0,0.85,1,34,Retail Sold,2026-05-13,
NV104049,2024-10-04,25095,24295,25838.0,-2.87,1,23,Retail Sold,2024-10-27,
NV104050,2025-05-10,14495,13195,13143.0,10.29,3,75,Wholesaled,2025-07-24,11200.0
NV104051,2025-07-23,23195,22495,23553.0,-1.52,1,24,Retail Sold,2025-08-16,
NV104052,2025-10-19,14795,13495,14100.0,4.93,3,76,Retail Sold,2026-01-03,
NV104053,2025-06-07,10895,9895,9762.0,11.61,3,137,Retail Sold,2025-10-22,
NV104054,2026-03-13,27995,27195,27759.0,0.85,1,34,Retail Sold,2026-04-16,
NV104055,2024-11-10,30595,28795,30531.0,0.21,2,44,Retail Sold,2024-12-24,
NV104056,2026-06-27,20095,19495,19816.0,1.41,1,22,Retail Sold,2026-07-19,
NV104057,2025-11-07,16295,14895,15033.0,8.39,3,65,Retail Sold,2026-01-11,
NV104058,2025-03-06,31495,30595,31899.0,-1.27,1,28,Retail Sold,2025-04-03,
NV104059,2026-02-15,18095,16495,16136.0,12.14,3,75,Wholesaled,2026-05-01,13125.0
NV104060,2026-06-21,10895,9895,9283.0,17.36,3,101,Active,,
NV104061,2025-01-02,18795,17695,18253.0,2.97,2,54,Retail Sold,2025-02-25,
NV104062,2024-06-23,14895,14395,14628.0,1.83,1,40,Retail Sold,2024-08-02,
NV104063,2026-03-26,18695,18095,18908.0,-1.13,1,25,Retail Sold,2026-04-20,
NV104064,2025-11-21,16495,16495,17676.0,-6.68,0,4,Retail Sold,2025-11-25,
NV104065,2025-03-17,28295,28295,27479.0,2.97,0,17,Retail Sold,2025-04-03,
NV104066,2025-04-10,43595,43595,41996.0,3.81,0,11,Retail Sold,2025-04-21,
NV104067,2025-12-22,34095,33095,31961.0,6.68,1,37,Retail Sold,2026-01-28,
NV104068,2024-12-18,25895,23595,25734.0,0.63,3,80,Retail Sold,2025-03-08,
NV104069,2024-12-03,28695,28695,29235.0,-1.85,0,17,Retail Sold,2024-12-20,
NV104070,2025-07-07,34395,33395,34742.0,-1.0,1,34,Retail Sold,2025-08-10,
NV104071,2025-07-13,23095,23095,23840.0,-3.13,0,11,Retail Sold,2025-07-24,
NV104072,2024-12-14,17095,15595,14543.0,17.55,3,75,Wholesaled,2025-02-27,13025.0
NV104073,2026-07-07,12195,11095,9708.0,25.62,3,85,Active,,
NV104074,2025-04-29,29795,28895,28714.0,3.76,1,33,Retail Sold,2025-06-01,
NV104075,2026-07-07,14695,13795,13992.0,5.03,2,46,Retail Sold,2026-08-22,
NV104076,2026-04-08,22795,21395,22669.0,0.56,2,56,Retail Sold,2026-06-03,
NV104077,2026-03-24,28195,27295,27005.0,4.41,1,35,Retail Sold,2026-04-28,
NV104078,2026-05-19,20195,19595,19796.0,2.02,1,33,Retail Sold,2026-06-21,
NV104079,2024-09-19,11795,10795,9256.0,27.43,3,200,Retail Sold,2025-04-07,
NV104080,2024-02-23,29995,27395,28212.0,6.32,3,81,Retail Sold,2024-05-14,
NV104081,2024-09-25,30995,28295,29568.0,4.82,3,73,Retail Sold,2024-12-07,
NV104082,2026-06-30,23595,23595,23721.0,-0.53,0,12,Retail Sold,2026-07-12,
NV104083,2025-04-15,43595,42295,43428.0,0.38,1,31,Retail Sold,2025-05-16,
NV104084,2026-05-24,14695,13395,14282.0,2.89,3,65,Retail Sold,2026-07-28,
NV104085,2025-08-02,10995,10295,9829.0,11.86,2,58,Retail Sold,2025-09-29,
NV104086,2026-08-08,12995,12195,12414.0,4.68,2,53,Active,,
NV104087,2025-08-21,22495,22495,23023.0,-2.29,0,19,Retail Sold,2025-09-09,
NV104088,2024-02-22,21095,19295,20757.0,1.63,3,75,Wholesaled,2024-05-07,18200.0
NV104089,2024-04-10,25795,23495,24971.0,3.3,3,75,Wholesaled,2024-06-24,21875.0
NV104090,2024-06-26,24095,22695,23719.0,1.58,2,61,Retail Sold,2024-08-26,
NV104091,2025-12-15,18195,17595,19356.0,-6.0,1,22,Retail Sold,2026-01-06,
NV104092,2025-11-19,14995,13695,15129.0,-0.89,3,63,Retail Sold,2026-01-21,
NV104093,2026-05-20,8395,7695,4650.0,80.52,3,133,Active,,
NV104094,2025-02-04,25195,23695,24138.0,4.38,2,42,Retail Sold,2025-03-18,
NV104095,2026-04-05,13695,12495,12042.0,13.73,3,75,Wholesaled,2026-06-19,9800.0
NV104096,2026-06-28,12695,12295,11764.0,7.92,1,38,Retail Sold,2026-08-05,
NV104097,2024-10-02,22795,21395,21176.0,7.65,2,57,Retail Sold,2024-11-28,
NV104098,2026-06-18,33195,32195,32108.0,3.39,1,31,Retail Sold,2026-07-19,
NV104099,2026-06-12,29695,27895,26656.0,11.4,2,43,Retail Sold,2026-07-25,
NV104100,2025-06-02,17095,17095,16190.0,5.59,0,9,Retail Sold,2025-06-11,
NV104101,2026-04-02,20595,19995,20103.0,2.45,1,41,Retail Sold,2026-05-13,
NV104102,2026-07-27,18995,18395,18361.0,3.46,1,29,Retail Sold,2026-08-25,
NV104103,2026-09-01,36095,34995,35470.0,1.76,1,29,Active,,
NV104104,2025-09-13,17995,17995,18299.0,-1.66,0,7,Retail Sold,2025-09-20,
NV104105,2025-05-23,12395,11295,9236.0,34.2,3,75,Wholesaled,2025-08-06,7600.0
NV104106,2026-04-05,16595,15095,14911.0,11.29,3,74,Retail Sold,2026-06-18,
NV104107,2026-05-16,28495,27595,28851.0,-1.23,1,23,Retail Sold,2026-06-08,
NV104108,2026-04-20,38695,37495,38126.0,1.49,1,25,Retail Sold,2026-05-15,
NV104109,2025-09-23,22895,20895,21347.0,7.25,3,75,Wholesaled,2025-12-07,17975.0
NV104110,2026-01-30,19195,19195,19429.0,-1.2,0,19,Retail Sold,2026-02-18,
NV104111,2026-08-12,14595,13695,13638.0,7.01,2,49,Active,,
NV104112,2024-12-17,31495,28695,29841.0,5.54,3,75,Wholesaled,2025-03-02,25825.0
NV104113,2024-04-11,15195,13895,14990.0,1.36,3,65,Retail Sold,2024-06-15,
NV104114,2025-09-24,18595,17995,19151.0,-2.9,1,30,Retail Sold,2025-10-24,
NV104115,2025-12-16,17195,15695,16243.0,5.86,3,200,Retail Sold,2026-07-04,
NV104116,2025-06-20,42295,39795,38929.0,8.65,2,48,Retail Sold,2025-08-07,
NV104117,2024-12-28,23695,22995,23363.0,1.42,1,28,Retail Sold,2025-01-25,
NV104118,2024-06-02,13595,13595,14227.0,-4.44,0,13,Retail Sold,2024-06-15,
NV104119,2025-04-08,20595,20595,20577.0,0.09,0,15,Retail Sold,2025-04-23,
NV104120,2026-05-27,17295,15795,16489.0,4.89,3,91,Retail Sold,2026-08-26,
NV104121,2024-09-12,22695,21995,22636.0,0.26,1,27,Retail Sold,2024-10-09,
NV104122,2025-02-13,22395,21695,21094.0,6.17,1,39,Retail Sold,2025-03-24,
NV104123,2025-03-09,29495,27795,29096.0,1.37,2,45,Retail Sold,2025-04-23,
NV104124,2024-01-15,26895,26095,26842.0,0.2,1,32,Retail Sold,2024-02-16,
NV104125,2025-04-08,17095,15595,14959.0,14.28,3,190,Retail Sold,2025-10-15,
NV104126,2026-08-06,22295,20995,21971.0,1.47,2,55,Active,,
NV104127,2024-04-01,10595,9695,9482.0,11.74,3,76,Retail Sold,2024-06-16,
NV104128,2026-07-16,16995,16495,16248.0,4.6,1,37,Retail Sold,2026-08-22,
NV104129,2025-09-16,12995,11895,11173.0,16.31,3,75,Wholesaled,2025-11-30,9450.0
NV104130,2025-01-09,23795,21695,22169.0,7.34,3,69,Retail Sold,2025-03-19,
NV104131,2025-08-12,36595,36595,36697.0,-0.28,0,12,Retail Sold,2025-08-24,
NV104132,2025-08-19,14295,12995,14231.0,0.45,3,90,Retail Sold,2025-11-17,
NV104133,2026-02-10,39095,35695,38609.0,1.26,3,70,Retail Sold,2026-04-21,
NV104134,2025-10-24,22095,21395,22651.0,-2.46,1,27,Retail Sold,2025-11-20,
NV104135,2025-06-03,24295,23595,24497.0,-0.82,1,21,Retail Sold,2025-06-24,
NV104136,2026-05-08,17895,16295,17785.0,0.62,3,71,Retail Sold,2026-07-18,
NV104137,2026-03-12,25395,24595,24876.0,2.09,1,31,Retail Sold,2026-04-12,
NV104138,2026-06-26,27995,27195,27402.0,2.16,1,22,Retail Sold,2026-07-18,
NV104139,2025-11-03,16195,14795,14140.0,14.54,3,200,Retail Sold,2026-05-22,
NV104140,2026-09-02,13495,13095,13016.0,3.68,1,28,Active,,
NV104141,2025-08-27,16795,15795,16811.0,-0.09,2,52,Retail Sold,2025-10-18,
NV104142,2025-05-22,15495,14995,15128.0,2.43,1,24,Retail Sold,2025-06-15,
NV104143,2024-02-03,24595,24595,25982.0,-5.34,0,18,Retail Sold,2024-02-21,
NV104144,2025-09-08,15495,14095,13490.0,14.86,3,75,Wholesaled,2025-11-22,12025.0
NV104145,2024-03-12,29095,28195,27877.0,4.37,1,41,Retail Sold,2024-04-22,
NV104146,2025-07-27,21095,20495,21097.0,-0.01,1,28,Retail Sold,2025-08-24,
NV104147,2026-05-23,21595,21595,20754.0,4.05,0,9,Retail Sold,2026-06-01,
NV104148,2025-06-01,21795,19895,20304.0,7.34,3,76,Retail Sold,2025-08-16,
NV104149,2025-09-19,24395,22995,24259.0,0.56,2,52,Retail Sold,2025-11-10,
NV104150,2026-01-01,17395,16895,17428.0,-0.19,1,41,Retail Sold,2026-02-11,
NV104151,2024-06-19,14795,13495,12706.0,16.44,3,75,Wholesaled,2024-09-02,11000.0
NV104152,2024-03-07,16395,15395,15697.0,4.45,2,51,Retail Sold,2024-04-27,
NV104153,2025-01-06,19695,19695,19906.0,-1.06,0,16,Retail Sold,2025-01-22,
NV104154,2024-06-05,20895,20295,20781.0,0.55,1,28,Retail Sold,2024-07-03,
NV104155,2024-06-13,18095,17595,17430.0,3.81,1,31,Retail Sold,2024-07-14,
NV104156,2025-11-19,30195,30195,31335.0,-3.64,0,14,Retail Sold,2025-12-03,
NV104157,2026-09-12,19495,19495,20629.0,-5.5,0,18,Active,,
NV104158,2025-04-14,31895,31895,32944.0,-3.18,0,9,Retail Sold,2025-04-23,
NV104159,2026-06-18,17395,16395,16596.0,4.81,2,54,Retail Sold,2026-08-11,
NV104160,2024-01-27,28995,27295,26161.0,10.83,2,49,Retail Sold,2024-03-16,
NV104161,2024-03-25,10295,9395,7811.0,31.8,3,200,Retail Sold,2024-10-11,
NV104162,2025-09-13,21295,20695,21458.0,-0.76,1,25,Retail Sold,2025-10-08,
NV104163,2024-08-25,26995,25395,25823.0,4.54,2,47,Retail Sold,2024-10-11,
NV104164,2025-10-18,14495,14095,14268.0,1.59,1,39,Retail Sold,2025-11-26,
NV104165,2025-03-07,42395,39895,38043.0,11.44,2,59,Retail Sold,2025-05-05,
NV104166,2025-11-22,15295,14395,14623.0,4.6,2,45,Retail Sold,2026-01-06,
NV104167,2024-05-05,22895,22195,21691.0,5.55,1,26,Retail Sold,2024-05-31,
NV104168,2024-04-26,27095,26295,26459.0,2.41,1,29,Retail Sold,2024-05-25,
NV104169,2024-03-21,31195,29395,30187.0,3.34,2,45,Retail Sold,2024-05-05,
NV104170,2026-04-23,19695,17995,17070.0,15.38,3,160,Active,,
NV104171,2025-08-19,28995,26495,27045.0,7.21,3,72,Retail Sold,2025-10-30,
NV104172,2026-04-15,15695,15195,13938.0,12.6,1,30,Retail Sold,2026-05-15,
NV104173,2026-08-12,22795,21395,20195.0,12.88,2,49,Active,,
NV104174,2026-04-30,15495,14095,14008.0,10.62,3,153,Active,,
NV104175,2025-10-01,38695,37495,38806.0,-0.29,1,26,Retail Sold,2025-10-27,
NV104176,2025-05-12,22195,20295,18676.0,18.84,3,75,Wholesaled,2025-07-26,15675.0
NV104177,2026-06-02,14595,13695,13793.0,5.81,2,53,Retail Sold,2026-07-25,
NV104178,2026-03-26,14095,12895,12108.0,16.41,3,65,Retail Sold,2026-05-30,
NV104179,2026-07-20,15095,14595,14770.0,2.2,1,26,Retail Sold,2026-08-15,
NV104180,2024-09-19,12495,11395,11509.0,8.57,3,75,Wholesaled,2024-12-03,10000.0
NV104181,2026-06-16,23295,22595,23059.0,1.02,1,38,Retail Sold,2026-07-24,
NV104182,2026-07-16,27095,26295,24699.0,9.7,1,27,Retail Sold,2026-08-12,
NV104183,2026-02-01,13595,12395,12944.0,5.03,3,94,Retail Sold,2026-05-06,
NV104184,2024-05-21,16695,15195,16026.0,4.17,3,75,Wholesaled,2024-08-04,13625.0
NV104185,2026-03-26,14195,12995,13680.0,3.77,3,68,Retail Sold,2026-06-02,
NV104186,2025-03-11,15495,15495,15093.0,2.66,0,15,Retail Sold,2025-03-26,
NV104187,2025-06-09,11095,10095,9078.0,22.22,3,200,Retail Sold,2025-12-26,
NV104188,2026-05-21,21195,19295,19017.0,11.46,3,72,Retail Sold,2026-08-01,
NV104189,2024-08-24,20195,20195,19816.0,1.91,0,18,Retail Sold,2024-09-11,
NV104190,2025-07-23,29895,28995,29107.0,2.71,1,30,Retail Sold,2025-08-22,
NV104191,2026-08-14,21595,20295,19253.0,12.16,2,47,Active,,
NV104192,2026-04-22,16195,14795,10793.0,50.05,3,161,Active,,
NV104193,2024-12-19,33695,33695,32406.0,3.98,0,19,Retail Sold,2025-01-07,
NV104194,2025-11-20,27395,26595,26052.0,5.16,1,28,Retail Sold,2025-12-18,
NV104195,2024-06-03,14895,14395,14714.0,1.23,1,21,Retail Sold,2024-06-24,
NV104196,2024-02-07,36895,33695,34029.0,8.42,3,75,Wholesaled,2024-04-22,29850.0
NV104197,2024-04-19,24695,24695,24869.0,-0.7,0,14,Retail Sold,2024-05-03,
NV104198,2025-05-25,14895,13595,13085.0,13.84,3,75,Retail Sold,2025-08-08,
NV104199,2024-12-13,19795,18095,19394.0,2.07,3,75,Retail Sold,2025-02-26,
NV104200,2025-11-15,24795,24795,25228.0,-1.72,0,14,Retail Sold,2025-11-29,
NV104201,2026-06-19,12095,10995,10751.0,12.51,3,75,Wholesaled,2026-09-02,9125.0
NV104202,2026-01-03,17895,17895,18319.0,-2.31,0,11,Retail Sold,2026-01-14,
NV104203,2025-08-31,18795,17195,16725.0,12.37,3,200,Retail Sold,2026-03-19,
NV104204,2026-09-02,25095,24295,26430.0,-5.05,1,28,Active,,
NV104205,2024-06-30,24495,22395,23318.0,5.05,3,95,Retail Sold,2024-10-03,
NV104206,2025-11-16,17395,15895,15824.0,9.93,3,74,Retail Sold,2026-01-29,
NV104207,2026-01-28,36695,36695,39327.0,-6.69,0,19,Retail Sold,2026-02-16,
NV104208,2026-08-26,14995,14995,13786.0,8.77,0,20,Retail Sold,2026-09-15,
NV104209,2026-04-12,19395,17695,16693.0,16.19,3,117,Retail Sold,2026-08-07,
NV104210,2025-07-21,20595,19395,21638.0,-4.82,2,61,Retail Sold,2025-09-20,
NV104211,2025-02-19,35995,35995,35898.0,0.27,0,20,Retail Sold,2025-03-11,
NV104212,2026-01-22,16995,16995,17606.0,-3.47,0,17,Retail Sold,2026-02-08,
NV104213,2025-03-21,11795,11795,12716.0,-7.24,0,14,Retail Sold,2025-04-04,
NV104214,2026-02-07,11495,10495,10286.0,11.76,3,82,Retail Sold,2026-04-30,
NV104215,2025-03-19,16295,15295,15282.0,6.63,2,57,Retail Sold,2025-05-15,
NV104216,2025-07-01,15195,13895,12619.0,20.41,3,75,Wholesaled,2025-09-14,10800.0
NV104217,2026-05-29,14895,14395,14858.0,0.25,1,33,Retail Sold,2026-07-01,
NV104218,2025-06-08,10695,9795,8070.0,32.53,3,75,Wholesaled,2025-08-22,6850.0
NV104219,2024-08-03,37595,37595,41239.0,-8.84,0,10,Retail Sold,2024-08-13,
NV104220,2025-07-01,22695,20695,20542.0,10.48,3,70,Retail Sold,2025-09-09,
NV104221,2025-11-16,42895,41595,43026.0,-0.3,1,41,Retail Sold,2025-12-27,
NV104222,2024-09-19,18195,18195,18437.0,-1.31,0,13,Retail Sold,2024-10-02,
NV104223,2025-03-31,21195,21195,20691.0,2.43,0,20,Retail Sold,2025-04-20,
NV104224,2025-07-11,15595,15095,15539.0,0.36,1,27,Retail Sold,2025-08-07,
NV104225,2024-04-23,19695,19695,19918.0,-1.12,0,19,Retail Sold,2024-05-12,
NV104226,2026-04-26,14595,13295,12161.0,20.02,3,101,Retail Sold,2026-08-05,
NV104227,2024-07-05,22495,20495,21424.0,5.0,3,145,Retail Sold,2024-11-27,
NV104228,2025-03-29,19995,19395,20487.0,-2.4,1,23,Retail Sold,2025-04-21,
NV104229,2026-06-02,21195,20595,19900.0,6.51,1,27,Retail Sold,2026-06-29,
NV104230,2024-07-18,37195,34995,36272.0,2.55,2,43,Retail Sold,2024-08-30,
NV104231,2025-06-03,23195,21195,23092.0,0.45,3,75,Retail Sold,2025-08-17,
NV104232,2024-01-31,23295,23295,22836.0,2.01,0,12,Retail Sold,2024-02-12,
NV104233,2026-06-26,18495,17395,17910.0,3.26,2,47,Retail Sold,2026-08-12,
NV104234,2026-07-15,10295,10295,10341.0,-0.44,0,20,Retail Sold,2026-08-04,
NV104235,2026-03-22,13495,12295,12243.0,10.23,3,116,Retail Sold,2026-07-16,
NV104236,2024-07-21,29795,29795,31441.0,-5.24,0,18,Retail Sold,2024-08-08,
NV104237,2026-05-04,33195,33195,35945.0,-7.65,0,19,Retail Sold,2026-05-23,
NV104238,2025-01-15,18895,18295,17879.0,5.68,1,30,Retail Sold,2025-02-14,
NV104239,2026-09-08,18195,17595,17736.0,2.59,1,22,Active,,
NV104240,2025-07-28,25695,23495,27724.0,-7.32,3,66,Retail Sold,2025-10-02,
NV104241,2025-04-07,21895,21895,21506.0,1.81,0,19,Retail Sold,2025-04-26,
NV104242,2026-08-08,24695,23195,23808.0,3.73,2,53,Active,,
NV104243,2026-05-20,25195,24395,22979.0,9.64,1,26,Retail Sold,2026-06-15,
NV104244,2024-07-06,45695,44295,43978.0,3.91,1,36,Retail Sold,2024-08-11,
NV104245,2024-01-27,19495,18295,19311.0,0.95,2,62,Retail Sold,2024-03-29,
NV104246,2025-09-29,28095,25595,26315.0,6.76,3,69,Retail Sold,2025-12-07,
NV104247,2025-07-12,12095,10995,11423.0,5.89,3,77,Retail Sold,2025-09-27,
NV104248,2024-02-02,28995,26495,27425.0,5.72,3,75,Wholesaled,2024-04-17,23850.0
NV104249,2024-02-02,17495,16995,17155.0,1.98,1,23,Retail Sold,2024-02-25,
NV104250,2024-11-27,12595,11495,10993.0,14.58,3,180,Retail Sold,2025-05-26,
NV104251,2026-05-15,19195,18095,18146.0,5.78,2,52,Retail Sold,2026-07-06,
NV104252,2025-09-26,21795,21095,22808.0,-4.44,1,31,Retail Sold,2025-10-27,
NV104253,2024-10-02,9095,8295,8436.0,7.82,3,76,Retail Sold,2024-12-17,
NV104254,2025-10-22,9895,8995,7516.0,31.66,3,75,Wholesaled,2026-01-05,6400.0
NV104255,2026-02-25,46095,44695,44950.0,2.55,1,33,Retail Sold,2026-03-30,
NV104256,2026-03-26,15495,14995,14264.0,8.63,1,37,Retail Sold,2026-05-02,
NV104257,2024-02-22,11895,11495,12379.0,-3.91,1,35,Retail Sold,2024-03-28,
NV104258,2024-07-25,13595,12795,12941.0,5.05,2,58,Retail Sold,2024-09-21,
NV104259,2025-08-06,34595,32595,33829.0,2.26,2,49,Retail Sold,2025-09-24,
NV104260,2025-06-27,41295,41295,43221.0,-4.46,0,7,Retail Sold,2025-07-04,
NV104261,2026-05-11,11795,10795,9162.0,28.74,3,142,Active,,
NV104262,2026-09-14,33595,33595,32947.0,1.97,0,16,Active,,
NV104263,2024-08-02,10795,10495,10497.0,2.84,1,25,Retail Sold,2024-08-27,
NV104264,2026-01-18,42095,38395,40925.0,2.86,3,75,Wholesaled,2026-04-03,35025.0
NV104265,2025-01-16,11795,11795,11457.0,2.95,0,14,Retail Sold,2025-01-30,
NV104266,2026-07-10,17595,16095,14870.0,18.33,3,75,Wholesaled,2026-09-23,12975.0
NV104267,2025-12-13,53495,51895,54611.0,-2.04,1,21,Retail Sold,2026-01-03,
NV104268,2024-10-23,38995,35595,34928.0,11.64,3,68,Retail Sold,2024-12-30,
NV104269,2025-04-03,31295,29395,29183.0,7.24,2,48,Retail Sold,2025-05-21,
NV104270,2026-04-12,16395,14995,14687.0,11.63,3,89,Retail Sold,2026-07-10,
NV104271,2025-10-02,34095,33095,34091.0,0.01,1,24,Retail Sold,2025-10-26,
NV104272,2026-06-16,21795,21095,22713.0,-4.04,1,23,Retail Sold,2026-07-09,
NV104273,2025-05-02,15095,13795,13961.0,8.12,3,73,Retail Sold,2025-07-14,
NV104274,2024-03-29,35295,35295,36064.0,-2.13,0,19,Retail Sold,2024-04-17,
NV104275,2026-04-25,22495,21795,21461.0,4.82,1,34,Retail Sold,2026-05-29,
NV104276,2026-05-20,12995,11895,7746.0,67.77,3,133,Active,,
NV104277,2026-03-20,22595,21295,21583.0,4.69,2,46,Retail Sold,2026-05-05,
NV104278,2026-03-04,34995,33895,33518.0,4.41,1,21,Retail Sold,2026-03-25,
NV104279,2025-03-23,17495,15995,15610.0,12.08,3,75,Wholesaled,2025-06-06,13225.0
NV104280,2024-02-06,31295,28595,28958.0,8.07,3,129,Retail Sold,2024-06-14,
NV104281,2024-09-20,13995,12795,13544.0,3.33,3,75,Wholesaled,2024-12-04,11875.0
NV104282,2024-10-05,22895,21495,24223.0,-5.48,2,44,Retail Sold,2024-11-18,
NV104283,2025-12-13,10795,9895,8478.0,27.34,3,75,Wholesaled,2026-02-26,7500.0
NV104284,2024-09-20,22495,20495,20476.0,9.86,3,75,Wholesaled,2024-12-04,17375.0
NV104285,2026-04-24,20895,20295,20048.0,4.22,1,39,Retail Sold,2026-06-02,
NV104286,2024-10-20,20195,20195,20209.0,-0.07,0,17,Retail Sold,2024-11-06,
NV104287,2025-05-03,15095,13795,14055.0,7.4,3,87,Retail Sold,2025-07-29,
NV104288,2026-01-04,28695,28695,28566.0,0.45,0,4,Retail Sold,2026-01-08,
NV104289,2026-07-27,11295,10295,7391.0,52.81,3,65,Active,,
NV104290,2026-03-30,14995,14095,13870.0,8.11,2,51,Retail Sold,2026-05-20,
NV104291,2025-04-27,21595,21595,22109.0,-2.32,0,19,Retail Sold,2025-05-16,
NV104292,2024-06-23,22195,20295,20810.0,6.65,3,93,Retail Sold,2024-09-24,
NV104293,2025-11-12,13895,13495,13996.0,-0.72,1,25,Retail Sold,2025-12-07,
NV104294,2025-10-15,24295,24295,23495.0,3.4,0,19,Retail Sold,2025-11-03,
NV104295,2025-12-15,28095,25595,28421.0,-1.15,3,69,Retail Sold,2026-02-22,
NV104296,2025-06-30,14495,14495,13165.0,10.11,0,18,Retail Sold,2025-07-18,
NV104297,2025-06-12,22095,20195,22366.0,-1.21,3,67,Retail Sold,2025-08-18,
NV104298,2024-11-01,17795,16195,13787.0,29.07,3,75,Wholesaled,2025-01-15,11500.0
NV104299,2026-06-25,14795,13495,11669.0,26.79,3,75,Wholesaled,2026-09-08,9950.0
NV104300,2026-05-22,14895,13595,13061.0,14.04,3,75,Wholesaled,2026-08-05,11075.0
NV104301,2024-05-05,29795,27195,28240.0,5.51,3,69,Retail Sold,2024-07-13,
NV104302,2025-10-10,13195,11995,12508.0,5.49,3,75,Wholesaled,2025-12-24,11025.0
NV104303,2026-05-04,29595,29595,32307.0,-8.39,0,4,Retail Sold,2026-05-08,
NV104304,2026-02-04,12595,11495,10030.0,25.58,3,75,Wholesaled,2026-04-20,9100.0
NV104305,2025-11-28,23995,23295,23635.0,1.53,1,39,Retail Sold,2026-01-06,
NV104306,2026-05-21,18095,16995,18089.0,0.03,2,51,Retail Sold,2026-07-11,
NV104307,2025-12-31,26595,26595,28620.0,-7.08,0,17,Retail Sold,2026-01-17,
NV104308,2025-05-07,12195,11495,11690.0,4.32,2,45,Retail Sold,2025-06-21,
NV104309,2025-07-02,18195,16595,16648.0,9.29,3,73,Retail Sold,2025-09-13,
NV104310,2025-03-03,26495,26495,24867.0,6.54,0,9,Retail Sold,2025-03-12,
NV104311,2026-04-17,11595,10595,8295.0,39.78,3,166,Active,,
NV104312,2025-04-12,10795,10495,10208.0,5.75,1,34,Retail Sold,2025-05-16,
NV104313,2024-06-08,12795,12395,12715.0,0.63,1,21,Retail Sold,2024-06-29,
NV104314,2025-01-25,16095,15595,16059.0,0.22,1,21,Retail Sold,2025-02-15,
NV104315,2025-03-23,16495,15495,15831.0,4.19,2,49,Retail Sold,2025-05-11,
NV104316,2024-06-02,22695,21995,21800.0,4.1,1,37,Retail Sold,2024-07-09,
NV104317,2025-11-17,20295,20295,19999.0,1.48,0,16,Retail Sold,2025-12-03,
NV104318,2025-11-05,9695,8795,6645.0,45.89,3,75,Wholesaled,2026-01-19,5800.0
NV104319,2024-05-03,27795,25395,28470.0,-2.37,3,66,Retail Sold,2024-07-08,
NV104320,2024-06-21,17995,17495,18712.0,-3.83,1,23,Retail Sold,2024-07-14,
NV104321,2026-05-17,12695,11895,12381.0,2.54,2,57,Retail Sold,2026-07-13,
NV104322,2025-07-28,17595,17095,17163.0,2.52,1,33,Retail Sold,2025-08-30,
NV104323,2024-07-04,37795,35595,33726.0,12.07,2,47,Retail Sold,2024-08-20,
NV104324,2025-05-27,14495,13195,13993.0,3.59,3,64,Retail Sold,2025-07-30,
NV104325,2026-06-01,25795,24995,25659.0,0.53,1,34,Retail Sold,2026-07-05,
NV104326,2024-01-21,19095,17995,18452.0,3.49,2,47,Retail Sold,2024-03-08,
NV104327,2024-07-29,38995,35595,38571.0,1.1,3,95,Retail Sold,2024-11-01,
NV104328,2026-03-13,10795,9895,10025.0,7.68,3,75,Wholesaled,2026-05-27,8475.0
NV104329,2025-05-26,12795,11995,11121.0,15.05,2,48,Retail Sold,2025-07-13,
NV104330,2026-06-18,17995,16395,12679.0,41.93,3,75,Wholesaled,2026-09-01,10575.0
NV104331,2024-09-22,14095,12895,12037.0,17.1,3,75,Wholesaled,2024-12-06,10350.0
NV104332,2026-04-30,18795,18195,17416.0,7.92,1,37,Retail Sold,2026-06-06,
NV104333,2024-11-28,17195,17195,17589.0,-2.24,0,18,Retail Sold,2024-12-16,
NV104334,2026-02-13,14995,13695,13556.0,10.62,3,156,Retail Sold,2026-07-19,
NV104335,2026-02-23,17195,15695,16320.0,5.36,3,69,Retail Sold,2026-05-03,
NV104336,2025-12-03,14095,13295,14251.0,-1.09,2,50,Retail Sold,2026-01-22,
NV104337,2025-07-08,21795,21795,23762.0,-8.28,0,12,Retail Sold,2025-07-20,
NV104338,2024-08-15,19095,18495,18706.0,2.08,1,37,Retail Sold,2024-09-21,
NV104339,2026-04-30,28495,26795,29227.0,-2.5,2,59,Retail Sold,2026-06-28,
NV104340,2024-07-18,27695,25295,25164.0,10.06,3,72,Retail Sold,2024-09-28,
NV104341,2026-02-06,14295,13895,14397.0,-0.71,1,22,Retail Sold,2026-02-28,
NV104342,2026-07-04,15795,14395,13679.0,15.47,3,75,Wholesaled,2026-09-17,11475.0
NV104343,2026-05-19,9095,8295,7836.0,16.06,3,134,Active,,
NV104344,2025-08-12,12495,11395,9098.0,37.34,3,75,Wholesaled,2025-10-26,8375.0
NV104345,2026-07-31,13595,12795,12456.0,9.14,2,61,Active,,
NV104346,2025-05-25,16495,15995,16396.0,0.61,1,39,Retail Sold,2025-07-03,
NV104347,2026-01-04,38995,36695,37831.0,3.08,2,51,Retail Sold,2026-02-24,
NV104348,2025-03-19,14295,12995,12865.0,11.12,3,75,Wholesaled,2025-06-02,11300.0
NV104349,2025-12-06,13695,13295,13040.0,5.02,1,39,Retail Sold,2026-01-14,
NV104350,2026-08-02,11695,10995,10309.0,13.44,2,46,Retail Sold,2026-09-17,
NV104351,2026-03-22,16095,15595,15857.0,1.5,1,36,Retail Sold,2026-04-27,
NV104352,2025-11-24,17295,16795,17611.0,-1.79,1,31,Retail Sold,2025-12-25,
NV104353,2025-04-11,16795,16295,16148.0,4.01,1,27,Retail Sold,2025-05-08,
NV104354,2024-12-26,26495,24895,25928.0,2.19,2,43,Retail Sold,2025-02-07,
NV104355,2026-07-22,18795,17195,17496.0,7.42,3,70,Active,,
NV104356,2024-12-06,31595,30595,31241.0,1.13,1,40,Retail Sold,2025-01-15,
NV104357,2025-06-16,24795,24795,25800.0,-3.9,0,12,Retail Sold,2025-06-28,
NV104358,2024-05-22,14795,13495,10344.0,43.03,3,200,Retail Sold,2024-12-08,
NV104359,2024-10-31,25995,24495,24018.0,8.23,2,59,Retail Sold,2024-12-29,
NV104360,2025-05-30,12595,11495,11170.0,12.76,3,88,Retail Sold,2025-08-26,
NV104361,2025-10-22,41695,40395,36491.0,14.26,1,41,Retail Sold,2025-12-02,
NV104362,2025-07-29,16495,15095,14930.0,10.48,3,134,Retail Sold,2025-12-10,
NV104363,2026-05-13,12195,11495,11813.0,3.23,2,54,Retail Sold,2026-07-06,
NV104364,2025-01-15,20795,20195,21960.0,-5.3,1,29,Retail Sold,2025-02-13,
NV104365,2026-08-07,12295,11595,9467.0,29.87,2,54,Active,,
NV104366,2026-01-26,10095,9495,9712.0,3.94,2,50,Retail Sold,2026-03-17,
NV104367,2024-05-14,35195,35195,34238.0,2.79,0,19,Retail Sold,2024-06-02,
NV104368,2025-08-30,15395,14095,13518.0,13.89,3,75,Wholesaled,2025-11-13,11625.0
NV104369,2025-04-25,30895,30895,32387.0,-4.61,0,6,Retail Sold,2025-05-01,
NV104370,2025-11-26,26495,26495,27778.0,-4.62,0,13,Retail Sold,2025-12-09,
NV104371,2025-10-28,13395,12195,11757.0,13.93,3,93,Retail Sold,2026-01-29,
NV104372,2026-06-19,11295,10295,9200.0,22.78,3,103,Active,,
NV104373,2024-11-28,28595,26895,27866.0,2.62,2,43,Retail Sold,2025-01-10,
NV104374,2025-09-22,22595,20595,20821.0,8.52,3,67,Retail Sold,2025-11-28,
NV104375,2025-06-25,20595,19995,21798.0,-5.52,1,21,Retail Sold,2025-07-16,
NV104376,2025-06-25,11495,10495,9118.0,26.07,3,200,Retail Sold,2026-01-11,
NV104377,2024-09-12,15795,15795,16844.0,-6.23,0,12,Retail Sold,2024-09-24,
NV104378,2026-02-20,21095,20495,21280.0,-0.87,1,35,Retail Sold,2026-03-27,
NV104379,2024-04-23,13495,13495,14856.0,-9.16,0,16,Retail Sold,2024-05-09,
NV104380,2026-06-09,17895,16795,16808.0,6.46,2,42,Retail Sold,2026-07-21,
NV104381,2026-07-21,18595,18595,18940.0,-1.82,0,18,Retail Sold,2026-08-08,
NV104382,2025-11-24,20695,20095,19235.0,7.59,1,37,Retail Sold,2025-12-31,
NV104383,2025-02-25,14595,13295,13586.0,7.43,3,75,Wholesaled,2025-05-11,12400.0
NV104384,2026-04-03,15395,14095,13869.0,11.0,3,75,Wholesaled,2026-06-17,12100.0
NV104385,2026-01-23,31595,28795,31356.0,0.76,3,132,Retail Sold,2026-06-04,
NV104386,2024-05-28,19895,19295,21472.0,-7.34,1,26,Retail Sold,2024-06-23,
NV104387,2025-08-03,19595,18395,19004.0,3.11,2,55,Retail Sold,2025-09-27,
NV104388,2025-10-21,18795,17195,18429.0,1.99,3,75,Wholesaled,2026-01-04,15725.0
NV104389,2026-02-09,10395,9495,8609.0,20.74,3,200,Retail Sold,2026-08-28,
NV104390,2024-12-14,18595,16995,17649.0,5.36,3,67,Retail Sold,2025-02-19,
NV104391,2024-10-15,12995,12995,13876.0,-6.35,0,18,Retail Sold,2024-11-02,
NV104392,2025-05-09,22195,21495,21716.0,2.21,1,25,Retail Sold,2025-06-03,
NV104393,2024-12-29,32695,29795,29236.0,11.83,3,75,Wholesaled,2025-03-14,26350.0
NV104394,2026-07-07,11995,11295,11356.0,5.63,2,46,Retail Sold,2026-08-22,
NV104395,2024-07-19,33695,32695,32716.0,2.99,1,21,Retail Sold,2024-08-09,
NV104396,2025-01-11,17395,16895,17071.0,1.9,1,25,Retail Sold,2025-02-05,
NV104397,2024-02-13,16595,15095,14891.0,11.44,3,100,Retail Sold,2024-05-23,
NV104398,2026-06-23,13795,12595,9801.0,40.75,3,75,Wholesaled,2026-09-06,8300.0
NV104399,2025-09-26,13695,12895,12465.0,9.87,2,60,Retail Sold,2025-11-25,
NV104400,2024-05-06,48695,47195,48042.0,1.36,1,35,Retail Sold,2024-06-10,
NV104401,2025-05-31,17595,16095,14277.0,23.24,3,200,Retail Sold,2025-12-17,
NV104402,2025-01-10,23995,21895,22878.0,4.88,3,63,Retail Sold,2025-03-14,
NV104403,2025-03-22,33295,31295,33211.0,0.25,2,48,Retail Sold,2025-05-09,
NV104404,2025-01-25,22995,22995,24219.0,-5.05,0,16,Retail Sold,2025-02-10,
NV104405,2025-05-03,28695,26195,26404.0,8.68,3,75,Wholesaled,2025-07-17,21925.0
NV104406,2024-09-27,16895,15895,15100.0,11.89,2,44,Retail Sold,2024-11-10,
NV104407,2026-04-13,25995,25995,26133.0,-0.53,0,15,Retail Sold,2026-04-28,
NV104408,2025-09-16,15095,14595,15037.0,0.39,1,33,Retail Sold,2025-10-19,
NV104409,2026-09-08,22695,21995,22124.0,2.58,1,22,Active,,
NV104410,2024-07-27,17795,17295,17460.0,1.92,1,40,Retail Sold,2024-09-05,
NV104411,2024-02-09,15195,14695,15510.0,-2.03,1,22,Retail Sold,2024-03-02,
NV104412,2026-02-18,18895,18295,19854.0,-4.83,1,22,Retail Sold,2026-03-12,
NV104413,2024-02-08,21895,21195,22435.0,-2.41,1,24,Retail Sold,2024-03-03,
NV104414,2025-03-15,30695,29795,30702.0,-0.02,1,37,Retail Sold,2025-04-21,
NV104415,2024-11-30,28995,26495,26242.0,10.49,3,111,Retail Sold,2025-03-21,
NV104416,2025-04-13,17995,16395,16340.0,10.13,3,75,Wholesaled,2025-06-27,14200.0
NV104417,2026-06-10,24395,22995,23863.0,2.23,2,46,Retail Sold,2026-07-26,
NV104418,2025-04-23,14495,14495,14489.0,0.04,0,16,Retail Sold,2025-05-09,
NV104419,2024-09-25,18395,16795,17613.0,4.44,3,73,Retail Sold,2024-12-07,
NV104420,2025-01-27,21495,20195,22731.0,-5.44,2,51,Retail Sold,2025-03-19,
NV104421,2024-10-02,18695,18695,19560.0,-4.42,0,19,Retail Sold,2024-10-21,
NV104422,2024-03-11,21495,20895,22251.0,-3.4,1,22,Retail Sold,2024-04-02,
NV104423,2025-01-23,25895,24395,24876.0,4.1,2,60,Retail Sold,2025-03-24,
NV104424,2024-05-23,17995,17495,18102.0,-0.59,1,22,Retail Sold,2024-06-14,
NV104425,2026-05-01,17795,17295,18259.0,-2.54,1,34,Retail Sold,2026-06-04,
NV104426,2026-03-08,20795,20195,20752.0,0.21,1,27,Retail Sold,2026-04-04,
NV104427,2025-07-23,17795,16195,17017.0,4.57,3,73,Retail Sold,2025-10-04,
NV104428,2025-08-02,14895,13995,14671.0,1.53,2,53,Retail Sold,2025-09-24,
NV104429,2025-03-11,21595,19695,20066.0,7.62,3,156,Retail Sold,2025-08-14,
NV104430,2025-07-05,24395,22295,23684.0,3.0,3,75,Wholesaled,2025-09-18,20575.0
NV104431,2026-07-25,24995,24195,25989.0,-3.83,1,27,Retail Sold,2026-08-21,
NV104432,2024-05-21,35595,34495,35312.0,0.8,1,33,Retail Sold,2024-06-23,
NV104433,2025-01-30,13995,12795,12169.0,15.01,3,75,Wholesaled,2025-04-15,10775.0
NV104434,2024-07-01,13995,13195,13442.0,4.11,2,45,Retail Sold,2024-08-15,
NV104435,2024-07-30,41295,38895,39887.0,3.53,2,44,Retail Sold,2024-09-12,
NV104436,2024-03-19,38295,38295,43089.0,-11.13,0,6,Retail Sold,2024-03-25,
NV104437,2024-09-21,18395,17295,18491.0,-0.52,2,61,Retail Sold,2024-11-21,
NV104438,2026-08-09,10995,10295,7689.0,42.99,2,52,Active,,
NV104439,2025-10-05,28395,28395,29244.0,-2.9,0,19,Retail Sold,2025-10-24,
NV104440,2025-11-17,13395,12595,12718.0,5.32,2,47,Retail Sold,2026-01-03,
NV104441,2025-05-18,11495,10495,10379.0,10.75,3,75,Wholesaled,2025-08-01,8750.0
NV104442,2026-05-30,11795,10795,10991.0,7.31,3,123,Active,,
NV104443,2026-08-16,13795,12995,12641.0,9.13,2,45,Active,,
NV104444,2026-08-18,25095,25095,26962.0,-6.92,0,3,Retail Sold,2026-08-21,
NV104445,2024-11-15,26695,25895,26357.0,1.28,1,30,Retail Sold,2024-12-15,
NV104446,2026-07-09,12195,11095,10717.0,13.79,3,83,Active,,
NV104447,2024-06-17,55495,53795,54922.0,1.04,1,21,Retail Sold,2024-07-08,
NV104448,2025-09-29,25395,25395,27165.0,-6.52,0,18,Retail Sold,2025-10-17,
NV104449,2026-09-03,46195,46195,44114.0,4.72,0,18,Retail Sold,2026-09-21,
NV104450,2024-10-17,38995,37795,40436.0,-3.56,1,39,Retail Sold,2024-11-25,
NV104451,2024-02-26,13095,11995,11945.0,9.62,3,136,Retail Sold,2024-07-11,
NV104452,2024-05-20,23995,23295,23742.0,1.07,1,31,Retail Sold,2024-06-20,
NV104453,2025-10-31,14195,12995,13097.0,8.38,3,75,Wholesaled,2026-01-14,11200.0
NV104454,2026-06-06,15495,14095,14809.0,4.63,3,101,Retail Sold,2026-09-15,
NV104455,2026-07-18,12995,12195,12459.0,4.3,2,51,Retail Sold,2026-09-07,
NV104456,2024-08-03,16095,14695,16062.0,0.21,3,75,Wholesaled,2024-10-17,13600.0
NV104457,2025-11-08,44595,43295,44318.0,0.63,1,38,Retail Sold,2025-12-16,
NV104458,2026-06-11,24995,23495,23868.0,4.72,2,50,Retail Sold,2026-07-31,
NV104459,2025-04-23,14595,14195,15547.0,-6.12,1,39,Retail Sold,2025-06-01,
NV104460,2025-07-10,12595,11495,9494.0,32.66,3,200,Retail Sold,2026-01-26,
NV104461,2025-05-02,23395,22695,22401.0,4.44,1,32,Retail Sold,2025-06-03,
NV104462,2024-03-22,26195,25395,25879.0,1.22,1,37,Retail Sold,2024-04-28,
NV104463,2024-10-08,25895,24395,26390.0,-1.88,2,44,Retail Sold,2024-11-21,
NV104464,2025-08-25,24895,22695,24778.0,0.47,3,64,Retail Sold,2025-10-28,
NV104465,2026-07-12,16195,15195,15995.0,1.25,2,48,Retail Sold,2026-08-29,
NV104466,2024-11-06,12895,11795,11660.0,10.59,3,105,Retail Sold,2025-02-19,
NV104467,2025-08-15,33895,32895,33916.0,-0.06,1,27,Retail Sold,2025-09-11,
NV104468,2026-03-13,17595,16095,15090.0,16.6,3,75,Wholesaled,2026-05-27,13250.0
NV104469,2024-12-07,12795,11695,12455.0,2.73,3,122,Retail Sold,2025-04-08,
NV104470,2026-01-25,32295,29495,29058.0,11.14,3,75,Wholesaled,2026-04-10,24400.0
NV104471,2025-02-28,30795,29895,29808.0,3.31,1,40,Retail Sold,2025-04-09,
NV104472,2026-03-17,26495,25695,26633.0,-0.52,1,35,Retail Sold,2026-04-21,
NV104473,2024-06-30,31395,29495,29156.0,7.68,2,58,Retail Sold,2024-08-27,
NV104474,2026-02-06,19495,19495,19632.0,-0.7,0,13,Retail Sold,2026-02-19,
NV104475,2024-08-27,30195,29295,31275.0,-3.45,1,22,Retail Sold,2024-09-18,
NV104476,2026-06-05,18995,18395,18344.0,3.55,1,34,Retail Sold,2026-07-09,
NV104477,2026-02-27,12895,11795,11171.0,15.43,3,200,Retail Sold,2026-09-15,
NV104478,2026-03-10,35495,35495,35688.0,-0.54,0,14,Retail Sold,2026-03-24,
NV104479,2025-01-06,20095,19495,20752.0,-3.17,1,26,Retail Sold,2025-02-01,
NV104480,2026-09-02,24095,23395,25586.0,-5.83,1,28,Active,,
NV104481,2024-02-26,25095,25095,26115.0,-3.91,0,16,Retail Sold,2024-03-13,
NV104482,2024-03-03,14695,13395,13436.0,9.37,3,66,Retail Sold,2024-05-08,
NV104483,2025-05-28,20695,20095,19637.0,5.39,1,27,Retail Sold,2025-06-24,
NV104484,2024-08-15,30295,29395,30466.0,-0.56,1,34,Retail Sold,2024-09-18,
NV104485,2024-06-14,19395,17695,15964.0,21.49,3,75,Wholesaled,2024-08-28,13000.0
NV104486,2024-06-29,18795,18795,19453.0,-3.38,0,17,Retail Sold,2024-07-16,
NV104487,2024-12-19,21395,19495,20022.0,6.86,3,75,Wholesaled,2025-03-04,17525.0
NV104488,2024-05-18,32695,31695,32340.0,1.1,1,35,Retail Sold,2024-06-22,
NV104489,2026-03-27,25195,24395,26809.0,-6.02,1,38,Retail Sold,2026-05-04,
NV104490,2026-02-03,16495,15995,16210.0,1.76,1,31,Retail Sold,2026-03-06,
NV104491,2026-04-02,11795,10795,7802.0,51.17,3,75,Wholesaled,2026-06-16,6625.0
NV104492,2025-03-19,16995,15995,16914.0,0.48,2,51,Retail Sold,2025-05-09,
NV104493,2026-05-20,12595,12195,11894.0,5.89,1,37,Retail Sold,2026-06-26,
NV104494,2026-08-28,9895,9595,9367.0,5.63,1,33,Active,,
NV104495,2024-07-31,25295,24495,25197.0,0.39,1,23,Retail Sold,2024-08-23,
NV104496,2025-07-11,20695,18895,19331.0,7.06,3,64,Retail Sold,2025-09-13,
NV104497,2026-06-07,10595,9695,7540.0,40.52,3,115,Active,,
NV104498,2025-08-20,16795,15295,14610.0,14.96,3,75,Wholesaled,2025-11-03,13100.0
NV104499,2025-07-17,22495,21795,22715.0,-0.97,1,32,Retail Sold,2025-08-18,
NV104500,2024-04-12,13995,13595,13537.0,3.39,1,32,Retail Sold,2024-05-14,
NV104501,2026-08-16,24195,22795,22940.0,5.47,2,45,Active,,
NV104502,2026-05-05,13095,12295,12923.0,1.33,2,43,Retail Sold,2026-06-17,
NV104503,2026-06-02,19695,19095,20180.0,-2.4,1,34,Retail Sold,2026-07-06,
NV104504,2026-04-07,19795,18595,19718.0,0.39,2,51,Retail Sold,2026-05-28,
NV104505,2025-04-23,26395,25595,26512.0,-0.44,1,32,Retail Sold,2025-05-25,
NV104506,2024-05-02,38995,36695,37006.0,5.37,2,51,Retail Sold,2024-06-22,
NV104507,2026-03-05,19295,17595,18566.0,3.93,3,75,Wholesaled,2026-05-19,15975.0
NV104508,2026-07-11,27795,25395,26662.0,4.25,3,75,Wholesaled,2026-09-24,22950.0
NV104509,2024-03-25,27895,27895,28683.0,-2.75,0,13,Retail Sold,2024-04-07,
NV104510,2024-11-22,16395,16395,16444.0,-0.3,0,17,Retail Sold,2024-12-09,
NV104511,2025-10-08,31095,30195,31278.0,-0.58,1,29,Retail Sold,2025-11-06,
NV104512,2026-06-12,14295,12995,11623.0,22.99,3,110,Active,,
NV104513,2026-07-24,24295,24295,25046.0,-3.0,0,20,Retail Sold,2026-08-13,
NV104514,2026-08-16,28795,27095,27521.0,4.63,2,45,Active,,
NV104515,2025-09-27,17095,17095,16372.0,4.42,0,12,Retail Sold,2025-10-09,
NV104516,2024-05-26,20695,20695,20837.0,-0.68,0,13,Retail Sold,2024-06-08,
NV104517,2025-07-09,17395,16395,16603.0,4.77,2,50,Retail Sold,2025-08-28,
NV104518,2024-05-25,30195,29295,29879.0,1.06,1,26,Retail Sold,2024-06-20,
NV104519,2026-06-20,35895,32795,32661.0,9.9,3,75,Wholesaled,2026-09-03,27650.0
NV104520,2024-01-21,25395,23895,24982.0,1.66,2,61,Retail Sold,2024-03-22,
NV104521,2024-12-11,30595,28795,31867.0,-3.99,2,43,Retail Sold,2025-01-23,
NV104522,2026-08-20,13395,12995,12860.0,4.16,1,41,Active,,
NV104523,2025-06-30,29595,29595,31135.0,-4.95,0,17,Retail Sold,2025-07-17,
NV104524,2026-01-18,36095,34995,34763.0,3.83,1,40,Retail Sold,2026-02-27,
NV104525,2024-07-14,29595,28695,27868.0,6.2,1,39,Retail Sold,2024-08-22,
NV104526,2025-12-12,39595,37295,37168.0,6.53,2,49,Retail Sold,2026-01-30,
NV104527,2025-08-16,18495,17895,18773.0,-1.48,1,30,Retail Sold,2025-09-15,
NV104528,2026-06-24,20595,19995,19769.0,4.18,1,28,Retail Sold,2026-07-22,
NV104529,2024-08-22,25895,24395,25330.0,2.23,2,55,Retail Sold,2024-10-16,
NV104530,2025-11-08,22095,21395,23153.0,-4.57,1,25,Retail Sold,2025-12-03,
NV104531,2026-06-12,41095,41095,39958.0,2.85,0,13,Retail Sold,2026-06-25,
NV104532,2025-02-08,17995,16895,18078.0,-0.46,2,49,Retail Sold,2025-03-29,
NV104533,2024-02-04,23695,22295,21997.0,7.72,2,59,Retail Sold,2024-04-03,
NV104534,2025-08-22,21895,21895,23101.0,-5.22,0,12,Retail Sold,2025-09-03,
NV104535,2024-10-02,17895,17395,17628.0,1.52,1,23,Retail Sold,2024-10-25,
NV104536,2025-12-29,18795,18195,19571.0,-3.96,1,23,Retail Sold,2026-01-21,
NV104537,2025-05-15,18195,17595,19798.0,-8.1,1,21,Retail Sold,2025-06-05,
NV104538,2026-07-25,20995,20395,20802.0,0.93,1,22,Retail Sold,2026-08-16,
NV104539,2024-09-25,14195,13795,14569.0,-2.57,1,28,Retail Sold,2024-10-23,
NV104540,2025-02-26,31295,31295,35023.0,-10.64,0,8,Retail Sold,2025-03-06,
NV104541,2025-08-04,23295,21295,20822.0,11.88,3,75,Wholesaled,2025-10-18,17400.0
NV104542,2026-08-30,26895,26095,26690.0,0.77,1,31,Active,,
NV104543,2025-02-07,46395,42295,41799.0,11.0,3,119,Retail Sold,2025-06-06,
NV104544,2025-06-12,21095,20495,20436.0,3.23,1,27,Retail Sold,2025-07-09,
NV104545,2026-06-28,20795,20795,20121.0,3.35,0,16,Retail Sold,2026-07-14,
NV104546,2026-01-29,22295,21595,21649.0,2.98,1,25,Retail Sold,2026-02-23,
NV104547,2026-01-04,34895,31795,32747.0,6.56,3,66,Retail Sold,2026-03-11,
NV104548,2024-05-02,25595,25595,26101.0,-1.94,0,13,Retail Sold,2024-05-15,
NV104549,2026-03-23,22795,22795,22994.0,-0.87,0,12,Retail Sold,2026-04-04,
NV104550,2025-11-12,15995,14595,14304.0,11.82,3,160,Retail Sold,2026-04-21,
NV104551,2024-12-13,20695,20095,21532.0,-3.89,1,33,Retail Sold,2025-01-15,
NV104552,2025-01-25,25795,24995,25515.0,1.1,1,33,Retail Sold,2025-02-27,
NV104553,2025-03-04,9895,8995,7306.0,35.44,3,200,Retail Sold,2025-09-20,
NV104554,2025-02-06,25795,23495,25672.0,0.48,3,75,Wholesaled,2025-04-22,22175.0
NV104555,2024-08-14,8695,7895,8264.0,5.22,3,75,Wholesaled,2024-10-28,7125.0
NV104556,2025-06-15,13295,12495,12603.0,5.49,2,54,Retail Sold,2025-08-08,
NV104557,2025-09-20,41495,40295,42235.0,-1.75,1,28,Retail Sold,2025-10-18,
NV104558,2026-01-30,18095,16995,18616.0,-2.8,2,47,Retail Sold,2026-03-18,
NV104559,2025-04-22,11495,11195,11266.0,2.03,1,31,Retail Sold,2025-05-23,
NV104560,2025-03-21,30095,30095,28631.0,5.11,0,19,Retail Sold,2025-04-09,
NV104561,2026-08-16,19295,19295,19644.0,-1.77,0,15,Retail Sold,2026-08-31,
NV104562,2026-06-07,23695,23695,24842.0,-4.62,0,8,Retail Sold,2026-06-15,
NV104563,2026-06-22,16695,16695,17021.0,-1.92,0,12,Retail Sold,2026-07-04,
NV104564,2024-10-19,17095,16595,16906.0,1.12,1,33,Retail Sold,2024-11-21,
NV104565,2025-04-08,14395,13995,14206.0,1.33,1,22,Retail Sold,2025-04-30,
NV104566,2025-05-01,21795,21095,21777.0,0.08,1,40,Retail Sold,2025-06-10,
NV104567,2025-05-07,14895,13595,13619.0,9.37,3,75,Retail Sold,2025-07-21,
NV104568,2024-05-25,22895,22895,23579.0,-2.9,0,14,Retail Sold,2024-06-08,
NV104569,2025-07-22,24895,24095,25312.0,-1.65,1,39,Retail Sold,2025-08-30,
NV104570,2025-11-02,18695,17095,16884.0,10.72,3,75,Wholesaled,2026-01-16,14225.0
NV104571,2025-09-12,19695,19695,19955.0,-1.3,0,18,Retail Sold,2025-09-30,
NV104572,2025-09-23,25095,22895,25089.0,0.02,3,91,Retail Sold,2025-12-23,
NV104573,2024-05-29,15395,14895,14449.0,6.55,1,31,Retail Sold,2024-06-29,
NV104574,2026-01-15,15795,14395,15113.0,4.51,3,66,Retail Sold,2026-03-22,
NV104575,2024-12-19,24295,22895,25920.0,-6.27,2,53,Retail Sold,2025-02-10,
NV104576,2026-06-29,12695,11895,12036.0,5.48,2,56,Retail Sold,2026-08-24,
NV104577,2025-03-31,15495,14095,14080.0,10.05,3,72,Retail Sold,2025-06-11,
NV104578,2025-10-10,14795,13495,12631.0,17.14,3,75,Wholesaled,2025-12-24,10775.0
NV104579,2025-03-24,22195,20895,21792.0,1.85,2,47,Retail Sold,2025-05-10,
NV104580,2026-03-10,17295,16795,17323.0,-0.16,1,24,Retail Sold,2026-04-03,
NV104581,2025-01-02,16195,14795,15293.0,5.9,3,75,Wholesaled,2025-03-18,13550.0
NV104582,2026-06-29,13495,13095,12361.0,9.17,1,37,Retail Sold,2026-08-05,
NV104583,2024-08-24,31095,30195,29268.0,6.24,1,30,Retail Sold,2024-09-23,
NV104584,2026-01-09,17895,16795,17777.0,0.67,2,50,Retail Sold,2026-02-28,
NV104585,2026-06-24,15795,15295,16413.0,-3.76,1,22,Retail Sold,2026-07-16,
NV104586,2025-11-06,17795,16695,16453.0,8.16,2,43,Retail Sold,2025-12-19,
NV104587,2026-09-17,12395,12395,7070.0,75.32,0,13,Active,,
NV104588,2026-06-23,12695,11595,10315.0,23.07,3,75,Wholesaled,2026-09-06,8825.0
NV104589,2026-07-17,24195,22095,21288.0,13.66,3,75,Wholesaled,2026-09-30,19075.0
NV104590,2026-03-09,14395,13095,9240.0,55.8,3,200,Retail Sold,2026-09-25,
NV104591,2025-02-24,37795,35595,36198.0,4.41,2,59,Retail Sold,2025-04-24,
NV104592,2024-06-23,20595,19395,20275.0,1.58,2,45,Retail Sold,2024-08-07,
NV104593,2025-08-27,15795,14395,14536.0,8.66,3,78,Retail Sold,2025-11-13,
NV104594,2025-11-19,20095,18295,17649.0,13.86,3,75,Wholesaled,2026-02-02,14850.0
NV104595,2024-07-01,16295,14895,15207.0,7.15,3,64,Retail Sold,2024-09-03,
NV104596,2026-07-10,13695,12895,13276.0,3.15,2,49,Retail Sold,2026-08-28,
NV104597,2026-03-27,13495,13095,13513.0,-0.13,1,36,Retail Sold,2026-05-02,
NV104598,2025-05-23,31395,28695,30103.0,4.29,3,75,Wholesaled,2025-08-06,26025.0
NV104599,2024-12-29,38495,35095,35959.0,7.05,3,75,Wholesaled,2025-03-14,30150.0
NV104600,2025-12-29,22295,20295,21131.0,5.51,3,82,Retail Sold,2026-03-21,
NV104601,2026-01-23,16595,15095,15946.0,4.07,3,75,Wholesaled,2026-04-08,13650.0
NV104602,2026-06-27,34095,31095,32998.0,3.32,3,75,Wholesaled,2026-09-10,30200.0
NV104603,2024-09-07,17695,16595,15878.0,11.45,2,46,Retail Sold,2024-10-23,
NV104604,2026-06-18,17495,15995,16536.0,5.8,3,88,Retail Sold,2026-09-14,
NV104605,2026-07-18,16095,14695,13748.0,17.08,3,74,Active,,
NV104606,2026-04-11,20395,20395,19655.0,3.76,0,12,Retail Sold,2026-04-23,
NV104607,2025-05-30,13095,12695,13219.0,-0.94,1,39,Retail Sold,2025-07-08,
NV104608,2026-04-12,13795,12595,10374.0,32.98,3,171,Active,,
NV104609,2025-09-21,23195,22495,22775.0,1.84,1,27,Retail Sold,2025-10-18,
NV104610,2026-05-16,12695,12295,12365.0,2.67,1,41,Retail Sold,2026-06-26,
NV104611,2025-07-29,29095,27395,30003.0,-3.03,2,46,Retail Sold,2025-09-13,
NV104612,2024-11-09,22795,20795,20584.0,10.74,3,126,Retail Sold,2025-03-15,
NV104613,2026-08-28,25895,25095,26408.0,-1.94,1,21,Retail Sold,2026-09-18,
NV104614,2024-04-20,15295,14795,14289.0,7.04,1,39,Retail Sold,2024-05-29,
NV104615,2024-05-12,33095,32095,32629.0,1.43,1,34,Retail Sold,2024-06-15,
NV104616,2026-07-02,12495,11395,10293.0,21.39,3,75,Wholesaled,2026-09-15,9050.0
NV104617,2025-07-21,22595,22595,22534.0,0.27,0,13,Retail Sold,2025-08-03,
NV104618,2026-08-02,22495,21195,22019.0,2.16,2,59,Active,,
NV104619,2024-07-13,24195,24195,24652.0,-1.86,0,20,Retail Sold,2024-08-02,
NV104620,2025-07-04,12595,11495,7248.0,73.77,3,75,Wholesaled,2025-09-17,6100.0
NV104621,2025-03-30,20095,20095,20154.0,-0.29,0,20,Retail Sold,2025-04-19,
NV104622,2024-09-01,9595,9295,9772.0,-1.82,1,27,Retail Sold,2024-09-28,
NV104623,2026-09-05,34495,34495,37065.0,-6.93,0,17,Retail Sold,2026-09-22,
NV104624,2024-07-27,12595,11895,12769.0,-1.37,2,51,Retail Sold,2024-09-16,
NV104625,2025-07-27,24095,24095,23941.0,0.64,0,13,Retail Sold,2025-08-09,
NV104626,2026-02-23,23795,22395,24146.0,-1.45,2,48,Retail Sold,2026-04-12,
NV104627,2024-05-25,10895,9895,10074.0,8.15,3,81,Retail Sold,2024-08-14,
NV104628,2026-09-17,12195,12195,6605.0,84.63,0,13,Active,,
NV104629,2025-04-19,27295,24895,25052.0,8.96,3,68,Retail Sold,2025-06-26,
NV104630,2026-01-02,19495,17795,18796.0,3.72,3,199,Retail Sold,2026-07-20,
NV104631,2026-01-15,22895,20895,22393.0,2.24,3,120,Retail Sold,2026-05-15,
NV104632,2024-05-24,18195,17595,16881.0,7.78,1,23,Retail Sold,2024-06-16,
NV104633,2025-07-26,11895,10895,9671.0,23.0,3,151,Retail Sold,2025-12-24,
NV104634,2026-03-27,18095,16995,17234.0,4.99,2,45,Retail Sold,2026-05-11,
NV104635,2026-05-11,17695,17695,18116.0,-2.32,0,12,Retail Sold,2026-05-23,
NV104636,2024-08-05,30695,29795,30826.0,-0.43,1,26,Retail Sold,2024-08-31,
NV104637,2026-04-14,12795,11695,10238.0,24.98,3,75,Wholesaled,2026-06-28,8500.0
NV104638,2025-02-23,32395,30495,30733.0,5.41,2,48,Retail Sold,2025-04-12,
NV104639,2026-09-02,11895,11495,9970.0,19.31,1,28,Active,,
NV104640,2026-07-06,24095,21995,23766.0,1.39,3,63,Retail Sold,2026-09-07,
NV104641,2024-07-15,24395,22295,22041.0,10.68,3,75,Wholesaled,2024-09-28,18425.0
NV104642,2026-04-18,10995,9995,9291.0,18.34,3,96,Retail Sold,2026-07-23,
NV104643,2025-10-11,24995,24195,23884.0,4.65,1,40,Retail Sold,2025-11-20,
NV104644,2026-03-29,29995,28195,28252.0,6.17,2,62,Retail Sold,2026-05-30,
NV104645,2026-06-13,21595,19695,20450.0,5.6,3,75,Wholesaled,2026-08-27,17050.0
NV104646,2024-08-06,17495,15995,15822.0,10.58,3,75,Retail Sold,2024-10-20,
NV104647,2024-11-25,25695,24895,26590.0,-3.37,1,32,Retail Sold,2024-12-27,
NV104648,2025-08-08,12795,11695,10276.0,24.52,3,75,Wholesaled,2025-10-22,8575.0
NV104649,2025-08-25,11295,10295,9898.0,14.12,3,75,Wholesaled,2025-11-08,8075.0
NV104650,2026-07-16,20795,19595,20776.0,0.09,2,42,Retail Sold,2026-08-27,
NV104651,2026-08-14,10395,9795,8738.0,18.96,2,47,Active,,
NV104652,2026-06-22,16695,15695,16696.0,-0.0,2,43,Retail Sold,2026-08-04,
NV104653,2025-04-22,25795,24995,25513.0,1.11,1,22,Retail Sold,2025-05-14,
NV104654,2024-12-27,19195,18595,19439.0,-1.25,1,30,Retail Sold,2025-01-26,
NV104655,2025-08-28,21595,20295,21273.0,1.51,2,49,Retail Sold,2025-10-16,
NV104656,2025-03-31,53695,52095,49767.0,7.89,1,36,Retail Sold,2025-05-06,
NV104657,2026-09-04,33495,33495,35478.0,-5.59,0,8,Retail Sold,2026-09-12,
NV104658,2026-05-28,13295,12095,11208.0,18.62,3,125,Active,,
NV104659,2024-05-22,20695,18895,19599.0,5.59,3,66,Retail Sold,2024-07-27,
NV104660,2026-03-28,20395,18595,18016.0,13.2,3,144,Retail Sold,2026-08-19,
NV104661,2026-04-30,20995,20995,21802.0,-3.7,0,18,Retail Sold,2026-05-18,
NV104662,2026-02-26,29695,29695,31240.0,-4.95,0,17,Retail Sold,2026-03-15,
NV104663,2025-05-20,33295,32295,29835.0,11.6,1,33,Retail Sold,2025-06-22,
NV104664,2026-08-06,17195,16195,17074.0,0.71,2,52,Retail Sold,2026-09-27,
NV104665,2024-01-15,26995,26195,26242.0,2.87,1,40,Retail Sold,2024-02-24,
NV104666,2025-06-13,29595,29595,30017.0,-1.41,0,12,Retail Sold,2025-06-25,
NV104667,2026-03-21,16895,16895,17069.0,-1.02,0,16,Retail Sold,2026-04-06,
NV104668,2024-05-18,16695,15195,15065.0,10.82,3,68,Retail Sold,2024-07-25,
NV104669,2026-06-27,23695,22995,25736.0,-7.93,1,21,Retail Sold,2026-07-18,
NV104670,2026-01-04,13595,12395,13499.0,0.71,3,111,Retail Sold,2026-04-25,
NV104671,2024-10-17,19195,17495,17676.0,8.59,3,200,Retail Sold,2025-05-05,
NV104672,2025-01-16,17095,15595,15206.0,12.42,3,200,Retail Sold,2025-08-04,
NV104673,2026-04-01,18295,17695,17784.0,2.87,1,32,Retail Sold,2026-05-03,
NV104674,2026-06-20,19295,17595,18409.0,4.81,3,102,Active,,
NV104675,2026-08-22,16195,15695,16065.0,0.81,1,38,Retail Sold,2026-09-29,
NV104676,2025-10-10,36995,35895,34737.0,6.5,1,36,Retail Sold,2025-11-15,
NV104677,2025-03-20,36695,36695,37097.0,-1.08,0,19,Retail Sold,2025-04-08,
NV104678,2026-06-02,19095,19095,19903.0,-4.06,0,13,Retail Sold,2026-06-15,
NV104679,2024-06-29,48295,44095,47414.0,1.86,3,75,Wholesaled,2024-09-12,40050.0
NV104680,2025-08-28,18295,17695,17802.0,2.77,1,41,Retail Sold,2025-10-08,
NV104681,2025-05-15,10295,9395,9235.0,11.48,3,70,Retail Sold,2025-07-24,
NV104682,2026-05-15,10395,9795,9725.0,6.89,2,50,Retail Sold,2026-07-04,
NV104683,2024-11-21,33095,32095,33009.0,0.26,1,21,Retail Sold,2024-12-12,
NV104684,2025-01-31,25695,24195,25285.0,1.62,2,58,Retail Sold,2025-03-30,
NV104685,2025-11-11,21395,21395,22917.0,-6.64,0,14,Retail Sold,2025-11-25,
NV104686,2026-01-18,15995,14995,15220.0,5.09,2,52,Retail Sold,2026-03-11,
NV104687,2026-07-19,30395,29495,27306.0,11.31,1,38,Retail Sold,2026-08-26,
NV104688,2025-08-03,13395,12195,12376.0,8.23,3,75,Wholesaled,2025-10-17,10475.0
NV104689,2025-07-09,21095,19295,18236.0,15.68,3,75,Wholesaled,2025-09-22,15575.0
NV104690,2026-05-17,11895,10895,9479.0,25.49,3,75,Wholesaled,2026-07-31,8125.0
NV104691,2024-04-29,14195,13795,14490.0,-2.04,1,35,Retail Sold,2024-06-03,
NV104692,2026-08-07,14095,13295,13058.0,7.94,2,54,Active,,
NV104693,2026-06-04,35295,32195,34538.0,2.19,3,67,Retail Sold,2026-08-10,
NV104694,2024-12-17,35895,33795,33053.0,8.6,2,45,Retail Sold,2025-01-31,
NV104695,2025-07-27,15595,14695,14821.0,5.22,2,56,Retail Sold,2025-09-21,
NV104696,2025-05-01,11295,10295,10750.0,5.07,3,75,Wholesaled,2025-07-15,9100.0
NV104697,2026-06-06,23195,22495,22709.0,2.14,1,31,Retail Sold,2026-07-07,
NV104698,2025-02-09,12695,12295,13363.0,-5.0,1,40,Retail Sold,2025-03-21,
NV104699,2025-03-18,16895,16395,16810.0,0.51,1,25,Retail Sold,2025-04-12,
NV104700,2025-05-24,26695,26695,25581.0,4.35,0,20,Retail Sold,2025-06-13,
NV104701,2026-01-14,26195,24595,25593.0,2.35,2,53,Retail Sold,2026-03-08,
NV104702,2024-07-25,26695,25095,25995.0,2.69,2,48,Retail Sold,2024-09-11,
NV104703,2024-05-15,37695,36595,37652.0,0.11,1,32,Retail Sold,2024-06-16,
NV104704,2025-10-28,36695,35595,37723.0,-2.72,1,22,Retail Sold,2025-11-19,
NV104705,2025-02-20,24895,24095,23944.0,3.97,1,23,Retail Sold,2025-03-15,
NV104706,2026-03-24,13595,13595,14728.0,-7.69,0,16,Retail Sold,2026-04-09,
NV104707,2025-06-24,15395,14895,15146.0,1.64,1,34,Retail Sold,2025-07-28,
NV104708,2024-11-16,34695,31695,35818.0,-3.13,3,75,Wholesaled,2025-01-30,30050.0
NV104709,2025-05-08,31095,30195,32183.0,-3.38,1,37,Retail Sold,2025-06-14,
NV104710,2024-12-13,27795,26995,27654.0,0.51,1,30,Retail Sold,2025-01-12,
NV104711,2025-11-08,28695,26995,27392.0,4.76,2,59,Retail Sold,2026-01-06,
NV104712,2026-04-21,31495,28695,29538.0,6.63,3,63,Retail Sold,2026-06-23,
NV104713,2025-07-25,13895,13095,12954.0,7.26,2,57,Retail Sold,2025-09-20,
NV104714,2026-04-29,35695,32595,33592.0,6.26,3,74,Retail Sold,2026-07-12,
NV104715,2026-03-22,18595,16995,14673.0,26.73,3,192,Active,,
NV104716,2024-03-17,15995,14595,12322.0,29.81,3,200,Retail Sold,2024-10-03,
NV104717,2024-01-22,24195,22095,21642.0,11.8,3,75,Retail Sold,2024-04-06,
NV104718,2026-07-31,16395,16395,17748.0,-7.62,0,8,Retail Sold,2026-08-08,
NV104719,2024-08-31,28495,27595,28826.0,-1.15,1,23,Retail Sold,2024-09-23,
NV104720,2026-05-20,14195,14195,13828.0,2.65,0,19,Retail Sold,2026-06-08,
NV104721,2026-04-26,13495,12295,12691.0,6.33,3,145,Retail Sold,2026-09-18,
NV104722,2026-03-17,17895,17895,17134.0,4.44,0,10,Retail Sold,2026-03-27,
NV104723,2026-06-25,15595,15095,15677.0,-0.52,1,22,Retail Sold,2026-07-17,
NV104724,2025-10-01,37195,36095,37715.0,-1.38,1,41,Retail Sold,2025-11-11,
NV104725,2024-07-30,39695,38495,39586.0,0.28,1,21,Retail Sold,2024-08-20,
NV104726,2024-05-13,14795,13895,14032.0,5.44,2,44,Retail Sold,2024-06-26,
NV104727,2026-03-10,25295,23795,22965.0,10.15,2,52,Retail Sold,2026-05-01,
NV104728,2026-06-05,12595,11495,10830.0,16.3,3,75,Wholesaled,2026-08-19,9475.0
NV104729,2026-07-14,21195,19895,20872.0,1.55,2,53,Retail Sold,2026-09-05,
NV104730,2025-07-04,30995,30095,29730.0,4.26,1,22,Retail Sold,2025-07-26,
NV104731,2024-11-13,10395,9495,8912.0,16.65,3,185,Retail Sold,2025-05-17,
NV104732,2026-05-28,26695,25895,25812.0,3.42,1,27,Retail Sold,2026-06-24,
NV104733,2024-01-20,22395,21095,22272.0,0.55,2,44,Retail Sold,2024-03-04,
NV104734,2026-03-21,14795,14395,14140.0,4.63,1,27,Retail Sold,2026-04-17,
NV104735,2025-09-10,17095,17095,18104.0,-5.58,0,12,Retail Sold,2025-09-22,
NV104736,2026-05-20,10995,9995,7603.0,44.62,3,75,Wholesaled,2026-08-03,6400.0
NV104737,2026-02-11,17195,16695,17397.0,-1.16,1,37,Retail Sold,2026-03-20,
NV104738,2026-08-06,19195,18095,17355.0,10.6,2,46,Retail Sold,2026-09-21,
NV104739,2024-11-06,39695,37295,38171.0,3.99,2,62,Retail Sold,2025-01-07,
NV104740,2025-10-21,27795,26995,27682.0,0.41,1,35,Retail Sold,2025-11-25,
NV104741,2024-07-12,22395,21695,22478.0,-0.37,1,38,Retail Sold,2024-08-19,
NV104742,2025-08-02,14895,13595,14306.0,4.12,3,70,Retail Sold,2025-10-11,
NV104743,2026-02-09,14595,14195,14449.0,1.01,1,32,Retail Sold,2026-03-13,
NV104744,2026-01-14,14995,14095,14891.0,0.7,2,58,Retail Sold,2026-03-13,
NV104745,2026-03-01,23095,22395,22286.0,3.63,1,39,Retail Sold,2026-04-09,
NV104746,2025-04-30,24095,24095,25902.0,-6.97,0,20,Retail Sold,2025-05-20,
NV104747,2025-10-03,20095,19495,20053.0,0.21,1,24,Retail Sold,2025-10-27,
NV104748,2026-08-28,12895,12495,11920.0,8.18,1,33,Active,,
NV104749,2025-08-03,25495,23295,23942.0,6.49,3,103,Retail Sold,2025-11-14,
NV104750,2024-11-09,12995,11895,10880.0,19.44,3,168,Retail Sold,2025-04-26,
NV104751,2025-04-03,20795,18995,18227.0,14.09,3,200,Retail Sold,2025-10-20,
NV104752,2024-06-27,19795,19795,19929.0,-0.67,0,20,Retail Sold,2024-07-17,
NV104753,2024-08-16,19095,17395,17572.0,8.67,3,99,Retail Sold,2024-11-23,
NV104754,2025-03-19,39595,38395,38610.0,2.55,1,37,Retail Sold,2025-04-25,
NV104755,2025-09-28,29295,28395,29647.0,-1.19,1,23,Retail Sold,2025-10-21,
NV104756,2025-09-23,46995,46995,48861.0,-3.82,0,12,Retail Sold,2025-10-05,
NV104757,2026-04-28,13995,13995,14427.0,-2.99,0,13,Retail Sold,2026-05-11,
NV104758,2025-02-17,15795,15795,15784.0,0.07,0,20,Retail Sold,2025-03-09,
NV104759,2024-05-19,24795,24795,25862.0,-4.13,0,14,Retail Sold,2024-06-02,
NV104760,2025-05-09,18795,17195,18903.0,-0.57,3,92,Retail Sold,2025-08-09,
NV104761,2025-07-08,21795,21095,21777.0,0.08,1,22,Retail Sold,2025-07-30,
NV104762,2024-10-24,22595,20595,21171.0,6.73,3,200,Retail Sold,2025-05-12,
NV104763,2025-04-06,13995,13195,13319.0,5.07,2,53,Retail Sold,2025-05-29,
NV104764,2026-08-23,20895,20295,19983.0,4.56,1,38,Active,,
NV104765,2026-01-03,32195,30295,31292.0,2.89,2,44,Retail Sold,2026-02-16,
NV104766,2026-07-21,12795,11695,11910.0,7.43,3,71,Active,,
NV104767,2025-08-13,20095,18295,20019.0,0.38,3,70,Retail Sold,2025-10-22,
NV104768,2025-04-25,17195,15695,15176.0,13.3,3,79,Retail Sold,2025-07-13,
NV104769,2026-05-28,14195,12995,13427.0,5.72,3,75,Wholesaled,2026-08-11,11575.0
NV104770,2026-05-08,41495,37895,37291.0,11.27,3,75,Wholesaled,2026-07-22,32000.0
NV104771,2024-07-15,32395,29595,30899.0,4.84,3,75,Wholesaled,2024-09-28,27175.0
NV104772,2026-02-28,11595,10595,9928.0,16.8,3,200,Retail Sold,2026-09-16,
NV104773,2026-01-30,32595,29695,30993.0,5.17,3,117,Retail Sold,2026-05-27,
NV104774,2024-09-09,18195,17595,17698.0,2.81,1,26,Retail Sold,2024-10-05,
NV104775,2025-08-23,18295,17195,16763.0,9.14,2,55,Retail Sold,2025-10-17,
NV104776,2025-05-22,23695,22295,23055.0,2.78,2,44,Retail Sold,2025-07-05,
NV104777,2026-04-23,14795,13495,11234.0,31.69,3,75,Wholesaled,2026-07-07,10150.0
NV104778,2024-08-23,44095,40195,41388.0,6.54,3,75,Wholesaled,2024-11-06,36600.0
NV104779,2024-02-14,18495,16895,14903.0,24.1,3,200,Retail Sold,2024-09-01,
NV104780,2025-02-28,19095,17395,18524.0,3.08,3,73,Retail Sold,2025-05-12,
NV104781,2024-10-06,15195,13895,12823.0,18.5,3,75,Wholesaled,2024-12-20,11175.0
NV104782,2026-01-15,16795,15295,13978.0,20.15,3,200,Retail Sold,2026-08-03,
NV104783,2025-11-16,25995,25195,25528.0,1.83,1,39,Retail Sold,2025-12-25,
NV104784,2025-09-09,10395,9495,10104.0,2.88,3,77,Retail Sold,2025-11-25,
NV104785,2025-08-06,19895,19295,19285.0,3.16,1,28,Retail Sold,2025-09-03,
NV104786,2024-09-12,18195,16595,17202.0,5.77,3,82,Retail Sold,2024-12-03,
NV104787,2026-09-01,11195,10895,8027.0,39.46,1,29,Active,,
NV104788,2026-03-04,22395,20395,20998.0,6.65,3,73,Retail Sold,2026-05-16,
NV104789,2025-06-17,17395,16395,16953.0,2.61,2,55,Retail Sold,2025-08-11,
NV104790,2025-07-29,18195,16595,16917.0,7.56,3,200,Retail Sold,2026-02-14,
NV104791,2025-12-22,14695,14295,14198.0,3.5,1,26,Retail Sold,2026-01-17,
NV104792,2025-05-21,14795,13495,14300.0,3.46,3,73,Retail Sold,2025-08-02,
NV104793,2026-05-29,18895,17795,17743.0,6.5,2,51,Retail Sold,2026-07-19,
NV104794,2026-02-07,17295,17295,16969.0,1.92,0,20,Retail Sold,2026-02-27,
NV104795,2025-11-16,32395,30495,31803.0,1.86,2,44,Retail Sold,2025-12-30,
NV104796,2024-04-10,30395,29495,31072.0,-2.18,1,22,Retail Sold,2024-05-02,
NV104797,2025-10-24,22295,21595,21361.0,4.37,1,37,Retail Sold,2025-11-30,
NV104798,2025-04-04,31495,31495,32127.0,-1.97,0,15,Retail Sold,2025-04-19,
NV104799,2024-05-08,14695,13795,13349.0,10.09,2,44,Retail Sold,2024-06-21,
NV104800,2025-05-29,29295,26695,28277.0,3.6,3,75,Retail Sold,2025-08-12,
NV104801,2025-04-16,13295,12895,13790.0,-3.59,1,27,Retail Sold,2025-05-13,
NV104802,2024-01-07,39895,38695,38287.0,4.2,1,33,Retail Sold,2024-02-09,
NV104803,2026-09-01,15995,15495,14779.0,8.23,1,29,Active,,
NV104804,2026-08-04,11695,10995,8714.0,34.21,2,57,Active,,
NV104805,2026-05-17,11795,10795,10510.0,12.23,3,75,Wholesaled,2026-07-31,9075.0
NV104806,2025-10-30,18995,18995,19121.0,-0.66,0,20,Retail Sold,2025-11-19,
NV104807,2026-05-22,11795,10795,9377.0,25.78,3,75,Wholesaled,2026-08-05,8375.0
NV104808,2025-05-08,16695,16695,16480.0,1.3,0,16,Retail Sold,2025-05-24,
NV104809,2024-02-20,22695,21995,22785.0,-0.39,1,35,Retail Sold,2024-03-26,
NV104810,2026-06-06,15195,13895,13564.0,12.03,3,64,Retail Sold,2026-08-09,
NV104811,2025-06-17,33595,33595,35095.0,-4.27,0,17,Retail Sold,2025-07-04,
NV104812,2025-11-12,30595,30595,31419.0,-2.62,0,19,Retail Sold,2025-12-01,
NV104813,2026-08-17,22595,22595,22894.0,-1.31,0,15,Retail Sold,2026-09-01,
NV104814,2024-10-06,19095,17995,18628.0,2.51,2,48,Retail Sold,2024-11-23,
NV104815,2025-07-07,22695,20695,20911.0,8.53,3,92,Retail Sold,2025-10-07,
NV104816,2025-08-02,19495,17795,18959.0,2.83,3,174,Retail Sold,2026-01-23,
NV104817,2025-05-06,15395,14895,15685.0,-1.85,1,21,Retail Sold,2025-05-27,
NV104818,2025-04-07,14195,12995,7333.0,93.58,3,75,Wholesaled,2025-06-21,6550.0
NV104819,2025-07-04,21695,21695,21573.0,0.57,0,13,Retail Sold,2025-07-17,
NV104820,2026-08-07,26495,26495,25678.0,3.18,0,20,Retail Sold,2026-08-27,
NV104821,2026-06-02,26895,26095,27109.0,-0.79,1,23,Retail Sold,2026-06-25,
NV104822,2025-07-24,12495,11395,10723.0,16.52,3,75,Wholesaled,2025-10-07,9375.0
NV104823,2026-01-25,27995,25595,26311.0,6.4,3,65,Retail Sold,2026-03-31,
NV104824,2024-06-30,14795,13495,14005.0,5.64,3,75,Wholesaled,2024-09-13,11950.0
NV104825,2026-05-29,22895,21495,22085.0,3.67,2,43,Retail Sold,2026-07-11,
NV104826,2026-04-13,15895,14995,15323.0,3.73,2,47,Retail Sold,2026-05-30,
NV104827,2025-05-14,24295,23595,23411.0,3.78,1,32,Retail Sold,2025-06-15,
NV104828,2024-12-27,18295,17695,17708.0,3.32,1,22,Retail Sold,2025-01-18,
NV104829,2024-12-10,20295,18495,19375.0,4.75,3,63,Retail Sold,2025-02-11,
NV104830,2024-11-27,10795,9895,9506.0,13.56,3,75,Wholesaled,2025-02-10,8025.0
NV104831,2026-08-17,29895,28995,31410.0,-4.82,1,21,Retail Sold,2026-09-07,
NV104832,2025-11-03,16095,14695,15433.0,4.29,3,75,Wholesaled,2026-01-17,13350.0
NV104833,2025-12-12,20895,19095,20137.0,3.77,3,89,Retail Sold,2026-03-11,
NV104834,2026-02-02,10795,9895,8340.0,29.44,3,75,Wholesaled,2026-04-18,7200.0
NV104835,2025-10-14,17995,17495,17788.0,1.16,1,33,Retail Sold,2025-11-16,
NV104836,2026-06-03,14895,14895,14993.0,-0.66,0,8,Retail Sold,2026-06-11,
NV104837,2025-01-01,25095,23595,25756.0,-2.56,2,45,Retail Sold,2025-02-15,
NV104838,2024-11-29,17195,16695,16976.0,1.29,1,21,Retail Sold,2024-12-20,
NV104839,2024-07-05,16795,15295,16450.0,2.1,3,75,Wholesaled,2024-09-18,14275.0
NV104840,2025-12-23,30895,29995,30115.0,2.59,1,21,Retail Sold,2026-01-13,
NV104841,2025-06-13,27195,26395,25902.0,4.99,1,28,Retail Sold,2025-07-11,
NV104842,2025-12-01,25095,24295,23054.0,8.85,1,34,Retail Sold,2026-01-04,
NV104843,2025-01-03,18895,17195,17929.0,5.39,3,200,Retail Sold,2025-07-22,
NV104844,2025-10-13,20695,20095,20136.0,2.78,1,23,Retail Sold,2025-11-05,
NV104845,2024-03-11,11095,10395,10425.0,6.42,2,50,Retail Sold,2024-04-30,
NV104846,2024-12-10,10495,9595,10013.0,4.81,3,126,Retail Sold,2025-04-15,
NV104847,2025-04-06,26195,24595,23487.0,11.53,2,42,Retail Sold,2025-05-18,
NV104848,2025-08-18,30495,29595,28744.0,6.09,1,25,Retail Sold,2025-09-12,
NV104849,2024-11-21,17895,17395,17587.0,1.75,1,27,Retail Sold,2024-12-18,
NV104850,2026-05-17,12495,11395,11024.0,13.34,3,105,Retail Sold,2026-08-30,
NV104851,2025-10-31,28395,27495,29286.0,-3.04,1,34,Retail Sold,2025-12-04,
NV104852,2026-02-11,16695,16195,16440.0,1.55,1,38,Retail Sold,2026-03-21,
NV104853,2024-04-07,13695,13295,13632.0,0.46,1,40,Retail Sold,2024-05-17,
NV104854,2026-04-09,15795,14395,15038.0,5.03,3,72,Retail Sold,2026-06-20,
NV104855,2025-04-14,23395,21995,22943.0,1.97,2,48,Retail Sold,2025-06-01,
NV104856,2026-03-25,16695,16195,16864.0,-1.0,1,28,Retail Sold,2026-04-22,
NV104857,2024-07-07,41895,41895,41618.0,0.66,0,18,Retail Sold,2024-07-25,
NV104858,2025-03-03,21395,20795,20678.0,3.47,1,30,Retail Sold,2025-04-02,
NV104859,2025-01-15,28795,27895,27956.0,3.0,1,25,Retail Sold,2025-02-09,
NV104860,2025-05-17,21295,21295,20323.0,4.78,0,10,Retail Sold,2025-05-27,
NV104861,2024-10-25,11995,11595,12692.0,-5.49,1,35,Retail Sold,2024-11-29,
NV104862,2024-08-26,47795,43595,44290.0,7.91,3,115,Retail Sold,2024-12-19,
NV104863,2025-04-11,16495,15095,13675.0,20.62,3,200,Retail Sold,2025-10-28,
NV104864,2026-07-14,15695,14295,14721.0,6.61,3,70,Retail Sold,2026-09-22,
NV104865,2026-03-21,18395,16795,16484.0,11.6,3,178,Retail Sold,2026-09-15,
NV104866,2026-06-25,15195,14695,14896.0,2.01,1,27,Retail Sold,2026-07-22,
NV104867,2026-08-18,47995,45195,44689.0,7.4,2,43,Active,,
NV104868,2026-02-16,17095,16095,17122.0,-0.16,2,56,Retail Sold,2026-04-13,
NV104869,2026-02-05,23395,23395,22806.0,2.58,0,17,Retail Sold,2026-02-22,
NV104870,2024-12-17,27195,26395,29098.0,-6.54,1,36,Retail Sold,2025-01-22,
NV104871,2025-09-06,25995,23695,25008.0,3.95,3,75,Wholesaled,2025-11-20,20600.0
NV104872,2025-03-29,26295,23995,23433.0,12.22,3,110,Retail Sold,2025-07-17,
NV104873,2026-03-30,20395,20395,20145.0,1.24,0,15,Retail Sold,2026-04-14,
NV104874,2026-03-05,24195,23495,25650.0,-5.67,1,25,Retail Sold,2026-03-30,
NV104875,2024-03-10,22795,20795,20791.0,9.64,3,75,Retail Sold,2024-05-24,
NV104876,2025-10-20,18095,17595,17677.0,2.37,1,37,Retail Sold,2025-11-26,
NV104877,2024-08-31,51795,47295,51662.0,0.26,3,63,Retail Sold,2024-11-02,
NV104878,2024-02-23,33095,32095,33277.0,-0.55,1,38,Retail Sold,2024-04-01,
NV104879,2025-08-12,33195,32195,32324.0,2.69,1,29,Retail Sold,2025-09-10,
NV104880,2025-06-23,19495,18295,19732.0,-1.2,2,60,Retail Sold,2025-08-22,
NV104881,2026-03-01,22895,22195,22653.0,1.07,1,38,Retail Sold,2026-04-08,
NV104882,2025-11-26,16795,16795,17487.0,-3.96,0,20,Retail Sold,2025-12-16,
NV104883,2024-03-02,22995,22295,22704.0,1.28,1,37,Retail Sold,2024-04-08,
NV104884,2024-06-20,35395,35395,34020.0,4.04,0,17,Retail Sold,2024-07-07,
NV104885,2025-03-12,23395,22695,23758.0,-1.53,1,26,Retail Sold,2025-04-07,
NV104886,2025-07-23,24195,23495,26160.0,-7.51,1,23,Retail Sold,2025-08-15,
NV104887,2026-08-15,28495,26795,28139.0,1.27,2,46,Active,,
NV104888,2024-04-16,19295,18195,18600.0,3.74,2,43,Retail Sold,2024-05-29,
NV104889,2024-02-07,28595,26095,26650.0,7.3,3,70,Retail Sold,2024-04-17,
NV104890,2026-03-26,21995,20095,20677.0,6.37,3,75,Wholesaled,2026-06-09,16950.0
NV104891,2026-08-16,15895,14995,15720.0,1.12,2,45,Active,,
NV104892,2024-08-01,22595,21895,21993.0,2.74,1,27,Retail Sold,2024-08-28,
NV104893,2024-12-02,45795,44395,47300.0,-3.18,1,33,Retail Sold,2025-01-04,
NV104894,2024-10-10,21395,20795,21647.0,-1.16,1,22,Retail Sold,2024-11-01,
NV104895,2025-05-28,10695,10095,9736.0,9.85,2,47,Retail Sold,2025-07-14,
NV104896,2024-11-25,14795,13495,14309.0,3.4,3,75,Wholesaled,2025-02-08,12700.0
NV104897,2026-07-09,29995,28195,29307.0,2.35,2,55,Retail Sold,2026-09-02,
NV104898,2025-03-23,11395,10395,9693.0,17.56,3,75,Wholesaled,2025-06-06,8200.0
NV104899,2026-03-20,14995,13695,14708.0,1.95,3,70,Retail Sold,2026-05-29,
NV104900,2026-04-06,17695,17195,17501.0,1.11,1,26,Retail Sold,2026-05-02,
NV104901,2026-07-25,20995,20395,19991.0,5.02,1,28,Retail Sold,2026-08-22,
NV104902,2024-09-19,27095,26295,27328.0,-0.85,1,24,Retail Sold,2024-10-13,
NV104903,2024-09-29,19995,18195,18800.0,6.36,3,75,Wholesaled,2024-12-13,16075.0
NV104904,2024-11-04,30395,29495,29716.0,2.28,1,26,Retail Sold,2024-11-30,
NV104905,2025-05-20,15595,15095,15577.0,0.11,1,28,Retail Sold,2025-06-17,
NV104906,2026-01-21,46995,45595,47480.0,-1.02,1,29,Retail Sold,2026-02-19,
NV104907,2026-06-06,23195,21195,23107.0,0.38,3,65,Retail Sold,2026-08-10,
NV104908,2025-04-18,20095,18895,19474.0,3.19,2,57,Retail Sold,2025-06-14,
NV104909,2025-12-26,16595,15095,14736.0,12.62,3,75,Wholesaled,2026-03-11,12600.0
NV104910,2024-05-07,33695,33695,35894.0,-6.13,0,18,Retail Sold,2024-05-25,
NV104911,2024-05-19,34895,32795,34330.0,1.65,2,54,Retail Sold,2024-07-12,
NV104912,2025-11-11,38295,37095,40263.0,-4.89,1,27,Retail Sold,2025-12-08,
NV104913,2025-05-28,22795,20795,22202.0,2.67,3,64,Retail Sold,2025-07-31,
NV104914,2025-11-17,28495,27595,27091.0,5.18,1,26,Retail Sold,2025-12-13,
NV104915,2025-10-15,24195,23495,24069.0,0.52,1,40,Retail Sold,2025-11-24,
NV104916,2026-04-12,13995,12795,13655.0,2.49,3,75,Wholesaled,2026-06-26,11800.0
NV104917,2026-05-21,18095,16995,17007.0,6.4,2,45,Retail Sold,2026-07-05,
NV104918,2025-05-21,14295,12995,13280.0,7.64,3,75,Wholesaled,2025-08-04,11350.0
NV104919,2025-10-30,26795,25995,26033.0,2.93,1,40,Retail Sold,2025-12-09,
NV104920,2026-07-08,26695,24395,25250.0,5.72,3,74,Retail Sold,2026-09-20,
NV104921,2025-04-13,17995,17495,18156.0,-0.89,1,27,Retail Sold,2025-05-10,
NV104922,2024-11-26,41295,40095,41115.0,0.44,1,33,Retail Sold,2024-12-29,
NV104923,2024-05-29,26395,26395,23999.0,9.99,0,19,Retail Sold,2024-06-17,
NV104924,2025-06-12,20695,18895,19122.0,8.23,3,74,Retail Sold,2025-08-25,
NV104925,2026-08-23,10695,10395,6243.0,71.3,1,38,Active,,
NV104926,2026-03-10,20995,20995,21374.0,-1.78,0,13,Retail Sold,2026-03-23,
NV104927,2024-05-27,16495,15995,15833.0,4.18,1,32,Retail Sold,2024-06-28,
NV104928,2025-09-24,25895,25095,23612.0,9.67,1,41,Retail Sold,2025-11-04,
NV104929,2025-06-16,17695,16595,17259.0,2.53,2,47,Retail Sold,2025-08-02,
NV104930,2026-06-02,21195,21195,20403.0,3.88,0,14,Retail Sold,2026-06-16,
NV104931,2026-09-04,15595,15095,15471.0,0.8,1,26,Active,,
NV104932,2024-03-19,16195,15695,16237.0,-0.26,1,41,Retail Sold,2024-04-29,
NV104933,2024-08-23,25095,23595,24413.0,2.79,2,53,Retail Sold,2024-10-15,
NV104934,2026-05-01,30095,28295,26898.0,11.89,2,42,Retail Sold,2026-06-12,
NV104935,2025-03-21,16095,15595,15615.0,3.07,1,23,Retail Sold,2025-04-13,
NV104936,2025-06-03,31095,30195,28912.0,7.55,1,40,Retail Sold,2025-07-13,
NV104937,2026-02-11,24295,24295,24181.0,0.47,0,13,Retail Sold,2026-02-24,
NV104938,2026-08-14,11295,10595,10134.0,11.46,2,47,Active,,
NV104939,2026-07-26,21595,20895,20726.0,4.19,1,28,Retail Sold,2026-08-23,
NV104940,2024-05-19,16195,14795,15820.0,2.37,3,67,Retail Sold,2024-07-25,
NV104941,2024-05-29,11595,10895,10929.0,6.09,2,61,Retail Sold,2024-07-29,
NV104942,2026-03-31,11995,10895,7859.0,52.62,3,75,Wholesaled,2026-06-14,6950.0
NV104943,2026-04-05,14095,13295,13427.0,4.98,2,48,Retail Sold,2026-05-23,
NV104944,2026-05-08,9295,8495,6570.0,41.47,3,75,Wholesaled,2026-07-22,5725.0
NV104945,2026-08-05,18095,16995,16526.0,9.5,2,49,Retail Sold,2026-09-23,
NV104946,2026-08-12,14795,13895,11950.0,23.81,2,49,Active,,
NV104947,2024-10-07,17595,16095,14132.0,24.51,3,200,Retail Sold,2025-04-25,
NV104948,2026-05-29,18995,18395,19491.0,-2.55,1,30,Retail Sold,2026-06-28,
NV104949,2026-02-13,15395,14495,15563.0,-1.08,2,44,Retail Sold,2026-03-29,
NV104950,2026-07-18,21195,20595,20793.0,1.93,1,28,Retail Sold,2026-08-15,
NV104951,2025-06-11,23995,21895,22997.0,4.34,3,89,Retail Sold,2025-09-08,
NV104952,2024-06-06,40095,36595,35865.0,11.8,3,133,Retail Sold,2024-10-17,
NV104953,2026-04-11,21395,20795,20841.0,2.66,1,31,Retail Sold,2026-05-12,
NV104954,2024-04-22,11795,10795,10827.0,8.94,3,127,Retail Sold,2024-08-27,
NV104955,2026-03-25,23095,21695,23221.0,-0.54,2,46,Retail Sold,2026-05-10,
NV104956,2025-02-13,21495,21495,22153.0,-2.97,0,17,Retail Sold,2025-03-02,
NV104957,2026-02-13,30495,29595,29539.0,3.24,1,22,Retail Sold,2026-03-07,
NV104958,2026-07-31,23395,22695,24117.0,-2.99,1,37,Retail Sold,2026-09-06,
NV104959,2024-12-23,10295,9395,6490.0,58.64,3,75,Wholesaled,2025-03-08,5750.0
NV104960,2026-07-03,16495,16495,16144.0,2.18,0,11,Retail Sold,2026-07-14,
NV104961,2026-02-14,16595,15095,16306.0,1.77,3,73,Retail Sold,2026-04-28,
NV104962,2024-03-05,36195,35095,33191.0,9.05,1,32,Retail Sold,2024-04-06,
NV104963,2024-10-01,19795,19195,19684.0,0.56,1,22,Retail Sold,2024-10-23,
NV104964,2025-05-20,13995,12795,10725.0,30.49,3,75,Wholesaled,2025-08-03,9075.0
NV104965,2024-05-18,40395,39195,37476.0,7.79,1,37,Retail Sold,2024-06-24,
NV104966,2026-04-15,13995,13595,13405.0,4.4,1,25,Retail Sold,2026-05-10,
NV104967,2026-03-14,37395,36295,36126.0,3.51,1,36,Retail Sold,2026-04-19,
NV104968,2024-06-27,19895,19295,19231.0,3.45,1,37,Retail Sold,2024-08-03,
NV104969,2025-03-21,16695,16695,17868.0,-6.56,0,18,Retail Sold,2025-04-08,
NV104970,2026-08-13,29095,28195,28416.0,2.39,1,26,Retail Sold,2026-09-08,
NV104971,2026-03-21,24695,23195,23982.0,2.97,2,46,Retail Sold,2026-05-06,
NV104972,2026-05-01,15395,14095,14189.0,8.5,3,68,Retail Sold,2026-07-08,
NV104973,2026-06-28,15695,15695,15558.0,0.88,0,15,Retail Sold,2026-07-13,
NV104974,2026-04-13,10495,9595,8076.0,29.96,3,170,Active,,
NV104975,2025-05-07,22895,20895,17271.0,32.57,3,200,Retail Sold,2025-11-23,
NV104976,2024-08-05,22895,21495,21940.0,4.35,2,61,Retail Sold,2024-10-05,
NV104977,2026-06-26,15095,13795,13051.0,15.66,3,96,Active,,
NV104978,2025-09-04,34295,34295,37469.0,-8.47,0,6,Retail Sold,2025-09-10,
NV104979,2025-10-07,16095,14695,13857.0,16.15,3,178,Retail Sold,2026-04-03,
NV104980,2026-07-13,27295,26495,30214.0,-9.66,1,25,Retail Sold,2026-08-07,
NV104981,2024-02-28,20995,19195,19913.0,5.44,3,75,Wholesaled,2024-05-13,17350.0
NV104982,2025-11-16,19895,19295,19115.0,4.08,1,31,Retail Sold,2025-12-17,
NV104983,2025-04-11,35095,33995,34754.0,0.98,1,23,Retail Sold,2025-05-04,
NV104984,2026-08-06,22595,21895,23346.0,-3.22,1,29,Retail Sold,2026-09-04,
NV104985,2025-06-05,26995,26195,25643.0,5.27,1,40,Retail Sold,2025-07-15,
NV104986,2026-03-08,20795,20195,19620.0,5.99,1,38,Retail Sold,2026-04-15,
NV104987,2026-06-17,25895,25895,25762.0,0.52,0,15,Retail Sold,2026-07-02,
NV104988,2024-08-21,17195,17195,17368.0,-1.0,0,13,Retail Sold,2024-09-03,
NV104989,2024-08-03,20595,18795,21281.0,-3.22,3,63,Retail Sold,2024-10-05,
NV104990,2026-05-30,14795,13495,12783.0,15.74,3,63,Retail Sold,2026-08-01,
NV104991,2025-03-14,26095,23795,25690.0,1.58,3,70,Retail Sold,2025-05-23,
NV104992,2024-09-26,12695,12295,12841.0,-1.13,1,23,Retail Sold,2024-10-19,
NV104993,2025-07-08,41695,39195,42677.0,-2.3,2,60,Retail Sold,2025-09-06,
NV104994,2024-05-04,16795,15295,16010.0,4.9,3,75,Wholesaled,2024-07-18,14225.0
NV104995,2025-09-24,9295,8695,8277.0,12.3,2,42,Retail Sold,2025-11-05,
NV104996,2025-06-23,18995,17895,20075.0,-5.38,2,42,Retail Sold,2025-08-04,
NV104997,2024-11-27,32795,32795,32576.0,0.67,0,12,Retail Sold,2024-12-09,
NV104998,2025-01-14,31595,28795,27942.0,13.07,3,74,Retail Sold,2025-03-29,
NV104999,2025-03-08,15795,15795,16318.0,-3.21,0,10,Retail Sold,2025-03-18,
NV105000,2026-01-30,17495,15995,14998.0,16.65,3,75,Wholesaled,2026-04-15,13475.0
