vehicle_id,acquisition_date,acquisition_channel,acquisition_province,recon_hub,market_value_at_acquisition,acquisition_cost,inbound_transport_cost
NV100001,2024-04-01,Consumer Buy-Back,ON,GTA Hub,28350,25300,106
NV100002,2026-05-17,Auction,ON,GTA Hub,22525,17375,337
NV100003,2025-12-26,Consumer Buy-Back,AB,Calgary Hub,12175,9475,160
NV100004,2025-03-15,Auction,ON,GTA Hub,17075,14200,452
NV100005,2025-03-24,Auction,ON,GTA Hub,12000,10300,498
NV100006,2025-09-25,Trade-In,ON,GTA Hub,42725,34225,142
NV100007,2026-02-05,Dealer Wholesale,NS,GTA Hub,20500,18725,239
NV100008,2025-05-25,Consumer Buy-Back,ON,GTA Hub,8275,6625,85
NV100009,2026-02-13,Auction,ON,GTA Hub,12300,9475,410
NV100010,2026-05-30,Dealer Wholesale,ON,GTA Hub,13475,11750,446
NV100011,2025-02-05,Auction,BC,Calgary Hub,36875,29150,469
NV100012,2026-05-04,Consumer Buy-Back,ON,GTA Hub,22975,18025,91
NV100013,2025-02-23,Auction,ON,GTA Hub,31925,26925,435
NV100014,2026-06-01,Trade-In,AB,Calgary Hub,11850,9325,201
NV100015,2026-05-07,Consumer Buy-Back,BC,Calgary Hub,12325,9400,171
NV100016,2025-11-20,Auction,ON,GTA Hub,12775,10375,499
NV100017,2026-08-17,Consumer Buy-Back,ON,GTA Hub,11050,8650,104
NV100018,2026-03-24,Dealer Wholesale,AB,Calgary Hub,10250,9000,287
NV100019,2024-01-20,Trade-In,ON,GTA Hub,14800,10850,69
NV100020,2024-07-20,Auction,QC,Montreal Hub,20175,16725,421
NV100021,2026-04-04,Auction,BC,Calgary Hub,10650,8850,437
NV100022,2026-03-06,Auction,BC,Calgary Hub,13725,10925,528
NV100023,2025-04-25,Auction,ON,GTA Hub,9050,7050,484
NV100024,2025-09-02,Auction,ON,GTA Hub,13350,10850,516
NV100025,2026-05-08,Auction,ON,GTA Hub,10350,8800,528
NV100026,2024-10-12,Consumer Buy-Back,ON,GTA Hub,16450,13450,198
NV100027,2025-10-09,Auction,ON,GTA Hub,11975,9725,512
NV100028,2026-04-24,Consumer Buy-Back,ON,GTA Hub,12875,10775,92
NV100029,2024-12-23,Consumer Buy-Back,QC,Montreal Hub,23375,18975,148
NV100030,2024-12-02,Dealer Wholesale,ON,GTA Hub,24600,20450,362
NV100031,2025-12-05,Consumer Buy-Back,BC,Calgary Hub,29900,23900,127
NV100032,2024-12-25,Auction,AB,Calgary Hub,28150,24125,642
NV100033,2026-08-04,Auction,ON,GTA Hub,28975,23800,555
NV100034,2024-07-10,Auction,ON,GTA Hub,18825,15525,449
NV100035,2025-06-06,Consumer Buy-Back,ON,GTA Hub,7650,6350,150
NV100036,2026-02-18,Auction,AB,Calgary Hub,10325,8800,456
NV100037,2025-07-01,Auction,ON,GTA Hub,17850,14800,402
NV100038,2024-01-29,Trade-In,QC,Montreal Hub,35275,28325,115
NV100039,2026-01-12,Auction,ON,GTA Hub,18500,16150,414
NV100040,2026-07-02,Auction,BC,Calgary Hub,27750,23175,396
NV100041,2026-04-06,Consumer Buy-Back,AB,Calgary Hub,22100,19025,114
NV100042,2025-12-16,Consumer Buy-Back,NL,GTA Hub,44650,38475,53
NV100043,2026-07-07,Consumer Buy-Back,NS,GTA Hub,22600,19650,107
NV100044,2024-08-07,Dealer Wholesale,BC,Calgary Hub,20800,16225,297
NV100045,2025-03-17,Trade-In,SK,Calgary Hub,29475,21875,8
NV100046,2025-02-07,Auction,ON,GTA Hub,18350,14150,586
NV100047,2025-03-24,Trade-In,AB,Calgary Hub,11675,8950,100
NV100048,2026-01-09,Auction,ON,GTA Hub,17350,14375,620
NV100049,2025-01-26,Consumer Buy-Back,BC,Calgary Hub,24175,20500,97
NV100050,2026-06-25,Dealer Wholesale,ON,GTA Hub,15850,14100,427
NV100051,2024-09-10,Consumer Buy-Back,BC,Calgary Hub,30875,26050,175
NV100052,2025-04-18,Consumer Buy-Back,NB,Montreal Hub,11450,8950,133
NV100053,2026-05-24,Consumer Buy-Back,QC,Montreal Hub,26200,19600,181
NV100054,2024-05-12,Consumer Buy-Back,ON,GTA Hub,11600,9325,7
NV100055,2026-08-04,Consumer Buy-Back,ON,GTA Hub,14700,11650,210
NV100056,2025-05-13,Trade-In,ON,GTA Hub,33000,26250,160
NV100057,2025-08-21,Consumer Buy-Back,ON,GTA Hub,10650,9000,220
NV100058,2026-04-13,Consumer Buy-Back,AB,Calgary Hub,22325,17475,179
NV100059,2025-02-06,Auction,NS,GTA Hub,19375,16200,509
NV100060,2025-08-03,Auction,ON,GTA Hub,27450,22800,458
NV100061,2026-04-22,Consumer Buy-Back,AB,Calgary Hub,14325,11775,130
NV100062,2026-02-05,Consumer Buy-Back,AB,Calgary Hub,22975,17875,232
NV100063,2026-03-29,Auction,ON,GTA Hub,7625,6050,385
NV100064,2024-09-22,Trade-In,ON,GTA Hub,15975,12525,67
NV100065,2025-06-04,Consumer Buy-Back,AB,Calgary Hub,18650,15075,141
NV100066,2025-04-14,Consumer Buy-Back,ON,GTA Hub,21275,18375,215
NV100067,2025-09-29,Auction,ON,GTA Hub,25400,23500,399
NV100068,2025-05-24,Auction,NS,GTA Hub,20500,17300,513
NV100069,2025-12-05,Consumer Buy-Back,QC,Montreal Hub,16875,14550,286
NV100070,2024-02-05,Auction,ON,GTA Hub,37325,31100,437
NV100071,2026-01-30,Trade-In,ON,GTA Hub,16850,13250,99
NV100072,2025-04-23,Consumer Buy-Back,ON,GTA Hub,23500,18575,169
NV100073,2026-07-10,Consumer Buy-Back,AB,Calgary Hub,19525,15475,187
NV100074,2026-06-20,Auction,BC,Calgary Hub,14150,11875,465
NV100075,2025-08-07,Trade-In,ON,GTA Hub,10350,8575,91
NV100076,2026-06-21,Consumer Buy-Back,ON,GTA Hub,8500,6400,196
NV100077,2025-11-18,Trade-In,ON,GTA Hub,9850,7525,88
NV100078,2025-03-01,Auction,AB,Calgary Hub,36300,29300,421
NV100079,2025-05-20,Auction,AB,Calgary Hub,11950,9175,334
NV100080,2025-10-10,Trade-In,BC,Calgary Hub,25575,19575,138
NV100081,2026-08-30,Trade-In,SK,Calgary Hub,24100,18975,60
NV100082,2024-04-20,Auction,AB,Calgary Hub,40725,35100,430
NV100083,2026-02-20,Auction,ON,GTA Hub,16200,13575,436
NV100084,2025-06-13,Auction,ON,GTA Hub,27400,23300,528
NV100085,2026-03-03,Auction,AB,Calgary Hub,13875,11125,541
NV100086,2026-08-23,Auction,BC,Calgary Hub,13575,11875,444
NV100087,2025-08-02,Auction,BC,Calgary Hub,8700,7125,484
NV100088,2026-04-21,Consumer Buy-Back,AB,Calgary Hub,11450,9150,165
NV100089,2024-04-24,Auction,SK,Calgary Hub,22600,19300,331
NV100090,2026-06-20,Auction,ON,GTA Hub,12925,10525,492
NV100091,2024-08-09,Consumer Buy-Back,BC,Calgary Hub,34375,26750,218
NV100092,2025-07-16,Auction,BC,Calgary Hub,22325,17925,436
NV100093,2026-05-21,Trade-In,BC,Calgary Hub,20450,14525,139
NV100094,2024-01-15,Auction,ON,GTA Hub,41700,34425,356
NV100095,2026-07-08,Auction,ON,GTA Hub,20675,17625,376
NV100096,2026-08-15,Auction,ON,GTA Hub,15775,13875,347
NV100097,2024-05-24,Consumer Buy-Back,AB,Calgary Hub,30850,25450,223
NV100098,2025-06-07,Auction,NS,GTA Hub,18400,14075,505
NV100099,2025-12-20,Auction,ON,GTA Hub,22875,20400,542
NV100100,2025-04-16,Auction,AB,Calgary Hub,19250,16400,451
NV100101,2024-10-05,Auction,ON,GTA Hub,8225,6500,454
NV100102,2025-09-10,Consumer Buy-Back,QC,Montreal Hub,14350,11925,185
NV100103,2025-05-03,Auction,QC,Montreal Hub,11625,9075,468
NV100104,2024-10-03,Trade-In,ON,GTA Hub,13400,11400,45
NV100105,2026-06-09,Auction,ON,GTA Hub,30025,21950,505
NV100106,2026-05-19,Consumer Buy-Back,QC,Montreal Hub,29725,26175,92
NV100107,2025-02-24,Consumer Buy-Back,BC,Calgary Hub,27100,21800,115
NV100108,2024-01-14,Dealer Wholesale,ON,GTA Hub,29650,25050,322
NV100109,2025-08-12,Auction,ON,GTA Hub,19150,14650,535
NV100110,2025-03-02,Auction,ON,GTA Hub,25650,21750,574
NV100111,2026-07-07,Auction,ON,GTA Hub,12650,11175,347
NV100112,2026-02-26,Dealer Wholesale,QC,Montreal Hub,6850,5600,358
NV100113,2025-08-07,Auction,QC,Montreal Hub,22425,17375,399
NV100114,2026-05-06,Auction,QC,Montreal Hub,8825,7325,469
NV100115,2024-05-07,Auction,ON,GTA Hub,32475,28350,393
NV100116,2026-08-02,Consumer Buy-Back,BC,Calgary Hub,7925,6475,126
NV100117,2026-04-07,Auction,ON,GTA Hub,17175,13100,508
NV100118,2025-03-26,Trade-In,ON,GTA Hub,31650,25750,41
NV100119,2025-11-16,Dealer Wholesale,ON,GTA Hub,37325,33225,247
NV100120,2024-03-14,Consumer Buy-Back,ON,GTA Hub,7650,6250,162
NV100121,2024-01-07,Consumer Buy-Back,ON,GTA Hub,20900,18000,137
NV100122,2025-01-01,Auction,QC,Montreal Hub,25775,22650,449
NV100123,2026-02-28,Dealer Wholesale,AB,Calgary Hub,9525,7850,341
NV100124,2025-11-24,Consumer Buy-Back,AB,Calgary Hub,19775,15725,179
NV100125,2025-12-15,Auction,QC,Montreal Hub,25350,21850,533
NV100126,2026-05-10,Consumer Buy-Back,NB,Montreal Hub,13750,11375,112
NV100127,2025-11-30,Consumer Buy-Back,MB,Calgary Hub,18200,14750,212
NV100128,2026-02-08,Consumer Buy-Back,ON,GTA Hub,15425,12600,112
NV100129,2025-07-31,Auction,AB,Calgary Hub,8775,6925,514
NV100130,2024-06-10,Consumer Buy-Back,ON,GTA Hub,29450,23625,41
NV100131,2025-06-30,Auction,QC,Montreal Hub,15700,12575,370
NV100132,2024-08-30,Auction,ON,GTA Hub,43250,36800,469
NV100133,2024-04-04,Auction,ON,GTA Hub,37325,28825,379
NV100134,2025-01-20,Auction,SK,Calgary Hub,20800,17100,509
NV100135,2024-06-19,Consumer Buy-Back,ON,GTA Hub,23175,18150,147
NV100136,2026-07-18,Consumer Buy-Back,ON,GTA Hub,8675,6750,94
NV100137,2026-06-24,Auction,AB,Calgary Hub,13000,9875,514
NV100138,2025-12-25,Consumer Buy-Back,ON,GTA Hub,11500,8675,135
NV100139,2025-12-07,Auction,AB,Calgary Hub,17300,14725,499
NV100140,2025-04-09,Auction,ON,GTA Hub,21325,17525,393
NV100141,2026-03-15,Consumer Buy-Back,BC,Calgary Hub,16825,14250,87
NV100142,2024-06-28,Auction,AB,Calgary Hub,18650,14900,435
NV100143,2025-05-15,Dealer Wholesale,QC,Montreal Hub,33975,29300,357
NV100144,2025-02-11,Consumer Buy-Back,QC,Montreal Hub,17175,13700,145
NV100145,2026-04-17,Consumer Buy-Back,AB,Calgary Hub,28525,24600,205
NV100146,2025-07-31,Consumer Buy-Back,ON,GTA Hub,29675,24700,213
NV100147,2025-04-21,Auction,ON,GTA Hub,9675,8125,381
NV100148,2024-10-09,Dealer Wholesale,ON,GTA Hub,17150,14150,369
NV100149,2025-09-16,Auction,NS,GTA Hub,14550,10700,503
NV100150,2025-06-06,Consumer Buy-Back,ON,GTA Hub,12600,9725,206
NV100151,2025-05-18,Auction,BC,Calgary Hub,34500,27825,423
NV100152,2025-04-03,Consumer Buy-Back,BC,Calgary Hub,23275,19425,202
NV100153,2025-11-18,Auction,ON,GTA Hub,12825,10050,401
NV100154,2025-04-08,Auction,AB,Calgary Hub,13875,11250,502
NV100155,2025-02-19,Auction,ON,GTA Hub,20225,16400,409
NV100156,2025-03-27,Auction,ON,GTA Hub,20025,17975,452
NV100157,2026-05-28,Dealer Wholesale,ON,GTA Hub,42675,37050,312
NV100158,2024-12-01,Consumer Buy-Back,ON,GTA Hub,21700,18950,118
NV100159,2026-04-21,Trade-In,SK,Calgary Hub,11825,9550,29
NV100160,2025-05-11,Auction,ON,GTA Hub,27525,23200,506
NV100161,2025-04-15,Auction,NB,Montreal Hub,23675,19125,387
NV100162,2025-12-29,Consumer Buy-Back,AB,Calgary Hub,16725,13425,99
NV100163,2026-07-02,Trade-In,QC,Montreal Hub,20575,15850,86
NV100164,2024-07-04,Dealer Wholesale,QC,Montreal Hub,29625,25225,421
NV100165,2026-08-17,Consumer Buy-Back,ON,GTA Hub,5600,4250,192
NV100166,2024-09-12,Auction,BC,Calgary Hub,15875,12200,397
NV100167,2025-04-24,Consumer Buy-Back,ON,GTA Hub,33825,28425,273
NV100168,2026-03-01,Auction,ON,GTA Hub,15750,13000,453
NV100169,2024-04-06,Dealer Wholesale,ON,GTA Hub,25925,20750,432
NV100170,2025-08-09,Dealer Wholesale,QC,Montreal Hub,19050,15525,463
NV100171,2024-06-19,Trade-In,BC,Calgary Hub,24800,19550,102
NV100172,2025-04-21,Auction,ON,GTA Hub,19700,16525,391
NV100173,2025-04-09,Trade-In,ON,GTA Hub,18175,13400,11
NV100174,2026-06-23,Dealer Wholesale,AB,Calgary Hub,18625,16550,205
NV100175,2025-11-11,Auction,QC,Montreal Hub,19725,18325,593
NV100176,2024-09-24,Auction,AB,Calgary Hub,35150,29850,350
NV100177,2025-02-27,Consumer Buy-Back,ON,GTA Hub,23475,19500,196
NV100178,2026-03-08,Consumer Buy-Back,SK,Calgary Hub,14200,11250,165
NV100179,2026-08-11,Auction,ON,GTA Hub,12225,10200,432
NV100180,2025-09-01,Trade-In,QC,Montreal Hub,22575,17075,0
NV100181,2026-07-26,Consumer Buy-Back,ON,GTA Hub,33925,25725,173
NV100182,2025-04-08,Trade-In,QC,Montreal Hub,31100,21825,170
NV100183,2024-05-16,Consumer Buy-Back,QC,Montreal Hub,29600,22500,0
NV100184,2024-08-14,Auction,ON,GTA Hub,27775,22325,496
NV100185,2024-06-23,Consumer Buy-Back,ON,GTA Hub,23475,19150,76
NV100186,2026-05-06,Consumer Buy-Back,ON,GTA Hub,17875,14450,192
NV100187,2026-01-18,Auction,ON,GTA Hub,19525,16825,426
NV100188,2025-11-30,Auction,ON,GTA Hub,28200,23425,529
NV100189,2026-08-14,Auction,ON,GTA Hub,13875,11050,556
NV100190,2024-01-05,Auction,NB,Montreal Hub,27375,22500,560
NV100191,2024-08-13,Auction,AB,Calgary Hub,15750,12850,463
NV100192,2024-11-21,Trade-In,ON,GTA Hub,20200,14900,105
NV100193,2024-08-07,Auction,ON,GTA Hub,34200,28350,444
NV100194,2024-01-13,Consumer Buy-Back,ON,GTA Hub,10425,8050,48
NV100195,2025-11-28,Trade-In,AB,Calgary Hub,26875,21600,157
NV100196,2025-03-08,Consumer Buy-Back,ON,GTA Hub,17000,13525,17
NV100197,2025-08-29,Consumer Buy-Back,AB,Calgary Hub,24025,18675,125
NV100198,2026-06-19,Dealer Wholesale,ON,GTA Hub,14950,12600,317
NV100199,2026-02-24,Trade-In,AB,Calgary Hub,21575,16575,48
NV100200,2026-02-14,Consumer Buy-Back,ON,GTA Hub,16475,12875,307
NV100201,2025-03-21,Trade-In,ON,GTA Hub,29625,24125,46
NV100202,2026-06-28,Auction,SK,Calgary Hub,5925,4575,638
NV100203,2026-04-21,Auction,QC,Montreal Hub,21800,18275,420
NV100204,2025-05-27,Auction,ON,GTA Hub,19575,16125,512
NV100205,2026-05-24,Consumer Buy-Back,MB,Calgary Hub,41950,36200,106
NV100206,2025-08-08,Consumer Buy-Back,BC,Calgary Hub,23700,18075,161
NV100207,2025-06-20,Auction,SK,Calgary Hub,33825,27975,403
NV100208,2025-08-15,Consumer Buy-Back,QC,Montreal Hub,18775,15350,91
NV100209,2024-06-01,Auction,SK,Calgary Hub,35575,30375,424
NV100210,2024-02-20,Auction,ON,GTA Hub,32125,24675,585
NV100211,2025-11-24,Trade-In,BC,Calgary Hub,26250,20325,17
NV100212,2026-02-02,Trade-In,ON,GTA Hub,26150,20900,244
NV100213,2025-05-09,Consumer Buy-Back,QC,Montreal Hub,16350,11475,116
NV100214,2025-08-14,Dealer Wholesale,AB,Calgary Hub,7125,6025,248
NV100215,2025-06-08,Dealer Wholesale,ON,GTA Hub,30700,25675,363
NV100216,2025-09-01,Consumer Buy-Back,ON,GTA Hub,15375,11850,153
NV100217,2025-12-14,Auction,NB,Montreal Hub,18725,17225,484
NV100218,2026-07-09,Auction,ON,GTA Hub,30575,26525,500
NV100219,2026-05-11,Trade-In,ON,GTA Hub,7000,5575,95
NV100220,2026-01-25,Consumer Buy-Back,MB,Calgary Hub,14675,12275,262
NV100221,2026-02-16,Auction,QC,Montreal Hub,15950,14375,555
NV100222,2025-07-13,Auction,ON,GTA Hub,14725,12375,446
NV100223,2024-09-24,Consumer Buy-Back,QC,Montreal Hub,23425,18025,70
NV100224,2026-06-14,Auction,QC,Montreal Hub,18800,15925,465
NV100225,2024-03-25,Auction,QC,Montreal Hub,20025,16750,504
NV100226,2024-03-15,Auction,AB,Calgary Hub,31175,24900,533
NV100227,2025-11-29,Consumer Buy-Back,SK,Calgary Hub,27175,21325,122
NV100228,2024-04-22,Auction,QC,Montreal Hub,49350,37825,484
NV100229,2024-12-25,Consumer Buy-Back,ON,GTA Hub,20150,17275,56
NV100230,2026-04-04,Consumer Buy-Back,QC,Montreal Hub,13350,11050,190
NV100231,2026-03-17,Trade-In,ON,GTA Hub,18725,14625,123
NV100232,2026-04-01,Auction,NB,Montreal Hub,18450,15825,428
NV100233,2025-08-01,Consumer Buy-Back,AB,Calgary Hub,22225,18850,114
NV100234,2026-08-06,Dealer Wholesale,SK,Calgary Hub,12325,9975,400
NV100235,2026-03-31,Consumer Buy-Back,NL,GTA Hub,28050,22675,133
NV100236,2026-02-08,Auction,QC,Montreal Hub,11025,9275,491
NV100237,2026-06-24,Auction,ON,GTA Hub,12575,10025,489
NV100238,2024-07-10,Consumer Buy-Back,AB,Calgary Hub,41050,36050,106
NV100239,2026-06-23,Auction,ON,GTA Hub,11050,9275,409
NV100240,2025-12-08,Auction,QC,Montreal Hub,27500,22000,391
NV100241,2026-04-03,Consumer Buy-Back,BC,Calgary Hub,31050,26275,182
NV100242,2025-10-30,Auction,BC,Calgary Hub,33850,28700,468
NV100243,2024-12-19,Trade-In,ON,GTA Hub,37750,30150,37
NV100244,2025-11-24,Auction,NB,Montreal Hub,29800,24050,469
NV100245,2025-01-09,Trade-In,ON,GTA Hub,9575,6650,87
NV100246,2026-07-14,Auction,ON,GTA Hub,17125,13925,385
NV100247,2026-06-10,Auction,ON,GTA Hub,10000,8125,475
NV100248,2024-11-10,Trade-In,ON,GTA Hub,37800,27075,104
NV100249,2025-10-30,Dealer Wholesale,AB,Calgary Hub,15825,13400,307
NV100250,2025-09-24,Auction,ON,GTA Hub,22875,18850,541
NV100251,2025-03-21,Auction,ON,GTA Hub,36225,33000,352
NV100252,2025-09-19,Consumer Buy-Back,ON,GTA Hub,12550,10800,204
NV100253,2024-06-23,Auction,AB,Calgary Hub,26025,20950,370
NV100254,2026-08-20,Auction,AB,Calgary Hub,16700,12850,396
NV100255,2026-05-13,Consumer Buy-Back,MB,Calgary Hub,15850,13325,140
NV100256,2026-03-23,Trade-In,ON,GTA Hub,16975,13100,160
NV100257,2024-08-05,Dealer Wholesale,QC,Montreal Hub,14275,12225,323
NV100258,2024-11-07,Consumer Buy-Back,QC,Montreal Hub,29250,23500,254
NV100259,2026-04-29,Consumer Buy-Back,QC,Montreal Hub,35600,30475,123
NV100260,2025-03-02,Auction,ON,GTA Hub,15875,12725,413
NV100261,2026-05-26,Dealer Wholesale,BC,Calgary Hub,23475,20450,332
NV100262,2026-02-07,Auction,ON,GTA Hub,7000,6025,510
NV100263,2026-03-01,Consumer Buy-Back,ON,GTA Hub,24825,20700,108
NV100264,2024-08-14,Auction,ON,GTA Hub,46675,40250,495
NV100265,2025-06-25,Auction,QC,Montreal Hub,15575,13575,300
NV100266,2025-03-17,Auction,NB,Montreal Hub,23850,20400,497
NV100267,2024-09-06,Auction,QC,Montreal Hub,11900,10000,449
NV100268,2025-10-29,Trade-In,QC,Montreal Hub,33200,25600,49
NV100269,2024-02-19,Consumer Buy-Back,AB,Calgary Hub,12800,10225,109
NV100270,2026-07-08,Auction,ON,GTA Hub,26150,22850,468
NV100271,2024-05-23,Auction,QC,Montreal Hub,33500,27400,470
NV100272,2026-06-05,Consumer Buy-Back,ON,GTA Hub,41675,34675,71
NV100273,2025-05-23,Consumer Buy-Back,QC,Montreal Hub,26225,21575,226
NV100274,2025-06-12,Auction,ON,GTA Hub,11625,8950,423
NV100275,2026-03-31,Auction,QC,Montreal Hub,24125,19625,318
NV100276,2024-08-30,Dealer Wholesale,ON,GTA Hub,10100,8150,399
NV100277,2025-12-17,Dealer Wholesale,ON,GTA Hub,28750,24500,289
NV100278,2026-05-03,Consumer Buy-Back,ON,GTA Hub,12100,8950,156
NV100279,2024-06-03,Auction,AB,Calgary Hub,20050,15975,484
NV100280,2025-06-13,Trade-In,ON,GTA Hub,15125,11525,0
NV100281,2026-08-19,Consumer Buy-Back,ON,GTA Hub,9075,7025,68
NV100282,2026-05-18,Auction,SK,Calgary Hub,15150,13200,560
NV100283,2024-12-24,Trade-In,QC,Montreal Hub,13750,10200,192
NV100284,2025-10-07,Auction,SK,Calgary Hub,24425,21275,476
NV100285,2026-08-22,Trade-In,ON,GTA Hub,9000,6825,161
NV100286,2024-08-20,Trade-In,BC,Calgary Hub,29450,23475,49
NV100287,2025-05-23,Auction,ON,GTA Hub,23325,18925,331
NV100288,2025-03-13,Dealer Wholesale,ON,GTA Hub,28750,24700,368
NV100289,2026-03-24,Auction,AB,Calgary Hub,11775,9100,413
NV100290,2024-03-12,Consumer Buy-Back,QC,Montreal Hub,41375,33475,203
NV100291,2024-06-27,Auction,ON,GTA Hub,28650,24200,476
NV100292,2025-05-10,Trade-In,AB,Calgary Hub,19600,15575,51
NV100293,2025-11-13,Consumer Buy-Back,QC,Montreal Hub,25375,20175,93
NV100294,2024-07-04,Consumer Buy-Back,ON,GTA Hub,28675,23675,211
NV100295,2025-12-14,Auction,QC,Montreal Hub,25450,20775,507
NV100296,2025-07-10,Consumer Buy-Back,BC,Calgary Hub,14950,12325,100
NV100297,2026-07-21,Consumer Buy-Back,QC,Montreal Hub,13200,10650,179
NV100298,2024-03-04,Trade-In,ON,GTA Hub,16450,12225,161
NV100299,2025-03-22,Auction,QC,Montreal Hub,18900,16225,370
NV100300,2025-05-07,Auction,ON,GTA Hub,28475,23250,253
NV100301,2025-04-06,Auction,ON,GTA Hub,22375,18650,358
NV100302,2024-08-18,Auction,ON,GTA Hub,7775,6025,443
NV100303,2026-05-14,Auction,ON,GTA Hub,16550,14400,382
NV100304,2026-08-04,Trade-In,ON,GTA Hub,16850,12575,11
NV100305,2025-01-14,Auction,ON,GTA Hub,20750,17325,472
NV100306,2025-04-17,Auction,SK,Calgary Hub,41450,34375,481
NV100307,2024-08-18,Auction,MB,Calgary Hub,34250,26675,447
NV100308,2025-07-31,Auction,ON,GTA Hub,8600,7650,467
NV100309,2026-01-21,Trade-In,ON,GTA Hub,18350,14000,91
NV100310,2026-05-31,Auction,ON,GTA Hub,24075,21500,503
NV100311,2024-06-30,Consumer Buy-Back,AB,Calgary Hub,15100,12825,109
NV100312,2026-08-19,Consumer Buy-Back,QC,Montreal Hub,16450,14025,62
NV100313,2025-07-23,Auction,AB,Calgary Hub,16125,11975,451
NV100314,2024-02-08,Auction,BC,Calgary Hub,16525,13925,340
NV100315,2026-04-10,Auction,SK,Calgary Hub,16325,12350,341
NV100316,2026-05-31,Trade-In,QC,Montreal Hub,18200,14525,175
NV100317,2025-04-01,Consumer Buy-Back,QC,Montreal Hub,10500,8300,193
NV100318,2024-08-09,Auction,ON,GTA Hub,20200,16675,415
NV100319,2026-05-24,Auction,ON,GTA Hub,19975,15900,427
NV100320,2025-07-14,Auction,ON,GTA Hub,40325,33950,452
NV100321,2025-02-15,Trade-In,QC,Montreal Hub,20800,15825,69
NV100322,2025-04-30,Trade-In,ON,GTA Hub,22175,17025,93
NV100323,2025-12-15,Auction,ON,GTA Hub,17850,14500,497
NV100324,2025-01-27,Consumer Buy-Back,ON,GTA Hub,19275,16075,171
NV100325,2024-07-04,Auction,AB,Calgary Hub,23350,19850,439
NV100326,2024-05-12,Dealer Wholesale,ON,GTA Hub,13550,12350,410
NV100327,2026-07-08,Auction,AB,Calgary Hub,25525,21850,411
NV100328,2026-05-13,Trade-In,ON,GTA Hub,18825,14000,137
NV100329,2025-06-21,Consumer Buy-Back,SK,Calgary Hub,30175,25075,94
NV100330,2025-02-11,Trade-In,QC,Montreal Hub,20450,16900,135
NV100331,2026-04-25,Dealer Wholesale,ON,GTA Hub,22900,19800,384
NV100332,2026-04-05,Auction,ON,GTA Hub,16475,12600,339
NV100333,2025-11-30,Trade-In,ON,GTA Hub,12300,9425,66
NV100334,2025-12-13,Consumer Buy-Back,AB,Calgary Hub,36725,30475,151
NV100335,2024-04-27,Auction,ON,GTA Hub,28350,22850,394
NV100336,2025-04-10,Dealer Wholesale,NB,Montreal Hub,15425,12375,413
NV100337,2025-04-17,Consumer Buy-Back,ON,GTA Hub,19475,14975,219
NV100338,2024-09-05,Trade-In,ON,GTA Hub,30150,23775,71
NV100339,2024-06-25,Auction,QC,Montreal Hub,33250,26825,412
NV100340,2024-04-27,Trade-In,QC,Montreal Hub,22075,16325,15
NV100341,2025-06-06,Auction,ON,GTA Hub,29900,25200,523
NV100342,2025-02-13,Trade-In,AB,Calgary Hub,23975,18850,60
NV100343,2025-09-29,Dealer Wholesale,BC,Calgary Hub,12300,10825,321
NV100344,2026-04-01,Auction,AB,Calgary Hub,13300,11225,427
NV100345,2024-06-26,Auction,MB,Calgary Hub,31175,26425,427
NV100346,2026-06-10,Dealer Wholesale,ON,GTA Hub,6925,5725,312
NV100347,2024-07-22,Auction,QC,Montreal Hub,18700,15550,363
NV100348,2024-08-07,Auction,ON,GTA Hub,15825,13300,430
NV100349,2026-03-22,Auction,ON,GTA Hub,10400,7950,505
NV100350,2024-08-05,Auction,AB,Calgary Hub,44850,39425,519
NV100351,2024-03-04,Consumer Buy-Back,ON,GTA Hub,16900,15300,165
NV100352,2024-08-24,Consumer Buy-Back,QC,Montreal Hub,23950,18200,166
NV100353,2025-12-01,Consumer Buy-Back,ON,GTA Hub,40250,34275,113
NV100354,2025-04-02,Auction,ON,GTA Hub,11800,9050,456
NV100355,2024-05-22,Dealer Wholesale,ON,GTA Hub,18500,14975,329
NV100356,2024-07-19,Consumer Buy-Back,ON,GTA Hub,17975,14375,165
NV100357,2025-05-24,Consumer Buy-Back,ON,GTA Hub,24050,18625,200
NV100358,2025-01-21,Trade-In,NB,Montreal Hub,13550,10650,135
NV100359,2025-01-30,Auction,AB,Calgary Hub,20050,16350,440
NV100360,2026-01-22,Auction,ON,GTA Hub,10325,8450,385
NV100361,2026-01-19,Auction,QC,Montreal Hub,21025,17925,500
NV100362,2025-02-04,Auction,AB,Calgary Hub,24800,20050,403
NV100363,2026-03-25,Auction,SK,Calgary Hub,41700,35825,435
NV100364,2024-06-15,Consumer Buy-Back,ON,GTA Hub,31825,26125,147
NV100365,2024-11-26,Consumer Buy-Back,QC,Montreal Hub,36125,30625,225
NV100366,2024-10-10,Dealer Wholesale,BC,Calgary Hub,23050,19025,304
NV100367,2026-02-03,Auction,ON,GTA Hub,16025,12825,389
NV100368,2024-05-11,Consumer Buy-Back,ON,GTA Hub,43275,39475,118
NV100369,2024-12-20,Auction,QC,Montreal Hub,26350,22150,427
NV100370,2025-05-26,Auction,SK,Calgary Hub,19675,16450,505
NV100371,2026-02-20,Consumer Buy-Back,SK,Calgary Hub,9275,7950,250
NV100372,2026-05-29,Auction,SK,Calgary Hub,11925,9700,442
NV100373,2024-03-06,Consumer Buy-Back,BC,Calgary Hub,18425,14825,52
NV100374,2026-03-11,Trade-In,QC,Montreal Hub,24400,19425,121
NV100375,2024-10-06,Consumer Buy-Back,NB,Montreal Hub,41500,34450,148
NV100376,2025-06-19,Trade-In,ON,GTA Hub,20375,15700,112
NV100377,2025-08-07,Consumer Buy-Back,ON,GTA Hub,11575,9300,105
NV100378,2024-10-22,Auction,SK,Calgary Hub,23600,20125,455
NV100379,2026-06-26,Auction,BC,Calgary Hub,23525,21100,439
NV100380,2024-08-04,Dealer Wholesale,ON,GTA Hub,23150,18050,417
NV100381,2026-01-04,Auction,ON,GTA Hub,11200,9275,438
NV100382,2025-09-29,Trade-In,ON,GTA Hub,9700,7350,85
NV100383,2026-07-07,Dealer Wholesale,AB,Calgary Hub,14500,12650,363
NV100384,2025-05-04,Consumer Buy-Back,NB,Montreal Hub,11975,10000,35
NV100385,2025-03-03,Dealer Wholesale,ON,GTA Hub,28375,22475,331
NV100386,2025-09-09,Trade-In,ON,GTA Hub,23025,17725,115
NV100387,2024-05-10,Auction,AB,Calgary Hub,27250,23875,360
NV100388,2025-09-01,Consumer Buy-Back,ON,GTA Hub,47925,38300,78
NV100389,2024-01-05,Auction,ON,GTA Hub,11550,10175,457
NV100390,2026-03-07,Auction,AB,Calgary Hub,6525,5325,477
NV100391,2024-09-02,Auction,QC,Montreal Hub,23450,18400,400
NV100392,2026-05-28,Consumer Buy-Back,ON,GTA Hub,22925,18700,207
NV100393,2024-03-05,Auction,ON,GTA Hub,34850,27325,371
NV100394,2024-08-22,Consumer Buy-Back,QC,Montreal Hub,11375,10000,170
NV100395,2026-07-06,Consumer Buy-Back,AB,Calgary Hub,12775,10225,227
NV100396,2024-03-16,Trade-In,ON,GTA Hub,36300,27625,86
NV100397,2025-12-09,Auction,ON,GTA Hub,24950,21375,341
NV100398,2026-08-16,Auction,NB,Montreal Hub,19725,16450,469
NV100399,2026-02-02,Trade-In,NS,GTA Hub,13325,10025,16
NV100400,2025-08-07,Auction,SK,Calgary Hub,16125,12600,435
NV100401,2024-07-02,Auction,BC,Calgary Hub,23875,20275,460
NV100402,2024-09-02,Auction,ON,GTA Hub,36075,29725,451
NV100403,2024-11-15,Auction,ON,GTA Hub,6900,6000,382
NV100404,2026-08-18,Trade-In,AB,Calgary Hub,16250,10850,60
NV100405,2026-07-16,Auction,ON,GTA Hub,25625,19875,412
NV100406,2026-01-11,Trade-In,AB,Calgary Hub,12275,9250,81
NV100407,2025-01-25,Consumer Buy-Back,ON,GTA Hub,18125,15700,276
NV100408,2026-08-27,Auction,ON,GTA Hub,13300,11600,461
NV100409,2025-01-19,Auction,ON,GTA Hub,35125,30075,391
NV100410,2025-03-21,Auction,AB,Calgary Hub,25850,22475,350
NV100411,2024-08-21,Dealer Wholesale,ON,GTA Hub,36075,29150,395
NV100412,2024-06-01,Auction,NB,Montreal Hub,27275,22725,530
NV100413,2025-07-16,Auction,BC,Calgary Hub,14550,10800,567
NV100414,2026-06-29,Dealer Wholesale,QC,Montreal Hub,25475,22275,398
NV100415,2025-12-12,Dealer Wholesale,ON,GTA Hub,15050,12050,516
NV100416,2025-05-18,Auction,AB,Calgary Hub,19950,15575,484
NV100417,2024-05-26,Auction,ON,GTA Hub,18900,14750,440
NV100418,2025-07-24,Trade-In,ON,GTA Hub,30525,22650,77
NV100419,2024-12-16,Auction,ON,GTA Hub,29475,22750,443
NV100420,2026-02-20,Auction,QC,Montreal Hub,28025,23875,471
NV100421,2024-06-18,Consumer Buy-Back,QC,Montreal Hub,18300,13475,141
NV100422,2026-01-21,Consumer Buy-Back,ON,GTA Hub,24725,20000,48
NV100423,2025-07-29,Auction,NL,GTA Hub,17450,14550,389
NV100424,2026-05-21,Auction,ON,GTA Hub,33425,27050,485
NV100425,2025-07-23,Consumer Buy-Back,ON,GTA Hub,22675,18450,281
NV100426,2025-04-09,Consumer Buy-Back,ON,GTA Hub,20950,17925,162
NV100427,2025-05-14,Consumer Buy-Back,ON,GTA Hub,28700,24450,213
NV100428,2025-06-25,Consumer Buy-Back,ON,GTA Hub,35750,30000,199
NV100429,2025-08-22,Consumer Buy-Back,ON,GTA Hub,31175,24575,185
NV100430,2025-12-25,Auction,ON,GTA Hub,17125,14450,422
NV100431,2025-09-24,Trade-In,ON,GTA Hub,13625,10700,163
NV100432,2025-09-28,Auction,ON,GTA Hub,10225,8350,409
NV100433,2026-04-20,Consumer Buy-Back,AB,Calgary Hub,24800,21525,0
NV100434,2024-11-19,Auction,AB,Calgary Hub,19000,15175,549
NV100435,2026-06-21,Auction,ON,GTA Hub,6525,5275,492
NV100436,2025-09-21,Trade-In,QC,Montreal Hub,10200,7850,207
NV100437,2025-04-30,Auction,MB,Calgary Hub,13375,11525,454
NV100438,2025-09-19,Auction,ON,GTA Hub,14325,11650,587
NV100439,2025-06-12,Auction,QC,Montreal Hub,12350,10925,436
NV100440,2025-02-02,Trade-In,ON,GTA Hub,18050,13700,95
NV100441,2025-03-24,Auction,BC,Calgary Hub,46825,40300,460
NV100442,2024-04-27,Auction,ON,GTA Hub,26175,20475,529
NV100443,2026-05-09,Auction,QC,Montreal Hub,20225,16425,476
NV100444,2025-03-28,Auction,ON,GTA Hub,8350,6750,500
NV100445,2025-12-12,Consumer Buy-Back,BC,Calgary Hub,34400,28000,144
NV100446,2025-12-09,Auction,ON,GTA Hub,17225,13825,451
NV100447,2025-02-22,Trade-In,QC,Montreal Hub,10300,8250,128
NV100448,2026-04-23,Dealer Wholesale,BC,Calgary Hub,22650,19550,265
NV100449,2024-08-24,Auction,BC,Calgary Hub,31675,28300,482
NV100450,2025-10-29,Consumer Buy-Back,ON,GTA Hub,27150,22200,75
NV100451,2024-10-28,Dealer Wholesale,BC,Calgary Hub,32650,28375,266
NV100452,2026-04-02,Auction,ON,GTA Hub,13400,10975,475
NV100453,2024-03-28,Auction,NS,GTA Hub,44550,38475,393
NV100454,2024-07-10,Consumer Buy-Back,ON,GTA Hub,17575,15225,205
NV100455,2026-02-23,Auction,ON,GTA Hub,37550,30875,529
NV100456,2026-04-08,Auction,BC,Calgary Hub,16450,14175,502
NV100457,2024-05-24,Consumer Buy-Back,BC,Calgary Hub,31875,27225,63
NV100458,2026-06-27,Consumer Buy-Back,ON,GTA Hub,23875,20275,158
NV100459,2025-05-04,Dealer Wholesale,ON,GTA Hub,34275,28775,343
NV100460,2025-08-07,Auction,QC,Montreal Hub,38500,33150,405
NV100461,2025-06-17,Consumer Buy-Back,AB,Calgary Hub,13850,11825,69
NV100462,2025-05-10,Dealer Wholesale,SK,Calgary Hub,23375,20475,288
NV100463,2026-07-28,Auction,AB,Calgary Hub,11125,8575,500
NV100464,2025-10-02,Auction,ON,GTA Hub,21625,19300,408
NV100465,2026-05-30,Auction,ON,GTA Hub,22825,16500,474
NV100466,2025-04-18,Consumer Buy-Back,QC,Montreal Hub,15350,13250,121
NV100467,2024-06-27,Consumer Buy-Back,AB,Calgary Hub,13425,11225,104
NV100468,2024-10-10,Consumer Buy-Back,QC,Montreal Hub,33300,28250,162
NV100469,2026-02-15,Auction,ON,GTA Hub,12000,10275,359
NV100470,2026-02-17,Trade-In,ON,GTA Hub,18475,14225,134
NV100471,2025-05-01,Auction,ON,GTA Hub,23075,20175,447
NV100472,2025-11-13,Trade-In,ON,GTA Hub,21025,16925,126
NV100473,2025-04-23,Auction,QC,Montreal Hub,14925,12425,466
NV100474,2025-02-26,Consumer Buy-Back,ON,GTA Hub,10675,8225,184
NV100475,2025-03-23,Auction,QC,Montreal Hub,27075,24775,440
NV100476,2026-02-18,Dealer Wholesale,QC,Montreal Hub,20400,17075,285
NV100477,2026-01-02,Auction,ON,GTA Hub,7575,6525,555
NV100478,2024-05-09,Auction,ON,GTA Hub,18700,14875,505
NV100479,2026-07-08,Auction,ON,GTA Hub,8600,7275,489
NV100480,2025-08-08,Auction,SK,Calgary Hub,20500,17850,494
NV100481,2024-08-20,Dealer Wholesale,AB,Calgary Hub,23100,20175,248
NV100482,2026-01-11,Auction,ON,GTA Hub,10875,9025,362
NV100483,2024-06-20,Auction,ON,GTA Hub,15850,13150,530
NV100484,2024-06-06,Trade-In,ON,GTA Hub,26000,21475,0
NV100485,2026-05-04,Auction,BC,Calgary Hub,35000,29475,400
NV100486,2024-01-08,Auction,QC,Montreal Hub,20025,17125,521
NV100487,2026-01-07,Trade-In,ON,GTA Hub,24850,20200,93
NV100488,2024-10-19,Consumer Buy-Back,ON,GTA Hub,13475,11250,136
NV100489,2024-10-15,Consumer Buy-Back,NB,Montreal Hub,26675,22400,157
NV100490,2025-10-26,Auction,AB,Calgary Hub,16375,14275,438
NV100491,2025-11-07,Consumer Buy-Back,NS,GTA Hub,9925,7675,87
NV100492,2026-04-18,Auction,ON,GTA Hub,13050,10600,374
NV100493,2026-05-30,Auction,BC,Calgary Hub,13575,11100,455
NV100494,2026-07-29,Auction,AB,Calgary Hub,37700,29500,459
NV100495,2024-10-18,Consumer Buy-Back,MB,Calgary Hub,16550,13650,206
NV100496,2026-05-23,Trade-In,ON,GTA Hub,38125,29800,101
NV100497,2025-02-27,Auction,QC,Montreal Hub,12575,10375,341
NV100498,2025-10-05,Auction,AB,Calgary Hub,16675,13750,382
NV100499,2026-04-02,Trade-In,QC,Montreal Hub,7725,6550,105
NV100500,2025-10-06,Dealer Wholesale,ON,GTA Hub,16575,13100,381
NV100501,2025-09-01,Auction,SK,Calgary Hub,19475,17100,559
NV100502,2024-11-09,Consumer Buy-Back,QC,Montreal Hub,24725,20050,127
NV100503,2025-05-21,Consumer Buy-Back,QC,Montreal Hub,21250,17475,174
NV100504,2026-01-08,Dealer Wholesale,ON,GTA Hub,18425,15475,366
NV100505,2024-06-21,Trade-In,SK,Calgary Hub,13325,9125,177
NV100506,2024-11-05,Auction,ON,GTA Hub,22325,19550,384
NV100507,2024-11-24,Auction,AB,Calgary Hub,14975,12800,385
NV100508,2025-10-23,Consumer Buy-Back,QC,Montreal Hub,33600,27050,123
NV100509,2025-01-13,Auction,ON,GTA Hub,21850,18400,675
NV100510,2025-03-16,Auction,ON,GTA Hub,55925,45100,449
NV100511,2026-03-27,Auction,ON,GTA Hub,13725,11575,548
NV100512,2024-10-04,Auction,ON,GTA Hub,10700,7825,480
NV100513,2026-04-06,Dealer Wholesale,ON,GTA Hub,28125,23450,365
NV100514,2026-05-31,Dealer Wholesale,ON,GTA Hub,20375,16750,418
NV100515,2026-05-18,Trade-In,ON,GTA Hub,14600,10825,10
NV100516,2024-12-03,Auction,ON,GTA Hub,34500,30325,458
NV100517,2024-09-06,Auction,ON,GTA Hub,9825,8175,496
NV100518,2024-06-04,Consumer Buy-Back,SK,Calgary Hub,18500,16400,141
NV100519,2025-07-18,Consumer Buy-Back,ON,GTA Hub,11175,9500,108
NV100520,2025-07-27,Dealer Wholesale,BC,Calgary Hub,23400,21450,369
NV100521,2024-03-07,Consumer Buy-Back,AB,Calgary Hub,34200,30025,93
NV100522,2025-08-09,Auction,ON,GTA Hub,24675,19975,386
NV100523,2026-03-16,Trade-In,ON,GTA Hub,21900,17475,165
NV100524,2026-03-08,Dealer Wholesale,ON,GTA Hub,7400,6725,450
NV100525,2025-06-23,Trade-In,AB,Calgary Hub,16050,12275,197
NV100526,2024-09-12,Auction,ON,GTA Hub,42525,35800,537
NV100527,2025-12-07,Dealer Wholesale,QC,Montreal Hub,23200,18550,422
NV100528,2024-08-05,Auction,BC,Calgary Hub,51250,42450,476
NV100529,2025-09-30,Dealer Wholesale,ON,GTA Hub,39300,34200,264
NV100530,2025-12-11,Trade-In,ON,GTA Hub,21075,15550,0
NV100531,2025-03-09,Trade-In,QC,Montreal Hub,27900,22175,168
NV100532,2026-02-05,Auction,ON,GTA Hub,12900,10925,492
NV100533,2025-05-24,Consumer Buy-Back,BC,Calgary Hub,14625,10475,204
NV100534,2026-08-02,Consumer Buy-Back,ON,GTA Hub,42350,34725,155
NV100535,2026-08-25,Auction,ON,GTA Hub,15175,12225,497
NV100536,2024-07-04,Auction,AB,Calgary Hub,16075,14075,396
NV100537,2025-11-19,Consumer Buy-Back,ON,GTA Hub,13450,11400,119
NV100538,2026-01-04,Consumer Buy-Back,AB,Calgary Hub,16600,13850,166
NV100539,2025-06-15,Trade-In,ON,GTA Hub,26425,21575,137
NV100540,2026-07-31,Auction,ON,GTA Hub,7250,5850,472
NV100541,2024-05-31,Auction,ON,GTA Hub,14350,11425,482
NV100542,2026-03-25,Trade-In,QC,Montreal Hub,27900,20700,17
NV100543,2025-11-02,Consumer Buy-Back,ON,GTA Hub,23425,18600,75
NV100544,2026-05-06,Auction,QC,Montreal Hub,20275,16850,504
NV100545,2026-02-03,Consumer Buy-Back,ON,GTA Hub,11425,9550,101
NV100546,2026-04-03,Trade-In,AB,Calgary Hub,11300,8550,121
NV100547,2024-10-13,Dealer Wholesale,QC,Montreal Hub,24100,21650,360
NV100548,2025-05-19,Auction,QC,Montreal Hub,17650,15725,506
NV100549,2026-01-18,Auction,QC,Montreal Hub,8375,7050,439
NV100550,2024-12-20,Auction,MB,Calgary Hub,29575,25600,462
NV100551,2024-08-12,Auction,AB,Calgary Hub,24950,22225,459
NV100552,2025-03-17,Auction,ON,GTA Hub,35125,30050,422
NV100553,2025-06-18,Consumer Buy-Back,QC,Montreal Hub,43425,37550,197
NV100554,2024-12-06,Trade-In,BC,Calgary Hub,16850,13950,131
NV100555,2025-05-23,Consumer Buy-Back,ON,GTA Hub,18000,14825,190
NV100556,2026-06-29,Auction,ON,GTA Hub,12950,10000,301
NV100557,2026-06-26,Trade-In,ON,GTA Hub,16350,12700,21
NV100558,2024-09-09,Trade-In,AB,Calgary Hub,36925,28300,109
NV100559,2026-08-20,Consumer Buy-Back,AB,Calgary Hub,8500,6450,125
NV100560,2024-11-24,Consumer Buy-Back,ON,GTA Hub,17800,15000,266
NV100561,2025-09-12,Auction,QC,Montreal Hub,16725,14700,452
NV100562,2026-05-16,Auction,QC,Montreal Hub,13825,11275,482
NV100563,2026-02-25,Auction,ON,GTA Hub,23500,19025,409
NV100564,2025-08-18,Dealer Wholesale,ON,GTA Hub,14825,11850,260
NV100565,2026-07-22,Consumer Buy-Back,ON,GTA Hub,18700,14400,157
NV100566,2026-07-30,Trade-In,ON,GTA Hub,20475,16750,84
NV100567,2024-05-07,Consumer Buy-Back,ON,GTA Hub,47025,38525,202
NV100568,2025-03-05,Auction,ON,GTA Hub,40700,35225,496
NV100569,2024-06-02,Trade-In,ON,GTA Hub,49825,43525,74
NV100570,2026-05-10,Consumer Buy-Back,ON,GTA Hub,21150,16275,217
NV100571,2024-05-28,Auction,ON,GTA Hub,33475,28625,408
NV100572,2026-06-04,Auction,ON,GTA Hub,25575,20900,462
NV100573,2025-11-30,Consumer Buy-Back,ON,GTA Hub,29000,22325,202
NV100574,2024-06-11,Auction,ON,GTA Hub,12350,9525,512
NV100575,2024-10-31,Consumer Buy-Back,ON,GTA Hub,18825,13950,133
NV100576,2024-12-14,Consumer Buy-Back,QC,Montreal Hub,17575,13575,138
NV100577,2026-02-24,Dealer Wholesale,ON,GTA Hub,22925,19425,321
NV100578,2024-08-21,Auction,AB,Calgary Hub,16925,13025,459
NV100579,2024-01-01,Auction,MB,Calgary Hub,18300,15775,561
NV100580,2026-04-25,Auction,ON,GTA Hub,27675,24275,358
NV100581,2024-02-22,Auction,AB,Calgary Hub,31100,25250,498
NV100582,2026-07-07,Auction,MB,Calgary Hub,20250,17625,470
NV100583,2025-07-04,Auction,ON,GTA Hub,8700,7600,420
NV100584,2025-08-09,Auction,ON,GTA Hub,23975,20950,330
NV100585,2024-09-18,Auction,BC,Calgary Hub,25100,21425,467
NV100586,2025-10-29,Dealer Wholesale,ON,GTA Hub,8600,7375,399
NV100587,2024-11-01,Auction,ON,GTA Hub,13175,11000,478
NV100588,2024-12-21,Auction,BC,Calgary Hub,28500,23650,435
NV100589,2025-03-13,Consumer Buy-Back,ON,GTA Hub,15925,13550,144
NV100590,2026-05-30,Consumer Buy-Back,QC,Montreal Hub,7175,5850,110
NV100591,2026-08-08,Auction,ON,GTA Hub,13150,11450,508
NV100592,2025-02-22,Trade-In,ON,GTA Hub,14425,12075,135
NV100593,2026-04-17,Consumer Buy-Back,ON,GTA Hub,31525,25550,94
NV100594,2026-05-08,Trade-In,ON,GTA Hub,20875,16025,114
NV100595,2026-01-31,Dealer Wholesale,ON,GTA Hub,6125,5050,279
NV100596,2024-12-23,Trade-In,NB,Montreal Hub,23050,17350,75
NV100597,2025-10-27,Dealer Wholesale,AB,Calgary Hub,37000,33400,347
NV100598,2025-11-27,Auction,SK,Calgary Hub,15525,13475,519
NV100599,2026-04-28,Consumer Buy-Back,ON,GTA Hub,26800,22600,90
NV100600,2025-07-02,Auction,ON,GTA Hub,24350,20100,423
NV100601,2024-05-10,Auction,ON,GTA Hub,15400,13600,457
NV100602,2025-07-30,Auction,ON,GTA Hub,19150,16250,462
NV100603,2025-12-30,Consumer Buy-Back,QC,Montreal Hub,12550,10450,164
NV100604,2026-06-25,Auction,QC,Montreal Hub,25400,21650,452
NV100605,2026-01-04,Consumer Buy-Back,ON,GTA Hub,12475,11125,135
NV100606,2024-06-27,Auction,ON,GTA Hub,16625,15075,371
NV100607,2024-07-17,Auction,NS,GTA Hub,11075,8150,386
NV100608,2025-05-20,Trade-In,QC,Montreal Hub,19225,15875,47
NV100609,2024-07-27,Auction,BC,Calgary Hub,10650,9550,485
NV100610,2026-03-02,Consumer Buy-Back,AB,Calgary Hub,18150,15100,207
NV100611,2024-10-12,Auction,BC,Calgary Hub,35300,26225,576
NV100612,2026-07-13,Auction,ON,GTA Hub,10975,8675,457
NV100613,2026-05-09,Auction,MB,Calgary Hub,18175,13825,390
NV100614,2024-08-06,Consumer Buy-Back,ON,GTA Hub,57700,46875,115
NV100615,2024-05-15,Auction,ON,GTA Hub,27525,22775,387
NV100616,2024-12-08,Dealer Wholesale,ON,GTA Hub,19475,16900,345
NV100617,2024-06-05,Consumer Buy-Back,ON,GTA Hub,22850,18500,278
NV100618,2025-06-04,Auction,ON,GTA Hub,33350,27575,445
NV100619,2025-11-03,Auction,ON,GTA Hub,20050,16900,373
NV100620,2024-10-24,Dealer Wholesale,ON,GTA Hub,17225,14550,371
NV100621,2025-09-07,Auction,NB,Montreal Hub,21175,16600,532
NV100622,2024-09-19,Trade-In,NS,GTA Hub,23125,18225,144
NV100623,2025-09-25,Auction,QC,Montreal Hub,16950,14275,281
NV100624,2025-06-14,Auction,AB,Calgary Hub,30300,23250,442
NV100625,2026-03-24,Auction,AB,Calgary Hub,19900,15625,376
NV100626,2026-01-07,Auction,QC,Montreal Hub,24725,20800,429
NV100627,2026-06-14,Auction,ON,GTA Hub,19600,17075,351
NV100628,2025-06-10,Consumer Buy-Back,ON,GTA Hub,29775,24475,219
NV100629,2024-08-16,Auction,ON,GTA Hub,27725,22075,507
NV100630,2025-09-14,Auction,ON,GTA Hub,19525,16625,375
NV100631,2025-03-22,Auction,AB,Calgary Hub,19200,15625,389
NV100632,2025-12-31,Auction,ON,GTA Hub,14750,11050,557
NV100633,2025-05-23,Consumer Buy-Back,ON,GTA Hub,29300,22600,149
NV100634,2024-06-12,Auction,ON,GTA Hub,13050,11575,417
NV100635,2025-06-20,Auction,QC,Montreal Hub,22775,18375,375
NV100636,2025-07-06,Auction,BC,Calgary Hub,31100,27850,356
NV100637,2024-09-28,Auction,QC,Montreal Hub,19350,15700,358
NV100638,2025-04-08,Auction,ON,GTA Hub,31700,27575,527
NV100639,2025-10-21,Auction,BC,Calgary Hub,28150,24325,483
NV100640,2024-09-07,Auction,ON,GTA Hub,9850,8025,498
NV100641,2024-04-07,Auction,QC,Montreal Hub,10850,9075,407
NV100642,2024-07-29,Dealer Wholesale,QC,Montreal Hub,13525,11550,226
NV100643,2024-08-31,Auction,ON,GTA Hub,17025,13975,534
NV100644,2024-03-11,Auction,ON,GTA Hub,9200,7700,457
NV100645,2026-01-14,Trade-In,ON,GTA Hub,21325,16125,133
NV100646,2026-05-15,Auction,NS,GTA Hub,10775,9375,411
NV100647,2025-09-29,Trade-In,ON,GTA Hub,35875,28500,0
NV100648,2025-07-10,Consumer Buy-Back,ON,GTA Hub,24425,20550,120
NV100649,2025-09-03,Trade-In,QC,Montreal Hub,12800,9225,185
NV100650,2024-07-01,Trade-In,ON,GTA Hub,13025,10575,111
NV100651,2024-02-27,Dealer Wholesale,ON,GTA Hub,18900,16100,314
NV100652,2025-07-22,Dealer Wholesale,ON,GTA Hub,23400,19025,380
NV100653,2025-11-25,Dealer Wholesale,AB,Calgary Hub,11900,10200,405
NV100654,2024-03-10,Auction,NS,GTA Hub,19250,16275,514
NV100655,2026-05-20,Consumer Buy-Back,AB,Calgary Hub,12800,10525,158
NV100656,2025-04-29,Consumer Buy-Back,ON,GTA Hub,32475,25725,141
NV100657,2024-10-18,Dealer Wholesale,QC,Montreal Hub,27100,23300,468
NV100658,2025-06-20,Consumer Buy-Back,NS,GTA Hub,15100,13250,213
NV100659,2025-07-08,Trade-In,ON,GTA Hub,18900,14150,0
NV100660,2024-03-11,Consumer Buy-Back,QC,Montreal Hub,27850,23975,181
NV100661,2024-06-28,Consumer Buy-Back,NB,Montreal Hub,11675,9575,257
NV100662,2025-07-08,Auction,QC,Montreal Hub,32800,26675,533
NV100663,2025-02-06,Auction,NS,GTA Hub,28000,22000,400
NV100664,2025-10-24,Trade-In,QC,Montreal Hub,14450,10200,184
NV100665,2025-12-31,Auction,ON,GTA Hub,47775,41200,435
NV100666,2025-10-31,Consumer Buy-Back,QC,Montreal Hub,30350,23975,186
NV100667,2024-08-05,Consumer Buy-Back,ON,GTA Hub,17675,14450,141
NV100668,2025-09-07,Auction,ON,GTA Hub,19350,16200,537
NV100669,2024-04-06,Consumer Buy-Back,AB,Calgary Hub,28025,23675,81
NV100670,2025-11-16,Auction,AB,Calgary Hub,28450,22200,505
NV100671,2024-06-02,Auction,ON,GTA Hub,23275,19875,413
NV100672,2024-10-07,Consumer Buy-Back,QC,Montreal Hub,16700,13125,66
NV100673,2026-07-06,Trade-In,ON,GTA Hub,41700,29700,82
NV100674,2025-05-15,Auction,BC,Calgary Hub,29800,27900,407
NV100675,2026-04-12,Consumer Buy-Back,BC,Calgary Hub,14925,11900,181
NV100676,2024-11-23,Auction,AB,Calgary Hub,19125,15425,403
NV100677,2024-11-25,Trade-In,BC,Calgary Hub,12125,9575,26
NV100678,2024-11-14,Auction,ON,GTA Hub,22975,19275,384
NV100679,2025-12-02,Consumer Buy-Back,ON,GTA Hub,27250,20325,146
NV100680,2025-10-14,Trade-In,BC,Calgary Hub,29375,22825,55
NV100681,2026-07-14,Consumer Buy-Back,ON,GTA Hub,25650,20625,140
NV100682,2026-03-21,Consumer Buy-Back,ON,GTA Hub,9625,7600,186
NV100683,2024-02-15,Dealer Wholesale,ON,GTA Hub,24725,18925,341
NV100684,2025-02-01,Trade-In,QC,Montreal Hub,11650,8675,100
NV100685,2026-08-14,Consumer Buy-Back,AB,Calgary Hub,22050,17825,172
NV100686,2026-06-20,Trade-In,ON,GTA Hub,51875,41825,88
NV100687,2026-02-25,Auction,ON,GTA Hub,17975,14600,396
NV100688,2026-05-23,Consumer Buy-Back,MB,Calgary Hub,27800,22250,78
NV100689,2024-11-25,Auction,QC,Montreal Hub,16900,14950,343
NV100690,2026-04-07,Auction,AB,Calgary Hub,28325,24050,377
NV100691,2025-08-14,Trade-In,AB,Calgary Hub,19000,14725,170
NV100692,2025-02-09,Auction,ON,GTA Hub,20050,17800,470
NV100693,2024-06-02,Trade-In,QC,Montreal Hub,45050,32325,106
NV100694,2024-09-15,Auction,AB,Calgary Hub,25175,20725,451
NV100695,2026-05-23,Auction,MB,Calgary Hub,13375,11400,471
NV100696,2024-01-25,Trade-In,ON,GTA Hub,20300,17050,151
NV100697,2025-11-24,Auction,NS,GTA Hub,21450,18875,426
NV100698,2025-10-20,Consumer Buy-Back,ON,GTA Hub,31825,25775,177
NV100699,2026-08-09,Trade-In,ON,GTA Hub,30600,24775,107
NV100700,2026-03-08,Consumer Buy-Back,ON,GTA Hub,20475,17950,175
NV100701,2025-04-08,Consumer Buy-Back,BC,Calgary Hub,9800,8150,112
NV100702,2025-01-02,Consumer Buy-Back,ON,GTA Hub,20850,16400,132
NV100703,2025-07-26,Trade-In,ON,GTA Hub,12725,10000,100
NV100704,2026-02-13,Dealer Wholesale,ON,GTA Hub,20925,17825,336
NV100705,2025-03-30,Consumer Buy-Back,ON,GTA Hub,19050,14750,174
NV100706,2025-05-09,Auction,BC,Calgary Hub,20050,16650,578
NV100707,2025-07-10,Auction,ON,GTA Hub,11750,9850,423
NV100708,2024-12-22,Trade-In,ON,GTA Hub,17250,12925,77
NV100709,2025-07-07,Dealer Wholesale,QC,Montreal Hub,15800,14100,313
NV100710,2024-07-03,Consumer Buy-Back,ON,GTA Hub,12000,9250,119
NV100711,2025-07-04,Trade-In,ON,GTA Hub,41325,32050,197
NV100712,2025-02-05,Auction,ON,GTA Hub,31175,25650,434
NV100713,2026-03-07,Dealer Wholesale,ON,GTA Hub,11350,9425,339
NV100714,2026-07-05,Dealer Wholesale,ON,GTA Hub,11350,9100,202
NV100715,2025-07-17,Dealer Wholesale,BC,Calgary Hub,21450,18600,272
NV100716,2025-04-16,Dealer Wholesale,ON,GTA Hub,10325,8550,429
NV100717,2026-06-17,Dealer Wholesale,AB,Calgary Hub,30100,25650,398
NV100718,2025-06-07,Consumer Buy-Back,ON,GTA Hub,19025,14900,196
NV100719,2024-04-27,Dealer Wholesale,ON,GTA Hub,13900,11250,467
NV100720,2025-03-03,Auction,QC,Montreal Hub,31525,26350,494
NV100721,2025-05-05,Consumer Buy-Back,ON,GTA Hub,28650,22975,196
NV100722,2025-08-18,Trade-In,ON,GTA Hub,11700,9225,87
NV100723,2026-05-18,Auction,QC,Montreal Hub,24200,21000,520
NV100724,2024-02-27,Dealer Wholesale,SK,Calgary Hub,33475,31825,309
NV100725,2025-11-19,Consumer Buy-Back,ON,GTA Hub,19375,16125,307
NV100726,2026-03-27,Dealer Wholesale,QC,Montreal Hub,11575,8525,380
NV100727,2025-03-07,Auction,AB,Calgary Hub,22425,18425,468
NV100728,2024-09-26,Auction,ON,GTA Hub,25525,20725,497
NV100729,2026-02-03,Trade-In,ON,GTA Hub,21775,16850,58
NV100730,2026-06-14,Auction,ON,GTA Hub,7775,6875,426
NV100731,2025-09-07,Auction,ON,GTA Hub,14425,11775,405
NV100732,2026-06-11,Auction,BC,Calgary Hub,22300,19700,461
NV100733,2025-09-26,Auction,QC,Montreal Hub,28925,23525,424
NV100734,2024-12-01,Trade-In,NL,GTA Hub,26050,20200,25
NV100735,2024-03-04,Trade-In,SK,Calgary Hub,12150,9725,98
NV100736,2026-07-31,Auction,AB,Calgary Hub,18525,14875,326
NV100737,2025-09-16,Auction,ON,GTA Hub,29575,22125,489
NV100738,2025-12-02,Auction,ON,GTA Hub,39100,33925,469
NV100739,2024-07-05,Auction,NS,GTA Hub,34125,29675,534
NV100740,2026-07-01,Auction,ON,GTA Hub,29150,23650,437
NV100741,2025-08-12,Dealer Wholesale,ON,GTA Hub,12900,10950,360
NV100742,2026-05-18,Auction,ON,GTA Hub,6300,5575,422
NV100743,2026-05-27,Auction,AB,Calgary Hub,43925,37500,535
NV100744,2024-09-12,Dealer Wholesale,ON,GTA Hub,41175,37275,386
NV100745,2026-07-27,Auction,QC,Montreal Hub,16825,14175,519
NV100746,2024-12-11,Consumer Buy-Back,BC,Calgary Hub,6375,4925,56
NV100747,2024-03-10,Consumer Buy-Back,MB,Calgary Hub,21775,18175,149
NV100748,2025-09-29,Auction,ON,GTA Hub,16800,13950,446
NV100749,2025-02-02,Auction,ON,GTA Hub,8650,7250,352
NV100750,2024-11-13,Auction,ON,GTA Hub,19075,17100,421
NV100751,2025-04-15,Dealer Wholesale,AB,Calgary Hub,25150,22550,392
NV100752,2024-05-03,Consumer Buy-Back,ON,GTA Hub,24325,21675,106
NV100753,2025-10-29,Consumer Buy-Back,BC,Calgary Hub,11775,9500,111
NV100754,2025-12-13,Consumer Buy-Back,ON,GTA Hub,16225,13200,148
NV100755,2024-09-13,Dealer Wholesale,AB,Calgary Hub,19725,17075,312
NV100756,2025-08-14,Auction,BC,Calgary Hub,27825,23800,493
NV100757,2025-09-28,Auction,ON,GTA Hub,24875,20200,440
NV100758,2025-08-12,Auction,ON,GTA Hub,20225,17750,519
NV100759,2025-06-03,Trade-In,BC,Calgary Hub,22625,17125,50
NV100760,2026-06-14,Consumer Buy-Back,AB,Calgary Hub,14550,11325,6
NV100761,2025-07-02,Consumer Buy-Back,ON,GTA Hub,19000,14800,245
NV100762,2026-04-23,Auction,QC,Montreal Hub,22575,16550,533
NV100763,2026-05-08,Dealer Wholesale,ON,GTA Hub,17675,16075,477
NV100764,2025-07-21,Auction,QC,Montreal Hub,14625,11675,426
NV100765,2024-07-24,Auction,ON,GTA Hub,17525,15050,528
NV100766,2025-04-30,Consumer Buy-Back,ON,GTA Hub,10175,8400,72
NV100767,2025-10-26,Auction,AB,Calgary Hub,28825,23100,377
NV100768,2025-09-18,Consumer Buy-Back,AB,Calgary Hub,43325,37975,108
NV100769,2026-04-25,Auction,ON,GTA Hub,10425,8900,430
NV100770,2025-08-31,Consumer Buy-Back,QC,Montreal Hub,19250,15475,181
NV100771,2026-07-05,Auction,QC,Montreal Hub,22375,18550,546
NV100772,2025-04-02,Auction,ON,GTA Hub,14625,11725,433
NV100773,2025-09-19,Auction,NS,GTA Hub,12150,9200,495
NV100774,2025-12-04,Consumer Buy-Back,ON,GTA Hub,14775,10925,101
NV100775,2025-06-25,Auction,QC,Montreal Hub,11375,9500,412
NV100776,2025-12-30,Auction,AB,Calgary Hub,14550,12600,457
NV100777,2025-01-22,Auction,ON,GTA Hub,35875,27325,458
NV100778,2024-10-29,Dealer Wholesale,BC,Calgary Hub,34150,30700,373
NV100779,2025-08-21,Auction,SK,Calgary Hub,38975,33900,417
NV100780,2024-06-19,Consumer Buy-Back,BC,Calgary Hub,41100,34025,173
NV100781,2025-06-10,Consumer Buy-Back,ON,GTA Hub,24650,20050,53
NV100782,2025-12-30,Dealer Wholesale,SK,Calgary Hub,23300,21150,425
NV100783,2026-03-19,Auction,ON,GTA Hub,13925,11825,494
NV100784,2025-04-30,Auction,QC,Montreal Hub,20675,17475,466
NV100785,2025-09-01,Auction,ON,GTA Hub,19225,16475,423
NV100786,2024-08-31,Auction,QC,Montreal Hub,33925,27850,475
NV100787,2024-10-30,Dealer Wholesale,ON,GTA Hub,19000,16950,362
NV100788,2026-01-31,Consumer Buy-Back,BC,Calgary Hub,20850,16925,247
NV100789,2024-06-27,Consumer Buy-Back,NS,GTA Hub,26125,22600,25
NV100790,2025-07-01,Consumer Buy-Back,ON,GTA Hub,14150,11750,150
NV100791,2025-12-09,Auction,ON,GTA Hub,34500,30375,346
NV100792,2025-04-01,Trade-In,ON,GTA Hub,15925,12400,87
NV100793,2025-06-23,Auction,ON,GTA Hub,20125,17825,326
NV100794,2025-04-01,Auction,BC,Calgary Hub,22875,19875,395
NV100795,2024-07-17,Auction,ON,GTA Hub,18425,14425,606
NV100796,2025-12-21,Consumer Buy-Back,AB,Calgary Hub,21050,16025,178
NV100797,2026-03-31,Dealer Wholesale,ON,GTA Hub,6325,5350,346
NV100798,2026-06-17,Auction,ON,GTA Hub,21675,18025,431
NV100799,2025-07-28,Auction,ON,GTA Hub,13000,10500,483
NV100800,2024-10-25,Auction,BC,Calgary Hub,35900,27650,453
NV100801,2024-01-25,Consumer Buy-Back,BC,Calgary Hub,48525,41400,142
NV100802,2024-11-07,Trade-In,ON,GTA Hub,27225,22325,112
NV100803,2024-08-31,Trade-In,AB,Calgary Hub,52175,44425,82
NV100804,2024-04-10,Trade-In,ON,GTA Hub,17075,12900,203
NV100805,2025-05-12,Dealer Wholesale,AB,Calgary Hub,13750,11225,385
NV100806,2026-04-18,Trade-In,ON,GTA Hub,27300,21325,74
NV100807,2025-03-20,Auction,ON,GTA Hub,17550,15225,470
NV100808,2024-10-02,Auction,QC,Montreal Hub,9800,7875,427
NV100809,2026-06-03,Trade-In,ON,GTA Hub,22925,18850,37
NV100810,2025-07-30,Trade-In,ON,GTA Hub,41650,33050,0
NV100811,2026-02-26,Auction,MB,Calgary Hub,15950,12900,551
NV100812,2025-06-25,Auction,ON,GTA Hub,19125,15925,533
NV100813,2026-07-14,Consumer Buy-Back,QC,Montreal Hub,17725,15475,125
NV100814,2026-07-05,Auction,QC,Montreal Hub,27600,24325,491
NV100815,2025-04-17,Trade-In,ON,GTA Hub,13600,10125,112
NV100816,2026-05-22,Auction,BC,Calgary Hub,13575,11125,427
NV100817,2026-06-17,Consumer Buy-Back,ON,GTA Hub,27025,19900,149
NV100818,2026-08-08,Auction,ON,GTA Hub,8950,7650,473
NV100819,2025-01-23,Consumer Buy-Back,ON,GTA Hub,34200,26350,169
NV100820,2026-03-21,Consumer Buy-Back,QC,Montreal Hub,14450,11775,163
NV100821,2024-02-29,Consumer Buy-Back,ON,GTA Hub,12275,9450,121
NV100822,2025-12-23,Consumer Buy-Back,AB,Calgary Hub,18700,15425,188
NV100823,2025-07-28,Trade-In,NS,GTA Hub,12200,9450,74
NV100824,2025-10-21,Consumer Buy-Back,ON,GTA Hub,23400,19225,108
NV100825,2026-04-28,Dealer Wholesale,ON,GTA Hub,28500,24950,400
NV100826,2025-09-07,Consumer Buy-Back,ON,GTA Hub,6850,5900,148
NV100827,2025-09-18,Auction,MB,Calgary Hub,18250,16000,468
NV100828,2026-06-02,Consumer Buy-Back,QC,Montreal Hub,11350,8725,173
NV100829,2026-07-14,Consumer Buy-Back,ON,GTA Hub,13025,9975,100
NV100830,2025-08-08,Auction,ON,GTA Hub,21675,17800,364
NV100831,2025-12-28,Trade-In,ON,GTA Hub,21675,18475,91
NV100832,2026-08-21,Auction,BC,Calgary Hub,11050,8750,510
NV100833,2025-05-15,Dealer Wholesale,ON,GTA Hub,8300,7225,404
NV100834,2026-05-08,Auction,QC,Montreal Hub,14500,12750,455
NV100835,2025-09-02,Auction,ON,GTA Hub,25950,21450,516
NV100836,2026-07-16,Auction,ON,GTA Hub,15000,13025,298
NV100837,2024-03-18,Auction,QC,Montreal Hub,9450,7375,523
NV100838,2025-09-19,Auction,ON,GTA Hub,21200,16875,400
NV100839,2026-02-25,Consumer Buy-Back,NB,Montreal Hub,20025,15950,74
NV100840,2025-10-23,Consumer Buy-Back,ON,GTA Hub,31000,26075,106
NV100841,2025-08-03,Auction,ON,GTA Hub,14500,11375,447
NV100842,2026-08-31,Auction,AB,Calgary Hub,9975,7825,404
NV100843,2025-05-26,Trade-In,AB,Calgary Hub,24575,20225,118
NV100844,2024-07-24,Trade-In,QC,Montreal Hub,18625,13875,37
NV100845,2025-11-02,Auction,ON,GTA Hub,22800,18900,445
NV100846,2024-12-14,Auction,ON,GTA Hub,14875,12300,446
NV100847,2026-04-14,Auction,QC,Montreal Hub,20650,16150,505
NV100848,2024-06-26,Auction,AB,Calgary Hub,10550,8275,412
NV100849,2024-04-23,Trade-In,ON,GTA Hub,30875,24500,23
NV100850,2025-01-08,Consumer Buy-Back,ON,GTA Hub,25400,21650,204
NV100851,2026-03-03,Consumer Buy-Back,ON,GTA Hub,9475,8000,41
NV100852,2025-09-25,Auction,ON,GTA Hub,31250,23350,478
NV100853,2025-03-23,Auction,MB,Calgary Hub,23575,19425,405
NV100854,2025-11-09,Auction,QC,Montreal Hub,15900,11950,343
NV100855,2025-02-10,Auction,ON,GTA Hub,10500,9075,542
NV100856,2025-08-27,Auction,NB,Montreal Hub,17525,14725,465
NV100857,2026-07-09,Auction,ON,GTA Hub,12025,10525,450
NV100858,2026-05-30,Auction,ON,GTA Hub,8925,7275,449
NV100859,2025-04-01,Auction,ON,GTA Hub,22400,19400,504
NV100860,2025-11-04,Consumer Buy-Back,ON,GTA Hub,15600,12900,219
NV100861,2025-03-31,Consumer Buy-Back,SK,Calgary Hub,24725,21250,165
NV100862,2024-11-29,Dealer Wholesale,ON,GTA Hub,29075,24850,357
NV100863,2025-04-16,Consumer Buy-Back,AB,Calgary Hub,10075,8000,160
NV100864,2024-05-05,Consumer Buy-Back,BC,Calgary Hub,16725,13300,131
NV100865,2024-07-25,Auction,ON,GTA Hub,20550,17100,503
NV100866,2024-05-08,Auction,ON,GTA Hub,12875,10550,435
NV100867,2026-06-11,Trade-In,ON,GTA Hub,24850,18000,56
NV100868,2025-09-26,Auction,ON,GTA Hub,11850,9875,440
NV100869,2025-12-27,Consumer Buy-Back,QC,Montreal Hub,40575,32400,63
NV100870,2025-10-02,Trade-In,ON,GTA Hub,24425,19400,133
NV100871,2025-04-10,Consumer Buy-Back,ON,GTA Hub,24950,21275,156
NV100872,2026-08-23,Trade-In,SK,Calgary Hub,10200,7650,132
NV100873,2024-12-24,Trade-In,QC,Montreal Hub,28050,20975,127
NV100874,2026-04-17,Auction,ON,GTA Hub,12625,10875,367
NV100875,2026-07-04,Auction,ON,GTA Hub,14475,11325,404
NV100876,2025-04-27,Consumer Buy-Back,ON,GTA Hub,23675,21775,234
NV100877,2026-07-19,Auction,ON,GTA Hub,20425,17050,530
NV100878,2025-01-25,Auction,ON,GTA Hub,21000,16700,414
NV100879,2024-07-10,Auction,ON,GTA Hub,32200,26100,522
NV100880,2026-04-21,Auction,ON,GTA Hub,20875,17150,520
NV100881,2026-05-14,Consumer Buy-Back,QC,Montreal Hub,16300,14575,178
NV100882,2025-10-16,Consumer Buy-Back,ON,GTA Hub,36900,29225,196
NV100883,2025-10-03,Auction,QC,Montreal Hub,24975,19525,453
NV100884,2026-07-17,Auction,ON,GTA Hub,17450,14150,451
NV100885,2024-06-10,Trade-In,QC,Montreal Hub,30350,24025,162
NV100886,2025-06-27,Auction,ON,GTA Hub,25325,20450,486
NV100887,2025-05-17,Auction,ON,GTA Hub,29150,24275,484
NV100888,2026-03-01,Dealer Wholesale,ON,GTA Hub,17975,15000,302
NV100889,2026-06-27,Auction,ON,GTA Hub,16775,13775,393
NV100890,2026-05-12,Trade-In,ON,GTA Hub,13975,10575,72
NV100891,2024-11-07,Auction,ON,GTA Hub,19800,15475,450
NV100892,2026-07-24,Consumer Buy-Back,NS,GTA Hub,26750,23275,208
NV100893,2026-07-24,Auction,NB,Montreal Hub,14100,11300,445
NV100894,2026-07-26,Consumer Buy-Back,ON,GTA Hub,24175,20175,318
NV100895,2025-04-23,Consumer Buy-Back,BC,Calgary Hub,15200,12450,186
NV100896,2025-03-31,Consumer Buy-Back,ON,GTA Hub,30725,25875,114
NV100897,2025-07-07,Consumer Buy-Back,BC,Calgary Hub,31050,25350,140
NV100898,2025-08-23,Auction,BC,Calgary Hub,21850,17950,397
NV100899,2024-01-22,Trade-In,ON,GTA Hub,22975,16725,110
NV100900,2024-09-04,Consumer Buy-Back,AB,Calgary Hub,27250,22225,178
NV100901,2025-04-11,Consumer Buy-Back,ON,GTA Hub,24700,21000,235
NV100902,2025-11-19,Consumer Buy-Back,ON,GTA Hub,32525,27600,176
NV100903,2025-05-26,Auction,QC,Montreal Hub,25825,19525,354
NV100904,2024-08-06,Consumer Buy-Back,ON,GTA Hub,20300,15925,181
NV100905,2024-12-21,Consumer Buy-Back,ON,GTA Hub,33900,28275,176
NV100906,2024-06-04,Auction,ON,GTA Hub,33000,25800,491
NV100907,2025-06-09,Auction,ON,GTA Hub,16900,13900,409
NV100908,2024-03-14,Trade-In,AB,Calgary Hub,14875,11275,153
NV100909,2026-06-14,Auction,ON,GTA Hub,12275,10800,419
NV100910,2026-07-22,Consumer Buy-Back,MB,Calgary Hub,22150,18625,146
NV100911,2025-07-17,Consumer Buy-Back,ON,GTA Hub,11775,10100,153
NV100912,2025-11-27,Auction,QC,Montreal Hub,17375,14875,471
NV100913,2026-04-20,Auction,ON,GTA Hub,23050,19350,387
NV100914,2025-12-12,Consumer Buy-Back,QC,Montreal Hub,8950,7325,137
NV100915,2025-11-09,Auction,AB,Calgary Hub,32925,26325,473
NV100916,2024-05-29,Auction,QC,Montreal Hub,13700,10975,337
NV100917,2026-07-16,Auction,ON,GTA Hub,12025,10225,430
NV100918,2026-07-11,Consumer Buy-Back,BC,Calgary Hub,23125,18950,180
NV100919,2025-09-26,Auction,ON,GTA Hub,6675,5225,408
NV100920,2025-02-18,Consumer Buy-Back,ON,GTA Hub,39800,32800,208
NV100921,2026-02-13,Consumer Buy-Back,AB,Calgary Hub,17325,14075,177
NV100922,2026-04-23,Consumer Buy-Back,BC,Calgary Hub,16025,13575,215
NV100923,2025-07-02,Consumer Buy-Back,ON,GTA Hub,22200,17475,178
NV100924,2026-08-13,Consumer Buy-Back,ON,GTA Hub,16450,13950,122
NV100925,2025-06-18,Consumer Buy-Back,AB,Calgary Hub,4875,3575,151
NV100926,2025-11-04,Dealer Wholesale,AB,Calgary Hub,39650,33375,264
NV100927,2025-07-10,Auction,ON,GTA Hub,12725,10825,444
NV100928,2026-04-28,Consumer Buy-Back,ON,GTA Hub,20525,17200,213
NV100929,2024-08-25,Dealer Wholesale,AB,Calgary Hub,12400,10375,355
NV100930,2025-05-25,Consumer Buy-Back,MB,Calgary Hub,32100,24550,176
NV100931,2025-10-15,Consumer Buy-Back,NL,GTA Hub,9725,7600,228
NV100932,2025-04-25,Consumer Buy-Back,ON,GTA Hub,42600,36075,98
NV100933,2025-06-20,Auction,ON,GTA Hub,9100,8150,531
NV100934,2025-01-23,Auction,SK,Calgary Hub,20325,16500,479
NV100935,2025-05-17,Auction,QC,Montreal Hub,16425,13325,469
NV100936,2026-04-06,Auction,ON,GTA Hub,26400,21500,348
NV100937,2026-06-22,Auction,NS,GTA Hub,13775,11725,501
NV100938,2025-05-28,Auction,QC,Montreal Hub,13600,10850,529
NV100939,2025-08-24,Consumer Buy-Back,AB,Calgary Hub,13050,10425,109
NV100940,2026-02-13,Trade-In,SK,Calgary Hub,11600,9125,186
NV100941,2025-10-27,Consumer Buy-Back,AB,Calgary Hub,17325,14300,56
NV100942,2026-01-30,Auction,ON,GTA Hub,35275,28925,438
NV100943,2026-07-08,Auction,ON,GTA Hub,37025,27725,407
NV100944,2026-05-24,Trade-In,ON,GTA Hub,23125,17750,143
NV100945,2026-03-02,Consumer Buy-Back,ON,GTA Hub,21750,18175,199
NV100946,2026-04-07,Auction,QC,Montreal Hub,19400,16425,464
NV100947,2026-07-11,Auction,QC,Montreal Hub,12300,10225,356
NV100948,2026-04-27,Auction,ON,GTA Hub,15600,13400,450
NV100949,2026-06-25,Auction,AB,Calgary Hub,19200,15200,298
NV100950,2026-05-21,Trade-In,AB,Calgary Hub,16125,12475,95
NV100951,2024-03-20,Auction,ON,GTA Hub,18525,15525,445
NV100952,2025-08-12,Dealer Wholesale,AB,Calgary Hub,7550,5875,383
NV100953,2025-05-28,Auction,QC,Montreal Hub,27625,23250,495
NV100954,2024-08-09,Dealer Wholesale,ON,GTA Hub,20950,17275,392
NV100955,2025-05-30,Auction,AB,Calgary Hub,10825,8625,474
NV100956,2026-07-03,Auction,AB,Calgary Hub,30175,25875,544
NV100957,2025-08-18,Consumer Buy-Back,ON,GTA Hub,20975,17500,132
NV100958,2026-06-27,Auction,ON,GTA Hub,47975,38825,403
NV100959,2025-07-31,Trade-In,QC,Montreal Hub,11900,9325,97
NV100960,2026-06-08,Consumer Buy-Back,ON,GTA Hub,16300,12775,168
NV100961,2025-11-15,Auction,AB,Calgary Hub,15325,11975,482
NV100962,2025-05-06,Auction,ON,GTA Hub,17325,15075,376
NV100963,2024-09-28,Consumer Buy-Back,ON,GTA Hub,18175,14450,140
NV100964,2026-03-08,Dealer Wholesale,ON,GTA Hub,12125,10225,324
NV100965,2025-11-27,Auction,QC,Montreal Hub,35775,29775,392
NV100966,2025-11-14,Dealer Wholesale,SK,Calgary Hub,18025,15675,376
NV100967,2024-08-01,Auction,AB,Calgary Hub,12850,10650,500
NV100968,2024-12-25,Consumer Buy-Back,BC,Calgary Hub,12550,10525,137
NV100969,2025-12-13,Auction,QC,Montreal Hub,39950,35225,439
NV100970,2026-08-24,Consumer Buy-Back,QC,Montreal Hub,12050,9800,185
NV100971,2026-03-10,Auction,ON,GTA Hub,15100,12475,434
NV100972,2026-02-23,Trade-In,NS,GTA Hub,22600,19700,183
NV100973,2025-07-31,Consumer Buy-Back,SK,Calgary Hub,26500,20975,87
NV100974,2025-03-01,Trade-In,ON,GTA Hub,30600,24150,174
NV100975,2024-05-19,Auction,AB,Calgary Hub,21025,17900,424
NV100976,2025-08-15,Consumer Buy-Back,ON,GTA Hub,17900,14375,62
NV100977,2024-04-12,Consumer Buy-Back,ON,GTA Hub,33800,28900,90
NV100978,2025-10-25,Consumer Buy-Back,ON,GTA Hub,40125,29525,82
NV100979,2025-06-21,Auction,ON,GTA Hub,39300,32850,441
NV100980,2025-08-20,Auction,SK,Calgary Hub,20125,16525,462
NV100981,2024-03-04,Auction,ON,GTA Hub,31625,24175,391
NV100982,2024-07-11,Auction,AB,Calgary Hub,13075,11525,409
NV100983,2025-07-08,Auction,ON,GTA Hub,23800,18925,347
NV100984,2026-03-30,Trade-In,ON,GTA Hub,12750,11025,194
NV100985,2024-09-12,Auction,ON,GTA Hub,20450,16475,589
NV100986,2024-09-06,Auction,ON,GTA Hub,36350,28775,438
NV100987,2024-07-26,Consumer Buy-Back,ON,GTA Hub,8125,6050,116
NV100988,2024-05-13,Dealer Wholesale,AB,Calgary Hub,28950,24525,349
NV100989,2025-09-05,Auction,ON,GTA Hub,11625,9000,414
NV100990,2026-02-22,Consumer Buy-Back,ON,GTA Hub,20375,15825,121
NV100991,2025-09-13,Trade-In,ON,GTA Hub,18900,15025,144
NV100992,2025-10-25,Consumer Buy-Back,ON,GTA Hub,14900,12375,257
NV100993,2025-06-15,Trade-In,ON,GTA Hub,37300,30350,167
NV100994,2025-07-29,Trade-In,ON,GTA Hub,25150,18175,55
NV100995,2025-08-29,Consumer Buy-Back,QC,Montreal Hub,16150,13825,119
NV100996,2025-08-03,Consumer Buy-Back,NS,GTA Hub,22725,18150,119
NV100997,2025-05-22,Consumer Buy-Back,BC,Calgary Hub,15200,11725,147
NV100998,2025-05-23,Auction,BC,Calgary Hub,13250,10300,572
NV100999,2025-12-25,Auction,QC,Montreal Hub,18700,15375,579
NV101000,2026-05-07,Consumer Buy-Back,QC,Montreal Hub,25825,22525,217
NV101001,2025-08-19,Consumer Buy-Back,ON,GTA Hub,13675,10875,84
NV101002,2024-09-22,Consumer Buy-Back,SK,Calgary Hub,34175,26725,202
NV101003,2026-04-03,Auction,ON,GTA Hub,28900,24250,415
NV101004,2024-04-29,Auction,AB,Calgary Hub,19125,16100,412
NV101005,2025-02-23,Trade-In,ON,GTA Hub,32000,25700,121
NV101006,2024-06-01,Auction,BC,Calgary Hub,17675,14950,478
NV101007,2025-05-14,Auction,NB,Montreal Hub,32175,27775,383
NV101008,2026-04-10,Consumer Buy-Back,AB,Calgary Hub,5375,4650,251
NV101009,2024-05-21,Consumer Buy-Back,BC,Calgary Hub,23625,19050,138
NV101010,2024-02-21,Auction,MB,Calgary Hub,26725,21925,405
NV101011,2024-01-12,Auction,ON,GTA Hub,40350,34800,423
NV101012,2026-02-04,Auction,QC,Montreal Hub,18500,16075,458
NV101013,2025-05-15,Trade-In,ON,GTA Hub,14025,11025,192
NV101014,2025-06-28,Auction,ON,GTA Hub,22300,17800,535
NV101015,2026-01-29,Trade-In,ON,GTA Hub,10700,8725,0
NV101016,2026-08-23,Auction,AB,Calgary Hub,25200,19250,517
NV101017,2024-11-12,Auction,QC,Montreal Hub,22975,19425,377
NV101018,2024-03-25,Trade-In,AB,Calgary Hub,25975,19075,54
NV101019,2025-07-24,Auction,ON,GTA Hub,23200,20250,453
NV101020,2025-08-12,Trade-In,ON,GTA Hub,28450,23250,50
NV101021,2025-05-20,Consumer Buy-Back,AB,Calgary Hub,17325,14300,64
NV101022,2026-04-27,Auction,ON,GTA Hub,13500,10850,402
NV101023,2025-01-25,Auction,AB,Calgary Hub,21975,17350,512
NV101024,2026-03-02,Consumer Buy-Back,ON,GTA Hub,10550,8500,16
NV101025,2024-05-01,Auction,AB,Calgary Hub,15525,12850,460
NV101026,2025-03-24,Dealer Wholesale,ON,GTA Hub,36975,34025,294
NV101027,2026-07-28,Auction,ON,GTA Hub,20750,18450,303
NV101028,2024-08-08,Trade-In,ON,GTA Hub,19350,15750,135
NV101029,2026-08-25,Auction,MB,Calgary Hub,13750,11025,594
NV101030,2024-04-15,Auction,AB,Calgary Hub,20400,16375,457
NV101031,2026-08-03,Consumer Buy-Back,ON,GTA Hub,11975,9525,160
NV101032,2024-07-23,Consumer Buy-Back,NS,GTA Hub,27775,23650,186
NV101033,2025-03-02,Consumer Buy-Back,BC,Calgary Hub,13800,11150,114
NV101034,2025-02-10,Auction,AB,Calgary Hub,10650,9075,377
NV101035,2025-10-26,Dealer Wholesale,AB,Calgary Hub,20300,16925,377
NV101036,2025-09-22,Consumer Buy-Back,ON,GTA Hub,27125,21675,132
NV101037,2026-05-01,Trade-In,AB,Calgary Hub,14950,12525,0
NV101038,2026-07-13,Consumer Buy-Back,ON,GTA Hub,18875,14775,227
NV101039,2025-04-04,Consumer Buy-Back,ON,GTA Hub,16150,12925,163
NV101040,2024-11-09,Consumer Buy-Back,ON,GTA Hub,25200,19825,181
NV101041,2025-09-30,Auction,ON,GTA Hub,36950,32625,513
NV101042,2025-12-06,Dealer Wholesale,QC,Montreal Hub,26475,24225,413
NV101043,2025-05-24,Auction,ON,GTA Hub,10775,8725,476
NV101044,2025-08-08,Consumer Buy-Back,ON,GTA Hub,22550,17725,250
NV101045,2026-06-27,Auction,NS,GTA Hub,19575,16450,466
NV101046,2025-01-07,Trade-In,ON,GTA Hub,24400,17525,90
NV101047,2026-03-22,Auction,ON,GTA Hub,11500,9650,453
NV101048,2024-07-27,Auction,NS,GTA Hub,29750,23225,535
NV101049,2026-07-19,Trade-In,BC,Calgary Hub,36325,28850,73
NV101050,2026-02-14,Consumer Buy-Back,BC,Calgary Hub,9050,7100,146
NV101051,2024-02-18,Auction,ON,GTA Hub,16200,12650,381
NV101052,2025-11-23,Auction,AB,Calgary Hub,12775,11400,389
NV101053,2026-07-13,Auction,ON,GTA Hub,22625,19100,396
NV101054,2025-02-28,Dealer Wholesale,ON,GTA Hub,19350,16200,315
NV101055,2025-07-25,Auction,QC,Montreal Hub,20500,17775,456
NV101056,2025-08-25,Auction,ON,GTA Hub,22825,19050,379
NV101057,2025-04-03,Consumer Buy-Back,ON,GTA Hub,18225,15675,159
NV101058,2026-05-27,Consumer Buy-Back,QC,Montreal Hub,21350,16525,216
NV101059,2025-07-16,Trade-In,BC,Calgary Hub,21600,17550,100
NV101060,2026-06-09,Auction,ON,GTA Hub,12275,10050,376
NV101061,2025-06-13,Auction,AB,Calgary Hub,14725,11700,503
NV101062,2024-12-16,Auction,AB,Calgary Hub,23600,19700,458
NV101063,2024-05-09,Auction,AB,Calgary Hub,19450,16375,519
NV101064,2025-09-19,Consumer Buy-Back,ON,GTA Hub,18100,14925,197
NV101065,2024-05-19,Auction,ON,GTA Hub,42750,34875,425
NV101066,2024-07-20,Auction,MB,Calgary Hub,14100,11925,454
NV101067,2024-05-15,Trade-In,ON,GTA Hub,20850,15175,25
NV101068,2025-04-23,Consumer Buy-Back,ON,GTA Hub,25275,22375,115
NV101069,2024-06-24,Dealer Wholesale,ON,GTA Hub,43775,36850,296
NV101070,2025-08-17,Trade-In,AB,Calgary Hub,14575,11125,91
NV101071,2025-01-17,Trade-In,ON,GTA Hub,25375,19300,154
NV101072,2024-07-14,Auction,BC,Calgary Hub,27325,23325,542
NV101073,2026-05-27,Consumer Buy-Back,QC,Montreal Hub,10200,8625,66
NV101074,2025-05-02,Auction,QC,Montreal Hub,17900,15175,386
NV101075,2025-12-16,Consumer Buy-Back,QC,Montreal Hub,20300,17500,142
NV101076,2025-06-10,Auction,ON,GTA Hub,21950,20475,415
NV101077,2026-07-22,Dealer Wholesale,NS,GTA Hub,10900,8775,365
NV101078,2025-11-10,Auction,BC,Calgary Hub,26300,23800,453
NV101079,2025-08-30,Dealer Wholesale,ON,GTA Hub,17750,14425,417
NV101080,2024-06-04,Trade-In,ON,GTA Hub,14725,11550,45
NV101081,2025-05-01,Consumer Buy-Back,ON,GTA Hub,23600,18675,207
NV101082,2026-08-05,Dealer Wholesale,BC,Calgary Hub,19700,17850,445
NV101083,2025-09-08,Consumer Buy-Back,ON,GTA Hub,17075,15175,218
NV101084,2025-09-01,Consumer Buy-Back,ON,GTA Hub,15025,11850,154
NV101085,2025-07-04,Dealer Wholesale,QC,Montreal Hub,15150,12500,442
NV101086,2026-01-01,Dealer Wholesale,ON,GTA Hub,8950,7550,511
NV101087,2025-10-22,Auction,QC,Montreal Hub,13575,11850,469
NV101088,2026-05-15,Auction,ON,GTA Hub,18700,15925,494
NV101089,2024-02-05,Consumer Buy-Back,AB,Calgary Hub,14950,12725,138
NV101090,2026-07-04,Trade-In,ON,GTA Hub,11800,8425,59
NV101091,2025-02-12,Trade-In,QC,Montreal Hub,36600,30800,110
NV101092,2024-04-07,Consumer Buy-Back,AB,Calgary Hub,19175,15750,0
NV101093,2025-01-30,Consumer Buy-Back,QC,Montreal Hub,15025,12125,185
NV101094,2026-06-23,Auction,AB,Calgary Hub,12875,10200,458
NV101095,2026-03-25,Auction,ON,GTA Hub,14575,11075,374
NV101096,2025-02-14,Auction,ON,GTA Hub,27900,23625,480
NV101097,2025-08-20,Auction,SK,Calgary Hub,18925,14300,532
NV101098,2025-07-10,Consumer Buy-Back,AB,Calgary Hub,34350,27875,256
NV101099,2026-08-11,Auction,ON,GTA Hub,13375,11400,429
NV101100,2025-05-10,Trade-In,ON,GTA Hub,20625,15650,59
NV101101,2024-12-11,Auction,QC,Montreal Hub,22075,18625,309
NV101102,2024-09-27,Dealer Wholesale,ON,GTA Hub,33125,27550,361
NV101103,2026-05-09,Auction,SK,Calgary Hub,13875,11425,479
NV101104,2024-02-29,Auction,ON,GTA Hub,19275,14875,465
NV101105,2025-11-29,Consumer Buy-Back,BC,Calgary Hub,17425,13850,220
NV101106,2026-08-13,Consumer Buy-Back,AB,Calgary Hub,17050,14050,117
NV101107,2025-02-25,Consumer Buy-Back,ON,GTA Hub,15875,13100,153
NV101108,2025-10-22,Trade-In,ON,GTA Hub,14250,11175,121
NV101109,2024-09-13,Consumer Buy-Back,AB,Calgary Hub,14700,12600,121
NV101110,2026-06-24,Trade-In,AB,Calgary Hub,11025,9200,224
NV101111,2025-07-03,Trade-In,ON,GTA Hub,30375,21200,133
NV101112,2026-05-02,Auction,ON,GTA Hub,13250,11250,566
NV101113,2025-02-01,Auction,ON,GTA Hub,15425,11925,372
NV101114,2026-06-28,Auction,ON,GTA Hub,20675,16075,498
NV101115,2024-08-22,Consumer Buy-Back,QC,Montreal Hub,15375,12500,220
NV101116,2025-07-09,Auction,ON,GTA Hub,11925,9725,344
NV101117,2026-07-24,Consumer Buy-Back,BC,Calgary Hub,15125,12525,242
NV101118,2026-02-27,Dealer Wholesale,ON,GTA Hub,24825,20475,369
NV101119,2026-02-26,Consumer Buy-Back,BC,Calgary Hub,14675,10725,191
NV101120,2024-08-09,Consumer Buy-Back,ON,GTA Hub,47875,37850,143
NV101121,2026-06-11,Consumer Buy-Back,AB,Calgary Hub,45050,35725,232
NV101122,2026-02-18,Consumer Buy-Back,QC,Montreal Hub,17525,13200,150
NV101123,2024-06-23,Consumer Buy-Back,ON,GTA Hub,11075,8825,129
NV101124,2024-11-15,Dealer Wholesale,ON,GTA Hub,19925,17025,339
NV101125,2024-08-28,Auction,ON,GTA Hub,38975,32650,545
NV101126,2025-04-02,Consumer Buy-Back,QC,Montreal Hub,19725,15950,137
NV101127,2025-06-04,Consumer Buy-Back,ON,GTA Hub,18150,14900,167
NV101128,2026-04-09,Auction,AB,Calgary Hub,19350,16200,461
NV101129,2025-10-27,Consumer Buy-Back,SK,Calgary Hub,11700,9000,84
NV101130,2024-10-08,Dealer Wholesale,AB,Calgary Hub,21525,17650,254
NV101131,2026-05-10,Auction,SK,Calgary Hub,12600,10025,433
NV101132,2025-07-07,Auction,QC,Montreal Hub,14775,11575,437
NV101133,2025-08-24,Auction,ON,GTA Hub,18275,15275,443
NV101134,2026-01-17,Auction,ON,GTA Hub,43850,34650,483
NV101135,2025-06-14,Consumer Buy-Back,ON,GTA Hub,42975,33175,102
NV101136,2024-06-04,Consumer Buy-Back,AB,Calgary Hub,28600,24425,157
NV101137,2026-08-01,Auction,ON,GTA Hub,13000,10450,391
NV101138,2026-07-12,Auction,ON,GTA Hub,28150,24950,411
NV101139,2026-04-05,Auction,ON,GTA Hub,21700,17650,312
NV101140,2024-08-11,Auction,QC,Montreal Hub,21100,16450,479
NV101141,2026-07-22,Consumer Buy-Back,ON,GTA Hub,26450,23100,55
NV101142,2025-04-14,Trade-In,ON,GTA Hub,29700,23625,47
NV101143,2026-02-10,Consumer Buy-Back,AB,Calgary Hub,26050,20675,135
NV101144,2024-05-01,Consumer Buy-Back,ON,GTA Hub,13125,10500,92
NV101145,2025-05-06,Consumer Buy-Back,ON,GTA Hub,19150,16550,249
NV101146,2026-04-06,Auction,NS,GTA Hub,40425,32275,454
NV101147,2024-06-04,Auction,ON,GTA Hub,31150,24350,338
NV101148,2025-10-12,Trade-In,QC,Montreal Hub,16850,13700,156
NV101149,2025-04-02,Auction,ON,GTA Hub,27475,20825,643
NV101150,2025-05-17,Auction,ON,GTA Hub,25425,20125,466
NV101151,2026-06-23,Trade-In,ON,GTA Hub,16200,12300,87
NV101152,2024-10-11,Auction,QC,Montreal Hub,29550,22900,447
NV101153,2025-11-11,Auction,ON,GTA Hub,41050,31025,467
NV101154,2024-05-26,Consumer Buy-Back,NS,GTA Hub,49825,42775,209
NV101155,2024-10-26,Auction,ON,GTA Hub,41075,34250,353
NV101156,2026-05-01,Trade-In,NB,Montreal Hub,23175,18400,107
NV101157,2025-11-11,Auction,AB,Calgary Hub,13700,10900,507
NV101158,2025-04-11,Consumer Buy-Back,BC,Calgary Hub,7575,5850,126
NV101159,2025-01-26,Dealer Wholesale,MB,Calgary Hub,28875,24500,340
NV101160,2025-11-03,Trade-In,AB,Calgary Hub,27725,22225,214
NV101161,2025-11-30,Auction,MB,Calgary Hub,26675,22625,331
NV101162,2024-04-12,Auction,ON,GTA Hub,12350,10825,495
NV101163,2025-07-25,Auction,NB,Montreal Hub,14175,10775,393
NV101164,2025-09-04,Trade-In,ON,GTA Hub,24600,18500,30
NV101165,2026-03-26,Auction,AB,Calgary Hub,15150,12850,383
NV101166,2025-03-17,Auction,AB,Calgary Hub,21950,16225,398
NV101167,2025-06-12,Consumer Buy-Back,ON,GTA Hub,25050,19325,96
NV101168,2026-06-12,Auction,ON,GTA Hub,21650,17725,510
NV101169,2026-08-21,Consumer Buy-Back,BC,Calgary Hub,16850,13375,75
NV101170,2026-07-29,Trade-In,AB,Calgary Hub,15850,12050,150
NV101171,2024-12-18,Auction,QC,Montreal Hub,16375,13700,312
NV101172,2026-05-19,Auction,NS,GTA Hub,13775,11125,402
NV101173,2024-03-30,Consumer Buy-Back,AB,Calgary Hub,12150,10275,118
NV101174,2025-08-30,Trade-In,BC,Calgary Hub,14875,12050,74
NV101175,2026-02-26,Auction,QC,Montreal Hub,10100,8675,466
NV101176,2025-02-16,Consumer Buy-Back,ON,GTA Hub,22950,17200,143
NV101177,2025-07-01,Consumer Buy-Back,ON,GTA Hub,24275,19850,212
NV101178,2026-03-18,Auction,ON,GTA Hub,21775,18475,439
NV101179,2026-02-14,Auction,AB,Calgary Hub,19800,16625,396
NV101180,2026-01-31,Auction,ON,GTA Hub,14875,12100,394
NV101181,2025-06-29,Auction,BC,Calgary Hub,22700,18175,474
NV101182,2024-02-18,Consumer Buy-Back,AB,Calgary Hub,14475,12225,151
NV101183,2026-03-17,Consumer Buy-Back,NS,GTA Hub,22950,18625,252
NV101184,2024-03-18,Consumer Buy-Back,NB,Montreal Hub,13025,10475,100
NV101185,2026-02-19,Dealer Wholesale,AB,Calgary Hub,18175,14875,322
NV101186,2024-05-26,Trade-In,ON,GTA Hub,22250,16675,93
NV101187,2026-02-04,Auction,AB,Calgary Hub,26700,21150,356
NV101188,2026-06-12,Consumer Buy-Back,AB,Calgary Hub,16075,12475,0
NV101189,2024-03-11,Auction,AB,Calgary Hub,7150,5550,490
NV101190,2026-04-21,Trade-In,AB,Calgary Hub,19275,14100,0
NV101191,2024-11-07,Consumer Buy-Back,ON,GTA Hub,8025,6175,165
NV101192,2024-10-05,Trade-In,ON,GTA Hub,21775,17525,111
NV101193,2026-05-01,Dealer Wholesale,QC,Montreal Hub,30675,25700,366
NV101194,2025-02-07,Consumer Buy-Back,AB,Calgary Hub,29700,24100,83
NV101195,2024-06-26,Auction,ON,GTA Hub,16700,14450,564
NV101196,2025-09-02,Consumer Buy-Back,ON,GTA Hub,31350,26625,67
NV101197,2025-06-26,Auction,SK,Calgary Hub,15325,13250,326
NV101198,2024-03-07,Trade-In,QC,Montreal Hub,17325,13900,45
NV101199,2025-02-11,Auction,QC,Montreal Hub,25075,20675,427
NV101200,2025-08-17,Consumer Buy-Back,AB,Calgary Hub,17750,14425,164
NV101201,2026-07-02,Auction,ON,GTA Hub,8775,6500,399
NV101202,2025-11-05,Auction,QC,Montreal Hub,16550,13075,444
NV101203,2024-10-23,Auction,BC,Calgary Hub,30775,26750,471
NV101204,2026-07-15,Auction,BC,Calgary Hub,22975,18600,397
NV101205,2026-08-03,Auction,ON,GTA Hub,17250,13250,536
NV101206,2025-07-11,Auction,BC,Calgary Hub,13775,11075,525
NV101207,2025-03-19,Trade-In,ON,GTA Hub,32825,23775,103
NV101208,2024-03-29,Trade-In,AB,Calgary Hub,22775,18775,109
NV101209,2024-02-15,Auction,QC,Montreal Hub,15300,13100,465
NV101210,2026-04-12,Auction,AB,Calgary Hub,19450,15575,517
NV101211,2024-12-20,Consumer Buy-Back,NB,Montreal Hub,35825,29075,225
NV101212,2024-04-27,Auction,ON,GTA Hub,19125,14400,427
NV101213,2025-07-19,Consumer Buy-Back,AB,Calgary Hub,19375,14975,145
NV101214,2024-04-24,Dealer Wholesale,ON,GTA Hub,39025,32875,289
NV101215,2025-02-09,Consumer Buy-Back,ON,GTA Hub,34225,29775,68
NV101216,2026-01-17,Consumer Buy-Back,QC,Montreal Hub,33475,28250,242
NV101217,2024-11-17,Auction,QC,Montreal Hub,18075,15525,385
NV101218,2026-07-08,Consumer Buy-Back,AB,Calgary Hub,7900,6550,123
NV101219,2025-08-30,Consumer Buy-Back,ON,GTA Hub,31800,24925,83
NV101220,2026-08-17,Consumer Buy-Back,ON,GTA Hub,25700,22525,92
NV101221,2025-01-12,Auction,SK,Calgary Hub,16900,13400,485
NV101222,2026-07-10,Trade-In,NS,GTA Hub,12150,8575,126
NV101223,2025-06-11,Trade-In,ON,GTA Hub,10125,7350,110
NV101224,2025-03-21,Auction,QC,Montreal Hub,26650,21650,465
NV101225,2026-07-26,Auction,AB,Calgary Hub,12300,11000,435
NV101226,2025-12-11,Trade-In,ON,GTA Hub,25900,18950,39
NV101227,2026-05-10,Trade-In,AB,Calgary Hub,21775,16825,128
NV101228,2026-05-29,Auction,ON,GTA Hub,11925,9350,565
NV101229,2024-12-24,Dealer Wholesale,NS,GTA Hub,20375,16375,305
NV101230,2024-05-20,Auction,NL,GTA Hub,22800,18850,537
NV101231,2026-02-05,Consumer Buy-Back,QC,Montreal Hub,8825,7175,181
NV101232,2025-01-06,Dealer Wholesale,ON,GTA Hub,24650,19950,286
NV101233,2024-11-24,Auction,NL,GTA Hub,32275,26950,490
NV101234,2024-11-18,Auction,AB,Calgary Hub,49325,41225,356
NV101235,2025-05-06,Auction,ON,GTA Hub,11625,9750,487
NV101236,2025-02-24,Auction,AB,Calgary Hub,26275,20875,442
NV101237,2024-10-28,Consumer Buy-Back,BC,Calgary Hub,21450,17900,145
NV101238,2025-02-16,Auction,SK,Calgary Hub,12475,10475,521
NV101239,2025-06-10,Dealer Wholesale,ON,GTA Hub,29025,22950,445
NV101240,2024-01-26,Auction,NS,GTA Hub,18425,15150,404
NV101241,2025-09-11,Auction,NS,GTA Hub,32300,26725,501
NV101242,2024-07-21,Consumer Buy-Back,ON,GTA Hub,25250,21625,140
NV101243,2025-07-26,Consumer Buy-Back,ON,GTA Hub,19575,15450,273
NV101244,2026-07-31,Dealer Wholesale,ON,GTA Hub,15175,12150,406
NV101245,2024-04-13,Dealer Wholesale,ON,GTA Hub,16900,13400,350
NV101246,2026-05-12,Consumer Buy-Back,QC,Montreal Hub,26175,21850,126
NV101247,2025-05-20,Consumer Buy-Back,ON,GTA Hub,21925,17850,233
NV101248,2026-03-25,Dealer Wholesale,AB,Calgary Hub,14775,12600,273
NV101249,2026-05-22,Auction,ON,GTA Hub,8250,6825,438
NV101250,2025-10-24,Trade-In,QC,Montreal Hub,27225,20450,236
NV101251,2025-10-01,Consumer Buy-Back,ON,GTA Hub,12800,9725,80
NV101252,2026-06-25,Dealer Wholesale,MB,Calgary Hub,8575,7100,434
NV101253,2024-08-07,Consumer Buy-Back,ON,GTA Hub,20950,16200,178
NV101254,2025-05-28,Consumer Buy-Back,AB,Calgary Hub,14875,11475,196
NV101255,2025-10-06,Consumer Buy-Back,ON,GTA Hub,15800,12625,173
NV101256,2024-07-12,Consumer Buy-Back,AB,Calgary Hub,13975,10900,356
NV101257,2024-06-09,Auction,MB,Calgary Hub,12400,10100,388
NV101258,2024-02-20,Consumer Buy-Back,ON,GTA Hub,22925,19075,105
NV101259,2026-08-06,Consumer Buy-Back,SK,Calgary Hub,6675,5300,212
NV101260,2025-06-08,Auction,BC,Calgary Hub,16625,13325,345
NV101261,2024-07-18,Auction,ON,GTA Hub,23100,19800,491
NV101262,2026-02-24,Auction,ON,GTA Hub,19075,15025,534
NV101263,2024-12-27,Consumer Buy-Back,ON,GTA Hub,25525,20525,151
NV101264,2024-06-05,Trade-In,ON,GTA Hub,21600,16900,108
NV101265,2026-01-04,Consumer Buy-Back,SK,Calgary Hub,11400,9450,177
NV101266,2024-03-19,Auction,QC,Montreal Hub,15875,13350,375
NV101267,2024-06-28,Trade-In,ON,GTA Hub,19625,13950,45
NV101268,2025-01-03,Consumer Buy-Back,BC,Calgary Hub,20925,16950,172
NV101269,2025-02-16,Auction,ON,GTA Hub,10850,9025,459
NV101270,2026-03-26,Consumer Buy-Back,ON,GTA Hub,22700,18275,100
NV101271,2026-08-06,Auction,ON,GTA Hub,25575,21375,436
NV101272,2025-03-07,Consumer Buy-Back,ON,GTA Hub,14350,11575,159
NV101273,2026-05-15,Trade-In,ON,GTA Hub,9275,7125,44
NV101274,2026-01-15,Consumer Buy-Back,ON,GTA Hub,10550,7550,100
NV101275,2025-05-08,Trade-In,QC,Montreal Hub,19675,14875,89
NV101276,2026-04-18,Trade-In,AB,Calgary Hub,22125,17475,182
NV101277,2026-02-04,Auction,QC,Montreal Hub,18250,16250,437
NV101278,2026-05-09,Consumer Buy-Back,SK,Calgary Hub,13100,10525,62
NV101279,2026-07-26,Consumer Buy-Back,NS,GTA Hub,11325,8650,118
NV101280,2024-05-01,Consumer Buy-Back,ON,GTA Hub,26850,22000,182
NV101281,2024-05-23,Dealer Wholesale,BC,Calgary Hub,22625,18700,448
NV101282,2024-10-30,Auction,ON,GTA Hub,27025,22250,568
NV101283,2026-07-26,Dealer Wholesale,ON,GTA Hub,15525,11800,368
NV101284,2024-11-10,Auction,ON,GTA Hub,13625,11200,546
NV101285,2024-06-23,Auction,NB,Montreal Hub,20350,17100,440
NV101286,2024-05-22,Dealer Wholesale,MB,Calgary Hub,17350,14350,329
NV101287,2026-07-19,Auction,ON,GTA Hub,29400,23375,398
NV101288,2026-04-16,Trade-In,ON,GTA Hub,11925,9175,181
NV101289,2024-11-05,Consumer Buy-Back,ON,GTA Hub,37650,31400,128
NV101290,2026-01-10,Consumer Buy-Back,QC,Montreal Hub,12700,9300,69
NV101291,2026-02-04,Auction,NS,GTA Hub,14000,11825,426
NV101292,2025-12-11,Auction,QC,Montreal Hub,12400,10200,438
NV101293,2025-03-24,Auction,ON,GTA Hub,26075,20750,445
NV101294,2024-05-15,Auction,BC,Calgary Hub,18950,16400,445
NV101295,2024-04-08,Auction,BC,Calgary Hub,24650,19850,414
NV101296,2026-03-01,Consumer Buy-Back,ON,GTA Hub,8550,6775,168
NV101297,2026-07-11,Trade-In,ON,GTA Hub,21425,17975,113
NV101298,2026-03-03,Consumer Buy-Back,QC,Montreal Hub,17725,14500,137
NV101299,2026-05-22,Dealer Wholesale,ON,GTA Hub,15450,13075,365
NV101300,2026-02-02,Consumer Buy-Back,SK,Calgary Hub,19375,15450,209
NV101301,2024-06-14,Trade-In,BC,Calgary Hub,13375,9900,84
NV101302,2025-01-20,Consumer Buy-Back,ON,GTA Hub,11475,9525,153
NV101303,2025-06-06,Consumer Buy-Back,BC,Calgary Hub,17625,14150,228
NV101304,2024-05-22,Auction,ON,GTA Hub,27675,21925,573
NV101305,2024-02-18,Dealer Wholesale,ON,GTA Hub,39625,33425,366
NV101306,2024-07-03,Auction,ON,GTA Hub,21825,17825,427
NV101307,2025-01-16,Auction,SK,Calgary Hub,17875,14475,519
NV101308,2026-06-29,Auction,BC,Calgary Hub,7675,6000,374
NV101309,2025-10-29,Consumer Buy-Back,AB,Calgary Hub,44500,36425,171
NV101310,2024-01-26,Auction,ON,GTA Hub,16025,12950,462
NV101311,2025-03-07,Auction,ON,GTA Hub,23375,20350,495
NV101312,2026-08-04,Auction,AB,Calgary Hub,29950,25450,498
NV101313,2024-12-29,Trade-In,BC,Calgary Hub,16750,13725,50
NV101314,2026-08-06,Auction,ON,GTA Hub,22850,19450,341
NV101315,2024-04-17,Dealer Wholesale,AB,Calgary Hub,15250,12925,410
NV101316,2025-04-22,Auction,AB,Calgary Hub,28250,22875,338
NV101317,2026-08-22,Consumer Buy-Back,AB,Calgary Hub,15275,12500,219
NV101318,2026-07-27,Auction,ON,GTA Hub,16075,13150,488
NV101319,2024-02-12,Auction,SK,Calgary Hub,36800,30900,465
NV101320,2024-05-12,Auction,ON,GTA Hub,15900,13175,453
NV101321,2024-04-28,Auction,ON,GTA Hub,9650,7675,406
NV101322,2024-10-23,Auction,ON,GTA Hub,17775,13275,450
NV101323,2025-06-13,Auction,NS,GTA Hub,17975,15000,463
NV101324,2024-11-06,Consumer Buy-Back,ON,GTA Hub,48950,40300,129
NV101325,2025-04-19,Auction,AB,Calgary Hub,20000,16500,450
NV101326,2025-06-06,Dealer Wholesale,ON,GTA Hub,24200,22050,225
NV101327,2025-05-01,Auction,ON,GTA Hub,10325,8450,281
NV101328,2024-01-29,Consumer Buy-Back,ON,GTA Hub,28400,23400,265
NV101329,2025-04-11,Consumer Buy-Back,QC,Montreal Hub,18225,15450,182
NV101330,2024-09-12,Consumer Buy-Back,ON,GTA Hub,27675,22125,208
NV101331,2024-10-20,Consumer Buy-Back,BC,Calgary Hub,31150,26400,97
NV101332,2025-09-07,Dealer Wholesale,BC,Calgary Hub,8800,7275,290
NV101333,2024-09-30,Consumer Buy-Back,AB,Calgary Hub,28575,23075,205
NV101334,2026-07-27,Auction,ON,GTA Hub,16350,13100,505
NV101335,2024-10-14,Consumer Buy-Back,AB,Calgary Hub,23200,19125,146
NV101336,2026-01-29,Consumer Buy-Back,ON,GTA Hub,13575,12225,270
NV101337,2026-07-12,Consumer Buy-Back,ON,GTA Hub,9800,7825,90
NV101338,2026-06-21,Consumer Buy-Back,ON,GTA Hub,11475,8700,136
NV101339,2025-09-03,Auction,ON,GTA Hub,19725,16875,451
NV101340,2026-04-15,Auction,ON,GTA Hub,15525,12825,461
NV101341,2026-07-12,Consumer Buy-Back,ON,GTA Hub,19225,15550,200
NV101342,2024-01-27,Auction,ON,GTA Hub,15175,12550,521
NV101343,2025-12-07,Consumer Buy-Back,AB,Calgary Hub,13175,10800,134
NV101344,2026-08-29,Auction,QC,Montreal Hub,22275,18350,427
NV101345,2026-04-17,Trade-In,SK,Calgary Hub,20075,15350,113
NV101346,2025-03-01,Auction,NS,GTA Hub,12575,11225,491
NV101347,2025-07-17,Auction,ON,GTA Hub,20850,16375,444
NV101348,2024-02-29,Auction,NS,GTA Hub,21125,18325,456
NV101349,2026-07-15,Auction,AB,Calgary Hub,22050,18675,511
NV101350,2024-12-28,Dealer Wholesale,QC,Montreal Hub,28300,24725,315
NV101351,2024-02-09,Auction,NL,GTA Hub,24475,21475,363
NV101352,2026-05-21,Dealer Wholesale,AB,Calgary Hub,14600,11925,313
NV101353,2025-07-26,Auction,ON,GTA Hub,29700,25300,433
NV101354,2024-09-26,Auction,ON,GTA Hub,18325,14725,425
NV101355,2026-04-17,Auction,ON,GTA Hub,17500,13975,571
NV101356,2024-07-06,Consumer Buy-Back,NS,GTA Hub,35125,28625,35
NV101357,2026-03-26,Auction,QC,Montreal Hub,15100,12525,474
NV101358,2024-04-07,Auction,ON,GTA Hub,16975,13700,589
NV101359,2025-08-15,Auction,AB,Calgary Hub,25675,21175,475
NV101360,2026-03-23,Auction,ON,GTA Hub,15275,13150,451
NV101361,2025-11-16,Dealer Wholesale,ON,GTA Hub,33000,28475,311
NV101362,2024-08-17,Trade-In,BC,Calgary Hub,5600,4125,93
NV101363,2026-06-05,Consumer Buy-Back,ON,GTA Hub,10725,8925,135
NV101364,2025-07-15,Auction,ON,GTA Hub,16375,13200,412
NV101365,2025-12-24,Auction,BC,Calgary Hub,27200,21250,441
NV101366,2025-07-16,Consumer Buy-Back,QC,Montreal Hub,19000,15300,192
NV101367,2026-03-04,Auction,ON,GTA Hub,12100,10050,472
NV101368,2024-06-05,Consumer Buy-Back,SK,Calgary Hub,16675,13600,184
NV101369,2026-04-25,Auction,BC,Calgary Hub,26550,22875,399
NV101370,2025-11-09,Consumer Buy-Back,ON,GTA Hub,30150,25650,201
NV101371,2024-12-06,Auction,ON,GTA Hub,29675,24225,395
NV101372,2024-02-27,Consumer Buy-Back,BC,Calgary Hub,33100,28700,152
NV101373,2024-12-17,Auction,QC,Montreal Hub,19200,16125,427
NV101374,2024-05-31,Auction,ON,GTA Hub,17125,14150,566
NV101375,2026-04-09,Auction,NS,GTA Hub,11875,9700,381
NV101376,2024-05-08,Auction,AB,Calgary Hub,14750,12750,513
NV101377,2025-07-15,Auction,ON,GTA Hub,20950,18300,395
NV101378,2024-03-04,Auction,ON,GTA Hub,31675,24450,530
NV101379,2025-09-28,Consumer Buy-Back,NB,Montreal Hub,21800,17150,121
NV101380,2026-07-19,Dealer Wholesale,BC,Calgary Hub,9300,7900,305
NV101381,2025-09-27,Trade-In,QC,Montreal Hub,19325,14700,161
NV101382,2025-07-31,Consumer Buy-Back,BC,Calgary Hub,30325,24100,249
NV101383,2024-08-13,Auction,ON,GTA Hub,22075,18350,565
NV101384,2025-05-19,Auction,MB,Calgary Hub,27300,24025,433
NV101385,2026-07-19,Auction,BC,Calgary Hub,11375,9600,296
NV101386,2024-07-29,Consumer Buy-Back,QC,Montreal Hub,19275,16825,151
NV101387,2024-09-22,Consumer Buy-Back,ON,GTA Hub,30075,24875,92
NV101388,2024-05-20,Consumer Buy-Back,ON,GTA Hub,28400,23150,191
NV101389,2024-08-23,Auction,ON,GTA Hub,20925,16550,442
NV101390,2024-09-16,Auction,ON,GTA Hub,30325,26025,418
NV101391,2026-02-28,Trade-In,NS,GTA Hub,9025,7000,28
NV101392,2026-01-11,Trade-In,ON,GTA Hub,14525,11225,125
NV101393,2025-09-12,Auction,AB,Calgary Hub,28475,21350,422
NV101394,2026-01-04,Auction,QC,Montreal Hub,23325,19075,460
NV101395,2025-04-27,Auction,AB,Calgary Hub,14125,11525,482
NV101396,2025-01-11,Consumer Buy-Back,SK,Calgary Hub,23750,20200,134
NV101397,2024-10-19,Consumer Buy-Back,ON,GTA Hub,24000,20275,132
NV101398,2025-05-31,Auction,ON,GTA Hub,49375,42700,515
NV101399,2024-06-04,Auction,QC,Montreal Hub,13000,9975,485
NV101400,2024-09-04,Consumer Buy-Back,NS,GTA Hub,14400,11125,236
NV101401,2024-12-25,Auction,AB,Calgary Hub,15175,12000,460
NV101402,2026-03-11,Auction,QC,Montreal Hub,12875,10875,302
NV101403,2024-03-16,Consumer Buy-Back,ON,GTA Hub,21025,17900,110
NV101404,2025-03-20,Dealer Wholesale,AB,Calgary Hub,32150,26100,279
NV101405,2024-02-03,Consumer Buy-Back,ON,GTA Hub,23650,19150,144
NV101406,2026-01-07,Auction,AB,Calgary Hub,15575,13150,443
NV101407,2026-06-09,Dealer Wholesale,ON,GTA Hub,15325,13575,395
NV101408,2025-06-16,Auction,ON,GTA Hub,14800,12550,467
NV101409,2025-10-19,Trade-In,ON,GTA Hub,17525,12375,100
NV101410,2024-04-26,Trade-In,ON,GTA Hub,22275,16975,165
NV101411,2025-08-28,Consumer Buy-Back,ON,GTA Hub,19575,14150,83
NV101412,2025-03-24,Consumer Buy-Back,AB,Calgary Hub,17850,14600,194
NV101413,2024-06-09,Consumer Buy-Back,AB,Calgary Hub,24350,20525,143
NV101414,2024-12-13,Trade-In,ON,GTA Hub,26600,21575,70
NV101415,2025-01-18,Auction,SK,Calgary Hub,13700,11225,448
NV101416,2026-06-18,Auction,ON,GTA Hub,18500,14950,440
NV101417,2025-11-28,Auction,NL,GTA Hub,21400,17150,459
NV101418,2025-12-23,Consumer Buy-Back,ON,GTA Hub,6925,5600,75
NV101419,2024-10-20,Dealer Wholesale,ON,GTA Hub,13125,10700,367
NV101420,2026-07-29,Auction,MB,Calgary Hub,16450,12950,434
NV101421,2025-01-29,Auction,ON,GTA Hub,10700,8275,462
NV101422,2025-01-17,Auction,AB,Calgary Hub,9725,8200,439
NV101423,2026-02-08,Consumer Buy-Back,SK,Calgary Hub,19100,15125,95
NV101424,2024-03-12,Consumer Buy-Back,QC,Montreal Hub,24525,21200,83
NV101425,2026-08-02,Auction,BC,Calgary Hub,9925,8100,432
NV101426,2024-12-24,Consumer Buy-Back,BC,Calgary Hub,15550,12200,120
NV101427,2026-04-02,Consumer Buy-Back,ON,GTA Hub,27000,21175,275
NV101428,2026-01-15,Consumer Buy-Back,MB,Calgary Hub,13925,11375,94
NV101429,2026-02-09,Auction,ON,GTA Hub,11325,8950,567
NV101430,2025-12-30,Auction,ON,GTA Hub,23950,18900,468
NV101431,2026-03-04,Consumer Buy-Back,ON,GTA Hub,17400,15025,220
NV101432,2025-04-13,Auction,QC,Montreal Hub,10475,8350,352
NV101433,2025-03-11,Auction,AB,Calgary Hub,13950,11650,523
NV101434,2025-03-17,Auction,BC,Calgary Hub,13325,10600,500
NV101435,2025-10-15,Auction,ON,GTA Hub,34500,28125,485
NV101436,2026-02-01,Auction,ON,GTA Hub,8000,6775,516
NV101437,2026-07-16,Consumer Buy-Back,AB,Calgary Hub,17825,15575,152
NV101438,2025-01-20,Auction,ON,GTA Hub,8125,6500,414
NV101439,2025-07-31,Auction,NB,Montreal Hub,29450,24125,412
NV101440,2025-03-19,Auction,ON,GTA Hub,9275,8175,467
NV101441,2025-11-14,Auction,ON,GTA Hub,25550,21200,347
NV101442,2025-01-25,Consumer Buy-Back,ON,GTA Hub,15000,12550,147
NV101443,2025-06-18,Auction,ON,GTA Hub,34375,28225,557
NV101444,2025-02-10,Auction,ON,GTA Hub,18175,15875,426
NV101445,2026-08-22,Trade-In,QC,Montreal Hub,10425,7475,24
NV101446,2024-03-04,Trade-In,QC,Montreal Hub,32450,25225,144
NV101447,2025-11-20,Auction,BC,Calgary Hub,31725,27000,501
NV101448,2024-08-26,Trade-In,BC,Calgary Hub,14175,10725,58
NV101449,2026-08-10,Consumer Buy-Back,QC,Montreal Hub,23725,19250,132
NV101450,2026-08-08,Auction,ON,GTA Hub,10325,7750,360
NV101451,2025-07-15,Trade-In,BC,Calgary Hub,15300,12375,143
NV101452,2025-07-12,Auction,BC,Calgary Hub,28025,23375,430
NV101453,2024-09-04,Auction,ON,GTA Hub,20800,17100,425
NV101454,2026-08-04,Auction,BC,Calgary Hub,17875,12600,539
NV101455,2026-07-16,Auction,ON,GTA Hub,24725,18600,300
NV101456,2026-02-07,Auction,ON,GTA Hub,22850,18325,427
NV101457,2024-09-04,Consumer Buy-Back,ON,GTA Hub,14750,11925,104
NV101458,2024-09-19,Dealer Wholesale,ON,GTA Hub,24050,19750,298
NV101459,2025-09-22,Consumer Buy-Back,AB,Calgary Hub,22600,20600,116
NV101460,2025-03-25,Consumer Buy-Back,ON,GTA Hub,21375,16700,222
NV101461,2024-08-08,Auction,QC,Montreal Hub,14100,12075,416
NV101462,2025-10-01,Auction,QC,Montreal Hub,33850,28850,426
NV101463,2024-08-14,Consumer Buy-Back,ON,GTA Hub,24925,20525,190
NV101464,2026-04-10,Auction,QC,Montreal Hub,9625,8100,493
NV101465,2024-03-27,Auction,ON,GTA Hub,49400,43050,516
NV101466,2025-07-26,Auction,ON,GTA Hub,22500,18000,537
NV101467,2025-05-01,Trade-In,ON,GTA Hub,25550,19125,107
NV101468,2026-06-02,Consumer Buy-Back,AB,Calgary Hub,17625,14325,215
NV101469,2025-11-29,Auction,ON,GTA Hub,13050,10525,469
NV101470,2025-05-04,Trade-In,AB,Calgary Hub,21075,15800,82
NV101471,2024-10-21,Trade-In,AB,Calgary Hub,18400,13225,180
NV101472,2025-08-26,Auction,NB,Montreal Hub,8700,7550,389
NV101473,2026-05-05,Consumer Buy-Back,ON,GTA Hub,22225,18300,152
NV101474,2025-08-18,Trade-In,AB,Calgary Hub,9050,6750,11
NV101475,2025-04-21,Auction,BC,Calgary Hub,13325,11100,477
NV101476,2026-04-03,Auction,NS,GTA Hub,15550,13025,436
NV101477,2024-08-25,Auction,ON,GTA Hub,19375,16200,538
NV101478,2025-07-27,Auction,AB,Calgary Hub,17725,14725,421
NV101479,2026-02-03,Consumer Buy-Back,QC,Montreal Hub,16525,13100,92
NV101480,2026-05-06,Consumer Buy-Back,ON,GTA Hub,11400,9100,120
NV101481,2026-01-11,Consumer Buy-Back,AB,Calgary Hub,14325,11025,117
NV101482,2024-11-16,Auction,AB,Calgary Hub,19325,15575,353
NV101483,2025-09-22,Auction,AB,Calgary Hub,16300,11875,478
NV101484,2026-06-04,Consumer Buy-Back,QC,Montreal Hub,20600,17350,110
NV101485,2025-11-25,Auction,ON,GTA Hub,27550,23250,445
NV101486,2026-05-07,Auction,ON,GTA Hub,19450,16425,450
NV101487,2025-08-17,Consumer Buy-Back,ON,GTA Hub,29900,24325,110
NV101488,2024-02-07,Auction,ON,GTA Hub,19475,17125,435
NV101489,2026-06-02,Auction,QC,Montreal Hub,17875,15225,456
NV101490,2025-08-19,Auction,ON,GTA Hub,31425,26150,483
NV101491,2025-05-28,Trade-In,ON,GTA Hub,51700,41825,88
NV101492,2024-04-29,Consumer Buy-Back,ON,GTA Hub,9500,7700,216
NV101493,2025-04-11,Consumer Buy-Back,SK,Calgary Hub,11875,9125,89
NV101494,2024-05-30,Auction,MB,Calgary Hub,21025,17125,453
NV101495,2026-05-17,Trade-In,QC,Montreal Hub,9300,6675,106
NV101496,2025-12-17,Auction,ON,GTA Hub,30125,25200,410
NV101497,2025-08-14,Dealer Wholesale,ON,GTA Hub,8925,7425,397
NV101498,2025-08-10,Auction,ON,GTA Hub,12700,10550,484
NV101499,2025-05-20,Consumer Buy-Back,MB,Calgary Hub,23425,19300,224
NV101500,2024-03-03,Consumer Buy-Back,ON,GTA Hub,49825,42525,126
NV101501,2026-05-30,Auction,AB,Calgary Hub,22925,19000,416
NV101502,2025-11-30,Auction,SK,Calgary Hub,10850,8850,454
NV101503,2026-01-12,Auction,AB,Calgary Hub,16875,14775,344
NV101504,2025-07-08,Trade-In,ON,GTA Hub,14775,11425,59
NV101505,2024-04-25,Auction,ON,GTA Hub,12300,9975,543
NV101506,2024-09-30,Consumer Buy-Back,ON,GTA Hub,24475,18875,124
NV101507,2026-06-25,Consumer Buy-Back,AB,Calgary Hub,17100,13925,216
NV101508,2024-07-29,Auction,ON,GTA Hub,11075,9250,387
NV101509,2024-12-31,Auction,ON,GTA Hub,25175,20475,520
NV101510,2025-08-08,Auction,QC,Montreal Hub,9825,8175,462
NV101511,2025-08-10,Dealer Wholesale,BC,Calgary Hub,26825,24275,448
NV101512,2026-08-25,Trade-In,ON,GTA Hub,16500,12275,107
NV101513,2024-07-07,Auction,AB,Calgary Hub,24300,20875,566
NV101514,2026-04-17,Trade-In,ON,GTA Hub,10875,8225,186
NV101515,2025-09-30,Auction,AB,Calgary Hub,25800,20850,518
NV101516,2025-06-09,Trade-In,NB,Montreal Hub,23700,16925,9
NV101517,2026-04-05,Consumer Buy-Back,ON,GTA Hub,22725,18050,114
NV101518,2024-06-13,Auction,AB,Calgary Hub,10250,8775,474
NV101519,2025-12-11,Auction,ON,GTA Hub,24750,20975,455
NV101520,2025-04-26,Auction,ON,GTA Hub,26700,23575,502
NV101521,2024-03-12,Consumer Buy-Back,ON,GTA Hub,24975,20100,53
NV101522,2024-07-16,Consumer Buy-Back,ON,GTA Hub,31850,25725,194
NV101523,2026-03-28,Consumer Buy-Back,ON,GTA Hub,20750,16475,110
NV101524,2026-08-08,Dealer Wholesale,ON,GTA Hub,27450,25575,327
NV101525,2025-01-22,Auction,BC,Calgary Hub,11650,8875,481
NV101526,2026-06-12,Auction,AB,Calgary Hub,28075,23525,489
NV101527,2025-08-30,Trade-In,ON,GTA Hub,33850,27425,19
NV101528,2026-04-15,Auction,QC,Montreal Hub,16275,12650,399
NV101529,2026-04-06,Auction,ON,GTA Hub,16950,12625,395
NV101530,2024-11-25,Auction,ON,GTA Hub,31250,24050,353
NV101531,2024-05-30,Auction,ON,GTA Hub,26725,21675,411
NV101532,2025-08-18,Dealer Wholesale,ON,GTA Hub,25850,23175,355
NV101533,2026-03-26,Auction,ON,GTA Hub,16625,14575,448
NV101534,2025-11-14,Consumer Buy-Back,QC,Montreal Hub,13350,11100,92
NV101535,2025-03-12,Consumer Buy-Back,ON,GTA Hub,20825,16425,125
NV101536,2025-06-21,Auction,AB,Calgary Hub,27625,24000,331
NV101537,2026-02-27,Trade-In,AB,Calgary Hub,11450,8375,74
NV101538,2025-11-03,Auction,ON,GTA Hub,14350,11550,467
NV101539,2024-11-17,Consumer Buy-Back,ON,GTA Hub,30300,24850,113
NV101540,2025-05-31,Auction,QC,Montreal Hub,19100,16250,424
NV101541,2026-07-21,Trade-In,NS,GTA Hub,11675,8750,110
NV101542,2025-04-13,Consumer Buy-Back,ON,GTA Hub,12325,9500,221
NV101543,2024-12-27,Trade-In,BC,Calgary Hub,18175,14500,174
NV101544,2025-01-17,Dealer Wholesale,QC,Montreal Hub,38400,34150,288
NV101545,2025-06-18,Trade-In,SK,Calgary Hub,28650,21550,30
NV101546,2025-07-18,Trade-In,ON,GTA Hub,12450,9025,80
NV101547,2026-05-25,Auction,ON,GTA Hub,13000,11050,409
NV101548,2024-08-02,Auction,ON,GTA Hub,33025,27150,406
NV101549,2024-11-09,Trade-In,AB,Calgary Hub,18875,14975,84
NV101550,2025-10-06,Auction,ON,GTA Hub,25425,21050,471
NV101551,2026-04-17,Trade-In,ON,GTA Hub,15800,11675,46
NV101552,2024-10-25,Dealer Wholesale,QC,Montreal Hub,23900,21750,329
NV101553,2024-10-16,Auction,ON,GTA Hub,23575,20950,435
NV101554,2025-12-04,Auction,MB,Calgary Hub,17525,14800,454
NV101555,2024-08-09,Consumer Buy-Back,AB,Calgary Hub,30500,24850,294
NV101556,2026-04-20,Auction,MB,Calgary Hub,14275,11900,508
NV101557,2025-06-20,Auction,ON,GTA Hub,13625,11575,440
NV101558,2026-01-23,Auction,ON,GTA Hub,17750,15600,398
NV101559,2024-06-17,Auction,AB,Calgary Hub,32825,24575,495
NV101560,2026-01-29,Dealer Wholesale,QC,Montreal Hub,10050,8800,307
NV101561,2025-07-25,Auction,ON,GTA Hub,11850,9875,341
NV101562,2025-08-17,Consumer Buy-Back,QC,Montreal Hub,27300,23700,132
NV101563,2024-05-29,Dealer Wholesale,QC,Montreal Hub,20200,16525,294
NV101564,2025-09-06,Auction,ON,GTA Hub,18325,14900,510
NV101565,2025-06-23,Dealer Wholesale,ON,GTA Hub,17300,14600,385
NV101566,2024-05-17,Auction,ON,GTA Hub,11850,9825,434
NV101567,2025-10-23,Consumer Buy-Back,ON,GTA Hub,15025,12150,160
NV101568,2025-04-03,Auction,AB,Calgary Hub,25250,19850,484
NV101569,2024-11-11,Consumer Buy-Back,BC,Calgary Hub,31800,23800,84
NV101570,2025-01-15,Auction,ON,GTA Hub,15075,11600,416
NV101571,2026-04-14,Auction,ON,GTA Hub,23425,19175,412
NV101572,2026-08-26,Consumer Buy-Back,ON,GTA Hub,27600,22925,151
NV101573,2024-05-20,Consumer Buy-Back,ON,GTA Hub,17700,14700,152
NV101574,2026-04-29,Auction,ON,GTA Hub,26850,23275,450
NV101575,2024-02-01,Auction,ON,GTA Hub,47350,38975,504
NV101576,2024-02-05,Auction,BC,Calgary Hub,16875,13350,366
NV101577,2024-02-14,Consumer Buy-Back,QC,Montreal Hub,18650,15025,58
NV101578,2025-12-03,Consumer Buy-Back,ON,GTA Hub,27225,21750,142
NV101579,2026-04-11,Dealer Wholesale,AB,Calgary Hub,20350,17000,381
NV101580,2025-11-20,Consumer Buy-Back,ON,GTA Hub,20825,16925,217
NV101581,2026-07-27,Dealer Wholesale,AB,Calgary Hub,29800,24925,351
NV101582,2026-05-18,Trade-In,NL,GTA Hub,9075,6700,91
NV101583,2026-07-26,Auction,BC,Calgary Hub,21550,18225,545
NV101584,2024-08-05,Dealer Wholesale,ON,GTA Hub,21000,17950,329
NV101585,2025-07-12,Consumer Buy-Back,AB,Calgary Hub,21125,16375,107
NV101586,2026-03-02,Dealer Wholesale,ON,GTA Hub,27400,23300,257
NV101587,2024-05-06,Auction,ON,GTA Hub,12725,10975,368
NV101588,2025-04-07,Auction,MB,Calgary Hub,8025,6350,456
NV101589,2024-01-31,Auction,ON,GTA Hub,32650,26025,430
NV101590,2024-05-28,Auction,ON,GTA Hub,15825,13175,495
NV101591,2024-01-01,Auction,ON,GTA Hub,21900,19275,387
NV101592,2026-03-14,Dealer Wholesale,AB,Calgary Hub,22725,19875,415
NV101593,2024-05-03,Consumer Buy-Back,QC,Montreal Hub,22300,18000,205
NV101594,2025-10-17,Auction,AB,Calgary Hub,23925,19650,522
NV101595,2025-05-22,Auction,ON,GTA Hub,24525,21675,404
NV101596,2025-12-12,Auction,AB,Calgary Hub,41775,33750,506
NV101597,2025-01-29,Auction,ON,GTA Hub,36725,29150,501
NV101598,2025-10-17,Consumer Buy-Back,ON,GTA Hub,16600,14000,43
NV101599,2024-04-27,Trade-In,ON,GTA Hub,45950,39350,159
NV101600,2025-09-02,Auction,ON,GTA Hub,24375,19575,385
NV101601,2025-09-02,Consumer Buy-Back,ON,GTA Hub,30625,25850,140
NV101602,2025-09-19,Auction,MB,Calgary Hub,14850,10900,341
NV101603,2026-07-21,Dealer Wholesale,ON,GTA Hub,17075,15750,323
NV101604,2026-08-29,Auction,ON,GTA Hub,18125,13925,509
NV101605,2024-08-02,Auction,ON,GTA Hub,7650,5950,366
NV101606,2025-11-07,Auction,ON,GTA Hub,20050,16850,418
NV101607,2025-07-31,Dealer Wholesale,ON,GTA Hub,16425,13100,369
NV101608,2025-08-03,Auction,ON,GTA Hub,21550,17750,382
NV101609,2024-05-28,Auction,QC,Montreal Hub,17475,14050,400
NV101610,2025-05-21,Auction,ON,GTA Hub,23900,20825,505
NV101611,2026-01-16,Auction,BC,Calgary Hub,15725,11875,503
NV101612,2026-07-22,Auction,QC,Montreal Hub,24050,19050,399
NV101613,2024-10-31,Auction,ON,GTA Hub,12300,9450,430
NV101614,2024-10-25,Consumer Buy-Back,QC,Montreal Hub,47075,37000,125
NV101615,2025-04-10,Consumer Buy-Back,ON,GTA Hub,26000,21525,175
NV101616,2024-01-23,Auction,ON,GTA Hub,23275,19050,443
NV101617,2026-06-11,Auction,ON,GTA Hub,15025,13100,468
NV101618,2025-06-23,Consumer Buy-Back,QC,Montreal Hub,12075,10175,196
NV101619,2024-07-14,Consumer Buy-Back,AB,Calgary Hub,23900,19275,92
NV101620,2025-03-04,Consumer Buy-Back,QC,Montreal Hub,12600,10775,124
NV101621,2024-08-09,Auction,ON,GTA Hub,21775,18400,417
NV101622,2026-06-13,Consumer Buy-Back,ON,GTA Hub,14825,11375,103
NV101623,2025-12-20,Dealer Wholesale,ON,GTA Hub,20700,18450,313
NV101624,2025-01-15,Dealer Wholesale,ON,GTA Hub,20400,18300,342
NV101625,2025-09-27,Dealer Wholesale,QC,Montreal Hub,25350,22075,371
NV101626,2024-11-07,Auction,ON,GTA Hub,31650,26700,489
NV101627,2026-08-28,Auction,ON,GTA Hub,15175,12050,536
NV101628,2025-08-06,Dealer Wholesale,ON,GTA Hub,28175,24350,404
NV101629,2026-04-05,Auction,QC,Montreal Hub,24350,18500,432
NV101630,2025-12-16,Auction,AB,Calgary Hub,31675,26675,574
NV101631,2025-04-06,Dealer Wholesale,ON,GTA Hub,16225,13850,300
NV101632,2024-06-18,Dealer Wholesale,ON,GTA Hub,29425,25950,298
NV101633,2026-08-24,Auction,ON,GTA Hub,20125,16725,342
NV101634,2024-02-27,Auction,SK,Calgary Hub,20950,18025,293
NV101635,2025-05-24,Consumer Buy-Back,NS,GTA Hub,24425,21825,170
NV101636,2025-05-14,Trade-In,ON,GTA Hub,24950,19850,24
NV101637,2025-03-25,Auction,SK,Calgary Hub,39350,34275,396
NV101638,2025-02-17,Consumer Buy-Back,AB,Calgary Hub,7350,5975,185
NV101639,2026-01-22,Consumer Buy-Back,ON,GTA Hub,24050,19500,244
NV101640,2025-06-10,Trade-In,ON,GTA Hub,18275,14275,98
NV101641,2025-12-14,Auction,SK,Calgary Hub,22400,18075,433
NV101642,2026-03-02,Auction,ON,GTA Hub,8250,6925,392
NV101643,2026-07-19,Consumer Buy-Back,NL,GTA Hub,10800,8150,225
NV101644,2024-12-10,Auction,ON,GTA Hub,32125,26175,450
NV101645,2026-04-27,Trade-In,ON,GTA Hub,13275,9625,147
NV101646,2026-06-26,Auction,ON,GTA Hub,15075,11925,523
NV101647,2026-08-25,Consumer Buy-Back,AB,Calgary Hub,10175,8300,126
NV101648,2025-10-19,Auction,NB,Montreal Hub,16575,13325,455
NV101649,2026-04-14,Trade-In,AB,Calgary Hub,13950,11275,107
NV101650,2024-03-26,Consumer Buy-Back,SK,Calgary Hub,22050,19175,28
NV101651,2025-09-04,Auction,ON,GTA Hub,16300,12650,536
NV101652,2024-05-10,Dealer Wholesale,ON,GTA Hub,31425,27475,363
NV101653,2026-07-15,Dealer Wholesale,ON,GTA Hub,31625,26650,320
NV101654,2026-04-21,Auction,SK,Calgary Hub,33500,28700,438
NV101655,2024-05-06,Auction,ON,GTA Hub,11075,8700,411
NV101656,2025-07-10,Auction,ON,GTA Hub,19450,16625,511
NV101657,2024-12-03,Trade-In,AB,Calgary Hub,19725,14550,41
NV101658,2026-04-18,Dealer Wholesale,ON,GTA Hub,11425,9950,343
NV101659,2026-06-16,Trade-In,ON,GTA Hub,20900,18100,30
NV101660,2025-12-06,Consumer Buy-Back,SK,Calgary Hub,33850,26075,204
NV101661,2025-08-22,Trade-In,ON,GTA Hub,14025,10800,116
NV101662,2025-07-20,Auction,ON,GTA Hub,35350,29275,484
NV101663,2026-07-18,Auction,BC,Calgary Hub,17225,14775,430
NV101664,2025-05-02,Consumer Buy-Back,QC,Montreal Hub,18300,15050,172
NV101665,2025-07-30,Auction,ON,GTA Hub,15925,13375,408
NV101666,2026-06-10,Consumer Buy-Back,AB,Calgary Hub,17925,14925,116
NV101667,2024-04-16,Auction,BC,Calgary Hub,18200,14675,462
NV101668,2025-07-09,Consumer Buy-Back,AB,Calgary Hub,19125,16250,143
NV101669,2026-06-07,Auction,ON,GTA Hub,13875,11175,478
NV101670,2025-05-07,Auction,QC,Montreal Hub,23500,19900,465
NV101671,2026-03-13,Consumer Buy-Back,ON,GTA Hub,28125,23625,108
NV101672,2024-12-12,Consumer Buy-Back,ON,GTA Hub,18675,14800,43
NV101673,2024-12-04,Auction,ON,GTA Hub,18300,16150,428
NV101674,2025-03-12,Auction,ON,GTA Hub,10825,8700,507
NV101675,2026-07-29,Auction,NS,GTA Hub,35200,30175,493
NV101676,2025-08-05,Consumer Buy-Back,ON,GTA Hub,17500,13800,153
NV101677,2024-12-26,Auction,NB,Montreal Hub,15300,12925,518
NV101678,2025-08-25,Auction,NB,Montreal Hub,10750,8750,507
NV101679,2026-08-27,Auction,BC,Calgary Hub,13150,10075,459
NV101680,2025-05-30,Trade-In,ON,GTA Hub,17625,13875,134
NV101681,2026-06-21,Trade-In,ON,GTA Hub,15300,12475,158
NV101682,2025-06-26,Dealer Wholesale,ON,GTA Hub,25575,20875,320
NV101683,2025-07-13,Auction,AB,Calgary Hub,25975,20625,514
NV101684,2024-11-08,Trade-In,QC,Montreal Hub,23400,16450,32
NV101685,2025-04-11,Trade-In,AB,Calgary Hub,22975,17775,162
NV101686,2026-03-11,Trade-In,NS,GTA Hub,27900,21300,193
NV101687,2024-04-26,Auction,BC,Calgary Hub,24725,19050,477
NV101688,2024-04-07,Auction,ON,GTA Hub,36950,30725,409
NV101689,2024-02-02,Trade-In,ON,GTA Hub,32850,25550,144
NV101690,2026-02-17,Dealer Wholesale,AB,Calgary Hub,16175,13975,251
NV101691,2025-09-19,Auction,QC,Montreal Hub,20875,17225,519
NV101692,2025-12-20,Dealer Wholesale,MB,Calgary Hub,29750,26750,362
NV101693,2025-07-17,Auction,ON,GTA Hub,18775,16325,396
NV101694,2025-09-20,Consumer Buy-Back,AB,Calgary Hub,21400,16975,125
NV101695,2025-06-26,Auction,QC,Montreal Hub,31550,24850,517
NV101696,2026-07-16,Auction,ON,GTA Hub,25475,21075,465
NV101697,2025-09-10,Consumer Buy-Back,ON,GTA Hub,21600,18000,151
NV101698,2024-03-24,Auction,ON,GTA Hub,19250,16075,468
NV101699,2025-09-01,Auction,AB,Calgary Hub,22350,17700,373
NV101700,2024-07-14,Auction,ON,GTA Hub,47950,41675,399
NV101701,2026-04-16,Auction,ON,GTA Hub,12300,9875,386
NV101702,2026-07-06,Trade-In,ON,GTA Hub,11525,8950,159
NV101703,2025-10-17,Trade-In,QC,Montreal Hub,13775,11400,130
NV101704,2024-10-27,Consumer Buy-Back,BC,Calgary Hub,24950,20125,67
NV101705,2026-08-03,Trade-In,AB,Calgary Hub,30400,22475,147
NV101706,2024-01-27,Consumer Buy-Back,ON,GTA Hub,19000,16625,102
NV101707,2025-01-18,Auction,AB,Calgary Hub,23975,20800,488
NV101708,2026-06-12,Auction,AB,Calgary Hub,23900,18700,540
NV101709,2026-06-14,Auction,ON,GTA Hub,9025,6950,395
NV101710,2026-03-29,Auction,ON,GTA Hub,23875,21175,554
NV101711,2026-01-12,Consumer Buy-Back,ON,GTA Hub,28650,23050,106
NV101712,2025-09-29,Consumer Buy-Back,ON,GTA Hub,31675,26975,148
NV101713,2025-11-01,Trade-In,ON,GTA Hub,16275,14225,124
NV101714,2024-09-26,Auction,AB,Calgary Hub,22200,17400,465
NV101715,2026-04-11,Trade-In,ON,GTA Hub,19900,16475,220
NV101716,2025-06-07,Consumer Buy-Back,SK,Calgary Hub,30900,25325,175
NV101717,2026-05-21,Consumer Buy-Back,ON,GTA Hub,21875,17500,247
NV101718,2026-01-22,Auction,ON,GTA Hub,7200,5975,486
NV101719,2025-02-12,Consumer Buy-Back,QC,Montreal Hub,21675,18575,163
NV101720,2025-03-20,Consumer Buy-Back,SK,Calgary Hub,26300,21200,114
NV101721,2026-05-02,Auction,QC,Montreal Hub,8850,6950,409
NV101722,2025-07-09,Trade-In,AB,Calgary Hub,19325,14750,76
NV101723,2025-06-29,Dealer Wholesale,ON,GTA Hub,12250,10100,263
NV101724,2025-09-23,Auction,QC,Montreal Hub,14500,11925,472
NV101725,2025-08-13,Trade-In,ON,GTA Hub,15975,11625,82
NV101726,2026-03-31,Auction,ON,GTA Hub,20950,17175,435
NV101727,2026-07-14,Trade-In,MB,Calgary Hub,13300,10775,95
NV101728,2026-03-28,Trade-In,ON,GTA Hub,20675,16300,124
NV101729,2025-05-05,Consumer Buy-Back,QC,Montreal Hub,12550,10425,145
NV101730,2025-05-19,Auction,ON,GTA Hub,12550,10275,378
NV101731,2026-03-26,Trade-In,ON,GTA Hub,9725,7900,25
NV101732,2025-02-19,Auction,ON,GTA Hub,20250,17500,455
NV101733,2025-01-19,Trade-In,ON,GTA Hub,40300,31125,78
NV101734,2024-04-20,Auction,ON,GTA Hub,19125,16125,550
NV101735,2024-12-31,Auction,MB,Calgary Hub,22825,18125,363
NV101736,2026-06-30,Trade-In,ON,GTA Hub,23200,18775,78
NV101737,2024-08-06,Trade-In,NB,Montreal Hub,26700,19250,21
NV101738,2026-01-03,Consumer Buy-Back,ON,GTA Hub,16775,14125,222
NV101739,2024-04-05,Consumer Buy-Back,ON,GTA Hub,21850,17500,214
NV101740,2026-06-19,Auction,ON,GTA Hub,19925,15900,449
NV101741,2026-08-05,Auction,NS,GTA Hub,23625,19325,380
NV101742,2025-10-22,Auction,ON,GTA Hub,17950,13225,516
NV101743,2025-09-21,Consumer Buy-Back,BC,Calgary Hub,38950,32900,114
NV101744,2025-04-19,Auction,ON,GTA Hub,12875,10900,412
NV101745,2024-06-22,Auction,AB,Calgary Hub,33675,28200,435
NV101746,2024-09-13,Consumer Buy-Back,AB,Calgary Hub,50425,45900,191
NV101747,2025-04-12,Consumer Buy-Back,MB,Calgary Hub,38800,33150,115
NV101748,2026-07-01,Trade-In,ON,GTA Hub,9600,7275,156
NV101749,2026-07-31,Auction,AB,Calgary Hub,31375,27825,419
NV101750,2026-01-01,Auction,ON,GTA Hub,20000,16650,376
NV101751,2025-11-21,Consumer Buy-Back,ON,GTA Hub,22950,17700,181
NV101752,2025-12-10,Auction,ON,GTA Hub,27675,22225,449
NV101753,2024-03-07,Auction,ON,GTA Hub,11750,10150,405
NV101754,2026-02-27,Auction,ON,GTA Hub,26625,20175,352
NV101755,2024-07-02,Auction,AB,Calgary Hub,20575,16275,461
NV101756,2026-06-11,Consumer Buy-Back,ON,GTA Hub,13325,10450,79
NV101757,2026-08-14,Trade-In,ON,GTA Hub,22275,17775,88
NV101758,2025-08-16,Auction,QC,Montreal Hub,16400,13500,477
NV101759,2026-08-09,Auction,ON,GTA Hub,9150,7700,316
NV101760,2026-08-03,Trade-In,AB,Calgary Hub,14575,12100,121
NV101761,2026-03-22,Consumer Buy-Back,AB,Calgary Hub,30150,23525,152
NV101762,2026-03-31,Auction,ON,GTA Hub,12725,10275,435
NV101763,2026-08-04,Consumer Buy-Back,ON,GTA Hub,18475,15450,78
NV101764,2024-09-29,Auction,ON,GTA Hub,8450,7175,422
NV101765,2026-04-28,Auction,ON,GTA Hub,7450,5925,472
NV101766,2026-07-31,Trade-In,AB,Calgary Hub,20900,16425,126
NV101767,2026-05-19,Auction,NB,Montreal Hub,19950,17450,554
NV101768,2025-10-16,Auction,ON,GTA Hub,25175,21700,581
NV101769,2026-05-15,Auction,ON,GTA Hub,28450,24825,447
NV101770,2026-01-30,Auction,QC,Montreal Hub,25200,19325,466
NV101771,2024-05-31,Auction,ON,GTA Hub,12125,9350,468
NV101772,2025-08-31,Auction,AB,Calgary Hub,15950,13550,493
NV101773,2025-03-16,Auction,SK,Calgary Hub,26625,22400,400
NV101774,2025-01-21,Trade-In,QC,Montreal Hub,12650,9675,165
NV101775,2026-03-10,Auction,ON,GTA Hub,26950,22775,532
NV101776,2026-01-28,Auction,ON,GTA Hub,20875,17525,413
NV101777,2024-02-08,Auction,AB,Calgary Hub,22225,18175,383
NV101778,2024-05-28,Auction,AB,Calgary Hub,32800,26800,494
NV101779,2026-05-29,Consumer Buy-Back,ON,GTA Hub,21325,18300,25
NV101780,2025-01-08,Trade-In,AB,Calgary Hub,18675,14075,147
NV101781,2024-07-16,Consumer Buy-Back,ON,GTA Hub,12825,11250,32
NV101782,2025-03-14,Auction,QC,Montreal Hub,21425,18650,485
NV101783,2026-06-29,Auction,AB,Calgary Hub,19650,16150,373
NV101784,2026-03-26,Trade-In,AB,Calgary Hub,23500,19025,173
NV101785,2024-04-14,Dealer Wholesale,QC,Montreal Hub,24625,21650,234
NV101786,2024-08-14,Consumer Buy-Back,MB,Calgary Hub,31850,26050,194
NV101787,2026-01-04,Trade-In,BC,Calgary Hub,21575,15050,53
NV101788,2025-03-31,Auction,QC,Montreal Hub,21750,17800,452
NV101789,2025-05-02,Consumer Buy-Back,ON,GTA Hub,12100,9975,211
NV101790,2026-05-16,Auction,BC,Calgary Hub,23175,17875,455
NV101791,2025-06-12,Auction,ON,GTA Hub,25725,20975,457
NV101792,2024-06-18,Auction,QC,Montreal Hub,14825,12850,513
NV101793,2025-06-12,Auction,AB,Calgary Hub,25950,22450,484
NV101794,2024-10-22,Auction,ON,GTA Hub,26350,21025,425
NV101795,2025-04-16,Auction,ON,GTA Hub,26625,23025,422
NV101796,2025-05-29,Consumer Buy-Back,ON,GTA Hub,18475,14575,85
NV101797,2024-01-06,Auction,QC,Montreal Hub,18875,16275,387
NV101798,2024-03-02,Trade-In,NB,Montreal Hub,12375,9750,135
NV101799,2026-05-06,Auction,AB,Calgary Hub,14100,11050,478
NV101800,2024-11-15,Consumer Buy-Back,NL,GTA Hub,15100,13675,84
NV101801,2026-04-21,Auction,QC,Montreal Hub,15700,14100,449
NV101802,2026-05-08,Auction,QC,Montreal Hub,11825,10200,445
NV101803,2026-07-07,Consumer Buy-Back,ON,GTA Hub,40450,35225,122
NV101804,2026-01-21,Auction,ON,GTA Hub,28425,23425,393
NV101805,2024-04-11,Auction,ON,GTA Hub,20300,18350,479
NV101806,2024-11-22,Auction,ON,GTA Hub,13000,10425,448
NV101807,2025-03-01,Auction,AB,Calgary Hub,9175,7525,553
NV101808,2025-11-17,Consumer Buy-Back,QC,Montreal Hub,13175,9850,106
NV101809,2026-06-01,Auction,ON,GTA Hub,14375,11175,386
NV101810,2024-10-06,Auction,ON,GTA Hub,17275,14100,557
NV101811,2025-05-04,Auction,ON,GTA Hub,30650,27700,387
NV101812,2025-09-19,Consumer Buy-Back,ON,GTA Hub,32775,27800,234
NV101813,2025-06-08,Consumer Buy-Back,ON,GTA Hub,18225,14150,163
NV101814,2026-02-24,Auction,NS,GTA Hub,18975,15900,360
NV101815,2026-08-25,Auction,AB,Calgary Hub,17925,14825,347
NV101816,2025-01-15,Auction,BC,Calgary Hub,18850,14475,526
NV101817,2026-02-27,Consumer Buy-Back,NB,Montreal Hub,22075,20100,16
NV101818,2024-12-11,Auction,ON,GTA Hub,23250,19375,409
NV101819,2024-07-13,Auction,MB,Calgary Hub,13800,11650,406
NV101820,2026-04-28,Dealer Wholesale,AB,Calgary Hub,13125,11225,328
NV101821,2025-03-16,Auction,AB,Calgary Hub,24150,19725,451
NV101822,2024-08-05,Consumer Buy-Back,QC,Montreal Hub,18700,15350,100
NV101823,2026-02-19,Auction,AB,Calgary Hub,24825,20750,450
NV101824,2024-09-05,Dealer Wholesale,BC,Calgary Hub,14925,12975,339
NV101825,2025-03-21,Trade-In,BC,Calgary Hub,20900,17600,35
NV101826,2024-11-15,Auction,ON,GTA Hub,16800,13675,371
NV101827,2025-12-02,Auction,ON,GTA Hub,22550,17200,467
NV101828,2026-08-12,Auction,QC,Montreal Hub,5250,4175,356
NV101829,2025-01-20,Consumer Buy-Back,ON,GTA Hub,14400,10850,185
NV101830,2025-10-18,Consumer Buy-Back,ON,GTA Hub,30225,24275,181
NV101831,2026-05-05,Consumer Buy-Back,AB,Calgary Hub,21075,18050,81
NV101832,2025-04-12,Auction,QC,Montreal Hub,8975,7150,441
NV101833,2026-06-16,Dealer Wholesale,AB,Calgary Hub,17225,13450,428
NV101834,2024-02-20,Auction,AB,Calgary Hub,21425,17100,444
NV101835,2024-08-10,Auction,ON,GTA Hub,12950,11200,446
NV101836,2025-04-03,Auction,QC,Montreal Hub,21375,17950,436
NV101837,2026-04-09,Consumer Buy-Back,ON,GTA Hub,18600,14200,195
NV101838,2025-06-06,Consumer Buy-Back,ON,GTA Hub,29325,25300,62
NV101839,2026-05-13,Dealer Wholesale,ON,GTA Hub,8450,6875,403
NV101840,2026-01-06,Auction,ON,GTA Hub,20650,17550,489
NV101841,2025-08-22,Consumer Buy-Back,ON,GTA Hub,13325,11600,195
NV101842,2025-05-30,Auction,ON,GTA Hub,26250,23025,465
NV101843,2025-03-12,Auction,ON,GTA Hub,29200,24600,397
NV101844,2026-03-07,Auction,QC,Montreal Hub,28775,25200,383
NV101845,2026-02-20,Auction,AB,Calgary Hub,40300,32775,553
NV101846,2025-04-06,Consumer Buy-Back,ON,GTA Hub,43625,35250,122
NV101847,2026-08-10,Auction,MB,Calgary Hub,9225,7500,543
NV101848,2026-05-14,Consumer Buy-Back,ON,GTA Hub,12300,10275,126
NV101849,2024-09-25,Consumer Buy-Back,ON,GTA Hub,39500,31100,198
NV101850,2026-07-27,Consumer Buy-Back,ON,GTA Hub,23000,18975,74
NV101851,2026-01-05,Auction,ON,GTA Hub,14100,11000,406
NV101852,2026-03-13,Consumer Buy-Back,ON,GTA Hub,18300,14125,104
NV101853,2024-05-13,Consumer Buy-Back,AB,Calgary Hub,11025,8850,35
NV101854,2025-05-03,Auction,ON,GTA Hub,15575,12025,262
NV101855,2024-02-13,Trade-In,ON,GTA Hub,12825,9575,132
NV101856,2024-11-03,Trade-In,NS,GTA Hub,25350,20100,46
NV101857,2026-08-01,Auction,ON,GTA Hub,19175,15425,455
NV101858,2026-05-02,Dealer Wholesale,ON,GTA Hub,12375,10325,257
NV101859,2025-09-10,Trade-In,BC,Calgary Hub,13625,10725,39
NV101860,2025-09-27,Auction,ON,GTA Hub,30575,28550,577
NV101861,2025-06-12,Auction,ON,GTA Hub,26400,21425,429
NV101862,2025-04-30,Trade-In,AB,Calgary Hub,8500,6325,73
NV101863,2026-04-26,Trade-In,BC,Calgary Hub,12550,10125,6
NV101864,2025-06-12,Dealer Wholesale,ON,GTA Hub,33825,30200,416
NV101865,2026-03-01,Consumer Buy-Back,BC,Calgary Hub,12475,8975,204
NV101866,2025-08-29,Consumer Buy-Back,ON,GTA Hub,11225,9100,146
NV101867,2026-01-10,Consumer Buy-Back,AB,Calgary Hub,24575,20150,238
NV101868,2026-01-14,Consumer Buy-Back,NS,GTA Hub,22400,18850,229
NV101869,2026-02-17,Auction,MB,Calgary Hub,9500,7325,516
NV101870,2025-11-12,Consumer Buy-Back,MB,Calgary Hub,12775,10175,94
NV101871,2025-11-04,Consumer Buy-Back,ON,GTA Hub,13875,11200,228
NV101872,2026-04-14,Consumer Buy-Back,ON,GTA Hub,19250,16675,77
NV101873,2025-08-31,Auction,ON,GTA Hub,22050,17375,557
NV101874,2024-02-18,Consumer Buy-Back,ON,GTA Hub,18675,15350,258
NV101875,2024-09-25,Trade-In,ON,GTA Hub,14725,11900,147
NV101876,2025-05-19,Auction,AB,Calgary Hub,15525,12950,426
NV101877,2026-05-07,Consumer Buy-Back,ON,GTA Hub,30700,26200,164
NV101878,2026-05-03,Consumer Buy-Back,ON,GTA Hub,22575,16700,76
NV101879,2025-01-19,Trade-In,ON,GTA Hub,18575,14550,50
NV101880,2024-07-19,Auction,AB,Calgary Hub,28650,22200,414
NV101881,2026-03-08,Auction,QC,Montreal Hub,36925,29975,452
NV101882,2026-05-06,Auction,QC,Montreal Hub,23825,19225,395
NV101883,2026-05-20,Trade-In,AB,Calgary Hub,15875,12000,206
NV101884,2026-05-10,Consumer Buy-Back,ON,GTA Hub,12800,11100,92
NV101885,2026-01-05,Auction,BC,Calgary Hub,7150,6050,390
NV101886,2026-07-09,Consumer Buy-Back,AB,Calgary Hub,13250,10525,241
NV101887,2025-12-30,Consumer Buy-Back,NL,GTA Hub,17800,15475,95
NV101888,2025-08-04,Consumer Buy-Back,AB,Calgary Hub,22225,18450,181
NV101889,2025-05-08,Trade-In,BC,Calgary Hub,20400,16100,11
NV101890,2025-07-03,Consumer Buy-Back,ON,GTA Hub,20200,16400,100
NV101891,2025-11-15,Auction,AB,Calgary Hub,46675,40275,400
NV101892,2026-01-01,Dealer Wholesale,AB,Calgary Hub,12125,10375,355
NV101893,2025-05-01,Auction,BC,Calgary Hub,51925,42050,417
NV101894,2024-06-20,Dealer Wholesale,ON,GTA Hub,15500,12975,286
NV101895,2026-03-15,Consumer Buy-Back,BC,Calgary Hub,32800,26725,85
NV101896,2024-10-02,Auction,ON,GTA Hub,12175,10225,469
NV101897,2024-10-29,Auction,NS,GTA Hub,15875,13475,474
NV101898,2024-04-28,Consumer Buy-Back,ON,GTA Hub,29350,24550,183
NV101899,2025-10-20,Consumer Buy-Back,AB,Calgary Hub,25950,20275,203
NV101900,2024-01-13,Auction,ON,GTA Hub,18475,16000,463
NV101901,2024-11-15,Consumer Buy-Back,ON,GTA Hub,15550,12350,159
NV101902,2025-01-09,Consumer Buy-Back,QC,Montreal Hub,16750,13350,139
NV101903,2025-02-22,Consumer Buy-Back,ON,GTA Hub,33600,26550,252
NV101904,2025-04-24,Auction,MB,Calgary Hub,16975,13550,496
NV101905,2024-11-10,Auction,ON,GTA Hub,9400,8125,359
NV101906,2025-03-14,Trade-In,NS,GTA Hub,30975,22150,121
NV101907,2026-01-10,Auction,ON,GTA Hub,10175,8700,540
NV101908,2025-10-21,Auction,QC,Montreal Hub,16725,13575,425
NV101909,2025-05-18,Consumer Buy-Back,ON,GTA Hub,17075,13250,100
NV101910,2026-03-23,Auction,ON,GTA Hub,13875,11050,541
NV101911,2025-01-21,Trade-In,SK,Calgary Hub,19925,13375,176
NV101912,2025-12-17,Consumer Buy-Back,QC,Montreal Hub,23700,20350,64
NV101913,2026-02-14,Auction,QC,Montreal Hub,37150,32250,353
NV101914,2025-05-21,Consumer Buy-Back,NB,Montreal Hub,24900,20725,100
NV101915,2025-08-16,Auction,ON,GTA Hub,7375,5600,506
NV101916,2025-09-22,Auction,ON,GTA Hub,22525,19575,611
NV101917,2026-06-24,Consumer Buy-Back,ON,GTA Hub,15450,12875,223
NV101918,2024-10-31,Consumer Buy-Back,ON,GTA Hub,14150,11875,250
NV101919,2025-06-15,Consumer Buy-Back,ON,GTA Hub,19125,16075,220
NV101920,2025-08-11,Consumer Buy-Back,ON,GTA Hub,38050,32400,84
NV101921,2024-05-31,Auction,AB,Calgary Hub,34050,29475,392
NV101922,2024-11-19,Dealer Wholesale,ON,GTA Hub,18550,16875,303
NV101923,2025-10-13,Auction,QC,Montreal Hub,30475,26100,422
NV101924,2024-07-23,Trade-In,SK,Calgary Hub,29775,23325,152
NV101925,2025-03-25,Auction,QC,Montreal Hub,15875,13525,464
NV101926,2026-05-02,Consumer Buy-Back,AB,Calgary Hub,16900,13600,141
NV101927,2026-03-04,Auction,ON,GTA Hub,12875,11125,435
NV101928,2024-03-17,Trade-In,AB,Calgary Hub,18675,14650,20
NV101929,2026-01-18,Trade-In,ON,GTA Hub,11050,8725,46
NV101930,2024-10-23,Dealer Wholesale,ON,GTA Hub,17925,14250,294
NV101931,2024-12-04,Consumer Buy-Back,ON,GTA Hub,25150,20625,80
NV101932,2025-06-26,Dealer Wholesale,ON,GTA Hub,10075,8250,390
NV101933,2025-06-17,Consumer Buy-Back,AB,Calgary Hub,10725,9000,166
NV101934,2026-08-13,Consumer Buy-Back,SK,Calgary Hub,7850,6425,173
NV101935,2025-01-28,Auction,ON,GTA Hub,28375,23550,495
NV101936,2026-01-27,Auction,ON,GTA Hub,8275,6975,455
NV101937,2026-04-04,Auction,BC,Calgary Hub,35450,28750,388
NV101938,2024-01-10,Trade-In,AB,Calgary Hub,25425,19975,160
NV101939,2025-08-29,Consumer Buy-Back,ON,GTA Hub,51800,44450,205
NV101940,2025-03-24,Auction,QC,Montreal Hub,26225,21950,447
NV101941,2025-03-31,Consumer Buy-Back,ON,GTA Hub,25125,20150,152
NV101942,2024-10-03,Auction,ON,GTA Hub,28350,21900,393
NV101943,2025-07-04,Auction,ON,GTA Hub,45550,36300,450
NV101944,2026-07-20,Auction,ON,GTA Hub,20125,17300,538
NV101945,2025-12-13,Consumer Buy-Back,SK,Calgary Hub,12200,10100,109
NV101946,2024-02-17,Dealer Wholesale,AB,Calgary Hub,28675,24600,477
NV101947,2024-08-05,Consumer Buy-Back,AB,Calgary Hub,21975,18925,56
NV101948,2026-01-12,Auction,SK,Calgary Hub,12775,9775,477
NV101949,2024-02-22,Dealer Wholesale,ON,GTA Hub,9250,7425,423
NV101950,2025-05-17,Auction,BC,Calgary Hub,15200,13125,543
NV101951,2025-06-13,Dealer Wholesale,QC,Montreal Hub,6825,5400,248
NV101952,2026-05-19,Auction,NS,GTA Hub,23700,20675,470
NV101953,2025-11-29,Consumer Buy-Back,ON,GTA Hub,17200,14325,193
NV101954,2025-04-16,Dealer Wholesale,MB,Calgary Hub,16850,14775,355
NV101955,2024-04-11,Consumer Buy-Back,BC,Calgary Hub,11000,9975,161
NV101956,2026-07-19,Auction,BC,Calgary Hub,19100,16700,497
NV101957,2025-11-04,Dealer Wholesale,ON,GTA Hub,15025,12975,418
NV101958,2026-04-12,Auction,QC,Montreal Hub,18175,15175,493
NV101959,2025-03-22,Auction,AB,Calgary Hub,12625,10475,406
NV101960,2024-07-16,Trade-In,ON,GTA Hub,11675,9575,114
NV101961,2025-04-12,Consumer Buy-Back,ON,GTA Hub,50650,42725,254
NV101962,2024-12-12,Auction,BC,Calgary Hub,14425,11600,461
NV101963,2024-10-16,Dealer Wholesale,ON,GTA Hub,43600,36200,409
NV101964,2026-05-06,Consumer Buy-Back,QC,Montreal Hub,7175,5725,145
NV101965,2025-06-01,Consumer Buy-Back,ON,GTA Hub,13650,10850,210
NV101966,2025-03-03,Consumer Buy-Back,QC,Montreal Hub,14000,10625,163
NV101967,2025-09-18,Consumer Buy-Back,ON,GTA Hub,10900,8875,241
NV101968,2026-08-29,Auction,ON,GTA Hub,14525,12000,347
NV101969,2024-09-02,Auction,BC,Calgary Hub,28075,23525,444
NV101970,2026-07-06,Auction,QC,Montreal Hub,11100,8525,440
NV101971,2025-10-17,Trade-In,ON,GTA Hub,17600,12975,162
NV101972,2025-06-30,Auction,AB,Calgary Hub,20850,17550,461
NV101973,2025-05-25,Auction,AB,Calgary Hub,8275,6200,498
NV101974,2025-01-24,Consumer Buy-Back,ON,GTA Hub,34275,30100,67
NV101975,2026-06-22,Auction,ON,GTA Hub,16275,12975,426
NV101976,2026-04-08,Auction,MB,Calgary Hub,19625,17100,415
NV101977,2024-02-20,Auction,NB,Montreal Hub,41325,35200,572
NV101978,2024-12-03,Auction,ON,GTA Hub,17375,14250,381
NV101979,2025-05-01,Consumer Buy-Back,ON,GTA Hub,26500,20750,141
NV101980,2025-06-20,Consumer Buy-Back,QC,Montreal Hub,17350,14075,116
NV101981,2024-03-05,Auction,ON,GTA Hub,27250,22825,524
NV101982,2026-07-25,Auction,BC,Calgary Hub,17725,14775,489
NV101983,2026-03-01,Auction,ON,GTA Hub,18825,15450,430
NV101984,2025-05-20,Consumer Buy-Back,ON,GTA Hub,31750,27025,118
NV101985,2025-02-22,Dealer Wholesale,AB,Calgary Hub,41025,34700,452
NV101986,2026-06-27,Auction,AB,Calgary Hub,23125,20050,429
NV101987,2026-08-30,Auction,QC,Montreal Hub,18225,14350,350
NV101988,2026-05-27,Auction,QC,Montreal Hub,14600,12175,373
NV101989,2024-05-02,Auction,NB,Montreal Hub,20925,16900,429
NV101990,2025-09-19,Consumer Buy-Back,NB,Montreal Hub,32450,27200,168
NV101991,2025-04-10,Consumer Buy-Back,ON,GTA Hub,23525,17175,293
NV101992,2025-03-26,Consumer Buy-Back,ON,GTA Hub,35450,28475,181
NV101993,2025-12-19,Consumer Buy-Back,ON,GTA Hub,16175,13700,122
NV101994,2025-04-06,Consumer Buy-Back,AB,Calgary Hub,35500,28225,217
NV101995,2024-09-09,Auction,ON,GTA Hub,36200,28725,469
NV101996,2024-10-02,Consumer Buy-Back,ON,GTA Hub,25300,19575,123
NV101997,2024-06-27,Consumer Buy-Back,ON,GTA Hub,23400,19450,199
NV101998,2025-08-27,Consumer Buy-Back,ON,GTA Hub,7600,5975,215
NV101999,2025-07-14,Auction,ON,GTA Hub,23200,17875,374
NV102000,2026-06-17,Dealer Wholesale,QC,Montreal Hub,15300,12750,328
NV102001,2026-08-22,Consumer Buy-Back,ON,GTA Hub,22600,18325,163
NV102002,2025-04-22,Consumer Buy-Back,ON,GTA Hub,41925,32375,70
NV102003,2025-01-26,Auction,AB,Calgary Hub,12175,8575,420
NV102004,2026-03-28,Auction,ON,GTA Hub,26250,22225,475
NV102005,2026-06-25,Auction,ON,GTA Hub,10875,9100,475
NV102006,2026-02-15,Trade-In,ON,GTA Hub,32250,26600,171
NV102007,2026-06-29,Auction,ON,GTA Hub,15225,12650,451
NV102008,2025-07-16,Auction,ON,GTA Hub,43400,36550,401
NV102009,2026-08-15,Dealer Wholesale,ON,GTA Hub,16550,14600,408
NV102010,2024-08-29,Auction,NL,GTA Hub,26200,23050,401
NV102011,2025-07-26,Auction,AB,Calgary Hub,29925,25175,473
NV102012,2025-02-14,Auction,AB,Calgary Hub,17275,14350,405
NV102013,2024-07-26,Auction,BC,Calgary Hub,9825,7775,382
NV102014,2026-04-05,Consumer Buy-Back,QC,Montreal Hub,11550,9525,113
NV102015,2026-03-04,Consumer Buy-Back,BC,Calgary Hub,22975,21175,186
NV102016,2026-02-19,Trade-In,ON,GTA Hub,10375,7950,194
NV102017,2025-10-11,Auction,ON,GTA Hub,9700,7975,463
NV102018,2026-05-30,Trade-In,ON,GTA Hub,17650,12025,9
NV102019,2024-05-22,Trade-In,ON,GTA Hub,46750,38950,164
NV102020,2024-04-20,Auction,QC,Montreal Hub,22325,19600,428
NV102021,2024-08-13,Auction,ON,GTA Hub,21475,18075,470
NV102022,2026-05-08,Consumer Buy-Back,AB,Calgary Hub,12975,10925,119
NV102023,2026-03-30,Auction,ON,GTA Hub,26300,24775,515
NV102024,2026-06-13,Dealer Wholesale,ON,GTA Hub,13350,11475,299
NV102025,2025-07-16,Auction,QC,Montreal Hub,29100,23350,472
NV102026,2025-06-18,Dealer Wholesale,BC,Calgary Hub,17250,14875,248
NV102027,2025-07-20,Auction,ON,GTA Hub,17025,13650,450
NV102028,2026-06-10,Auction,ON,GTA Hub,15025,12575,524
NV102029,2024-04-02,Consumer Buy-Back,QC,Montreal Hub,57925,47300,21
NV102030,2025-01-18,Trade-In,ON,GTA Hub,13150,10950,247
NV102031,2024-02-12,Auction,QC,Montreal Hub,17875,13875,485
NV102032,2026-02-05,Auction,ON,GTA Hub,19625,16375,464
NV102033,2024-07-21,Auction,ON,GTA Hub,24250,21100,549
NV102034,2024-09-01,Consumer Buy-Back,ON,GTA Hub,34675,26725,209
NV102035,2024-10-17,Consumer Buy-Back,ON,GTA Hub,20500,17200,132
NV102036,2024-12-02,Consumer Buy-Back,AB,Calgary Hub,19175,16625,231
NV102037,2026-03-30,Auction,ON,GTA Hub,17375,14825,462
NV102038,2026-06-14,Trade-In,ON,GTA Hub,30750,23825,134
NV102039,2025-10-02,Auction,BC,Calgary Hub,34125,28825,404
NV102040,2026-08-17,Consumer Buy-Back,ON,GTA Hub,9800,7450,272
NV102041,2025-08-17,Trade-In,ON,GTA Hub,13225,9825,22
NV102042,2025-08-22,Auction,ON,GTA Hub,17125,14300,424
NV102043,2026-04-08,Auction,BC,Calgary Hub,8375,6825,459
NV102044,2026-01-22,Auction,ON,GTA Hub,24750,22125,401
NV102045,2026-03-14,Auction,QC,Montreal Hub,29475,26125,544
NV102046,2026-04-19,Dealer Wholesale,AB,Calgary Hub,11350,9800,400
NV102047,2024-12-14,Auction,ON,GTA Hub,49825,42850,335
NV102048,2026-03-29,Auction,AB,Calgary Hub,22025,19650,381
NV102049,2025-08-27,Auction,ON,GTA Hub,8850,7100,418
NV102050,2025-11-10,Auction,QC,Montreal Hub,13000,10675,423
NV102051,2025-04-13,Auction,ON,GTA Hub,9500,7725,383
NV102052,2024-08-29,Consumer Buy-Back,AB,Calgary Hub,15800,12025,134
NV102053,2026-04-25,Auction,NS,GTA Hub,20100,16825,480
NV102054,2024-09-08,Auction,ON,GTA Hub,16025,13225,433
NV102055,2025-12-15,Auction,ON,GTA Hub,16825,12800,380
NV102056,2026-07-17,Auction,ON,GTA Hub,12725,10925,476
NV102057,2025-12-15,Trade-In,AB,Calgary Hub,17125,13700,110
NV102058,2024-02-14,Dealer Wholesale,ON,GTA Hub,18775,15850,402
NV102059,2024-03-28,Auction,AB,Calgary Hub,16150,13750,487
NV102060,2026-03-06,Consumer Buy-Back,ON,GTA Hub,27600,23525,215
NV102061,2025-04-18,Auction,AB,Calgary Hub,50775,43375,465
NV102062,2026-04-24,Consumer Buy-Back,AB,Calgary Hub,10075,7950,108
NV102063,2024-09-02,Auction,ON,GTA Hub,20650,18075,468
NV102064,2025-06-05,Trade-In,NS,GTA Hub,12950,10075,115
NV102065,2026-02-14,Consumer Buy-Back,ON,GTA Hub,37025,30100,210
NV102066,2024-03-28,Trade-In,ON,GTA Hub,18450,15275,38
NV102067,2024-03-22,Trade-In,AB,Calgary Hub,22675,17400,74
NV102068,2025-09-23,Auction,QC,Montreal Hub,27875,23450,421
NV102069,2024-04-07,Auction,BC,Calgary Hub,11425,9225,515
NV102070,2025-07-26,Auction,ON,GTA Hub,22300,17600,424
NV102071,2025-07-17,Trade-In,ON,GTA Hub,17425,14025,17
NV102072,2026-03-30,Dealer Wholesale,ON,GTA Hub,17075,14350,443
NV102073,2025-03-22,Trade-In,QC,Montreal Hub,16675,12975,74
NV102074,2024-09-16,Dealer Wholesale,ON,GTA Hub,9025,7925,256
NV102075,2026-08-20,Auction,AB,Calgary Hub,17050,13075,377
NV102076,2024-08-31,Consumer Buy-Back,BC,Calgary Hub,24925,20950,262
NV102077,2025-08-20,Auction,ON,GTA Hub,37350,31200,504
NV102078,2024-08-19,Auction,ON,GTA Hub,13200,10825,483
NV102079,2026-06-23,Auction,ON,GTA Hub,26900,21000,469
NV102080,2025-06-06,Trade-In,ON,GTA Hub,15150,11300,6
NV102081,2025-07-01,Dealer Wholesale,ON,GTA Hub,18025,14975,315
NV102082,2025-08-21,Auction,ON,GTA Hub,20800,15750,425
NV102083,2026-07-30,Auction,ON,GTA Hub,7100,5625,476
NV102084,2025-12-22,Dealer Wholesale,BC,Calgary Hub,26825,23100,276
NV102085,2026-07-31,Dealer Wholesale,ON,GTA Hub,8675,6750,260
NV102086,2025-10-22,Auction,ON,GTA Hub,20875,16325,420
NV102087,2026-01-06,Dealer Wholesale,ON,GTA Hub,5875,4800,317
NV102088,2025-08-23,Consumer Buy-Back,AB,Calgary Hub,19500,15900,74
NV102089,2024-01-12,Consumer Buy-Back,MB,Calgary Hub,17175,13375,147
NV102090,2024-08-05,Dealer Wholesale,ON,GTA Hub,13075,11225,418
NV102091,2026-01-17,Consumer Buy-Back,ON,GTA Hub,12175,9900,109
NV102092,2024-01-07,Auction,ON,GTA Hub,21875,19025,425
NV102093,2026-01-02,Dealer Wholesale,MB,Calgary Hub,39950,35325,311
NV102094,2025-04-11,Auction,AB,Calgary Hub,9825,7850,335
NV102095,2026-01-07,Consumer Buy-Back,QC,Montreal Hub,14800,11900,188
NV102096,2026-04-16,Dealer Wholesale,ON,GTA Hub,22750,19325,450
NV102097,2026-02-27,Consumer Buy-Back,ON,GTA Hub,6350,5200,264
NV102098,2024-12-10,Auction,ON,GTA Hub,17600,14925,350
NV102099,2024-08-30,Auction,ON,GTA Hub,12575,10025,344
NV102100,2025-08-16,Trade-In,ON,GTA Hub,16525,13350,10
NV102101,2026-06-19,Auction,ON,GTA Hub,8375,7600,433
NV102102,2025-08-05,Auction,ON,GTA Hub,21675,19100,291
NV102103,2026-03-31,Auction,ON,GTA Hub,14625,11650,532
NV102104,2024-12-01,Trade-In,AB,Calgary Hub,23800,20000,140
NV102105,2025-02-09,Trade-In,ON,GTA Hub,14775,11225,161
NV102106,2025-05-29,Auction,ON,GTA Hub,26325,22150,441
NV102107,2026-06-30,Trade-In,QC,Montreal Hub,17400,13000,7
NV102108,2025-08-30,Auction,BC,Calgary Hub,19950,17575,416
NV102109,2025-07-18,Auction,AB,Calgary Hub,20375,16875,426
NV102110,2026-07-25,Consumer Buy-Back,QC,Montreal Hub,25750,21175,281
NV102111,2024-12-01,Consumer Buy-Back,QC,Montreal Hub,19325,15575,49
NV102112,2025-01-01,Trade-In,AB,Calgary Hub,8000,6400,101
NV102113,2025-11-12,Auction,ON,GTA Hub,16350,12350,407
NV102114,2024-12-26,Auction,ON,GTA Hub,39750,36325,588
NV102115,2025-09-24,Consumer Buy-Back,ON,GTA Hub,9500,7175,69
NV102116,2024-10-25,Auction,ON,GTA Hub,35300,32550,396
NV102117,2026-08-13,Trade-In,AB,Calgary Hub,18225,15375,157
NV102118,2024-03-26,Auction,ON,GTA Hub,18275,15775,381
NV102119,2024-11-14,Consumer Buy-Back,ON,GTA Hub,11025,8400,49
NV102120,2024-01-03,Trade-In,AB,Calgary Hub,40700,32050,95
NV102121,2026-02-19,Consumer Buy-Back,NS,GTA Hub,23400,19325,345
NV102122,2026-08-26,Auction,BC,Calgary Hub,10450,8400,459
NV102123,2024-10-24,Auction,ON,GTA Hub,14125,11125,481
NV102124,2024-12-25,Auction,ON,GTA Hub,13850,11600,433
NV102125,2026-01-16,Dealer Wholesale,ON,GTA Hub,9450,7600,411
NV102126,2025-05-27,Consumer Buy-Back,ON,GTA Hub,14150,11850,199
NV102127,2026-04-19,Consumer Buy-Back,ON,GTA Hub,25250,20350,90
NV102128,2025-06-03,Consumer Buy-Back,ON,GTA Hub,35425,27850,87
NV102129,2024-07-28,Consumer Buy-Back,ON,GTA Hub,27975,24875,111
NV102130,2025-01-27,Consumer Buy-Back,ON,GTA Hub,14225,12550,137
NV102131,2025-07-09,Auction,ON,GTA Hub,12225,9825,326
NV102132,2025-11-12,Auction,ON,GTA Hub,31175,25850,426
NV102133,2025-08-11,Dealer Wholesale,ON,GTA Hub,19300,15125,415
NV102134,2024-04-21,Trade-In,NS,GTA Hub,17800,12825,126
NV102135,2025-03-07,Auction,NL,GTA Hub,21450,18525,519
NV102136,2024-07-22,Auction,QC,Montreal Hub,22250,18850,385
NV102137,2026-07-06,Consumer Buy-Back,BC,Calgary Hub,13300,10050,159
NV102138,2024-08-21,Trade-In,ON,GTA Hub,14900,11200,228
NV102139,2026-03-21,Consumer Buy-Back,QC,Montreal Hub,12300,9800,0
NV102140,2025-10-31,Auction,AB,Calgary Hub,7625,6425,458
NV102141,2026-07-08,Trade-In,SK,Calgary Hub,35050,27825,46
NV102142,2024-10-03,Consumer Buy-Back,ON,GTA Hub,24850,22475,159
NV102143,2025-04-12,Consumer Buy-Back,ON,GTA Hub,30275,24675,83
NV102144,2024-05-15,Auction,ON,GTA Hub,8950,7175,510
NV102145,2025-09-11,Auction,ON,GTA Hub,18925,16625,548
NV102146,2025-01-10,Consumer Buy-Back,BC,Calgary Hub,9875,7425,129
NV102147,2026-01-06,Auction,QC,Montreal Hub,7325,5525,529
NV102148,2025-04-07,Consumer Buy-Back,NB,Montreal Hub,16200,12050,75
NV102149,2026-04-08,Auction,ON,GTA Hub,15500,13125,487
NV102150,2025-06-08,Trade-In,ON,GTA Hub,20100,17175,54
NV102151,2024-06-11,Auction,ON,GTA Hub,26000,21400,358
NV102152,2024-04-09,Auction,ON,GTA Hub,21700,17625,352
NV102153,2025-10-10,Auction,NB,Montreal Hub,24750,19750,484
NV102154,2026-02-25,Consumer Buy-Back,BC,Calgary Hub,36900,31350,225
NV102155,2025-12-26,Consumer Buy-Back,ON,GTA Hub,12025,9325,56
NV102156,2026-01-12,Consumer Buy-Back,ON,GTA Hub,20075,16425,166
NV102157,2025-05-03,Auction,ON,GTA Hub,41150,32825,496
NV102158,2025-01-21,Auction,ON,GTA Hub,23300,18925,429
NV102159,2024-12-10,Auction,BC,Calgary Hub,13125,11375,441
NV102160,2025-11-14,Auction,ON,GTA Hub,15400,12400,479
NV102161,2024-04-19,Auction,ON,GTA Hub,14700,11250,387
NV102162,2024-09-23,Auction,ON,GTA Hub,23875,18700,500
NV102163,2024-12-26,Auction,ON,GTA Hub,12650,10075,446
NV102164,2025-08-10,Consumer Buy-Back,ON,GTA Hub,6175,5125,95
NV102165,2026-07-11,Trade-In,AB,Calgary Hub,24725,18100,79
NV102166,2025-07-24,Auction,ON,GTA Hub,26525,20800,430
NV102167,2025-03-26,Consumer Buy-Back,ON,GTA Hub,13150,9900,103
NV102168,2025-10-06,Trade-In,ON,GTA Hub,34125,25875,116
NV102169,2025-05-21,Auction,AB,Calgary Hub,16750,13425,579
NV102170,2024-10-05,Auction,QC,Montreal Hub,10425,8425,564
NV102171,2024-03-22,Dealer Wholesale,ON,GTA Hub,29700,24300,425
NV102172,2026-03-11,Consumer Buy-Back,QC,Montreal Hub,29375,23675,320
NV102173,2024-12-10,Consumer Buy-Back,ON,GTA Hub,20875,16275,179
NV102174,2026-07-19,Auction,ON,GTA Hub,22450,18400,427
NV102175,2024-12-12,Trade-In,QC,Montreal Hub,25025,18375,243
NV102176,2026-07-13,Consumer Buy-Back,QC,Montreal Hub,27325,22300,64
NV102177,2024-08-01,Auction,ON,GTA Hub,31625,26200,322
NV102178,2025-03-16,Consumer Buy-Back,ON,GTA Hub,18925,16600,138
NV102179,2025-01-15,Consumer Buy-Back,QC,Montreal Hub,32375,25500,101
NV102180,2024-06-13,Consumer Buy-Back,NS,GTA Hub,12700,10300,186
NV102181,2024-07-24,Trade-In,QC,Montreal Hub,20225,17350,158
NV102182,2025-08-26,Consumer Buy-Back,QC,Montreal Hub,26025,21125,171
NV102183,2026-08-13,Auction,ON,GTA Hub,20100,17000,507
NV102184,2026-04-22,Consumer Buy-Back,SK,Calgary Hub,5925,4900,68
NV102185,2025-11-18,Trade-In,ON,GTA Hub,24850,18550,217
NV102186,2025-03-15,Trade-In,ON,GTA Hub,17875,14825,120
NV102187,2025-08-16,Trade-In,ON,GTA Hub,9600,7375,254
NV102188,2025-10-03,Auction,ON,GTA Hub,16425,13750,451
NV102189,2026-06-12,Consumer Buy-Back,ON,GTA Hub,25400,21075,178
NV102190,2026-04-30,Auction,SK,Calgary Hub,30925,26475,408
NV102191,2024-03-24,Consumer Buy-Back,ON,GTA Hub,12475,10400,151
NV102192,2026-06-05,Auction,AB,Calgary Hub,22950,19900,384
NV102193,2026-05-11,Trade-In,ON,GTA Hub,22275,17500,150
NV102194,2025-10-03,Auction,AB,Calgary Hub,28150,23250,457
NV102195,2025-07-28,Consumer Buy-Back,AB,Calgary Hub,14675,12025,190
NV102196,2025-07-07,Trade-In,BC,Calgary Hub,24325,17050,151
NV102197,2026-08-16,Trade-In,ON,GTA Hub,10700,8150,125
NV102198,2026-06-27,Consumer Buy-Back,ON,GTA Hub,24150,20500,33
NV102199,2025-11-21,Auction,AB,Calgary Hub,20875,16625,425
NV102200,2026-03-02,Dealer Wholesale,ON,GTA Hub,17700,14600,397
NV102201,2024-03-08,Auction,BC,Calgary Hub,23550,20075,458
NV102202,2024-12-05,Consumer Buy-Back,ON,GTA Hub,35250,29325,134
NV102203,2025-11-30,Auction,QC,Montreal Hub,19250,15625,467
NV102204,2025-10-08,Dealer Wholesale,ON,GTA Hub,28975,24750,257
NV102205,2025-05-27,Auction,BC,Calgary Hub,30250,26050,465
NV102206,2024-12-07,Auction,ON,GTA Hub,8225,6850,371
NV102207,2026-02-20,Auction,ON,GTA Hub,17075,14000,353
NV102208,2024-08-20,Auction,ON,GTA Hub,19575,15425,435
NV102209,2026-08-07,Trade-In,AB,Calgary Hub,20000,15625,0
NV102210,2026-08-24,Auction,AB,Calgary Hub,19100,15325,394
NV102211,2025-02-21,Dealer Wholesale,SK,Calgary Hub,19000,17300,313
NV102212,2025-05-13,Consumer Buy-Back,ON,GTA Hub,15825,13750,75
NV102213,2026-08-06,Consumer Buy-Back,ON,GTA Hub,18125,14750,90
NV102214,2024-07-22,Auction,AB,Calgary Hub,14825,12250,383
NV102215,2024-07-08,Consumer Buy-Back,ON,GTA Hub,11625,9375,183
NV102216,2026-05-10,Trade-In,ON,GTA Hub,9675,7225,37
NV102217,2024-07-12,Auction,ON,GTA Hub,47600,39725,467
NV102218,2026-05-12,Consumer Buy-Back,ON,GTA Hub,19250,14750,215
NV102219,2024-01-26,Trade-In,ON,GTA Hub,38900,30275,150
NV102220,2025-02-20,Auction,ON,GTA Hub,20200,18550,404
NV102221,2024-08-17,Auction,ON,GTA Hub,30425,26175,441
NV102222,2025-06-06,Auction,QC,Montreal Hub,32775,27375,453
NV102223,2025-03-29,Dealer Wholesale,AB,Calgary Hub,34875,30275,319
NV102224,2026-04-07,Auction,BC,Calgary Hub,12525,10200,320
NV102225,2026-07-12,Auction,NL,GTA Hub,16325,12950,566
NV102226,2025-10-01,Auction,ON,GTA Hub,30075,25425,438
NV102227,2026-04-23,Auction,QC,Montreal Hub,40100,34500,439
NV102228,2025-07-20,Auction,QC,Montreal Hub,16075,13600,544
NV102229,2025-05-16,Auction,AB,Calgary Hub,35025,29050,477
NV102230,2024-07-01,Auction,ON,GTA Hub,21725,16950,480
NV102231,2026-08-22,Consumer Buy-Back,ON,GTA Hub,6125,4900,263
NV102232,2025-03-18,Consumer Buy-Back,AB,Calgary Hub,31900,27200,43
NV102233,2026-08-21,Auction,ON,GTA Hub,8225,6225,510
NV102234,2024-05-15,Auction,ON,GTA Hub,28525,24050,488
NV102235,2026-04-30,Consumer Buy-Back,ON,GTA Hub,21550,17375,229
NV102236,2026-05-18,Consumer Buy-Back,ON,GTA Hub,11675,10175,138
NV102237,2024-05-17,Auction,ON,GTA Hub,25275,20325,431
NV102238,2026-06-04,Consumer Buy-Back,ON,GTA Hub,15425,12075,152
NV102239,2025-06-07,Auction,ON,GTA Hub,26225,20725,527
NV102240,2025-08-26,Auction,AB,Calgary Hub,25500,20925,501
NV102241,2024-05-14,Consumer Buy-Back,ON,GTA Hub,14975,12700,95
NV102242,2025-06-09,Trade-In,ON,GTA Hub,30050,23150,205
NV102243,2026-07-18,Dealer Wholesale,QC,Montreal Hub,10900,9050,356
NV102244,2026-05-16,Trade-In,AB,Calgary Hub,33100,26825,128
NV102245,2026-05-01,Trade-In,ON,GTA Hub,26475,19400,241
NV102246,2026-02-20,Consumer Buy-Back,QC,Montreal Hub,24975,20875,160
NV102247,2025-01-09,Auction,ON,GTA Hub,11875,9650,475
NV102248,2026-08-12,Consumer Buy-Back,AB,Calgary Hub,20600,16100,222
NV102249,2024-04-23,Auction,ON,GTA Hub,17150,13950,480
NV102250,2026-07-10,Consumer Buy-Back,ON,GTA Hub,40625,32250,228
NV102251,2025-03-06,Trade-In,NS,GTA Hub,21500,17350,117
NV102252,2024-11-11,Auction,AB,Calgary Hub,30000,23950,476
NV102253,2025-04-25,Trade-In,QC,Montreal Hub,15325,11350,23
NV102254,2026-03-25,Trade-In,AB,Calgary Hub,11325,8450,135
NV102255,2026-06-12,Trade-In,BC,Calgary Hub,13150,10550,207
NV102256,2024-10-14,Auction,ON,GTA Hub,21175,18600,433
NV102257,2025-07-16,Consumer Buy-Back,ON,GTA Hub,12175,10550,192
NV102258,2025-08-29,Auction,QC,Montreal Hub,22050,19325,451
NV102259,2025-03-29,Auction,AB,Calgary Hub,39300,29650,367
NV102260,2024-05-04,Auction,ON,GTA Hub,27750,23475,396
NV102261,2024-07-08,Trade-In,ON,GTA Hub,10550,8300,96
NV102262,2025-11-08,Consumer Buy-Back,ON,GTA Hub,22675,18975,168
NV102263,2024-01-29,Auction,ON,GTA Hub,16125,12925,406
NV102264,2025-03-18,Auction,BC,Calgary Hub,24425,21275,483
NV102265,2025-12-07,Consumer Buy-Back,ON,GTA Hub,11775,8650,194
NV102266,2026-05-17,Dealer Wholesale,ON,GTA Hub,15825,13625,349
NV102267,2025-08-22,Consumer Buy-Back,ON,GTA Hub,19050,15575,172
NV102268,2026-02-03,Auction,SK,Calgary Hub,12475,11225,379
NV102269,2025-07-22,Consumer Buy-Back,QC,Montreal Hub,20525,17550,250
NV102270,2026-06-05,Auction,ON,GTA Hub,19850,16250,500
NV102271,2024-09-02,Trade-In,QC,Montreal Hub,22875,18100,20
NV102272,2025-08-13,Dealer Wholesale,BC,Calgary Hub,22325,19800,455
NV102273,2025-02-25,Consumer Buy-Back,QC,Montreal Hub,28125,23700,159
NV102274,2026-07-28,Trade-In,ON,GTA Hub,13375,10775,0
NV102275,2025-02-19,Consumer Buy-Back,ON,GTA Hub,51800,45250,162
NV102276,2025-04-10,Consumer Buy-Back,ON,GTA Hub,16275,13350,92
NV102277,2024-10-12,Dealer Wholesale,NS,GTA Hub,7975,7250,344
NV102278,2025-02-08,Trade-In,ON,GTA Hub,33125,26050,99
NV102279,2025-08-26,Auction,ON,GTA Hub,19250,15575,451
NV102280,2025-08-26,Consumer Buy-Back,QC,Montreal Hub,17800,15125,236
NV102281,2024-06-14,Auction,ON,GTA Hub,32100,25775,468
NV102282,2024-07-13,Auction,AB,Calgary Hub,15450,13500,381
NV102283,2024-05-17,Dealer Wholesale,ON,GTA Hub,24275,20900,478
NV102284,2026-06-27,Auction,AB,Calgary Hub,9900,8100,473
NV102285,2025-07-23,Auction,QC,Montreal Hub,33150,26250,487
NV102286,2025-07-08,Consumer Buy-Back,ON,GTA Hub,11375,9450,104
NV102287,2024-06-04,Consumer Buy-Back,ON,GTA Hub,47775,38350,139
NV102288,2024-08-28,Auction,AB,Calgary Hub,24875,19675,488
NV102289,2024-06-08,Trade-In,ON,GTA Hub,33275,26275,140
NV102290,2024-08-05,Dealer Wholesale,ON,GTA Hub,31250,27625,365
NV102291,2024-09-17,Consumer Buy-Back,BC,Calgary Hub,28450,25650,40
NV102292,2026-06-09,Consumer Buy-Back,ON,GTA Hub,7900,6275,106
NV102293,2026-03-09,Dealer Wholesale,AB,Calgary Hub,16675,13575,340
NV102294,2025-07-25,Consumer Buy-Back,ON,GTA Hub,16450,12900,128
NV102295,2026-02-02,Auction,AB,Calgary Hub,8450,7125,561
NV102296,2026-06-11,Auction,SK,Calgary Hub,12675,10850,482
NV102297,2025-10-02,Consumer Buy-Back,AB,Calgary Hub,13075,11625,147
NV102298,2025-08-17,Auction,ON,GTA Hub,9375,7600,394
NV102299,2025-02-08,Auction,ON,GTA Hub,26875,21850,503
NV102300,2026-07-24,Auction,AB,Calgary Hub,16000,12575,465
NV102301,2024-08-10,Trade-In,ON,GTA Hub,15475,10975,156
NV102302,2024-04-07,Dealer Wholesale,NL,GTA Hub,33825,29575,357
NV102303,2025-07-27,Auction,ON,GTA Hub,14900,11425,478
NV102304,2026-07-24,Trade-In,AB,Calgary Hub,17500,13300,12
NV102305,2026-06-14,Consumer Buy-Back,QC,Montreal Hub,13825,11825,57
NV102306,2025-11-17,Consumer Buy-Back,ON,GTA Hub,16475,13600,102
NV102307,2025-04-03,Auction,ON,GTA Hub,22400,18800,495
NV102308,2026-08-13,Dealer Wholesale,AB,Calgary Hub,23100,19800,364
NV102309,2026-05-13,Consumer Buy-Back,ON,GTA Hub,20125,15925,114
NV102310,2026-04-02,Auction,MB,Calgary Hub,25550,21650,399
NV102311,2026-06-04,Consumer Buy-Back,AB,Calgary Hub,15300,12200,0
NV102312,2025-06-25,Consumer Buy-Back,ON,GTA Hub,17225,14200,108
NV102313,2026-04-21,Consumer Buy-Back,SK,Calgary Hub,16800,13450,5
NV102314,2024-07-10,Consumer Buy-Back,ON,GTA Hub,13425,10525,79
NV102315,2026-05-21,Consumer Buy-Back,ON,GTA Hub,20750,17100,153
NV102316,2024-11-27,Auction,ON,GTA Hub,35650,30275,465
NV102317,2025-12-26,Consumer Buy-Back,ON,GTA Hub,8800,7625,208
NV102318,2025-03-28,Dealer Wholesale,BC,Calgary Hub,31625,28825,410
NV102319,2026-04-08,Consumer Buy-Back,QC,Montreal Hub,8100,5725,153
NV102320,2025-07-12,Trade-In,ON,GTA Hub,13975,10725,140
NV102321,2026-01-04,Auction,ON,GTA Hub,14100,10950,481
NV102322,2025-06-16,Auction,NB,Montreal Hub,38350,33950,467
NV102323,2025-10-07,Dealer Wholesale,AB,Calgary Hub,16875,14725,414
NV102324,2024-07-12,Auction,ON,GTA Hub,13825,10775,487
NV102325,2025-03-21,Auction,ON,GTA Hub,21600,17050,373
NV102326,2024-06-10,Consumer Buy-Back,SK,Calgary Hub,21325,18375,155
NV102327,2026-05-30,Auction,NS,GTA Hub,31100,25575,522
NV102328,2026-03-13,Auction,AB,Calgary Hub,13025,10975,499
NV102329,2025-04-10,Consumer Buy-Back,NS,GTA Hub,23700,18050,91
NV102330,2024-05-17,Consumer Buy-Back,ON,GTA Hub,14250,11650,204
NV102331,2025-05-07,Consumer Buy-Back,ON,GTA Hub,28625,26250,116
NV102332,2024-03-31,Consumer Buy-Back,AB,Calgary Hub,15425,12525,74
NV102333,2026-03-16,Auction,SK,Calgary Hub,22600,19500,532
NV102334,2024-05-22,Consumer Buy-Back,ON,GTA Hub,26175,21200,72
NV102335,2026-06-20,Trade-In,QC,Montreal Hub,25300,19000,114
NV102336,2024-03-21,Trade-In,QC,Montreal Hub,15625,12650,0
NV102337,2026-08-25,Auction,ON,GTA Hub,16025,13425,454
NV102338,2025-01-22,Trade-In,QC,Montreal Hub,20900,15600,109
NV102339,2026-03-30,Trade-In,BC,Calgary Hub,16325,12275,148
NV102340,2025-05-07,Auction,SK,Calgary Hub,25850,21850,515
NV102341,2026-02-04,Trade-In,AB,Calgary Hub,18950,15450,75
NV102342,2024-12-21,Consumer Buy-Back,ON,GTA Hub,17250,13750,196
NV102343,2025-04-14,Auction,NS,GTA Hub,28775,23750,407
NV102344,2024-03-15,Auction,ON,GTA Hub,17825,14825,433
NV102345,2025-01-21,Consumer Buy-Back,ON,GTA Hub,28950,22775,103
NV102346,2026-02-09,Auction,ON,GTA Hub,10900,8700,444
NV102347,2026-07-16,Trade-In,ON,GTA Hub,11600,8975,64
NV102348,2024-01-31,Auction,ON,GTA Hub,11575,9100,309
NV102349,2024-12-19,Consumer Buy-Back,ON,GTA Hub,21700,18650,126
NV102350,2026-01-07,Auction,AB,Calgary Hub,11300,9875,345
NV102351,2024-02-05,Consumer Buy-Back,ON,GTA Hub,19675,15575,119
NV102352,2024-04-25,Consumer Buy-Back,QC,Montreal Hub,24600,19325,149
NV102353,2025-07-22,Auction,NB,Montreal Hub,16975,15150,466
NV102354,2024-11-12,Auction,ON,GTA Hub,31500,25525,422
NV102355,2025-03-16,Trade-In,NB,Montreal Hub,31050,24400,167
NV102356,2026-08-03,Auction,AB,Calgary Hub,23400,19275,473
NV102357,2026-03-17,Auction,AB,Calgary Hub,17325,14775,352
NV102358,2026-07-19,Consumer Buy-Back,ON,GTA Hub,18425,14175,214
NV102359,2026-05-01,Consumer Buy-Back,ON,GTA Hub,13525,10275,196
NV102360,2024-11-18,Consumer Buy-Back,ON,GTA Hub,8175,6475,182
NV102361,2024-07-26,Trade-In,MB,Calgary Hub,15150,11500,134
NV102362,2025-03-16,Auction,ON,GTA Hub,19175,15675,450
NV102363,2025-11-28,Auction,ON,GTA Hub,22000,19125,594
NV102364,2026-04-09,Auction,MB,Calgary Hub,32825,26300,453
NV102365,2026-07-29,Auction,ON,GTA Hub,16050,13000,443
NV102366,2024-08-29,Auction,ON,GTA Hub,25875,20300,417
NV102367,2024-06-20,Dealer Wholesale,AB,Calgary Hub,12200,10250,341
NV102368,2024-06-20,Auction,ON,GTA Hub,32025,26725,442
NV102369,2026-02-07,Auction,ON,GTA Hub,18450,15050,399
NV102370,2025-04-13,Auction,ON,GTA Hub,21450,17700,511
NV102371,2025-10-11,Auction,ON,GTA Hub,15000,13025,508
NV102372,2025-11-02,Auction,ON,GTA Hub,15700,14175,372
NV102373,2024-06-25,Consumer Buy-Back,NS,GTA Hub,18325,16125,141
NV102374,2026-01-20,Auction,SK,Calgary Hub,13950,11225,403
NV102375,2025-07-18,Auction,BC,Calgary Hub,32175,26400,598
NV102376,2025-01-11,Trade-In,ON,GTA Hub,19325,16375,138
NV102377,2025-08-19,Auction,AB,Calgary Hub,20350,16325,443
NV102378,2025-08-07,Auction,AB,Calgary Hub,24425,20450,328
NV102379,2026-04-14,Consumer Buy-Back,ON,GTA Hub,16950,13975,197
NV102380,2026-02-07,Auction,ON,GTA Hub,32625,27275,540
NV102381,2026-05-02,Auction,AB,Calgary Hub,18300,14150,492
NV102382,2025-04-23,Consumer Buy-Back,AB,Calgary Hub,28400,23900,123
NV102383,2025-07-07,Trade-In,AB,Calgary Hub,17925,14200,92
NV102384,2026-06-09,Dealer Wholesale,QC,Montreal Hub,21375,17325,408
NV102385,2024-11-12,Dealer Wholesale,NB,Montreal Hub,19000,16450,358
NV102386,2024-01-02,Dealer Wholesale,ON,GTA Hub,17200,14850,316
NV102387,2025-04-07,Auction,QC,Montreal Hub,15750,13425,434
NV102388,2026-05-17,Auction,QC,Montreal Hub,18075,14425,436
NV102389,2025-03-25,Consumer Buy-Back,NS,GTA Hub,16675,13775,229
NV102390,2026-07-15,Consumer Buy-Back,BC,Calgary Hub,14525,12475,58
NV102391,2025-03-17,Trade-In,NS,GTA Hub,26200,20400,59
NV102392,2026-02-06,Consumer Buy-Back,ON,GTA Hub,13350,10050,160
NV102393,2024-07-07,Dealer Wholesale,ON,GTA Hub,22950,19025,366
NV102394,2025-07-14,Auction,MB,Calgary Hub,25600,21450,399
NV102395,2025-02-04,Consumer Buy-Back,ON,GTA Hub,19175,15300,269
NV102396,2025-05-23,Dealer Wholesale,ON,GTA Hub,8875,7475,377
NV102397,2026-02-28,Auction,AB,Calgary Hub,14925,11525,565
NV102398,2025-05-17,Auction,ON,GTA Hub,13775,11250,437
NV102399,2024-12-24,Auction,BC,Calgary Hub,20225,16475,466
NV102400,2024-02-12,Consumer Buy-Back,NS,GTA Hub,20500,16825,83
NV102401,2025-04-18,Trade-In,AB,Calgary Hub,28900,24600,86
NV102402,2024-05-13,Auction,ON,GTA Hub,29300,22425,543
NV102403,2025-09-17,Auction,AB,Calgary Hub,28150,23050,509
NV102404,2024-03-22,Dealer Wholesale,ON,GTA Hub,10475,8575,397
NV102405,2024-11-24,Dealer Wholesale,ON,GTA Hub,24550,22775,367
NV102406,2026-01-27,Dealer Wholesale,ON,GTA Hub,10200,8200,333
NV102407,2026-08-29,Auction,ON,GTA Hub,12850,10850,449
NV102408,2026-07-24,Trade-In,ON,GTA Hub,18350,13500,105
NV102409,2025-08-29,Consumer Buy-Back,ON,GTA Hub,59275,45625,207
NV102410,2024-01-05,Auction,ON,GTA Hub,13125,11300,322
NV102411,2025-02-28,Auction,AB,Calgary Hub,12175,10300,391
NV102412,2024-03-05,Consumer Buy-Back,ON,GTA Hub,26975,21900,140
NV102413,2024-05-10,Consumer Buy-Back,QC,Montreal Hub,10575,7925,122
NV102414,2026-04-04,Auction,ON,GTA Hub,20925,17475,433
NV102415,2026-08-09,Auction,ON,GTA Hub,15800,13375,471
NV102416,2024-09-01,Consumer Buy-Back,ON,GTA Hub,20300,16200,36
NV102417,2025-12-23,Auction,BC,Calgary Hub,14500,11750,445
NV102418,2026-05-16,Dealer Wholesale,ON,GTA Hub,11300,9400,358
NV102419,2025-08-04,Auction,ON,GTA Hub,9800,8050,545
NV102420,2025-05-01,Consumer Buy-Back,QC,Montreal Hub,12250,9900,171
NV102421,2024-07-30,Consumer Buy-Back,ON,GTA Hub,23125,18900,37
NV102422,2025-02-12,Dealer Wholesale,ON,GTA Hub,13625,11025,363
NV102423,2025-05-02,Consumer Buy-Back,ON,GTA Hub,8100,6575,193
NV102424,2025-10-12,Dealer Wholesale,ON,GTA Hub,25850,21950,226
NV102425,2026-03-02,Auction,ON,GTA Hub,20425,17550,442
NV102426,2026-08-23,Consumer Buy-Back,ON,GTA Hub,38550,30400,153
NV102427,2024-06-13,Consumer Buy-Back,QC,Montreal Hub,31025,24000,15
NV102428,2026-01-31,Consumer Buy-Back,ON,GTA Hub,16700,13225,133
NV102429,2026-01-09,Dealer Wholesale,ON,GTA Hub,24200,21275,318
NV102430,2026-05-14,Consumer Buy-Back,BC,Calgary Hub,18175,15750,140
NV102431,2024-01-10,Auction,ON,GTA Hub,24575,19575,337
NV102432,2025-03-20,Auction,SK,Calgary Hub,14825,12075,476
NV102433,2025-01-07,Consumer Buy-Back,AB,Calgary Hub,33125,27350,216
NV102434,2025-12-16,Trade-In,ON,GTA Hub,14175,10550,70
NV102435,2025-02-15,Auction,QC,Montreal Hub,32375,27025,503
NV102436,2025-03-01,Auction,AB,Calgary Hub,15750,13350,412
NV102437,2026-01-22,Auction,QC,Montreal Hub,14500,11925,364
NV102438,2025-06-09,Auction,QC,Montreal Hub,16375,13575,492
NV102439,2025-03-02,Auction,ON,GTA Hub,12825,10150,371
NV102440,2024-12-16,Dealer Wholesale,BC,Calgary Hub,16025,13150,437
NV102441,2025-05-02,Consumer Buy-Back,ON,GTA Hub,9775,7675,185
NV102442,2026-08-05,Auction,NS,GTA Hub,18050,15600,410
NV102443,2024-01-28,Auction,ON,GTA Hub,40600,33900,473
NV102444,2026-03-27,Auction,AB,Calgary Hub,24050,18875,407
NV102445,2025-07-10,Trade-In,ON,GTA Hub,12625,9975,103
NV102446,2026-04-08,Dealer Wholesale,ON,GTA Hub,11625,8925,333
NV102447,2025-08-09,Consumer Buy-Back,ON,GTA Hub,31725,26475,343
NV102448,2026-07-16,Dealer Wholesale,ON,GTA Hub,8575,7500,414
NV102449,2025-07-28,Auction,NB,Montreal Hub,9500,7775,348
NV102450,2025-01-01,Auction,ON,GTA Hub,9750,8325,562
NV102451,2024-07-01,Dealer Wholesale,QC,Montreal Hub,25200,20950,335
NV102452,2026-05-02,Consumer Buy-Back,ON,GTA Hub,11450,10200,157
NV102453,2024-10-29,Dealer Wholesale,MB,Calgary Hub,25875,22600,226
NV102454,2025-01-31,Trade-In,MB,Calgary Hub,9575,7875,143
NV102455,2025-08-01,Auction,ON,GTA Hub,10575,8575,452
NV102456,2025-04-20,Consumer Buy-Back,AB,Calgary Hub,17700,15025,88
NV102457,2025-12-03,Auction,ON,GTA Hub,22300,18950,532
NV102458,2024-05-10,Auction,AB,Calgary Hub,25225,21350,535
NV102459,2025-08-07,Trade-In,BC,Calgary Hub,20375,15150,39
NV102460,2024-11-19,Consumer Buy-Back,ON,GTA Hub,12050,9975,181
NV102461,2026-06-26,Consumer Buy-Back,ON,GTA Hub,22500,18350,74
NV102462,2025-09-05,Auction,MB,Calgary Hub,26550,22650,447
NV102463,2026-01-03,Consumer Buy-Back,BC,Calgary Hub,17700,14950,243
NV102464,2026-01-17,Trade-In,AB,Calgary Hub,14325,10325,53
NV102465,2025-02-17,Dealer Wholesale,ON,GTA Hub,32250,28350,358
NV102466,2026-06-23,Auction,QC,Montreal Hub,28600,24775,469
NV102467,2026-04-02,Consumer Buy-Back,ON,GTA Hub,7875,6350,221
NV102468,2025-04-05,Trade-In,ON,GTA Hub,12525,10275,0
NV102469,2026-07-04,Consumer Buy-Back,ON,GTA Hub,27850,24050,109
NV102470,2024-07-18,Consumer Buy-Back,ON,GTA Hub,13700,11375,153
NV102471,2025-04-14,Auction,AB,Calgary Hub,25500,22200,464
NV102472,2025-07-25,Auction,ON,GTA Hub,23375,17850,488
NV102473,2024-06-29,Consumer Buy-Back,QC,Montreal Hub,14075,11600,94
NV102474,2026-07-15,Trade-In,QC,Montreal Hub,20925,15925,111
NV102475,2025-01-14,Auction,ON,GTA Hub,22325,17225,475
NV102476,2025-10-17,Auction,AB,Calgary Hub,16200,12975,405
NV102477,2026-03-02,Consumer Buy-Back,ON,GTA Hub,9325,7975,52
NV102478,2026-08-28,Consumer Buy-Back,ON,GTA Hub,9875,8150,170
NV102479,2025-04-13,Trade-In,ON,GTA Hub,39825,29800,68
NV102480,2025-01-22,Auction,QC,Montreal Hub,12875,10625,380
NV102481,2025-05-07,Auction,BC,Calgary Hub,14550,11425,559
NV102482,2024-02-05,Auction,ON,GTA Hub,21975,19325,544
NV102483,2025-11-19,Consumer Buy-Back,QC,Montreal Hub,10850,8800,203
NV102484,2024-03-27,Auction,ON,GTA Hub,21800,18700,313
NV102485,2026-01-06,Auction,ON,GTA Hub,15700,12675,441
NV102486,2024-11-26,Auction,BC,Calgary Hub,35925,29150,418
NV102487,2024-11-07,Trade-In,BC,Calgary Hub,18175,14600,132
NV102488,2025-02-13,Auction,ON,GTA Hub,19225,15900,506
NV102489,2026-01-25,Trade-In,AB,Calgary Hub,29550,21850,74
NV102490,2025-04-05,Consumer Buy-Back,QC,Montreal Hub,10525,7700,33
NV102491,2026-07-25,Dealer Wholesale,AB,Calgary Hub,14100,11350,328
NV102492,2025-06-09,Auction,ON,GTA Hub,11725,9800,518
NV102493,2024-04-02,Consumer Buy-Back,MB,Calgary Hub,12850,9550,102
NV102494,2025-08-15,Auction,ON,GTA Hub,32600,26850,479
NV102495,2026-01-16,Auction,ON,GTA Hub,16750,15175,411
NV102496,2024-10-13,Auction,ON,GTA Hub,23950,19400,467
NV102497,2024-03-08,Auction,ON,GTA Hub,14250,11825,319
NV102498,2026-05-13,Auction,ON,GTA Hub,34450,27300,546
NV102499,2026-06-07,Dealer Wholesale,QC,Montreal Hub,19500,17100,317
NV102500,2024-03-23,Auction,BC,Calgary Hub,11075,8550,261
NV102501,2026-08-05,Consumer Buy-Back,ON,GTA Hub,29000,22650,182
NV102502,2025-12-19,Consumer Buy-Back,ON,GTA Hub,22525,18075,208
NV102503,2024-06-22,Consumer Buy-Back,ON,GTA Hub,19750,16250,187
NV102504,2024-04-08,Consumer Buy-Back,ON,GTA Hub,16950,13675,73
NV102505,2026-07-09,Auction,ON,GTA Hub,16350,14075,436
NV102506,2025-11-25,Auction,AB,Calgary Hub,20400,15750,446
NV102507,2026-08-03,Consumer Buy-Back,NB,Montreal Hub,39600,33150,108
NV102508,2025-01-09,Auction,ON,GTA Hub,11075,9175,374
NV102509,2025-01-28,Consumer Buy-Back,AB,Calgary Hub,12725,10775,30
NV102510,2024-10-31,Consumer Buy-Back,AB,Calgary Hub,23850,19425,139
NV102511,2025-04-19,Consumer Buy-Back,ON,GTA Hub,13150,10825,82
NV102512,2025-11-15,Trade-In,AB,Calgary Hub,20050,15675,130
NV102513,2026-07-02,Auction,ON,GTA Hub,29075,22075,417
NV102514,2024-07-14,Auction,AB,Calgary Hub,12850,11350,414
NV102515,2025-12-16,Auction,MB,Calgary Hub,13575,11175,471
NV102516,2024-09-12,Consumer Buy-Back,NB,Montreal Hub,24350,20625,118
NV102517,2024-05-24,Dealer Wholesale,QC,Montreal Hub,11775,9675,359
NV102518,2026-01-29,Consumer Buy-Back,ON,GTA Hub,38200,30725,226
NV102519,2024-03-13,Consumer Buy-Back,ON,GTA Hub,13725,11350,174
NV102520,2024-09-23,Trade-In,AB,Calgary Hub,10000,7425,111
NV102521,2024-06-09,Auction,MB,Calgary Hub,13925,12150,420
NV102522,2025-07-15,Consumer Buy-Back,ON,GTA Hub,23425,20350,144
NV102523,2024-09-02,Consumer Buy-Back,ON,GTA Hub,25800,22300,235
NV102524,2025-11-06,Consumer Buy-Back,NB,Montreal Hub,23375,19475,209
NV102525,2025-03-14,Dealer Wholesale,ON,GTA Hub,45300,39200,381
NV102526,2026-06-07,Auction,QC,Montreal Hub,19850,16900,466
NV102527,2025-12-02,Consumer Buy-Back,ON,GTA Hub,32625,25325,200
NV102528,2026-08-21,Auction,AB,Calgary Hub,14475,12500,470
NV102529,2026-06-15,Auction,ON,GTA Hub,15250,13275,456
NV102530,2026-06-23,Auction,NB,Montreal Hub,12075,9275,349
NV102531,2025-09-20,Consumer Buy-Back,AB,Calgary Hub,9575,7575,114
NV102532,2026-07-14,Consumer Buy-Back,ON,GTA Hub,9500,6850,91
NV102533,2024-10-08,Consumer Buy-Back,ON,GTA Hub,21750,18800,113
NV102534,2025-05-21,Trade-In,ON,GTA Hub,16200,12750,208
NV102535,2025-04-01,Auction,BC,Calgary Hub,8875,7625,552
NV102536,2024-05-13,Auction,MB,Calgary Hub,9700,7200,498
NV102537,2025-10-06,Auction,AB,Calgary Hub,16725,12900,472
NV102538,2026-06-29,Consumer Buy-Back,ON,GTA Hub,10775,8250,111
NV102539,2025-10-04,Auction,AB,Calgary Hub,14050,11550,561
NV102540,2025-04-19,Auction,ON,GTA Hub,37950,32600,382
NV102541,2026-01-07,Dealer Wholesale,MB,Calgary Hub,36750,32700,313
NV102542,2024-09-17,Auction,MB,Calgary Hub,37350,30600,462
NV102543,2026-07-12,Consumer Buy-Back,BC,Calgary Hub,19000,16350,190
NV102544,2026-04-21,Auction,ON,GTA Hub,12850,10625,415
NV102545,2026-04-20,Trade-In,AB,Calgary Hub,23575,18475,169
NV102546,2024-01-08,Auction,BC,Calgary Hub,28150,23575,539
NV102547,2026-05-30,Auction,QC,Montreal Hub,21775,17375,449
NV102548,2026-03-13,Auction,ON,GTA Hub,13975,11350,445
NV102549,2026-08-24,Auction,AB,Calgary Hub,11500,9825,377
NV102550,2024-03-29,Consumer Buy-Back,QC,Montreal Hub,19675,16350,145
NV102551,2024-07-20,Consumer Buy-Back,BC,Calgary Hub,18475,15850,210
NV102552,2024-09-09,Auction,QC,Montreal Hub,29575,25700,505
NV102553,2026-03-26,Consumer Buy-Back,ON,GTA Hub,8950,7100,70
NV102554,2026-04-25,Auction,ON,GTA Hub,24800,20300,464
NV102555,2025-05-08,Consumer Buy-Back,ON,GTA Hub,11100,9150,158
NV102556,2024-03-21,Auction,ON,GTA Hub,17550,14425,326
NV102557,2026-04-17,Auction,ON,GTA Hub,17875,15025,361
NV102558,2026-03-30,Consumer Buy-Back,QC,Montreal Hub,15475,12775,143
NV102559,2024-10-05,Auction,QC,Montreal Hub,31175,26250,502
NV102560,2025-07-31,Consumer Buy-Back,NL,GTA Hub,15000,11750,192
NV102561,2025-12-01,Trade-In,AB,Calgary Hub,22000,16400,109
NV102562,2024-04-26,Trade-In,ON,GTA Hub,27175,23100,91
NV102563,2024-03-08,Trade-In,ON,GTA Hub,27725,20475,134
NV102564,2026-02-14,Consumer Buy-Back,ON,GTA Hub,12650,10325,92
NV102565,2025-03-04,Auction,ON,GTA Hub,15275,12525,524
NV102566,2026-05-06,Consumer Buy-Back,ON,GTA Hub,20850,17425,123
NV102567,2026-06-18,Auction,AB,Calgary Hub,9075,7425,374
NV102568,2024-12-12,Dealer Wholesale,BC,Calgary Hub,30300,24125,254
NV102569,2025-07-14,Auction,AB,Calgary Hub,32500,27575,529
NV102570,2025-02-21,Auction,ON,GTA Hub,22325,18450,474
NV102571,2024-12-15,Consumer Buy-Back,ON,GTA Hub,30825,25900,177
NV102572,2026-05-21,Dealer Wholesale,NS,GTA Hub,12750,10825,383
NV102573,2024-07-23,Dealer Wholesale,ON,GTA Hub,17225,14300,446
NV102574,2025-07-30,Trade-In,AB,Calgary Hub,28825,21925,215
NV102575,2026-07-03,Dealer Wholesale,ON,GTA Hub,16950,14400,398
NV102576,2024-04-27,Auction,ON,GTA Hub,23700,19200,379
NV102577,2025-09-18,Auction,NS,GTA Hub,17450,13375,478
NV102578,2025-03-02,Dealer Wholesale,ON,GTA Hub,18075,15675,252
NV102579,2024-12-19,Consumer Buy-Back,ON,GTA Hub,19025,15800,187
NV102580,2026-06-17,Auction,ON,GTA Hub,14400,12325,557
NV102581,2026-04-30,Dealer Wholesale,ON,GTA Hub,28500,24375,303
NV102582,2025-08-28,Trade-In,ON,GTA Hub,23300,18100,93
NV102583,2026-08-17,Dealer Wholesale,ON,GTA Hub,14325,13350,258
NV102584,2024-04-23,Consumer Buy-Back,MB,Calgary Hub,48275,39875,229
NV102585,2024-05-25,Auction,ON,GTA Hub,31175,26650,414
NV102586,2025-09-24,Trade-In,QC,Montreal Hub,24475,19475,50
NV102587,2026-02-10,Trade-In,NS,GTA Hub,14250,11375,0
NV102588,2025-01-30,Dealer Wholesale,AB,Calgary Hub,37900,32150,353
NV102589,2026-04-17,Consumer Buy-Back,ON,GTA Hub,23550,18375,171
NV102590,2025-11-16,Dealer Wholesale,BC,Calgary Hub,30625,26300,290
NV102591,2025-09-23,Auction,QC,Montreal Hub,28775,24850,353
NV102592,2026-06-25,Consumer Buy-Back,ON,GTA Hub,33000,29175,140
NV102593,2024-09-22,Trade-In,ON,GTA Hub,15225,11825,137
NV102594,2025-04-10,Auction,ON,GTA Hub,24650,19775,398
NV102595,2025-11-01,Trade-In,QC,Montreal Hub,41675,31500,123
NV102596,2026-08-25,Trade-In,AB,Calgary Hub,15450,11750,150
NV102597,2025-08-21,Auction,NB,Montreal Hub,12025,10025,504
NV102598,2024-02-24,Consumer Buy-Back,AB,Calgary Hub,10925,8650,227
NV102599,2025-04-21,Consumer Buy-Back,QC,Montreal Hub,12000,9775,23
NV102600,2024-08-25,Auction,QC,Montreal Hub,15600,13125,396
NV102601,2024-11-15,Consumer Buy-Back,NS,GTA Hub,17550,15000,117
NV102602,2025-09-22,Consumer Buy-Back,MB,Calgary Hub,23025,18150,211
NV102603,2024-10-30,Auction,MB,Calgary Hub,10500,8300,499
NV102604,2026-05-31,Auction,ON,GTA Hub,20325,16650,428
NV102605,2025-07-31,Auction,AB,Calgary Hub,16225,13150,524
NV102606,2025-11-08,Auction,NB,Montreal Hub,11300,8650,505
NV102607,2026-06-07,Dealer Wholesale,BC,Calgary Hub,19850,17300,368
NV102608,2026-05-27,Consumer Buy-Back,ON,GTA Hub,12000,9625,161
NV102609,2025-03-22,Dealer Wholesale,MB,Calgary Hub,13125,11175,374
NV102610,2026-03-05,Dealer Wholesale,ON,GTA Hub,9050,7250,254
NV102611,2025-05-18,Auction,QC,Montreal Hub,23575,19725,328
NV102612,2025-05-23,Trade-In,ON,GTA Hub,21200,17825,182
NV102613,2024-06-16,Consumer Buy-Back,NL,GTA Hub,24825,20450,185
NV102614,2026-04-27,Auction,NS,GTA Hub,22425,18825,507
NV102615,2024-02-21,Auction,ON,GTA Hub,24825,19575,589
NV102616,2024-06-09,Auction,ON,GTA Hub,14800,13075,422
NV102617,2026-02-06,Dealer Wholesale,ON,GTA Hub,11725,10700,362
NV102618,2024-12-14,Auction,ON,GTA Hub,18825,15475,381
NV102619,2025-03-19,Consumer Buy-Back,AB,Calgary Hub,15675,12750,183
NV102620,2025-12-30,Trade-In,BC,Calgary Hub,15525,12575,90
NV102621,2026-03-10,Auction,ON,GTA Hub,12125,10300,417
NV102622,2026-01-26,Auction,AB,Calgary Hub,14175,11875,368
NV102623,2025-08-12,Auction,ON,GTA Hub,13225,10475,390
NV102624,2026-05-02,Auction,ON,GTA Hub,16050,13525,439
NV102625,2025-04-20,Consumer Buy-Back,AB,Calgary Hub,15525,12550,99
NV102626,2026-06-30,Auction,ON,GTA Hub,15100,12675,407
NV102627,2026-05-07,Auction,ON,GTA Hub,29175,22225,519
NV102628,2025-09-18,Auction,BC,Calgary Hub,12650,9900,523
NV102629,2024-10-29,Consumer Buy-Back,SK,Calgary Hub,22175,18950,164
NV102630,2026-08-05,Auction,SK,Calgary Hub,6050,4900,421
NV102631,2025-09-03,Dealer Wholesale,ON,GTA Hub,11650,9850,308
NV102632,2026-03-01,Trade-In,ON,GTA Hub,41950,33925,192
NV102633,2026-02-23,Auction,ON,GTA Hub,13775,11300,522
NV102634,2025-06-23,Auction,QC,Montreal Hub,27225,21975,467
NV102635,2026-08-18,Auction,AB,Calgary Hub,11425,9100,490
NV102636,2024-06-25,Auction,QC,Montreal Hub,20075,16625,568
NV102637,2026-07-28,Auction,QC,Montreal Hub,15275,13325,443
NV102638,2026-08-05,Consumer Buy-Back,BC,Calgary Hub,8225,6825,221
NV102639,2026-01-09,Dealer Wholesale,ON,GTA Hub,18750,14825,306
NV102640,2026-01-31,Consumer Buy-Back,QC,Montreal Hub,23625,19775,246
NV102641,2024-03-23,Auction,ON,GTA Hub,29250,24350,419
NV102642,2024-03-04,Auction,QC,Montreal Hub,23150,19375,495
NV102643,2025-03-18,Consumer Buy-Back,ON,GTA Hub,30600,25450,73
NV102644,2025-12-07,Auction,ON,GTA Hub,11450,9500,416
NV102645,2025-10-06,Auction,MB,Calgary Hub,18325,15200,382
NV102646,2026-06-10,Auction,QC,Montreal Hub,9175,7500,561
NV102647,2026-06-19,Consumer Buy-Back,ON,GTA Hub,16050,12975,136
NV102648,2026-03-24,Consumer Buy-Back,BC,Calgary Hub,15150,12025,115
NV102649,2024-11-30,Trade-In,ON,GTA Hub,26300,21200,146
NV102650,2025-01-11,Trade-In,ON,GTA Hub,26675,21450,46
NV102651,2025-01-03,Auction,QC,Montreal Hub,20750,18100,561
NV102652,2026-08-25,Auction,AB,Calgary Hub,23825,20100,530
NV102653,2025-08-13,Auction,NS,GTA Hub,22875,19000,565
NV102654,2024-12-23,Dealer Wholesale,NB,Montreal Hub,19125,16550,208
NV102655,2025-05-18,Auction,QC,Montreal Hub,29850,25775,435
NV102656,2025-06-13,Auction,BC,Calgary Hub,15400,12050,406
NV102657,2025-01-21,Auction,ON,GTA Hub,18200,15825,411
NV102658,2025-03-28,Auction,ON,GTA Hub,10550,8375,389
NV102659,2025-07-01,Consumer Buy-Back,ON,GTA Hub,23775,18800,171
NV102660,2024-02-14,Consumer Buy-Back,SK,Calgary Hub,13825,11925,179
NV102661,2025-11-05,Trade-In,QC,Montreal Hub,22625,17200,176
NV102662,2024-06-05,Auction,QC,Montreal Hub,30850,24875,488
NV102663,2026-07-26,Trade-In,ON,GTA Hub,25725,19175,175
NV102664,2026-02-23,Consumer Buy-Back,ON,GTA Hub,8475,6800,201
NV102665,2024-10-17,Consumer Buy-Back,QC,Montreal Hub,21325,17775,119
NV102666,2024-04-04,Auction,AB,Calgary Hub,20675,16300,420
NV102667,2024-03-07,Auction,ON,GTA Hub,18825,14925,545
NV102668,2024-07-18,Auction,ON,GTA Hub,27900,23150,418
NV102669,2025-12-17,Auction,QC,Montreal Hub,19825,16425,512
NV102670,2025-04-16,Consumer Buy-Back,QC,Montreal Hub,11125,8925,232
NV102671,2026-08-06,Auction,AB,Calgary Hub,18600,15850,531
NV102672,2025-04-30,Trade-In,SK,Calgary Hub,17175,12950,157
NV102673,2024-05-24,Auction,NB,Montreal Hub,13825,11175,466
NV102674,2025-01-27,Consumer Buy-Back,QC,Montreal Hub,31625,27300,252
NV102675,2026-02-25,Auction,NS,GTA Hub,16875,13225,338
NV102676,2025-12-22,Consumer Buy-Back,ON,GTA Hub,23125,18825,175
NV102677,2024-04-29,Consumer Buy-Back,SK,Calgary Hub,30600,27025,122
NV102678,2024-04-26,Consumer Buy-Back,ON,GTA Hub,33025,26600,81
NV102679,2024-01-11,Auction,ON,GTA Hub,17725,13800,548
NV102680,2024-07-22,Consumer Buy-Back,AB,Calgary Hub,31175,25025,106
NV102681,2024-11-09,Dealer Wholesale,ON,GTA Hub,15400,13650,254
NV102682,2025-08-05,Auction,NS,GTA Hub,21425,17300,457
NV102683,2024-07-25,Auction,AB,Calgary Hub,22425,19425,535
NV102684,2025-08-25,Consumer Buy-Back,ON,GTA Hub,18675,15400,162
NV102685,2026-07-11,Auction,ON,GTA Hub,37375,32275,408
NV102686,2024-05-27,Dealer Wholesale,QC,Montreal Hub,32400,26000,375
NV102687,2026-01-27,Consumer Buy-Back,AB,Calgary Hub,29525,24100,89
NV102688,2025-05-08,Auction,BC,Calgary Hub,33150,28250,405
NV102689,2024-06-03,Consumer Buy-Back,AB,Calgary Hub,23100,19050,132
NV102690,2024-05-24,Auction,AB,Calgary Hub,13575,11275,501
NV102691,2025-04-29,Trade-In,AB,Calgary Hub,36900,26975,40
NV102692,2026-08-31,Auction,QC,Montreal Hub,11525,8600,495
NV102693,2026-03-19,Auction,ON,GTA Hub,9500,7475,405
NV102694,2026-02-08,Consumer Buy-Back,ON,GTA Hub,8050,6575,115
NV102695,2024-11-08,Consumer Buy-Back,ON,GTA Hub,31800,27350,66
NV102696,2025-10-09,Consumer Buy-Back,QC,Montreal Hub,20525,16025,80
NV102697,2024-04-01,Auction,MB,Calgary Hub,19200,15475,430
NV102698,2025-12-14,Auction,ON,GTA Hub,16725,14800,350
NV102699,2025-10-02,Trade-In,ON,GTA Hub,17175,13950,126
NV102700,2025-12-30,Trade-In,AB,Calgary Hub,24450,19050,115
NV102701,2025-10-16,Dealer Wholesale,AB,Calgary Hub,30725,27250,364
NV102702,2025-06-04,Trade-In,ON,GTA Hub,20575,15575,103
NV102703,2025-06-07,Trade-In,ON,GTA Hub,28975,22750,57
NV102704,2024-06-25,Consumer Buy-Back,AB,Calgary Hub,8400,6925,45
NV102705,2025-06-18,Auction,BC,Calgary Hub,16325,13950,314
NV102706,2025-03-06,Auction,NS,GTA Hub,13675,10375,377
NV102707,2026-04-19,Auction,ON,GTA Hub,18375,16025,430
NV102708,2025-02-13,Consumer Buy-Back,ON,GTA Hub,10275,8075,102
NV102709,2026-03-11,Trade-In,ON,GTA Hub,15000,12050,151
NV102710,2025-07-26,Auction,ON,GTA Hub,17075,14425,512
NV102711,2025-10-23,Trade-In,ON,GTA Hub,12650,9775,77
NV102712,2025-07-18,Auction,ON,GTA Hub,13425,11500,544
NV102713,2026-08-29,Auction,ON,GTA Hub,31700,27725,462
NV102714,2026-03-05,Auction,QC,Montreal Hub,32600,26750,422
NV102715,2024-07-15,Trade-In,ON,GTA Hub,11475,9300,101
NV102716,2024-12-22,Trade-In,ON,GTA Hub,19550,15350,75
NV102717,2024-09-16,Consumer Buy-Back,NB,Montreal Hub,20825,16400,188
NV102718,2026-03-26,Trade-In,ON,GTA Hub,15875,12300,7
NV102719,2026-03-27,Consumer Buy-Back,AB,Calgary Hub,12350,10450,51
NV102720,2024-07-08,Auction,QC,Montreal Hub,21200,19350,458
NV102721,2025-12-10,Trade-In,NS,GTA Hub,26475,21100,190
NV102722,2024-12-17,Consumer Buy-Back,ON,GTA Hub,12825,10600,149
NV102723,2026-02-08,Auction,ON,GTA Hub,12575,10500,471
NV102724,2024-08-18,Consumer Buy-Back,ON,GTA Hub,23675,19125,151
NV102725,2026-07-14,Consumer Buy-Back,ON,GTA Hub,14375,10775,127
NV102726,2026-03-23,Auction,ON,GTA Hub,17275,14575,540
NV102727,2024-05-26,Auction,ON,GTA Hub,11225,9200,413
NV102728,2024-10-12,Trade-In,BC,Calgary Hub,22900,18525,0
NV102729,2025-07-31,Trade-In,NB,Montreal Hub,13100,9900,142
NV102730,2025-07-07,Trade-In,ON,GTA Hub,13175,10000,165
NV102731,2024-12-28,Consumer Buy-Back,ON,GTA Hub,18550,15025,152
NV102732,2025-11-18,Consumer Buy-Back,MB,Calgary Hub,10400,8075,158
NV102733,2024-07-23,Auction,ON,GTA Hub,15925,13800,350
NV102734,2026-05-20,Consumer Buy-Back,AB,Calgary Hub,10025,8625,160
NV102735,2026-08-26,Auction,ON,GTA Hub,17250,14050,402
NV102736,2024-05-31,Consumer Buy-Back,ON,GTA Hub,9400,8050,163
NV102737,2026-03-21,Consumer Buy-Back,ON,GTA Hub,12625,10350,220
NV102738,2024-04-16,Auction,ON,GTA Hub,25250,20100,359
NV102739,2026-05-22,Consumer Buy-Back,ON,GTA Hub,17100,14850,150
NV102740,2026-06-16,Auction,NS,GTA Hub,6725,5300,416
NV102741,2025-01-01,Consumer Buy-Back,ON,GTA Hub,23525,18125,169
NV102742,2026-07-01,Auction,QC,Montreal Hub,19700,16525,451
NV102743,2025-06-19,Auction,BC,Calgary Hub,31050,26275,368
NV102744,2025-01-14,Auction,MB,Calgary Hub,9400,8175,415
NV102745,2024-04-20,Trade-In,MB,Calgary Hub,37425,30850,132
NV102746,2024-02-29,Auction,ON,GTA Hub,28825,23800,300
NV102747,2026-07-02,Consumer Buy-Back,ON,GTA Hub,47100,39050,146
NV102748,2025-10-19,Auction,ON,GTA Hub,15050,11925,393
NV102749,2026-07-06,Auction,ON,GTA Hub,14775,11150,385
NV102750,2025-02-09,Auction,ON,GTA Hub,15950,13550,435
NV102751,2026-05-18,Consumer Buy-Back,ON,GTA Hub,16800,13525,33
NV102752,2024-05-20,Consumer Buy-Back,ON,GTA Hub,27350,24225,206
NV102753,2025-05-26,Auction,NL,GTA Hub,17975,15050,489
NV102754,2024-01-13,Dealer Wholesale,ON,GTA Hub,39250,31200,300
NV102755,2025-04-23,Consumer Buy-Back,SK,Calgary Hub,13250,10325,178
NV102756,2025-12-20,Consumer Buy-Back,ON,GTA Hub,16600,13650,83
NV102757,2026-07-05,Consumer Buy-Back,BC,Calgary Hub,25200,20825,277
NV102758,2025-03-26,Dealer Wholesale,NL,GTA Hub,31150,25025,235
NV102759,2024-04-08,Trade-In,ON,GTA Hub,14825,11500,75
NV102760,2025-05-15,Auction,ON,GTA Hub,19850,16150,500
NV102761,2025-06-01,Trade-In,AB,Calgary Hub,8500,6100,242
NV102762,2025-03-23,Consumer Buy-Back,AB,Calgary Hub,30225,25025,183
NV102763,2026-06-11,Consumer Buy-Back,ON,GTA Hub,11575,9325,130
NV102764,2026-06-19,Consumer Buy-Back,ON,GTA Hub,26150,23625,26
NV102765,2026-05-06,Consumer Buy-Back,ON,GTA Hub,12700,10150,186
NV102766,2025-09-26,Trade-In,ON,GTA Hub,26450,20525,230
NV102767,2024-04-02,Auction,ON,GTA Hub,24475,20175,545
NV102768,2026-04-06,Consumer Buy-Back,BC,Calgary Hub,13100,10000,176
NV102769,2026-07-17,Trade-In,SK,Calgary Hub,28325,20600,90
NV102770,2025-08-26,Trade-In,ON,GTA Hub,22075,18050,95
NV102771,2026-03-08,Auction,ON,GTA Hub,21200,17450,371
NV102772,2024-06-16,Auction,AB,Calgary Hub,44725,36550,420
NV102773,2026-05-16,Consumer Buy-Back,ON,GTA Hub,20375,15725,120
NV102774,2026-03-29,Auction,ON,GTA Hub,18275,16400,427
NV102775,2024-10-11,Consumer Buy-Back,AB,Calgary Hub,25275,21825,164
NV102776,2024-10-04,Trade-In,QC,Montreal Hub,35250,28650,120
NV102777,2026-01-02,Consumer Buy-Back,ON,GTA Hub,13100,10850,184
NV102778,2025-07-08,Trade-In,NS,GTA Hub,17425,13200,218
NV102779,2026-02-28,Auction,AB,Calgary Hub,21275,18075,379
NV102780,2025-09-20,Auction,BC,Calgary Hub,27650,22100,467
NV102781,2026-05-05,Auction,AB,Calgary Hub,13500,10950,418
NV102782,2026-05-17,Auction,AB,Calgary Hub,21825,17850,338
NV102783,2024-09-03,Dealer Wholesale,QC,Montreal Hub,18575,15250,388
NV102784,2026-02-20,Consumer Buy-Back,ON,GTA Hub,16150,12650,141
NV102785,2025-02-12,Auction,ON,GTA Hub,21700,18375,367
NV102786,2026-01-26,Consumer Buy-Back,SK,Calgary Hub,18575,15350,109
NV102787,2024-12-28,Auction,BC,Calgary Hub,24075,19200,337
NV102788,2025-08-09,Dealer Wholesale,AB,Calgary Hub,13450,12125,369
NV102789,2026-08-27,Consumer Buy-Back,BC,Calgary Hub,13675,11050,141
NV102790,2026-03-31,Auction,QC,Montreal Hub,20125,16300,384
NV102791,2026-04-11,Trade-In,ON,GTA Hub,27950,23375,175
NV102792,2024-04-25,Auction,NS,GTA Hub,29975,24775,422
NV102793,2025-07-23,Trade-In,AB,Calgary Hub,9175,6700,152
NV102794,2025-05-14,Auction,QC,Montreal Hub,25425,20525,479
NV102795,2026-04-30,Auction,ON,GTA Hub,10875,9125,321
NV102796,2026-05-01,Consumer Buy-Back,ON,GTA Hub,15975,12825,161
NV102797,2024-01-30,Auction,ON,GTA Hub,11125,9075,451
NV102798,2025-04-22,Dealer Wholesale,QC,Montreal Hub,15350,12625,387
NV102799,2025-10-13,Consumer Buy-Back,ON,GTA Hub,17150,13050,124
NV102800,2025-11-15,Auction,ON,GTA Hub,43550,35625,421
NV102801,2025-03-24,Auction,BC,Calgary Hub,27425,22075,407
NV102802,2024-06-18,Auction,QC,Montreal Hub,18925,15700,461
NV102803,2026-01-02,Consumer Buy-Back,ON,GTA Hub,21975,17675,41
NV102804,2026-06-10,Consumer Buy-Back,SK,Calgary Hub,14150,11075,104
NV102805,2025-05-20,Auction,ON,GTA Hub,23350,19375,461
NV102806,2025-03-23,Auction,ON,GTA Hub,24850,19375,414
NV102807,2024-03-28,Auction,ON,GTA Hub,9500,8225,397
NV102808,2025-05-22,Auction,NB,Montreal Hub,32700,27600,492
NV102809,2024-01-14,Consumer Buy-Back,QC,Montreal Hub,14800,12300,131
NV102810,2026-06-22,Auction,ON,GTA Hub,18225,14900,434
NV102811,2026-07-10,Auction,ON,GTA Hub,21525,18200,498
NV102812,2024-07-15,Consumer Buy-Back,MB,Calgary Hub,16850,14050,124
NV102813,2026-05-04,Consumer Buy-Back,ON,GTA Hub,29350,25875,107
NV102814,2024-06-19,Trade-In,ON,GTA Hub,17475,12675,154
NV102815,2025-02-12,Consumer Buy-Back,NS,GTA Hub,31175,26175,115
NV102816,2025-09-14,Auction,AB,Calgary Hub,15850,12200,450
NV102817,2025-09-17,Consumer Buy-Back,QC,Montreal Hub,31700,26175,131
NV102818,2024-12-04,Consumer Buy-Back,QC,Montreal Hub,23100,18775,167
NV102819,2025-12-25,Auction,QC,Montreal Hub,15275,12025,517
NV102820,2025-12-27,Auction,BC,Calgary Hub,12925,10350,435
NV102821,2025-06-14,Auction,BC,Calgary Hub,26150,21725,294
NV102822,2024-03-25,Auction,SK,Calgary Hub,20550,16100,513
NV102823,2026-03-31,Consumer Buy-Back,ON,GTA Hub,14975,12850,109
NV102824,2026-04-06,Auction,ON,GTA Hub,17175,13625,474
NV102825,2025-12-29,Consumer Buy-Back,ON,GTA Hub,19500,16525,208
NV102826,2025-03-27,Trade-In,ON,GTA Hub,17125,14125,98
NV102827,2026-02-26,Consumer Buy-Back,ON,GTA Hub,9225,7975,93
NV102828,2025-03-01,Dealer Wholesale,QC,Montreal Hub,24250,17725,393
NV102829,2025-05-01,Consumer Buy-Back,MB,Calgary Hub,21050,17025,58
NV102830,2025-06-06,Auction,AB,Calgary Hub,31600,25050,462
NV102831,2026-05-01,Consumer Buy-Back,ON,GTA Hub,22150,18700,182
NV102832,2024-04-16,Consumer Buy-Back,ON,GTA Hub,28525,23700,88
NV102833,2024-09-20,Auction,ON,GTA Hub,30125,27025,464
NV102834,2025-08-31,Auction,ON,GTA Hub,13175,11375,452
NV102835,2024-07-02,Consumer Buy-Back,QC,Montreal Hub,20075,16375,152
NV102836,2024-04-08,Consumer Buy-Back,ON,GTA Hub,22125,17875,49
NV102837,2024-07-26,Consumer Buy-Back,ON,GTA Hub,17850,14650,204
NV102838,2026-07-04,Dealer Wholesale,QC,Montreal Hub,18775,16700,328
NV102839,2024-04-07,Auction,BC,Calgary Hub,10750,9000,398
NV102840,2026-01-13,Consumer Buy-Back,AB,Calgary Hub,22100,17175,183
NV102841,2026-06-03,Trade-In,ON,GTA Hub,24475,18875,58
NV102842,2024-08-26,Auction,ON,GTA Hub,30825,23450,420
NV102843,2025-07-10,Consumer Buy-Back,ON,GTA Hub,23100,19725,131
NV102844,2025-05-07,Auction,ON,GTA Hub,21475,18350,355
NV102845,2025-01-31,Consumer Buy-Back,ON,GTA Hub,42700,34975,150
NV102846,2025-08-02,Consumer Buy-Back,ON,GTA Hub,18075,14550,202
NV102847,2024-12-03,Consumer Buy-Back,ON,GTA Hub,25800,19875,102
NV102848,2026-06-26,Consumer Buy-Back,AB,Calgary Hub,18975,16775,200
NV102849,2024-12-30,Dealer Wholesale,NS,GTA Hub,48275,43050,295
NV102850,2026-07-30,Auction,ON,GTA Hub,17225,13300,440
NV102851,2026-08-24,Consumer Buy-Back,ON,GTA Hub,19150,16525,187
NV102852,2025-06-29,Auction,ON,GTA Hub,32225,26075,489
NV102853,2025-02-14,Auction,QC,Montreal Hub,23650,19025,439
NV102854,2025-11-30,Consumer Buy-Back,ON,GTA Hub,17825,15500,157
NV102855,2024-02-06,Dealer Wholesale,ON,GTA Hub,20700,18475,414
NV102856,2026-06-10,Dealer Wholesale,BC,Calgary Hub,12050,11300,287
NV102857,2026-07-28,Auction,ON,GTA Hub,10625,9150,447
NV102858,2026-01-05,Dealer Wholesale,QC,Montreal Hub,21225,19550,390
NV102859,2025-09-28,Trade-In,ON,GTA Hub,11275,8925,90
NV102860,2025-06-14,Auction,AB,Calgary Hub,25425,21400,498
NV102861,2026-02-15,Auction,ON,GTA Hub,13950,11025,395
NV102862,2026-05-09,Dealer Wholesale,AB,Calgary Hub,17875,14700,363
NV102863,2024-09-24,Consumer Buy-Back,ON,GTA Hub,15500,13675,291
NV102864,2025-10-03,Auction,ON,GTA Hub,14375,11725,400
NV102865,2024-06-25,Auction,ON,GTA Hub,12350,10150,430
NV102866,2026-05-19,Auction,NB,Montreal Hub,10725,9175,382
NV102867,2026-08-22,Auction,BC,Calgary Hub,16000,13050,449
NV102868,2025-12-09,Consumer Buy-Back,MB,Calgary Hub,34200,27850,166
NV102869,2026-06-23,Consumer Buy-Back,ON,GTA Hub,24525,19175,102
NV102870,2025-07-28,Consumer Buy-Back,ON,GTA Hub,15350,12475,92
NV102871,2026-06-06,Trade-In,MB,Calgary Hub,8275,6150,57
NV102872,2025-04-01,Auction,ON,GTA Hub,18650,15500,457
NV102873,2025-04-15,Trade-In,ON,GTA Hub,25325,18450,211
NV102874,2025-11-28,Trade-In,BC,Calgary Hub,25250,18600,8
NV102875,2026-02-07,Auction,ON,GTA Hub,24625,19775,427
NV102876,2026-06-18,Consumer Buy-Back,AB,Calgary Hub,11850,9325,178
NV102877,2024-08-07,Trade-In,ON,GTA Hub,32500,25750,41
NV102878,2026-05-20,Auction,AB,Calgary Hub,23850,18775,374
NV102879,2024-07-06,Auction,ON,GTA Hub,17800,14650,487
NV102880,2026-06-27,Auction,AB,Calgary Hub,25150,21775,469
NV102881,2024-06-18,Auction,ON,GTA Hub,13000,10350,444
NV102882,2024-05-26,Dealer Wholesale,ON,GTA Hub,43275,35000,343
NV102883,2026-04-06,Auction,NS,GTA Hub,16875,13725,429
NV102884,2026-03-03,Trade-In,QC,Montreal Hub,10000,7750,58
NV102885,2026-07-30,Dealer Wholesale,ON,GTA Hub,20250,16750,446
NV102886,2024-05-04,Dealer Wholesale,ON,GTA Hub,15550,12600,240
NV102887,2025-02-24,Trade-In,ON,GTA Hub,35675,29000,118
NV102888,2025-03-30,Auction,QC,Montreal Hub,20800,16750,474
NV102889,2024-03-08,Auction,SK,Calgary Hub,18900,16050,535
NV102890,2025-08-04,Dealer Wholesale,QC,Montreal Hub,15400,13875,201
NV102891,2026-01-17,Auction,QC,Montreal Hub,16700,13825,499
NV102892,2026-05-16,Trade-In,BC,Calgary Hub,6200,4825,15
NV102893,2025-10-08,Trade-In,ON,GTA Hub,18225,14175,26
NV102894,2026-04-06,Auction,BC,Calgary Hub,33750,25625,502
NV102895,2025-08-15,Trade-In,SK,Calgary Hub,21050,18325,129
NV102896,2024-04-20,Auction,SK,Calgary Hub,54650,46700,403
NV102897,2024-12-18,Trade-In,MB,Calgary Hub,21800,16175,175
NV102898,2024-05-03,Auction,ON,GTA Hub,33275,27950,442
NV102899,2024-10-17,Dealer Wholesale,ON,GTA Hub,16000,13500,280
NV102900,2024-05-16,Consumer Buy-Back,AB,Calgary Hub,26525,20800,215
NV102901,2026-04-30,Auction,AB,Calgary Hub,26625,23125,482
NV102902,2026-02-02,Auction,ON,GTA Hub,23100,19625,401
NV102903,2024-07-19,Consumer Buy-Back,BC,Calgary Hub,21575,18425,73
NV102904,2024-08-26,Auction,ON,GTA Hub,19150,15975,400
NV102905,2026-05-28,Auction,ON,GTA Hub,10725,8900,371
NV102906,2026-06-27,Auction,SK,Calgary Hub,16125,12975,338
NV102907,2025-12-25,Auction,AB,Calgary Hub,21900,17825,410
NV102908,2026-03-07,Dealer Wholesale,BC,Calgary Hub,21550,18300,449
NV102909,2026-06-30,Auction,ON,GTA Hub,21100,16850,561
NV102910,2025-10-03,Consumer Buy-Back,AB,Calgary Hub,22025,17725,195
NV102911,2024-01-03,Trade-In,ON,GTA Hub,12975,10625,180
NV102912,2025-05-13,Consumer Buy-Back,NS,GTA Hub,20950,16975,209
NV102913,2025-08-29,Auction,ON,GTA Hub,9150,7675,481
NV102914,2026-05-15,Consumer Buy-Back,SK,Calgary Hub,14225,11100,116
NV102915,2025-07-29,Consumer Buy-Back,BC,Calgary Hub,10825,8475,187
NV102916,2026-05-08,Consumer Buy-Back,QC,Montreal Hub,9725,7800,213
NV102917,2026-08-21,Consumer Buy-Back,ON,GTA Hub,26600,19825,198
NV102918,2024-07-25,Dealer Wholesale,BC,Calgary Hub,23800,20200,354
NV102919,2025-01-08,Auction,ON,GTA Hub,29325,25575,570
NV102920,2025-03-12,Trade-In,AB,Calgary Hub,23000,16750,57
NV102921,2026-02-20,Consumer Buy-Back,QC,Montreal Hub,10475,8500,222
NV102922,2026-04-29,Auction,QC,Montreal Hub,19925,16150,388
NV102923,2026-01-12,Auction,ON,GTA Hub,27475,22575,368
NV102924,2024-01-08,Trade-In,ON,GTA Hub,47100,36225,92
NV102925,2024-03-29,Consumer Buy-Back,ON,GTA Hub,28625,23750,129
NV102926,2026-04-02,Auction,ON,GTA Hub,22600,17925,528
NV102927,2025-11-22,Consumer Buy-Back,AB,Calgary Hub,21600,18150,145
NV102928,2026-04-01,Auction,NS,GTA Hub,19275,15975,407
NV102929,2025-03-16,Trade-In,QC,Montreal Hub,18100,14350,140
NV102930,2025-08-30,Dealer Wholesale,ON,GTA Hub,20075,17150,347
NV102931,2025-12-07,Consumer Buy-Back,ON,GTA Hub,25575,21325,134
NV102932,2024-10-03,Consumer Buy-Back,AB,Calgary Hub,16050,13550,104
NV102933,2026-05-30,Auction,ON,GTA Hub,15550,12800,508
NV102934,2024-12-29,Auction,ON,GTA Hub,15275,11900,450
NV102935,2025-08-10,Consumer Buy-Back,ON,GTA Hub,9925,8175,99
NV102936,2026-05-10,Consumer Buy-Back,ON,GTA Hub,24800,19875,109
NV102937,2024-12-06,Auction,ON,GTA Hub,23325,18800,469
NV102938,2024-08-26,Auction,BC,Calgary Hub,19225,15825,345
NV102939,2025-05-02,Consumer Buy-Back,SK,Calgary Hub,26625,21325,176
NV102940,2024-05-12,Auction,ON,GTA Hub,45350,37175,365
NV102941,2025-10-07,Consumer Buy-Back,ON,GTA Hub,29850,27000,13
NV102942,2024-03-24,Consumer Buy-Back,AB,Calgary Hub,13275,10400,180
NV102943,2025-12-16,Auction,ON,GTA Hub,23575,19750,519
NV102944,2025-12-10,Auction,ON,GTA Hub,20125,15750,369
NV102945,2024-02-06,Auction,QC,Montreal Hub,22550,18150,478
NV102946,2026-05-31,Auction,ON,GTA Hub,14450,11525,459
NV102947,2025-05-25,Trade-In,NS,GTA Hub,15100,11500,126
NV102948,2024-12-23,Auction,ON,GTA Hub,13775,11000,473
NV102949,2026-02-11,Consumer Buy-Back,ON,GTA Hub,29625,24600,180
NV102950,2025-03-15,Consumer Buy-Back,QC,Montreal Hub,27075,20500,261
NV102951,2024-10-24,Trade-In,ON,GTA Hub,15300,11925,57
NV102952,2024-08-26,Auction,AB,Calgary Hub,22750,17700,468
NV102953,2024-03-26,Consumer Buy-Back,ON,GTA Hub,54625,44325,131
NV102954,2025-12-14,Consumer Buy-Back,ON,GTA Hub,8500,6900,103
NV102955,2026-02-12,Auction,ON,GTA Hub,16350,13500,473
NV102956,2025-10-21,Auction,AB,Calgary Hub,18950,15250,510
NV102957,2026-05-07,Auction,AB,Calgary Hub,18100,14950,502
NV102958,2026-06-13,Dealer Wholesale,ON,GTA Hub,11575,10025,302
NV102959,2026-06-04,Trade-In,ON,GTA Hub,11600,10175,66
NV102960,2026-08-17,Consumer Buy-Back,BC,Calgary Hub,17975,14425,179
NV102961,2025-05-19,Consumer Buy-Back,AB,Calgary Hub,9200,6950,251
NV102962,2026-05-06,Auction,QC,Montreal Hub,12925,10900,532
NV102963,2025-12-22,Trade-In,ON,GTA Hub,18925,14725,153
NV102964,2024-10-01,Auction,ON,GTA Hub,27450,22475,569
NV102965,2024-04-21,Dealer Wholesale,ON,GTA Hub,26300,20775,400
NV102966,2024-11-25,Auction,QC,Montreal Hub,25200,20850,408
NV102967,2025-08-19,Trade-In,ON,GTA Hub,13950,10225,65
NV102968,2025-12-24,Auction,ON,GTA Hub,32925,29425,418
NV102969,2026-04-02,Auction,ON,GTA Hub,20950,15825,441
NV102970,2026-08-07,Consumer Buy-Back,ON,GTA Hub,9525,8150,17
NV102971,2026-04-25,Auction,ON,GTA Hub,33475,28075,392
NV102972,2024-02-25,Consumer Buy-Back,BC,Calgary Hub,14250,11850,195
NV102973,2026-06-24,Auction,ON,GTA Hub,19150,15700,475
NV102974,2024-02-15,Auction,ON,GTA Hub,18275,14050,418
NV102975,2024-06-22,Auction,QC,Montreal Hub,19200,15625,483
NV102976,2025-02-26,Consumer Buy-Back,ON,GTA Hub,16450,12625,99
NV102977,2025-05-14,Consumer Buy-Back,SK,Calgary Hub,11825,9225,205
NV102978,2025-05-06,Consumer Buy-Back,ON,GTA Hub,11775,9825,105
NV102979,2025-02-21,Auction,ON,GTA Hub,19000,16025,456
NV102980,2026-05-13,Consumer Buy-Back,ON,GTA Hub,26900,22275,112
NV102981,2025-06-20,Consumer Buy-Back,AB,Calgary Hub,18900,16225,173
NV102982,2024-05-01,Consumer Buy-Back,ON,GTA Hub,11575,9250,114
NV102983,2025-06-30,Trade-In,ON,GTA Hub,16000,12900,52
NV102984,2026-05-08,Consumer Buy-Back,NB,Montreal Hub,8625,6475,54
NV102985,2024-07-24,Auction,SK,Calgary Hub,17875,14400,484
NV102986,2024-04-09,Consumer Buy-Back,ON,GTA Hub,17750,15750,118
NV102987,2025-03-02,Auction,ON,GTA Hub,10600,7600,522
NV102988,2026-08-09,Auction,QC,Montreal Hub,20375,16125,347
NV102989,2026-05-28,Consumer Buy-Back,ON,GTA Hub,11200,8725,179
NV102990,2026-02-10,Auction,SK,Calgary Hub,13675,11025,459
NV102991,2026-03-08,Auction,ON,GTA Hub,12125,10000,422
NV102992,2025-08-15,Auction,ON,GTA Hub,21050,17425,420
NV102993,2025-07-08,Consumer Buy-Back,ON,GTA Hub,29475,24350,231
NV102994,2025-08-08,Consumer Buy-Back,QC,Montreal Hub,24675,19950,144
NV102995,2026-06-20,Auction,NB,Montreal Hub,15875,12475,427
NV102996,2026-08-14,Trade-In,ON,GTA Hub,13575,9825,161
NV102997,2024-07-26,Auction,AB,Calgary Hub,15050,12700,473
NV102998,2024-12-20,Dealer Wholesale,ON,GTA Hub,10725,9600,382
NV102999,2025-01-27,Auction,ON,GTA Hub,10175,8825,527
NV103000,2025-12-08,Dealer Wholesale,ON,GTA Hub,27100,23975,341
NV103001,2025-09-26,Auction,AB,Calgary Hub,24975,20650,506
NV103002,2024-09-03,Consumer Buy-Back,ON,GTA Hub,15475,13125,168
NV103003,2024-11-16,Auction,QC,Montreal Hub,13075,10450,425
NV103004,2025-12-30,Auction,ON,GTA Hub,19800,15500,530
NV103005,2025-02-20,Auction,NB,Montreal Hub,19850,17850,389
NV103006,2026-05-05,Dealer Wholesale,AB,Calgary Hub,15050,12725,210
NV103007,2026-03-21,Dealer Wholesale,ON,GTA Hub,12775,10375,327
NV103008,2025-06-13,Auction,ON,GTA Hub,26250,23125,408
NV103009,2024-02-15,Auction,ON,GTA Hub,27175,22900,466
NV103010,2025-07-05,Trade-In,AB,Calgary Hub,28475,22450,118
NV103011,2025-05-19,Auction,QC,Montreal Hub,10800,9500,458
NV103012,2025-09-24,Consumer Buy-Back,NB,Montreal Hub,30850,24625,45
NV103013,2025-08-19,Consumer Buy-Back,ON,GTA Hub,17675,14700,144
NV103014,2024-09-17,Auction,ON,GTA Hub,30350,25625,451
NV103015,2024-05-29,Auction,ON,GTA Hub,22100,20100,433
NV103016,2024-09-12,Auction,QC,Montreal Hub,23225,20100,430
NV103017,2026-04-30,Trade-In,BC,Calgary Hub,16625,12900,161
NV103018,2025-12-02,Trade-In,ON,GTA Hub,35650,28850,24
NV103019,2025-08-06,Consumer Buy-Back,ON,GTA Hub,27475,22050,183
NV103020,2025-10-07,Dealer Wholesale,QC,Montreal Hub,32625,26150,375
NV103021,2024-08-01,Auction,ON,GTA Hub,16475,13475,478
NV103022,2026-01-03,Dealer Wholesale,ON,GTA Hub,12700,11200,363
NV103023,2025-05-11,Trade-In,AB,Calgary Hub,24400,17975,100
NV103024,2024-05-08,Auction,QC,Montreal Hub,25050,19700,389
NV103025,2025-09-12,Auction,MB,Calgary Hub,12300,10925,414
NV103026,2024-07-02,Consumer Buy-Back,BC,Calgary Hub,42175,32300,216
NV103027,2024-01-27,Trade-In,NS,GTA Hub,29025,21950,175
NV103028,2025-04-07,Consumer Buy-Back,ON,GTA Hub,16475,13775,139
NV103029,2025-05-14,Consumer Buy-Back,ON,GTA Hub,39550,34325,158
NV103030,2024-08-19,Auction,ON,GTA Hub,22575,18450,450
NV103031,2026-06-19,Auction,QC,Montreal Hub,20500,17100,516
NV103032,2025-12-03,Trade-In,ON,GTA Hub,12500,8875,68
NV103033,2024-10-20,Consumer Buy-Back,MB,Calgary Hub,17150,13800,183
NV103034,2026-03-09,Auction,QC,Montreal Hub,30650,24650,531
NV103035,2025-07-31,Trade-In,QC,Montreal Hub,19650,15225,103
NV103036,2026-08-20,Auction,ON,GTA Hub,9825,7975,447
NV103037,2024-07-08,Consumer Buy-Back,ON,GTA Hub,32500,25675,155
NV103038,2025-12-29,Consumer Buy-Back,QC,Montreal Hub,33400,28725,196
NV103039,2025-12-19,Consumer Buy-Back,BC,Calgary Hub,38950,32950,190
NV103040,2026-02-13,Dealer Wholesale,ON,GTA Hub,17250,15225,397
NV103041,2024-02-10,Auction,QC,Montreal Hub,21925,18325,506
NV103042,2026-07-13,Consumer Buy-Back,ON,GTA Hub,28000,22800,173
NV103043,2025-05-26,Trade-In,QC,Montreal Hub,18125,13650,66
NV103044,2025-06-24,Auction,ON,GTA Hub,28325,22750,489
NV103045,2024-10-23,Auction,ON,GTA Hub,10375,8425,382
NV103046,2026-07-18,Auction,ON,GTA Hub,18975,15350,412
NV103047,2025-09-25,Trade-In,ON,GTA Hub,21400,18200,135
NV103048,2024-11-06,Auction,BC,Calgary Hub,33675,27650,574
NV103049,2024-07-31,Auction,BC,Calgary Hub,20025,16525,470
NV103050,2026-05-12,Consumer Buy-Back,ON,GTA Hub,29450,25025,144
NV103051,2026-07-05,Consumer Buy-Back,AB,Calgary Hub,9350,8300,134
NV103052,2024-10-27,Auction,QC,Montreal Hub,28000,24700,417
NV103053,2026-07-08,Dealer Wholesale,SK,Calgary Hub,14800,11950,444
NV103054,2026-02-22,Dealer Wholesale,ON,GTA Hub,18000,15350,396
NV103055,2024-07-25,Auction,ON,GTA Hub,21200,17050,482
NV103056,2025-07-16,Dealer Wholesale,QC,Montreal Hub,11300,8650,328
NV103057,2025-03-04,Dealer Wholesale,ON,GTA Hub,26375,22950,360
NV103058,2025-07-19,Dealer Wholesale,NS,GTA Hub,30400,24625,420
NV103059,2025-08-27,Consumer Buy-Back,ON,GTA Hub,19075,15800,114
NV103060,2026-05-30,Auction,ON,GTA Hub,28500,23200,418
NV103061,2024-04-03,Dealer Wholesale,ON,GTA Hub,15475,13125,297
NV103062,2025-07-07,Auction,BC,Calgary Hub,33400,26400,412
NV103063,2026-07-26,Auction,SK,Calgary Hub,28650,23050,491
NV103064,2026-05-07,Auction,ON,GTA Hub,25100,19475,403
NV103065,2026-07-13,Consumer Buy-Back,ON,GTA Hub,17700,14225,255
NV103066,2025-05-19,Consumer Buy-Back,ON,GTA Hub,16125,13400,164
NV103067,2025-08-15,Consumer Buy-Back,ON,GTA Hub,31875,26075,130
NV103068,2025-10-02,Consumer Buy-Back,QC,Montreal Hub,14550,10275,134
NV103069,2026-02-08,Auction,ON,GTA Hub,14300,12050,400
NV103070,2026-07-20,Auction,BC,Calgary Hub,18375,15475,414
NV103071,2024-07-30,Trade-In,ON,GTA Hub,18650,14175,154
NV103072,2024-06-23,Auction,QC,Montreal Hub,14250,12125,399
NV103073,2026-05-20,Auction,ON,GTA Hub,39825,32850,477
NV103074,2024-02-28,Auction,NB,Montreal Hub,22050,18725,382
NV103075,2025-03-24,Consumer Buy-Back,ON,GTA Hub,24100,19850,207
NV103076,2025-02-16,Auction,QC,Montreal Hub,26275,21400,477
NV103077,2024-05-06,Auction,ON,GTA Hub,26975,20900,386
NV103078,2026-06-09,Auction,MB,Calgary Hub,12050,10200,472
NV103079,2025-06-07,Auction,ON,GTA Hub,16225,13650,455
NV103080,2024-07-08,Consumer Buy-Back,ON,GTA Hub,37800,32425,256
NV103081,2025-05-09,Auction,QC,Montreal Hub,19450,15575,376
NV103082,2026-06-09,Trade-In,ON,GTA Hub,13125,9900,122
NV103083,2026-05-20,Auction,BC,Calgary Hub,8775,7500,381
NV103084,2024-05-12,Trade-In,ON,GTA Hub,15350,10300,61
NV103085,2025-08-09,Consumer Buy-Back,NB,Montreal Hub,21525,17575,140
NV103086,2025-09-08,Auction,ON,GTA Hub,9650,8175,500
NV103087,2025-11-20,Auction,SK,Calgary Hub,23450,19750,428
NV103088,2024-05-19,Auction,ON,GTA Hub,27375,22600,540
NV103089,2025-02-15,Auction,BC,Calgary Hub,12450,10200,380
NV103090,2025-05-31,Consumer Buy-Back,ON,GTA Hub,26275,21750,138
NV103091,2025-12-17,Auction,QC,Montreal Hub,29075,25000,441
NV103092,2024-09-29,Consumer Buy-Back,ON,GTA Hub,8300,6325,276
NV103093,2025-06-21,Auction,MB,Calgary Hub,31300,24950,429
NV103094,2026-01-27,Trade-In,ON,GTA Hub,11125,9250,153
NV103095,2025-05-09,Consumer Buy-Back,AB,Calgary Hub,16475,12675,71
NV103096,2024-05-11,Consumer Buy-Back,ON,GTA Hub,21775,18200,94
NV103097,2026-02-05,Trade-In,NB,Montreal Hub,11400,9050,158
NV103098,2025-06-01,Dealer Wholesale,AB,Calgary Hub,13500,11525,406
NV103099,2025-07-30,Auction,AB,Calgary Hub,20125,15275,350
NV103100,2025-12-14,Consumer Buy-Back,ON,GTA Hub,19450,16400,57
NV103101,2026-05-28,Auction,AB,Calgary Hub,18200,14950,491
NV103102,2024-01-04,Auction,MB,Calgary Hub,29000,23725,473
NV103103,2024-09-05,Trade-In,BC,Calgary Hub,25475,20200,81
NV103104,2024-09-25,Consumer Buy-Back,QC,Montreal Hub,19375,15575,227
NV103105,2025-05-04,Consumer Buy-Back,ON,GTA Hub,24550,21300,202
NV103106,2026-08-03,Auction,ON,GTA Hub,17875,15575,426
NV103107,2026-02-08,Auction,AB,Calgary Hub,15175,13000,478
NV103108,2025-06-18,Auction,AB,Calgary Hub,23250,18675,460
NV103109,2026-08-05,Auction,SK,Calgary Hub,9500,7900,410
NV103110,2026-01-10,Auction,ON,GTA Hub,21850,18600,428
NV103111,2024-10-28,Dealer Wholesale,AB,Calgary Hub,16125,13800,417
NV103112,2025-01-12,Trade-In,QC,Montreal Hub,17875,12850,151
NV103113,2024-04-28,Trade-In,ON,GTA Hub,25750,20750,179
NV103114,2026-01-28,Auction,ON,GTA Hub,16050,13500,459
NV103115,2026-06-01,Auction,BC,Calgary Hub,33525,26525,433
NV103116,2025-09-29,Consumer Buy-Back,QC,Montreal Hub,18100,14875,128
NV103117,2025-05-06,Auction,ON,GTA Hub,17900,14375,412
NV103118,2024-06-13,Consumer Buy-Back,ON,GTA Hub,36025,28025,128
NV103119,2025-03-22,Consumer Buy-Back,ON,GTA Hub,16150,13425,55
NV103120,2026-06-24,Trade-In,ON,GTA Hub,14950,11375,94
NV103121,2026-06-23,Auction,NS,GTA Hub,13525,11700,575
NV103122,2025-11-22,Consumer Buy-Back,QC,Montreal Hub,48075,38525,198
NV103123,2025-08-04,Consumer Buy-Back,ON,GTA Hub,13100,10300,179
NV103124,2026-02-19,Auction,ON,GTA Hub,15625,12475,482
NV103125,2025-12-03,Auction,ON,GTA Hub,20950,18150,531
NV103126,2025-06-29,Trade-In,ON,GTA Hub,13600,9875,196
NV103127,2024-12-16,Consumer Buy-Back,ON,GTA Hub,11450,8975,146
NV103128,2024-06-25,Dealer Wholesale,QC,Montreal Hub,24775,20225,363
NV103129,2024-01-22,Consumer Buy-Back,ON,GTA Hub,35375,28550,182
NV103130,2025-03-26,Auction,AB,Calgary Hub,9600,8050,403
NV103131,2025-09-21,Consumer Buy-Back,ON,GTA Hub,12750,10025,131
NV103132,2025-06-27,Auction,ON,GTA Hub,17450,14325,457
NV103133,2024-05-13,Auction,AB,Calgary Hub,54475,46425,494
NV103134,2025-08-31,Auction,SK,Calgary Hub,17425,14275,447
NV103135,2024-03-29,Consumer Buy-Back,ON,GTA Hub,31025,25250,56
NV103136,2024-11-18,Consumer Buy-Back,BC,Calgary Hub,24675,20850,227
NV103137,2024-12-26,Dealer Wholesale,ON,GTA Hub,14600,11875,291
NV103138,2024-06-03,Auction,QC,Montreal Hub,33100,25300,453
NV103139,2025-07-21,Auction,ON,GTA Hub,12950,10300,476
NV103140,2026-06-10,Auction,BC,Calgary Hub,8400,7325,420
NV103141,2026-02-13,Auction,ON,GTA Hub,23475,20550,496
NV103142,2026-05-22,Auction,QC,Montreal Hub,9600,7725,423
NV103143,2026-03-02,Auction,AB,Calgary Hub,11225,8925,500
NV103144,2024-12-28,Auction,ON,GTA Hub,15350,11650,523
NV103145,2024-05-11,Dealer Wholesale,ON,GTA Hub,19100,14800,321
NV103146,2025-10-09,Auction,QC,Montreal Hub,9350,7650,571
NV103147,2026-06-24,Auction,ON,GTA Hub,23175,19200,394
NV103148,2026-06-16,Dealer Wholesale,ON,GTA Hub,22125,19325,302
NV103149,2026-08-03,Dealer Wholesale,MB,Calgary Hub,25450,21575,352
NV103150,2026-02-11,Dealer Wholesale,ON,GTA Hub,9750,8000,355
NV103151,2026-07-17,Auction,ON,GTA Hub,13250,10800,473
NV103152,2025-11-10,Auction,AB,Calgary Hub,20775,15450,431
NV103153,2024-01-23,Consumer Buy-Back,AB,Calgary Hub,49825,39000,108
NV103154,2026-02-14,Auction,ON,GTA Hub,8300,6675,483
NV103155,2024-01-27,Consumer Buy-Back,QC,Montreal Hub,19875,16925,108
NV103156,2024-08-04,Auction,QC,Montreal Hub,25825,22600,442
NV103157,2026-05-26,Trade-In,ON,GTA Hub,41475,34975,133
NV103158,2026-08-12,Auction,QC,Montreal Hub,15275,12550,459
NV103159,2025-02-19,Auction,NB,Montreal Hub,14225,11100,435
NV103160,2025-08-01,Dealer Wholesale,AB,Calgary Hub,23825,19850,332
NV103161,2026-02-23,Auction,ON,GTA Hub,16900,15350,468
NV103162,2026-04-26,Auction,NS,GTA Hub,20375,16450,376
NV103163,2026-03-21,Consumer Buy-Back,BC,Calgary Hub,12525,10125,151
NV103164,2025-12-16,Consumer Buy-Back,ON,GTA Hub,19925,16725,248
NV103165,2025-06-02,Consumer Buy-Back,ON,GTA Hub,18950,16625,180
NV103166,2025-09-13,Consumer Buy-Back,AB,Calgary Hub,38775,30350,261
NV103167,2024-10-12,Consumer Buy-Back,BC,Calgary Hub,9025,7675,45
NV103168,2026-05-21,Auction,AB,Calgary Hub,20500,17250,487
NV103169,2026-04-02,Auction,ON,GTA Hub,11700,9825,394
NV103170,2026-01-17,Consumer Buy-Back,ON,GTA Hub,17175,14350,197
NV103171,2025-10-04,Auction,ON,GTA Hub,18525,15275,408
NV103172,2024-03-25,Auction,ON,GTA Hub,32925,24975,504
NV103173,2024-04-08,Auction,ON,GTA Hub,16950,14875,428
NV103174,2026-05-08,Auction,NS,GTA Hub,19850,16725,411
NV103175,2026-07-15,Consumer Buy-Back,BC,Calgary Hub,14550,11725,174
NV103176,2024-06-10,Auction,AB,Calgary Hub,17575,14675,463
NV103177,2024-05-11,Consumer Buy-Back,ON,GTA Hub,18175,15100,128
NV103178,2026-06-14,Consumer Buy-Back,ON,GTA Hub,23975,19000,156
NV103179,2026-08-04,Consumer Buy-Back,QC,Montreal Hub,9700,8050,66
NV103180,2024-09-18,Dealer Wholesale,ON,GTA Hub,10175,8450,419
NV103181,2026-04-15,Auction,MB,Calgary Hub,17225,13700,386
NV103182,2026-08-16,Auction,AB,Calgary Hub,20675,18025,401
NV103183,2025-10-08,Trade-In,ON,GTA Hub,31100,22550,94
NV103184,2026-01-04,Consumer Buy-Back,ON,GTA Hub,23625,20350,103
NV103185,2025-02-18,Trade-In,QC,Montreal Hub,36300,28375,110
NV103186,2025-08-09,Auction,ON,GTA Hub,32975,27400,602
NV103187,2026-05-16,Auction,ON,GTA Hub,25325,20250,504
NV103188,2025-06-20,Consumer Buy-Back,AB,Calgary Hub,10625,7975,133
NV103189,2026-01-28,Auction,ON,GTA Hub,23950,19800,519
NV103190,2026-05-31,Dealer Wholesale,ON,GTA Hub,13125,10250,388
NV103191,2024-02-04,Dealer Wholesale,ON,GTA Hub,38725,34575,287
NV103192,2024-08-28,Auction,ON,GTA Hub,14325,10425,378
NV103193,2024-01-18,Consumer Buy-Back,MB,Calgary Hub,26225,20925,183
NV103194,2024-07-13,Consumer Buy-Back,ON,GTA Hub,41525,35875,119
NV103195,2025-10-22,Consumer Buy-Back,BC,Calgary Hub,32125,23775,122
NV103196,2024-12-30,Auction,ON,GTA Hub,26200,21150,589
NV103197,2024-01-09,Auction,QC,Montreal Hub,26925,22225,339
NV103198,2025-03-16,Consumer Buy-Back,QC,Montreal Hub,13325,10975,159
NV103199,2025-12-26,Auction,ON,GTA Hub,24100,19575,418
NV103200,2026-06-10,Trade-In,BC,Calgary Hub,30375,23300,110
NV103201,2024-07-24,Consumer Buy-Back,ON,GTA Hub,21000,17650,176
NV103202,2025-09-15,Consumer Buy-Back,QC,Montreal Hub,21350,18875,165
NV103203,2025-10-30,Auction,ON,GTA Hub,21925,18800,367
NV103204,2025-06-17,Trade-In,ON,GTA Hub,24650,18350,2
NV103205,2026-04-19,Auction,ON,GTA Hub,10100,8075,470
NV103206,2024-05-03,Auction,ON,GTA Hub,16400,13825,511
NV103207,2024-02-22,Dealer Wholesale,ON,GTA Hub,16475,14300,284
NV103208,2025-07-09,Trade-In,QC,Montreal Hub,13550,10050,16
NV103209,2024-11-02,Consumer Buy-Back,ON,GTA Hub,18900,16025,88
NV103210,2026-04-21,Auction,ON,GTA Hub,14375,11000,480
NV103211,2025-10-15,Trade-In,ON,GTA Hub,45400,35575,57
NV103212,2025-10-28,Auction,BC,Calgary Hub,38250,32000,388
NV103213,2026-08-10,Auction,AB,Calgary Hub,13150,10875,452
NV103214,2024-12-22,Auction,SK,Calgary Hub,21700,18300,507
NV103215,2024-06-10,Auction,ON,GTA Hub,21225,17025,467
NV103216,2026-07-01,Consumer Buy-Back,ON,GTA Hub,32200,25750,226
NV103217,2025-10-29,Auction,ON,GTA Hub,26450,21925,578
NV103218,2024-05-24,Trade-In,QC,Montreal Hub,48775,39100,158
NV103219,2026-03-25,Consumer Buy-Back,AB,Calgary Hub,11925,9500,154
NV103220,2026-04-20,Trade-In,ON,GTA Hub,37950,29700,230
NV103221,2026-06-25,Consumer Buy-Back,NS,GTA Hub,12975,11050,169
NV103222,2026-05-20,Consumer Buy-Back,ON,GTA Hub,17000,14150,235
NV103223,2026-05-29,Consumer Buy-Back,ON,GTA Hub,16725,14700,150
NV103224,2026-01-18,Auction,ON,GTA Hub,19075,15800,484
NV103225,2024-12-01,Auction,SK,Calgary Hub,58300,46875,405
NV103226,2024-08-17,Dealer Wholesale,AB,Calgary Hub,10225,7850,374
NV103227,2026-06-04,Trade-In,AB,Calgary Hub,20475,15275,174
NV103228,2025-06-14,Consumer Buy-Back,ON,GTA Hub,28675,23800,110
NV103229,2025-10-03,Consumer Buy-Back,AB,Calgary Hub,28275,23975,216
NV103230,2026-04-07,Auction,ON,GTA Hub,21550,18100,517
NV103231,2024-06-20,Auction,ON,GTA Hub,23850,18525,499
NV103232,2026-07-06,Auction,ON,GTA Hub,29075,23450,375
NV103233,2026-05-05,Auction,BC,Calgary Hub,19100,16475,352
NV103234,2026-04-30,Consumer Buy-Back,ON,GTA Hub,10325,8025,176
NV103235,2025-04-14,Auction,ON,GTA Hub,16300,12875,461
NV103236,2025-02-14,Trade-In,ON,GTA Hub,25625,20600,98
NV103237,2025-05-04,Consumer Buy-Back,ON,GTA Hub,8825,7250,185
NV103238,2025-04-02,Auction,ON,GTA Hub,16025,13375,387
NV103239,2025-05-26,Auction,MB,Calgary Hub,15425,12150,449
NV103240,2025-05-01,Consumer Buy-Back,ON,GTA Hub,15700,13400,201
NV103241,2026-04-29,Auction,AB,Calgary Hub,41525,35675,360
NV103242,2024-01-04,Auction,MB,Calgary Hub,18425,15225,500
NV103243,2026-03-10,Auction,AB,Calgary Hub,13900,11375,355
NV103244,2025-03-21,Auction,ON,GTA Hub,13525,11075,522
NV103245,2026-08-30,Auction,AB,Calgary Hub,14200,12000,347
NV103246,2026-03-15,Auction,ON,GTA Hub,8100,6850,498
NV103247,2025-01-17,Auction,ON,GTA Hub,20775,15850,426
NV103248,2026-04-24,Consumer Buy-Back,ON,GTA Hub,15700,12675,145
NV103249,2025-04-26,Auction,ON,GTA Hub,25800,20425,428
NV103250,2024-03-05,Consumer Buy-Back,AB,Calgary Hub,30325,26625,201
NV103251,2025-04-15,Consumer Buy-Back,ON,GTA Hub,16200,13375,68
NV103252,2024-12-12,Consumer Buy-Back,AB,Calgary Hub,10450,7950,122
NV103253,2025-08-13,Dealer Wholesale,AB,Calgary Hub,24350,21375,421
NV103254,2025-04-06,Auction,AB,Calgary Hub,26900,23950,426
NV103255,2026-06-13,Auction,QC,Montreal Hub,9600,7600,422
NV103256,2025-07-15,Auction,ON,GTA Hub,20775,17525,524
NV103257,2025-04-18,Auction,AB,Calgary Hub,23400,19550,395
NV103258,2026-04-24,Auction,NS,GTA Hub,12875,11275,472
NV103259,2026-02-07,Dealer Wholesale,ON,GTA Hub,16725,14075,231
NV103260,2025-02-27,Consumer Buy-Back,ON,GTA Hub,32800,27000,266
NV103261,2025-01-27,Trade-In,QC,Montreal Hub,18775,14550,143
NV103262,2026-04-01,Auction,QC,Montreal Hub,24700,20500,511
NV103263,2025-12-23,Consumer Buy-Back,ON,GTA Hub,17175,15000,134
NV103264,2026-08-21,Trade-In,ON,GTA Hub,15400,11900,42
NV103265,2025-03-09,Auction,BC,Calgary Hub,20200,16750,517
NV103266,2025-10-04,Consumer Buy-Back,ON,GTA Hub,16600,13725,111
NV103267,2024-04-03,Trade-In,AB,Calgary Hub,19675,15400,16
NV103268,2025-06-01,Consumer Buy-Back,ON,GTA Hub,15700,13225,110
NV103269,2026-05-24,Dealer Wholesale,BC,Calgary Hub,10275,8575,363
NV103270,2026-01-31,Trade-In,QC,Montreal Hub,19000,13775,56
NV103271,2025-05-18,Auction,ON,GTA Hub,7725,6125,471
NV103272,2025-09-29,Dealer Wholesale,ON,GTA Hub,27350,22775,375
NV103273,2026-01-04,Auction,QC,Montreal Hub,21100,16150,515
NV103274,2026-01-17,Auction,ON,GTA Hub,33075,28925,474
NV103275,2025-01-02,Auction,ON,GTA Hub,18100,15650,377
NV103276,2024-07-23,Trade-In,AB,Calgary Hub,21600,17275,47
NV103277,2024-03-07,Auction,ON,GTA Hub,30425,24150,528
NV103278,2024-12-05,Auction,ON,GTA Hub,8475,6800,450
NV103279,2025-03-27,Consumer Buy-Back,ON,GTA Hub,20725,18100,78
NV103280,2025-06-06,Auction,BC,Calgary Hub,20750,16250,365
NV103281,2024-08-01,Auction,AB,Calgary Hub,27200,20975,415
NV103282,2026-07-30,Auction,AB,Calgary Hub,11825,9925,463
NV103283,2026-02-01,Auction,SK,Calgary Hub,14675,11850,399
NV103284,2025-06-20,Auction,ON,GTA Hub,20350,16250,502
NV103285,2025-01-20,Consumer Buy-Back,QC,Montreal Hub,19325,16250,184
NV103286,2026-03-26,Consumer Buy-Back,ON,GTA Hub,7975,6625,252
NV103287,2025-08-12,Consumer Buy-Back,ON,GTA Hub,14425,12025,227
NV103288,2025-05-09,Auction,ON,GTA Hub,16475,13100,415
NV103289,2026-06-04,Consumer Buy-Back,AB,Calgary Hub,24675,20450,266
NV103290,2024-05-16,Auction,BC,Calgary Hub,12875,10750,378
NV103291,2025-06-22,Auction,NS,GTA Hub,15725,12800,486
NV103292,2024-11-20,Auction,BC,Calgary Hub,21150,16975,456
NV103293,2025-04-02,Auction,ON,GTA Hub,19025,15475,481
NV103294,2026-07-01,Auction,ON,GTA Hub,13250,10875,561
NV103295,2024-08-05,Auction,ON,GTA Hub,11775,9200,520
NV103296,2025-08-28,Dealer Wholesale,ON,GTA Hub,19475,16775,465
NV103297,2025-09-14,Trade-In,ON,GTA Hub,22150,16325,184
NV103298,2024-10-19,Auction,QC,Montreal Hub,41150,35000,442
NV103299,2024-07-04,Auction,ON,GTA Hub,15275,13200,433
NV103300,2024-08-09,Auction,ON,GTA Hub,16025,12850,511
NV103301,2025-03-23,Auction,BC,Calgary Hub,21250,17425,356
NV103302,2024-05-30,Consumer Buy-Back,AB,Calgary Hub,17975,14500,205
NV103303,2026-06-04,Consumer Buy-Back,ON,GTA Hub,19450,15375,196
NV103304,2025-03-30,Auction,ON,GTA Hub,14900,12150,353
NV103305,2026-08-09,Auction,SK,Calgary Hub,16625,13900,393
NV103306,2026-08-26,Auction,SK,Calgary Hub,10900,8900,442
NV103307,2026-04-08,Auction,MB,Calgary Hub,25025,20600,355
NV103308,2024-01-22,Dealer Wholesale,ON,GTA Hub,20225,16825,396
NV103309,2024-05-31,Auction,AB,Calgary Hub,40550,33125,398
NV103310,2025-07-11,Consumer Buy-Back,ON,GTA Hub,17775,15225,169
NV103311,2024-10-29,Auction,BC,Calgary Hub,9325,7300,502
NV103312,2025-10-08,Consumer Buy-Back,ON,GTA Hub,30625,24950,120
NV103313,2024-12-11,Auction,QC,Montreal Hub,26175,20950,438
NV103314,2025-09-24,Dealer Wholesale,ON,GTA Hub,14875,12750,240
NV103315,2024-07-25,Consumer Buy-Back,ON,GTA Hub,22125,18650,104
NV103316,2026-07-25,Consumer Buy-Back,NS,GTA Hub,19650,15775,205
NV103317,2026-01-10,Auction,BC,Calgary Hub,23025,19525,383
NV103318,2025-07-24,Consumer Buy-Back,BC,Calgary Hub,18175,14375,98
NV103319,2025-09-05,Trade-In,AB,Calgary Hub,36600,26675,148
NV103320,2026-08-22,Dealer Wholesale,MB,Calgary Hub,17550,16500,386
NV103321,2026-05-13,Auction,ON,GTA Hub,16350,13650,447
NV103322,2024-10-19,Trade-In,ON,GTA Hub,30275,22950,73
NV103323,2026-03-21,Trade-In,ON,GTA Hub,17850,13325,101
NV103324,2026-02-19,Trade-In,ON,GTA Hub,12925,10350,121
NV103325,2026-06-07,Dealer Wholesale,ON,GTA Hub,8975,7125,223
NV103326,2025-07-12,Dealer Wholesale,ON,GTA Hub,23325,20100,430
NV103327,2024-01-28,Auction,BC,Calgary Hub,25600,21750,563
NV103328,2025-03-18,Auction,ON,GTA Hub,13225,11075,460
NV103329,2025-02-03,Auction,QC,Montreal Hub,28975,21275,520
NV103330,2024-09-08,Auction,AB,Calgary Hub,19200,16450,525
NV103331,2026-04-25,Consumer Buy-Back,ON,GTA Hub,22400,18625,196
NV103332,2024-03-08,Trade-In,BC,Calgary Hub,27225,21450,12
NV103333,2026-02-17,Trade-In,SK,Calgary Hub,23400,18000,112
NV103334,2024-12-11,Trade-In,QC,Montreal Hub,19000,14050,80
NV103335,2026-01-02,Auction,NS,GTA Hub,24375,22050,464
NV103336,2024-02-05,Consumer Buy-Back,AB,Calgary Hub,25400,20250,50
NV103337,2025-06-30,Trade-In,ON,GTA Hub,16025,12750,224
NV103338,2025-12-08,Consumer Buy-Back,MB,Calgary Hub,8925,7800,150
NV103339,2025-02-10,Dealer Wholesale,ON,GTA Hub,12775,10100,366
NV103340,2026-07-10,Auction,BC,Calgary Hub,7800,6150,523
NV103341,2026-02-15,Auction,QC,Montreal Hub,11500,9550,415
NV103342,2025-08-17,Trade-In,ON,GTA Hub,17950,14100,68
NV103343,2024-05-23,Auction,AB,Calgary Hub,13725,11650,430
NV103344,2024-11-11,Auction,BC,Calgary Hub,28150,24025,356
NV103345,2026-08-22,Consumer Buy-Back,QC,Montreal Hub,19150,15075,240
NV103346,2026-02-15,Trade-In,ON,GTA Hub,23125,18500,37
NV103347,2026-08-07,Consumer Buy-Back,BC,Calgary Hub,17700,14875,97
NV103348,2026-03-17,Consumer Buy-Back,QC,Montreal Hub,18000,14000,209
NV103349,2024-10-17,Consumer Buy-Back,ON,GTA Hub,39150,32725,63
NV103350,2024-05-02,Consumer Buy-Back,AB,Calgary Hub,21125,18100,195
NV103351,2025-08-27,Auction,ON,GTA Hub,22975,19250,427
NV103352,2026-04-01,Dealer Wholesale,ON,GTA Hub,26000,22500,329
NV103353,2025-05-12,Trade-In,ON,GTA Hub,34725,25700,121
NV103354,2026-06-28,Auction,BC,Calgary Hub,23050,20800,481
NV103355,2026-06-13,Trade-In,ON,GTA Hub,29900,23725,47
NV103356,2025-11-02,Auction,SK,Calgary Hub,11025,8900,530
NV103357,2025-10-07,Auction,QC,Montreal Hub,31925,27975,391
NV103358,2026-08-28,Auction,ON,GTA Hub,8525,6900,399
NV103359,2025-07-03,Dealer Wholesale,BC,Calgary Hub,16400,14125,350
NV103360,2024-10-05,Auction,ON,GTA Hub,8725,7300,511
NV103361,2025-12-28,Consumer Buy-Back,ON,GTA Hub,27450,22225,153
NV103362,2026-02-02,Auction,ON,GTA Hub,13475,10900,485
NV103363,2025-07-07,Trade-In,ON,GTA Hub,15350,11475,0
NV103364,2024-05-03,Trade-In,ON,GTA Hub,11000,8225,215
NV103365,2026-01-25,Auction,BC,Calgary Hub,18875,15875,495
NV103366,2026-06-22,Consumer Buy-Back,QC,Montreal Hub,21150,17100,180
NV103367,2026-08-11,Consumer Buy-Back,NB,Montreal Hub,20050,16425,152
NV103368,2025-09-10,Auction,ON,GTA Hub,20150,16950,314
NV103369,2024-02-05,Auction,ON,GTA Hub,14750,13100,420
NV103370,2025-07-19,Consumer Buy-Back,ON,GTA Hub,33875,27150,203
NV103371,2026-03-27,Auction,ON,GTA Hub,17375,14325,496
NV103372,2026-05-24,Trade-In,MB,Calgary Hub,22150,18400,97
NV103373,2025-09-25,Consumer Buy-Back,ON,GTA Hub,15925,12550,252
NV103374,2026-06-03,Auction,ON,GTA Hub,16475,13400,540
NV103375,2026-07-21,Consumer Buy-Back,ON,GTA Hub,28375,22725,209
NV103376,2026-06-13,Auction,ON,GTA Hub,25400,19450,462
NV103377,2025-06-18,Trade-In,AB,Calgary Hub,20825,15975,64
NV103378,2026-06-21,Trade-In,ON,GTA Hub,17000,13225,193
NV103379,2026-08-18,Auction,ON,GTA Hub,9925,8875,542
NV103380,2024-07-26,Auction,ON,GTA Hub,23750,20350,476
NV103381,2025-01-02,Auction,ON,GTA Hub,7875,6700,415
NV103382,2026-05-13,Auction,ON,GTA Hub,20225,16200,335
NV103383,2026-04-16,Trade-In,ON,GTA Hub,15350,11675,157
NV103384,2025-11-14,Consumer Buy-Back,ON,GTA Hub,6100,4975,172
NV103385,2025-02-26,Auction,QC,Montreal Hub,21650,18000,517
NV103386,2026-01-09,Auction,ON,GTA Hub,24900,20525,416
NV103387,2025-01-19,Trade-In,ON,GTA Hub,37950,30300,0
NV103388,2025-02-20,Auction,BC,Calgary Hub,22425,19350,502
NV103389,2025-09-07,Consumer Buy-Back,ON,GTA Hub,19450,15750,120
NV103390,2026-01-22,Consumer Buy-Back,AB,Calgary Hub,22400,19475,170
NV103391,2025-09-11,Dealer Wholesale,ON,GTA Hub,20900,16900,348
NV103392,2025-04-07,Consumer Buy-Back,QC,Montreal Hub,29375,23600,178
NV103393,2025-09-16,Trade-In,ON,GTA Hub,5300,4050,158
NV103394,2025-08-25,Auction,ON,GTA Hub,22875,18650,492
NV103395,2025-07-15,Dealer Wholesale,BC,Calgary Hub,21800,18475,370
NV103396,2026-02-26,Auction,AB,Calgary Hub,28800,23700,490
NV103397,2024-06-10,Auction,ON,GTA Hub,26200,20675,507
NV103398,2026-03-10,Consumer Buy-Back,ON,GTA Hub,38125,30825,234
NV103399,2026-06-02,Consumer Buy-Back,ON,GTA Hub,14750,12550,119
NV103400,2025-05-09,Auction,ON,GTA Hub,11150,8925,478
NV103401,2026-06-11,Consumer Buy-Back,ON,GTA Hub,16125,13175,245
NV103402,2025-10-05,Auction,QC,Montreal Hub,12300,10625,495
NV103403,2025-11-02,Consumer Buy-Back,QC,Montreal Hub,9975,8600,230
NV103404,2026-03-14,Dealer Wholesale,AB,Calgary Hub,25550,21375,385
NV103405,2025-08-16,Consumer Buy-Back,MB,Calgary Hub,16825,14775,181
NV103406,2024-09-19,Auction,QC,Montreal Hub,17925,15875,447
NV103407,2025-10-22,Auction,AB,Calgary Hub,22725,18925,439
NV103408,2024-11-21,Auction,NL,GTA Hub,25100,21475,591
NV103409,2025-05-16,Consumer Buy-Back,NB,Montreal Hub,33500,27525,150
NV103410,2025-08-02,Auction,MB,Calgary Hub,23600,18425,364
NV103411,2026-08-27,Auction,MB,Calgary Hub,18100,16225,454
NV103412,2025-06-07,Auction,NL,GTA Hub,15525,13650,383
NV103413,2026-03-11,Consumer Buy-Back,ON,GTA Hub,20325,17450,150
NV103414,2025-10-13,Consumer Buy-Back,AB,Calgary Hub,13900,11150,257
NV103415,2026-04-04,Consumer Buy-Back,BC,Calgary Hub,27600,24525,216
NV103416,2025-05-07,Consumer Buy-Back,QC,Montreal Hub,19650,17350,58
NV103417,2025-02-02,Dealer Wholesale,AB,Calgary Hub,22225,18400,229
NV103418,2026-05-13,Auction,ON,GTA Hub,23400,18950,443
NV103419,2025-08-25,Dealer Wholesale,NL,GTA Hub,23450,20100,323
NV103420,2024-06-09,Auction,QC,Montreal Hub,15025,12400,324
NV103421,2025-02-06,Consumer Buy-Back,ON,GTA Hub,16725,12975,56
NV103422,2024-02-19,Auction,ON,GTA Hub,35225,29100,352
NV103423,2026-04-24,Auction,ON,GTA Hub,19375,15925,376
NV103424,2026-07-24,Dealer Wholesale,AB,Calgary Hub,36750,32325,407
NV103425,2024-10-14,Dealer Wholesale,AB,Calgary Hub,31875,26500,288
NV103426,2025-02-26,Consumer Buy-Back,QC,Montreal Hub,11950,9350,102
NV103427,2024-03-02,Consumer Buy-Back,AB,Calgary Hub,14800,12150,124
NV103428,2025-04-26,Auction,ON,GTA Hub,15200,12950,417
NV103429,2026-08-03,Consumer Buy-Back,ON,GTA Hub,13050,10000,330
NV103430,2025-02-07,Trade-In,ON,GTA Hub,21625,17625,80
NV103431,2025-11-27,Trade-In,AB,Calgary Hub,19675,16350,198
NV103432,2025-01-13,Auction,QC,Montreal Hub,19975,16775,542
NV103433,2026-02-23,Auction,SK,Calgary Hub,18025,14575,392
NV103434,2026-05-16,Trade-In,BC,Calgary Hub,28675,22725,129
NV103435,2026-03-06,Consumer Buy-Back,ON,GTA Hub,33325,28300,169
NV103436,2025-05-01,Consumer Buy-Back,AB,Calgary Hub,18450,14525,179
NV103437,2026-03-21,Trade-In,BC,Calgary Hub,25150,20875,96
NV103438,2025-07-13,Trade-In,MB,Calgary Hub,19525,15825,49
NV103439,2026-05-30,Consumer Buy-Back,ON,GTA Hub,11950,9950,198
NV103440,2025-03-28,Auction,AB,Calgary Hub,21200,17725,602
NV103441,2026-05-14,Consumer Buy-Back,BC,Calgary Hub,22650,20025,187
NV103442,2026-01-14,Auction,ON,GTA Hub,12625,10050,401
NV103443,2024-05-14,Auction,NS,GTA Hub,28675,22150,481
NV103444,2024-10-22,Auction,ON,GTA Hub,43450,36975,390
NV103445,2025-12-12,Auction,ON,GTA Hub,10125,8250,522
NV103446,2025-05-10,Trade-In,AB,Calgary Hub,12850,10100,25
NV103447,2026-04-10,Consumer Buy-Back,SK,Calgary Hub,16050,12025,258
NV103448,2024-10-12,Auction,ON,GTA Hub,30500,25800,419
NV103449,2026-04-07,Trade-In,BC,Calgary Hub,14650,10850,120
NV103450,2024-11-14,Auction,BC,Calgary Hub,15250,12650,548
NV103451,2025-05-03,Auction,ON,GTA Hub,25275,20050,514
NV103452,2025-11-17,Auction,ON,GTA Hub,48825,40700,417
NV103453,2026-01-24,Auction,AB,Calgary Hub,9475,7925,465
NV103454,2026-07-27,Consumer Buy-Back,ON,GTA Hub,25675,22550,195
NV103455,2026-04-24,Auction,MB,Calgary Hub,22700,18600,496
NV103456,2025-04-02,Consumer Buy-Back,ON,GTA Hub,12925,10950,48
NV103457,2026-05-05,Auction,AB,Calgary Hub,16075,13500,515
NV103458,2024-07-20,Auction,ON,GTA Hub,18725,15225,530
NV103459,2026-07-05,Auction,AB,Calgary Hub,15900,11700,390
NV103460,2025-03-24,Auction,ON,GTA Hub,12100,9775,482
NV103461,2025-08-05,Auction,MB,Calgary Hub,25800,20925,416
NV103462,2026-07-17,Auction,ON,GTA Hub,9525,8000,432
NV103463,2025-11-28,Consumer Buy-Back,BC,Calgary Hub,15525,12850,101
NV103464,2026-04-15,Trade-In,ON,GTA Hub,28800,22125,178
NV103465,2026-01-04,Auction,AB,Calgary Hub,9400,7650,568
NV103466,2024-08-01,Auction,AB,Calgary Hub,14525,11150,424
NV103467,2025-05-03,Auction,ON,GTA Hub,13575,10575,394
NV103468,2025-04-16,Dealer Wholesale,BC,Calgary Hub,30150,27775,391
NV103469,2024-04-23,Consumer Buy-Back,AB,Calgary Hub,31975,26700,74
NV103470,2026-04-15,Auction,AB,Calgary Hub,8150,6600,464
NV103471,2025-05-13,Auction,BC,Calgary Hub,17500,13750,484
NV103472,2026-07-09,Dealer Wholesale,BC,Calgary Hub,38275,29850,236
NV103473,2026-03-21,Auction,ON,GTA Hub,13325,10575,469
NV103474,2025-05-02,Auction,ON,GTA Hub,26875,22475,482
NV103475,2024-02-25,Consumer Buy-Back,AB,Calgary Hub,13225,10975,115
NV103476,2026-07-12,Consumer Buy-Back,AB,Calgary Hub,14925,12550,186
NV103477,2024-04-08,Trade-In,QC,Montreal Hub,9800,7225,142
NV103478,2025-05-16,Auction,SK,Calgary Hub,13525,11425,486
NV103479,2024-10-18,Auction,AB,Calgary Hub,49625,39700,438
NV103480,2026-08-20,Trade-In,ON,GTA Hub,10650,8250,163
NV103481,2026-06-16,Auction,BC,Calgary Hub,15200,11500,463
NV103482,2024-12-27,Auction,ON,GTA Hub,17725,14875,430
NV103483,2024-09-05,Consumer Buy-Back,ON,GTA Hub,28250,23325,224
NV103484,2024-04-07,Auction,ON,GTA Hub,41225,33275,424
NV103485,2024-02-07,Dealer Wholesale,ON,GTA Hub,21775,19000,390
NV103486,2024-07-02,Auction,ON,GTA Hub,10825,9650,384
NV103487,2025-06-17,Auction,ON,GTA Hub,15000,11925,514
NV103488,2025-06-03,Consumer Buy-Back,ON,GTA Hub,34200,25950,245
NV103489,2026-01-29,Trade-In,NL,GTA Hub,42225,32500,0
NV103490,2024-05-07,Auction,BC,Calgary Hub,17900,15725,499
NV103491,2024-06-17,Trade-In,ON,GTA Hub,12700,9700,60
NV103492,2025-09-16,Auction,QC,Montreal Hub,8525,7075,448
NV103493,2024-04-29,Auction,NS,GTA Hub,47200,40525,417
NV103494,2025-03-03,Auction,ON,GTA Hub,37600,29700,485
NV103495,2026-07-17,Consumer Buy-Back,ON,GTA Hub,23300,19450,94
NV103496,2024-09-12,Dealer Wholesale,AB,Calgary Hub,20250,16950,329
NV103497,2025-05-14,Consumer Buy-Back,BC,Calgary Hub,20000,16350,202
NV103498,2025-07-26,Auction,ON,GTA Hub,10650,9125,468
NV103499,2025-12-01,Consumer Buy-Back,ON,GTA Hub,17000,14025,135
NV103500,2026-04-21,Auction,ON,GTA Hub,23450,18325,517
NV103501,2025-03-01,Consumer Buy-Back,ON,GTA Hub,15075,11775,126
NV103502,2025-09-17,Consumer Buy-Back,ON,GTA Hub,27825,23125,243
NV103503,2024-05-17,Auction,ON,GTA Hub,6300,4900,479
NV103504,2025-02-27,Auction,BC,Calgary Hub,18225,14025,398
NV103505,2025-04-14,Auction,QC,Montreal Hub,9050,7300,517
NV103506,2025-04-10,Trade-In,ON,GTA Hub,16875,13850,147
NV103507,2025-12-23,Auction,NB,Montreal Hub,29300,23425,395
NV103508,2026-04-23,Auction,ON,GTA Hub,12000,9300,435
NV103509,2025-12-08,Trade-In,NB,Montreal Hub,16375,12600,138
NV103510,2026-02-18,Trade-In,AB,Calgary Hub,25025,20625,141
NV103511,2024-03-29,Consumer Buy-Back,AB,Calgary Hub,10275,8075,57
NV103512,2025-12-10,Dealer Wholesale,ON,GTA Hub,14350,12300,313
NV103513,2024-06-08,Trade-In,QC,Montreal Hub,37475,30175,151
NV103514,2026-04-18,Trade-In,AB,Calgary Hub,8675,6600,94
NV103515,2024-10-25,Auction,BC,Calgary Hub,18500,15125,397
NV103516,2024-08-26,Dealer Wholesale,ON,GTA Hub,18050,15700,356
NV103517,2025-09-24,Auction,ON,GTA Hub,24125,20150,571
NV103518,2025-06-18,Auction,ON,GTA Hub,21650,18650,405
NV103519,2024-10-14,Auction,ON,GTA Hub,23100,20550,454
NV103520,2024-02-26,Auction,QC,Montreal Hub,19475,16050,565
NV103521,2024-02-27,Auction,ON,GTA Hub,26875,23675,422
NV103522,2025-06-16,Auction,ON,GTA Hub,16450,13725,472
NV103523,2025-03-05,Consumer Buy-Back,BC,Calgary Hub,29800,24625,9
NV103524,2024-03-19,Consumer Buy-Back,ON,GTA Hub,36350,30500,302
NV103525,2026-06-21,Auction,BC,Calgary Hub,20675,17675,498
NV103526,2024-06-01,Auction,NB,Montreal Hub,22000,18675,390
NV103527,2025-01-12,Auction,ON,GTA Hub,8075,6375,363
NV103528,2026-05-07,Trade-In,NS,GTA Hub,20700,16175,178
NV103529,2026-02-09,Auction,BC,Calgary Hub,47475,41075,562
NV103530,2025-11-26,Auction,MB,Calgary Hub,13050,11650,473
NV103531,2026-03-29,Auction,ON,GTA Hub,15950,11825,344
NV103532,2025-10-01,Auction,ON,GTA Hub,15975,13725,512
NV103533,2025-05-24,Consumer Buy-Back,QC,Montreal Hub,15600,12525,217
NV103534,2026-08-19,Auction,AB,Calgary Hub,5500,4500,423
NV103535,2024-04-28,Consumer Buy-Back,QC,Montreal Hub,17075,13475,270
NV103536,2024-06-30,Consumer Buy-Back,ON,GTA Hub,16225,13950,149
NV103537,2026-07-16,Auction,MB,Calgary Hub,26300,22075,408
NV103538,2025-05-03,Auction,ON,GTA Hub,16125,13825,358
NV103539,2025-12-08,Dealer Wholesale,NL,GTA Hub,26450,23250,238
NV103540,2025-01-29,Consumer Buy-Back,ON,GTA Hub,11925,9775,171
NV103541,2025-05-24,Auction,ON,GTA Hub,25150,21525,382
NV103542,2025-08-02,Consumer Buy-Back,ON,GTA Hub,23525,18825,186
NV103543,2026-08-07,Auction,AB,Calgary Hub,27525,22925,575
NV103544,2026-02-22,Trade-In,AB,Calgary Hub,6800,5025,80
NV103545,2026-03-30,Auction,QC,Montreal Hub,25425,21400,356
NV103546,2026-07-04,Dealer Wholesale,ON,GTA Hub,17625,15975,434
NV103547,2024-07-23,Consumer Buy-Back,ON,GTA Hub,21700,17325,198
NV103548,2024-04-24,Auction,NB,Montreal Hub,22825,20300,528
NV103549,2025-11-16,Auction,NB,Montreal Hub,41350,35475,435
NV103550,2026-08-19,Consumer Buy-Back,QC,Montreal Hub,11850,9300,116
NV103551,2024-01-17,Consumer Buy-Back,SK,Calgary Hub,20025,16225,199
NV103552,2026-06-24,Auction,ON,GTA Hub,11650,9175,591
NV103553,2024-12-12,Consumer Buy-Back,ON,GTA Hub,21850,17750,176
NV103554,2025-02-15,Trade-In,QC,Montreal Hub,18425,13975,22
NV103555,2025-08-16,Auction,AB,Calgary Hub,20425,16700,470
NV103556,2025-03-22,Dealer Wholesale,ON,GTA Hub,14775,12875,333
NV103557,2025-05-21,Trade-In,QC,Montreal Hub,29425,23800,160
NV103558,2024-10-09,Trade-In,QC,Montreal Hub,22475,17825,62
NV103559,2025-11-03,Consumer Buy-Back,ON,GTA Hub,11000,9025,233
NV103560,2025-05-19,Consumer Buy-Back,ON,GTA Hub,32925,25650,18
NV103561,2026-06-02,Consumer Buy-Back,ON,GTA Hub,9775,7975,165
NV103562,2026-05-30,Trade-In,AB,Calgary Hub,17100,13450,36
NV103563,2025-03-01,Consumer Buy-Back,ON,GTA Hub,8325,6950,87
NV103564,2025-11-29,Consumer Buy-Back,ON,GTA Hub,14450,11625,174
NV103565,2026-03-31,Consumer Buy-Back,ON,GTA Hub,7275,5750,150
NV103566,2025-05-04,Consumer Buy-Back,MB,Calgary Hub,17000,14375,106
NV103567,2026-06-20,Auction,ON,GTA Hub,30575,26200,387
NV103568,2026-02-03,Auction,QC,Montreal Hub,14000,10900,405
NV103569,2026-06-15,Consumer Buy-Back,ON,GTA Hub,20500,18150,176
NV103570,2024-01-09,Consumer Buy-Back,AB,Calgary Hub,47200,40000,60
NV103571,2024-03-26,Auction,ON,GTA Hub,54825,42825,358
NV103572,2025-10-09,Dealer Wholesale,AB,Calgary Hub,39775,35125,405
NV103573,2024-12-29,Consumer Buy-Back,NB,Montreal Hub,22625,18500,276
NV103574,2026-07-24,Auction,QC,Montreal Hub,22375,16825,404
NV103575,2025-02-07,Auction,ON,GTA Hub,30275,26350,424
NV103576,2024-04-12,Auction,ON,GTA Hub,20250,16475,343
NV103577,2024-02-10,Consumer Buy-Back,ON,GTA Hub,9925,8650,140
NV103578,2026-02-21,Trade-In,ON,GTA Hub,17525,13650,77
NV103579,2025-08-18,Consumer Buy-Back,ON,GTA Hub,13475,11900,183
NV103580,2024-08-10,Consumer Buy-Back,AB,Calgary Hub,22275,18925,112
NV103581,2024-06-07,Trade-In,ON,GTA Hub,34350,24925,185
NV103582,2025-05-04,Auction,ON,GTA Hub,34375,28875,391
NV103583,2026-06-23,Consumer Buy-Back,QC,Montreal Hub,21500,16475,235
NV103584,2025-11-23,Consumer Buy-Back,AB,Calgary Hub,35200,29575,118
NV103585,2025-09-11,Auction,AB,Calgary Hub,13250,11600,435
NV103586,2025-01-16,Trade-In,SK,Calgary Hub,13400,11000,103
NV103587,2026-06-29,Auction,ON,GTA Hub,17525,14625,451
NV103588,2026-05-01,Auction,QC,Montreal Hub,13900,10925,517
NV103589,2024-11-05,Consumer Buy-Back,AB,Calgary Hub,29075,25525,126
NV103590,2026-04-11,Auction,AB,Calgary Hub,14325,12325,508
NV103591,2024-11-24,Auction,NS,GTA Hub,20025,15975,405
NV103592,2026-01-25,Auction,QC,Montreal Hub,14225,11275,503
NV103593,2024-06-28,Auction,ON,GTA Hub,28775,23325,465
NV103594,2025-09-27,Auction,NL,GTA Hub,15025,13050,277
NV103595,2026-03-22,Consumer Buy-Back,QC,Montreal Hub,25275,20075,91
NV103596,2024-02-08,Dealer Wholesale,QC,Montreal Hub,13150,11175,419
NV103597,2026-03-03,Consumer Buy-Back,ON,GTA Hub,19850,16600,236
NV103598,2025-05-29,Auction,ON,GTA Hub,18875,16750,379
NV103599,2026-06-07,Auction,ON,GTA Hub,9225,7825,554
NV103600,2026-02-20,Auction,ON,GTA Hub,9050,7175,463
NV103601,2025-05-24,Auction,ON,GTA Hub,17400,14875,484
NV103602,2026-03-02,Auction,ON,GTA Hub,10300,8100,396
NV103603,2026-08-21,Trade-In,NL,GTA Hub,18275,13250,58
NV103604,2026-04-30,Auction,ON,GTA Hub,7950,7150,417
NV103605,2025-12-09,Auction,ON,GTA Hub,10850,9325,453
NV103606,2026-05-13,Auction,NB,Montreal Hub,8825,7450,423
NV103607,2025-09-07,Consumer Buy-Back,ON,GTA Hub,13575,11200,254
NV103608,2026-05-19,Auction,ON,GTA Hub,12050,10425,427
NV103609,2025-07-03,Consumer Buy-Back,AB,Calgary Hub,25500,20500,194
NV103610,2026-02-06,Auction,AB,Calgary Hub,12150,9525,505
NV103611,2024-01-29,Auction,AB,Calgary Hub,13675,11750,591
NV103612,2025-10-10,Consumer Buy-Back,ON,GTA Hub,35025,27075,94
NV103613,2025-11-19,Auction,NB,Montreal Hub,25150,20800,320
NV103614,2025-02-01,Consumer Buy-Back,QC,Montreal Hub,14925,12675,76
NV103615,2025-06-30,Auction,ON,GTA Hub,11600,8350,389
NV103616,2024-11-15,Trade-In,ON,GTA Hub,20450,16225,147
NV103617,2024-09-08,Auction,QC,Montreal Hub,15825,12800,400
NV103618,2026-01-13,Auction,ON,GTA Hub,24200,19800,465
NV103619,2026-08-05,Auction,ON,GTA Hub,20450,16975,487
NV103620,2026-04-19,Dealer Wholesale,ON,GTA Hub,23400,20175,435
NV103621,2025-06-25,Consumer Buy-Back,ON,GTA Hub,15875,11800,199
NV103622,2026-08-14,Consumer Buy-Back,QC,Montreal Hub,11400,9425,170
NV103623,2026-08-25,Consumer Buy-Back,QC,Montreal Hub,16075,12275,168
NV103624,2025-11-13,Consumer Buy-Back,ON,GTA Hub,23875,18625,41
NV103625,2026-02-26,Dealer Wholesale,AB,Calgary Hub,14925,11900,297
NV103626,2024-09-03,Trade-In,ON,GTA Hub,35950,29275,66
NV103627,2025-09-19,Auction,QC,Montreal Hub,17325,14825,419
NV103628,2024-09-26,Dealer Wholesale,BC,Calgary Hub,9450,7875,373
NV103629,2025-11-06,Consumer Buy-Back,NL,GTA Hub,18400,14375,196
NV103630,2024-09-12,Trade-In,QC,Montreal Hub,30275,24875,60
NV103631,2025-08-13,Auction,MB,Calgary Hub,22125,18825,547
NV103632,2025-11-18,Consumer Buy-Back,ON,GTA Hub,20025,17025,177
NV103633,2024-04-01,Auction,ON,GTA Hub,32700,25800,440
NV103634,2025-04-08,Consumer Buy-Back,AB,Calgary Hub,25300,20925,209
NV103635,2024-06-23,Consumer Buy-Back,AB,Calgary Hub,13875,10150,86
NV103636,2025-06-24,Auction,BC,Calgary Hub,12700,10650,526
NV103637,2025-05-25,Trade-In,QC,Montreal Hub,16025,11900,85
NV103638,2025-01-09,Consumer Buy-Back,ON,GTA Hub,19925,17250,180
NV103639,2025-12-19,Trade-In,ON,GTA Hub,20800,15800,149
NV103640,2026-08-25,Auction,ON,GTA Hub,25550,19775,390
NV103641,2024-12-28,Auction,ON,GTA Hub,32850,27975,493
NV103642,2025-03-12,Auction,ON,GTA Hub,16425,14375,428
NV103643,2026-08-10,Trade-In,ON,GTA Hub,13775,9625,173
NV103644,2024-10-21,Auction,AB,Calgary Hub,13925,10875,476
NV103645,2025-06-17,Auction,QC,Montreal Hub,23075,18975,368
NV103646,2025-06-17,Auction,ON,GTA Hub,20725,17400,516
NV103647,2025-07-01,Dealer Wholesale,NS,GTA Hub,13825,11500,340
NV103648,2025-07-25,Dealer Wholesale,ON,GTA Hub,24625,21125,384
NV103649,2025-07-20,Consumer Buy-Back,ON,GTA Hub,16375,13125,144
NV103650,2024-08-12,Trade-In,SK,Calgary Hub,12900,9875,58
NV103651,2026-05-21,Auction,AB,Calgary Hub,14750,12100,536
NV103652,2024-04-03,Auction,ON,GTA Hub,17925,14925,404
NV103653,2025-09-30,Auction,NL,GTA Hub,24375,20225,502
NV103654,2026-01-07,Dealer Wholesale,ON,GTA Hub,12175,10850,259
NV103655,2024-03-25,Auction,ON,GTA Hub,23950,20275,525
NV103656,2024-08-09,Dealer Wholesale,ON,GTA Hub,22250,18050,250
NV103657,2026-01-29,Auction,ON,GTA Hub,12725,11300,509
NV103658,2025-03-23,Auction,ON,GTA Hub,8200,6550,514
NV103659,2026-06-02,Consumer Buy-Back,ON,GTA Hub,11450,8425,56
NV103660,2024-04-11,Auction,ON,GTA Hub,36450,30425,449
NV103661,2025-09-10,Consumer Buy-Back,QC,Montreal Hub,15400,12825,42
NV103662,2026-08-18,Auction,BC,Calgary Hub,15100,13150,485
NV103663,2025-05-15,Auction,ON,GTA Hub,12625,10625,517
NV103664,2024-06-07,Dealer Wholesale,ON,GTA Hub,15500,12725,409
NV103665,2026-04-26,Dealer Wholesale,ON,GTA Hub,9125,7750,309
NV103666,2024-05-30,Consumer Buy-Back,MB,Calgary Hub,35000,29400,59
NV103667,2024-02-11,Auction,ON,GTA Hub,31150,26450,427
NV103668,2025-01-13,Consumer Buy-Back,ON,GTA Hub,18125,13700,175
NV103669,2026-05-07,Auction,ON,GTA Hub,30125,25325,407
NV103670,2026-08-14,Dealer Wholesale,ON,GTA Hub,13600,10725,396
NV103671,2026-06-22,Auction,ON,GTA Hub,14050,12225,533
NV103672,2025-03-20,Auction,ON,GTA Hub,12725,10375,578
NV103673,2025-08-07,Auction,ON,GTA Hub,13825,11775,580
NV103674,2025-01-06,Auction,ON,GTA Hub,13700,10500,466
NV103675,2024-06-19,Auction,QC,Montreal Hub,13250,11150,504
NV103676,2024-08-05,Auction,ON,GTA Hub,15975,13325,478
NV103677,2026-03-21,Auction,AB,Calgary Hub,16050,12825,393
NV103678,2026-02-16,Auction,AB,Calgary Hub,26600,21800,363
NV103679,2025-09-10,Dealer Wholesale,ON,GTA Hub,11175,9150,362
NV103680,2025-08-30,Trade-In,ON,GTA Hub,15775,13675,0
NV103681,2025-08-19,Consumer Buy-Back,ON,GTA Hub,11875,8975,94
NV103682,2026-02-20,Dealer Wholesale,ON,GTA Hub,10250,9500,339
NV103683,2026-07-16,Auction,ON,GTA Hub,17350,13925,496
NV103684,2025-06-24,Auction,NL,GTA Hub,49050,37425,369
NV103685,2026-07-14,Auction,ON,GTA Hub,15325,13975,615
NV103686,2026-07-02,Auction,NB,Montreal Hub,42700,36150,475
NV103687,2025-06-04,Dealer Wholesale,AB,Calgary Hub,20950,18175,373
NV103688,2025-04-29,Auction,AB,Calgary Hub,15125,12450,402
NV103689,2024-12-01,Auction,AB,Calgary Hub,16025,12675,462
NV103690,2024-04-19,Auction,ON,GTA Hub,11100,9450,384
NV103691,2026-08-12,Consumer Buy-Back,AB,Calgary Hub,20825,16750,276
NV103692,2025-04-30,Consumer Buy-Back,ON,GTA Hub,14300,12525,197
NV103693,2026-05-11,Auction,ON,GTA Hub,6300,5275,485
NV103694,2026-03-25,Consumer Buy-Back,ON,GTA Hub,13475,10750,116
NV103695,2026-04-02,Trade-In,ON,GTA Hub,33875,27100,141
NV103696,2025-04-07,Consumer Buy-Back,QC,Montreal Hub,26750,21450,164
NV103697,2025-04-15,Consumer Buy-Back,ON,GTA Hub,18450,15050,169
NV103698,2026-03-03,Trade-In,ON,GTA Hub,14350,10900,44
NV103699,2026-04-21,Consumer Buy-Back,AB,Calgary Hub,22425,18075,53
NV103700,2025-04-08,Auction,ON,GTA Hub,24025,20500,431
NV103701,2026-03-19,Consumer Buy-Back,ON,GTA Hub,21275,18100,140
NV103702,2025-06-04,Consumer Buy-Back,NL,GTA Hub,21025,17750,213
NV103703,2026-08-17,Dealer Wholesale,BC,Calgary Hub,22300,19850,254
NV103704,2026-07-20,Auction,ON,GTA Hub,15225,12025,436
NV103705,2025-04-03,Consumer Buy-Back,QC,Montreal Hub,16225,12800,140
NV103706,2024-10-10,Auction,ON,GTA Hub,22725,19000,442
NV103707,2026-01-24,Auction,AB,Calgary Hub,9500,8425,435
NV103708,2025-11-24,Auction,AB,Calgary Hub,30000,23325,434
NV103709,2024-08-16,Consumer Buy-Back,ON,GTA Hub,33125,27650,209
NV103710,2024-01-31,Auction,AB,Calgary Hub,11825,9725,478
NV103711,2025-04-19,Consumer Buy-Back,ON,GTA Hub,26225,21925,225
NV103712,2025-10-17,Consumer Buy-Back,ON,GTA Hub,13000,10475,182
NV103713,2026-05-24,Auction,ON,GTA Hub,13250,10250,434
NV103714,2025-05-19,Auction,ON,GTA Hub,10075,8300,424
NV103715,2025-02-01,Trade-In,ON,GTA Hub,11575,8350,23
NV103716,2024-05-21,Trade-In,ON,GTA Hub,18925,15375,105
NV103717,2025-04-24,Auction,ON,GTA Hub,21125,17875,462
NV103718,2026-05-25,Trade-In,AB,Calgary Hub,8650,6850,102
NV103719,2026-06-17,Auction,ON,GTA Hub,24925,20475,430
NV103720,2025-08-21,Trade-In,AB,Calgary Hub,25625,20325,46
NV103721,2025-04-11,Consumer Buy-Back,AB,Calgary Hub,25000,19950,147
NV103722,2026-07-18,Auction,ON,GTA Hub,19100,16775,420
NV103723,2024-04-07,Auction,BC,Calgary Hub,20875,18425,396
NV103724,2025-11-01,Auction,ON,GTA Hub,21125,16575,588
NV103725,2024-07-29,Consumer Buy-Back,AB,Calgary Hub,30375,26050,156
NV103726,2025-08-15,Consumer Buy-Back,ON,GTA Hub,29950,24900,302
NV103727,2026-05-09,Auction,ON,GTA Hub,14800,11625,410
NV103728,2026-02-17,Consumer Buy-Back,NS,GTA Hub,14475,11650,74
NV103729,2025-10-24,Auction,ON,GTA Hub,23775,19225,509
NV103730,2026-02-05,Auction,AB,Calgary Hub,24400,21900,397
NV103731,2025-10-20,Auction,NS,GTA Hub,22300,18625,467
NV103732,2025-10-26,Auction,ON,GTA Hub,15775,12600,637
NV103733,2026-06-28,Auction,ON,GTA Hub,24300,19125,558
NV103734,2026-02-08,Consumer Buy-Back,QC,Montreal Hub,16500,13600,46
NV103735,2024-02-06,Trade-In,AB,Calgary Hub,25375,20625,100
NV103736,2024-12-21,Auction,ON,GTA Hub,26900,21675,355
NV103737,2026-05-06,Trade-In,ON,GTA Hub,28700,22000,159
NV103738,2026-07-07,Dealer Wholesale,ON,GTA Hub,30475,24725,349
NV103739,2025-08-18,Consumer Buy-Back,NB,Montreal Hub,22850,17950,39
NV103740,2025-04-11,Trade-In,ON,GTA Hub,25525,19925,55
NV103741,2026-01-19,Auction,AB,Calgary Hub,19375,15975,404
NV103742,2024-03-08,Trade-In,ON,GTA Hub,20900,17100,194
NV103743,2024-02-07,Consumer Buy-Back,ON,GTA Hub,29150,24100,150
NV103744,2024-01-02,Trade-In,ON,GTA Hub,29125,24200,84
NV103745,2026-08-14,Auction,ON,GTA Hub,13625,11200,439
NV103746,2026-01-08,Consumer Buy-Back,ON,GTA Hub,18425,15475,153
NV103747,2024-02-11,Auction,ON,GTA Hub,36225,30675,495
NV103748,2025-08-02,Trade-In,ON,GTA Hub,10425,7800,54
NV103749,2026-08-03,Trade-In,AB,Calgary Hub,23975,19375,22
NV103750,2024-02-16,Auction,ON,GTA Hub,35925,30400,553
NV103751,2026-06-05,Consumer Buy-Back,BC,Calgary Hub,10450,8300,225
NV103752,2025-06-27,Auction,QC,Montreal Hub,9450,7950,542
NV103753,2026-03-27,Auction,QC,Montreal Hub,9075,8000,328
NV103754,2025-12-18,Auction,ON,GTA Hub,23450,21000,439
NV103755,2025-03-22,Consumer Buy-Back,ON,GTA Hub,18500,14975,183
NV103756,2025-03-07,Dealer Wholesale,NS,GTA Hub,15650,14075,337
NV103757,2024-09-19,Trade-In,AB,Calgary Hub,13375,10550,34
NV103758,2024-04-15,Consumer Buy-Back,ON,GTA Hub,17400,13025,245
NV103759,2025-09-12,Consumer Buy-Back,ON,GTA Hub,32375,27550,139
NV103760,2024-03-08,Consumer Buy-Back,ON,GTA Hub,23525,21075,145
NV103761,2025-03-24,Auction,QC,Montreal Hub,41550,31775,391
NV103762,2024-07-22,Auction,NB,Montreal Hub,27525,23050,472
NV103763,2026-08-17,Auction,ON,GTA Hub,27125,22575,449
NV103764,2025-11-08,Auction,AB,Calgary Hub,8700,7175,471
NV103765,2024-09-21,Auction,ON,GTA Hub,13825,11325,306
NV103766,2024-01-17,Auction,ON,GTA Hub,27350,22125,440
NV103767,2025-03-23,Auction,QC,Montreal Hub,19650,15900,425
NV103768,2025-07-02,Dealer Wholesale,ON,GTA Hub,14250,11700,350
NV103769,2025-08-14,Dealer Wholesale,ON,GTA Hub,17875,16050,330
NV103770,2025-05-27,Auction,ON,GTA Hub,10850,8550,480
NV103771,2025-10-28,Auction,QC,Montreal Hub,16500,13825,423
NV103772,2026-03-15,Auction,AB,Calgary Hub,12950,11500,441
NV103773,2025-05-04,Auction,ON,GTA Hub,23650,20025,431
NV103774,2024-09-20,Dealer Wholesale,ON,GTA Hub,18450,17375,244
NV103775,2025-12-18,Auction,BC,Calgary Hub,22550,19025,597
NV103776,2025-11-14,Auction,ON,GTA Hub,21575,18925,543
NV103777,2025-05-28,Consumer Buy-Back,ON,GTA Hub,38850,31075,134
NV103778,2025-04-12,Auction,AB,Calgary Hub,21525,18550,474
NV103779,2025-02-11,Consumer Buy-Back,ON,GTA Hub,9300,6750,155
NV103780,2026-01-01,Auction,QC,Montreal Hub,35350,30375,400
NV103781,2025-02-03,Auction,NS,GTA Hub,42300,35425,492
NV103782,2026-04-25,Consumer Buy-Back,ON,GTA Hub,15375,11500,173
NV103783,2026-08-11,Consumer Buy-Back,ON,GTA Hub,16050,13550,125
NV103784,2024-05-20,Consumer Buy-Back,ON,GTA Hub,32675,27000,98
NV103785,2024-01-26,Auction,NB,Montreal Hub,29875,24475,406
NV103786,2026-04-25,Auction,AB,Calgary Hub,13225,10625,450
NV103787,2026-05-27,Auction,BC,Calgary Hub,18000,14700,523
NV103788,2025-08-20,Dealer Wholesale,BC,Calgary Hub,9100,7475,383
NV103789,2024-06-04,Consumer Buy-Back,AB,Calgary Hub,33200,27525,175
NV103790,2025-09-05,Dealer Wholesale,ON,GTA Hub,15950,14050,405
NV103791,2025-02-24,Consumer Buy-Back,ON,GTA Hub,9675,7875,200
NV103792,2025-01-26,Dealer Wholesale,ON,GTA Hub,19350,15875,331
NV103793,2024-10-28,Dealer Wholesale,QC,Montreal Hub,15450,13350,411
NV103794,2024-03-07,Auction,ON,GTA Hub,18400,15175,415
NV103795,2024-09-17,Auction,ON,GTA Hub,11075,9325,416
NV103796,2025-04-03,Consumer Buy-Back,ON,GTA Hub,37550,29900,196
NV103797,2024-03-13,Auction,ON,GTA Hub,20925,18025,330
NV103798,2024-08-30,Dealer Wholesale,ON,GTA Hub,18450,15725,377
NV103799,2024-09-19,Consumer Buy-Back,NS,GTA Hub,31600,24625,43
NV103800,2024-07-06,Dealer Wholesale,QC,Montreal Hub,33800,29675,343
NV103801,2025-05-05,Consumer Buy-Back,ON,GTA Hub,31025,24325,158
NV103802,2026-03-06,Dealer Wholesale,AB,Calgary Hub,12200,9550,379
NV103803,2026-05-31,Consumer Buy-Back,BC,Calgary Hub,25700,22550,228
NV103804,2025-07-19,Trade-In,BC,Calgary Hub,26775,23500,102
NV103805,2026-04-07,Auction,AB,Calgary Hub,15050,11350,482
NV103806,2025-04-25,Auction,BC,Calgary Hub,14100,11800,478
NV103807,2026-01-10,Auction,ON,GTA Hub,23375,19950,370
NV103808,2024-11-28,Auction,QC,Montreal Hub,17800,14675,546
NV103809,2025-07-20,Auction,ON,GTA Hub,7075,5925,448
NV103810,2025-11-20,Trade-In,ON,GTA Hub,13425,10325,173
NV103811,2024-10-17,Auction,ON,GTA Hub,21025,17450,475
NV103812,2025-05-08,Consumer Buy-Back,QC,Montreal Hub,17850,13825,173
NV103813,2025-02-24,Auction,AB,Calgary Hub,11200,9050,334
NV103814,2024-09-26,Trade-In,MB,Calgary Hub,29150,23975,159
NV103815,2026-06-10,Auction,ON,GTA Hub,17000,14625,481
NV103816,2025-01-31,Consumer Buy-Back,ON,GTA Hub,15150,12225,199
NV103817,2024-04-23,Auction,ON,GTA Hub,10300,8550,497
NV103818,2025-12-22,Consumer Buy-Back,AB,Calgary Hub,15325,12850,81
NV103819,2024-10-21,Auction,ON,GTA Hub,17025,12925,443
NV103820,2024-11-21,Consumer Buy-Back,QC,Montreal Hub,29475,24475,141
NV103821,2026-06-22,Consumer Buy-Back,ON,GTA Hub,10600,8350,127
NV103822,2025-07-04,Consumer Buy-Back,BC,Calgary Hub,8725,7050,86
NV103823,2024-06-19,Auction,ON,GTA Hub,29275,23875,411
NV103824,2025-08-27,Consumer Buy-Back,ON,GTA Hub,24925,21000,155
NV103825,2026-08-15,Trade-In,ON,GTA Hub,15400,11350,23
NV103826,2026-07-16,Consumer Buy-Back,ON,GTA Hub,12075,10200,75
NV103827,2025-02-07,Dealer Wholesale,BC,Calgary Hub,9700,8125,321
NV103828,2025-10-23,Auction,AB,Calgary Hub,22725,18075,398
NV103829,2025-04-17,Auction,ON,GTA Hub,25125,21500,457
NV103830,2026-05-04,Consumer Buy-Back,NB,Montreal Hub,13650,11375,125
NV103831,2026-01-26,Auction,MB,Calgary Hub,32100,27525,469
NV103832,2024-12-31,Auction,AB,Calgary Hub,28350,24300,369
NV103833,2024-09-07,Trade-In,NL,GTA Hub,21700,16200,205
NV103834,2026-08-11,Trade-In,QC,Montreal Hub,23875,18350,50
NV103835,2025-04-22,Auction,QC,Montreal Hub,12900,10425,403
NV103836,2025-12-21,Auction,ON,GTA Hub,7775,6075,531
NV103837,2026-07-03,Auction,ON,GTA Hub,9875,7825,473
NV103838,2025-02-11,Consumer Buy-Back,QC,Montreal Hub,28100,21300,145
NV103839,2025-12-19,Auction,QC,Montreal Hub,11125,8975,381
NV103840,2025-04-22,Trade-In,QC,Montreal Hub,14225,10975,168
NV103841,2026-01-14,Consumer Buy-Back,ON,GTA Hub,26600,23425,91
NV103842,2025-06-06,Auction,AB,Calgary Hub,29100,22775,489
NV103843,2025-03-17,Auction,ON,GTA Hub,38400,29575,528
NV103844,2026-07-15,Consumer Buy-Back,NS,GTA Hub,13200,10400,102
NV103845,2025-07-08,Auction,AB,Calgary Hub,20225,16700,513
NV103846,2026-02-17,Auction,ON,GTA Hub,21175,18900,531
NV103847,2025-03-24,Trade-In,ON,GTA Hub,18725,13900,58
NV103848,2025-04-14,Auction,SK,Calgary Hub,18825,16350,536
NV103849,2026-08-06,Trade-In,AB,Calgary Hub,11450,8725,107
NV103850,2026-02-21,Auction,ON,GTA Hub,14050,11075,462
NV103851,2026-03-30,Auction,ON,GTA Hub,16700,14600,382
NV103852,2025-12-03,Trade-In,ON,GTA Hub,17000,13800,166
NV103853,2026-03-25,Trade-In,QC,Montreal Hub,19500,15975,113
NV103854,2025-12-04,Consumer Buy-Back,AB,Calgary Hub,36875,27900,139
NV103855,2026-04-21,Consumer Buy-Back,BC,Calgary Hub,12300,9725,69
NV103856,2025-08-17,Trade-In,ON,GTA Hub,27325,20275,77
NV103857,2026-03-11,Auction,SK,Calgary Hub,10500,8800,481
NV103858,2025-09-14,Auction,ON,GTA Hub,31750,25550,404
NV103859,2026-03-11,Auction,MB,Calgary Hub,13050,10425,455
NV103860,2025-09-21,Dealer Wholesale,AB,Calgary Hub,16200,13375,400
NV103861,2025-01-18,Consumer Buy-Back,ON,GTA Hub,22075,17000,60
NV103862,2026-07-01,Auction,ON,GTA Hub,20800,17350,463
NV103863,2024-06-28,Auction,QC,Montreal Hub,39350,33800,496
NV103864,2025-10-19,Dealer Wholesale,ON,GTA Hub,13550,10875,373
NV103865,2025-03-21,Trade-In,BC,Calgary Hub,20925,16150,98
NV103866,2024-11-24,Auction,ON,GTA Hub,9550,7950,451
NV103867,2026-07-15,Consumer Buy-Back,NB,Montreal Hub,27075,22100,256
NV103868,2026-07-14,Consumer Buy-Back,ON,GTA Hub,18925,15475,365
NV103869,2026-08-24,Consumer Buy-Back,ON,GTA Hub,25925,20025,131
NV103870,2025-08-19,Auction,ON,GTA Hub,13400,10750,339
NV103871,2025-10-26,Auction,ON,GTA Hub,10700,8350,535
NV103872,2025-05-05,Auction,QC,Montreal Hub,16850,14175,520
NV103873,2025-07-09,Auction,ON,GTA Hub,12600,10150,412
NV103874,2025-05-21,Consumer Buy-Back,ON,GTA Hub,27350,21925,137
NV103875,2025-12-09,Trade-In,AB,Calgary Hub,10475,8325,29
NV103876,2025-08-03,Consumer Buy-Back,ON,GTA Hub,23025,20025,129
NV103877,2024-06-23,Auction,ON,GTA Hub,42250,34150,470
NV103878,2024-08-04,Consumer Buy-Back,SK,Calgary Hub,22025,18775,126
NV103879,2024-04-22,Dealer Wholesale,NB,Montreal Hub,9625,8150,281
NV103880,2025-07-30,Auction,ON,GTA Hub,18750,15200,590
NV103881,2024-11-04,Auction,ON,GTA Hub,25500,22500,420
NV103882,2025-07-17,Consumer Buy-Back,ON,GTA Hub,13325,10325,110
NV103883,2025-02-18,Consumer Buy-Back,ON,GTA Hub,42200,33650,144
NV103884,2026-04-26,Auction,AB,Calgary Hub,26125,20925,462
NV103885,2026-06-02,Auction,ON,GTA Hub,8575,6800,507
NV103886,2024-04-02,Consumer Buy-Back,ON,GTA Hub,43675,34375,197
NV103887,2026-06-20,Auction,NL,GTA Hub,27350,24000,465
NV103888,2025-03-18,Trade-In,QC,Montreal Hub,14000,11050,57
NV103889,2025-07-17,Consumer Buy-Back,ON,GTA Hub,18775,15250,169
NV103890,2024-06-01,Auction,BC,Calgary Hub,18775,15975,405
NV103891,2024-04-01,Consumer Buy-Back,AB,Calgary Hub,37050,31725,280
NV103892,2026-05-15,Consumer Buy-Back,SK,Calgary Hub,12700,10725,98
NV103893,2025-05-08,Consumer Buy-Back,QC,Montreal Hub,11500,9950,15
NV103894,2024-07-25,Consumer Buy-Back,ON,GTA Hub,22350,18325,68
NV103895,2026-04-17,Consumer Buy-Back,ON,GTA Hub,48075,39875,310
NV103896,2025-10-19,Auction,ON,GTA Hub,17700,13575,443
NV103897,2026-04-10,Auction,QC,Montreal Hub,18750,15975,432
NV103898,2025-07-10,Trade-In,ON,GTA Hub,12650,10100,219
NV103899,2025-05-12,Consumer Buy-Back,QC,Montreal Hub,15450,13575,250
NV103900,2026-04-22,Consumer Buy-Back,AB,Calgary Hub,20375,17200,231
NV103901,2025-09-19,Dealer Wholesale,ON,GTA Hub,22775,19450,364
NV103902,2025-10-07,Consumer Buy-Back,ON,GTA Hub,31050,24950,243
NV103903,2025-02-05,Auction,AB,Calgary Hub,35250,28600,517
NV103904,2025-07-25,Trade-In,ON,GTA Hub,19700,16150,70
NV103905,2025-05-16,Trade-In,ON,GTA Hub,11425,8875,54
NV103906,2025-04-13,Consumer Buy-Back,ON,GTA Hub,36650,30025,195
NV103907,2026-08-08,Auction,ON,GTA Hub,18975,16475,449
NV103908,2026-03-16,Trade-In,ON,GTA Hub,16575,14100,105
NV103909,2025-02-15,Consumer Buy-Back,ON,GTA Hub,12100,9400,114
NV103910,2026-07-07,Consumer Buy-Back,ON,GTA Hub,27500,23675,226
NV103911,2026-04-17,Consumer Buy-Back,ON,GTA Hub,26125,20850,58
NV103912,2024-04-27,Auction,AB,Calgary Hub,11750,8625,463
NV103913,2026-08-04,Dealer Wholesale,ON,GTA Hub,21900,17800,447
NV103914,2026-03-15,Auction,QC,Montreal Hub,14300,12525,441
NV103915,2026-06-11,Auction,QC,Montreal Hub,16175,13200,452
NV103916,2026-08-30,Auction,ON,GTA Hub,15950,12700,596
NV103917,2025-06-24,Trade-In,BC,Calgary Hub,21200,18000,30
NV103918,2026-05-18,Auction,NS,GTA Hub,22025,16900,568
NV103919,2025-04-20,Trade-In,ON,GTA Hub,22950,18500,177
NV103920,2025-11-26,Auction,QC,Montreal Hub,19000,16000,439
NV103921,2026-08-31,Consumer Buy-Back,BC,Calgary Hub,13100,11175,163
NV103922,2026-07-20,Auction,QC,Montreal Hub,30650,26175,419
NV103923,2025-04-14,Consumer Buy-Back,ON,GTA Hub,17250,13975,213
NV103924,2025-02-17,Dealer Wholesale,ON,GTA Hub,15325,13900,350
NV103925,2026-06-28,Consumer Buy-Back,ON,GTA Hub,11850,9850,136
NV103926,2026-07-04,Consumer Buy-Back,NL,GTA Hub,9050,6375,60
NV103927,2025-01-21,Auction,ON,GTA Hub,12825,10375,487
NV103928,2024-05-31,Auction,BC,Calgary Hub,22825,19825,405
NV103929,2024-11-29,Consumer Buy-Back,NS,GTA Hub,19425,16875,125
NV103930,2025-06-24,Consumer Buy-Back,ON,GTA Hub,23175,19425,196
NV103931,2024-04-30,Trade-In,BC,Calgary Hub,24400,20025,93
NV103932,2026-04-16,Auction,AB,Calgary Hub,23750,19525,393
NV103933,2026-03-28,Trade-In,ON,GTA Hub,26575,20900,146
NV103934,2025-05-15,Auction,NB,Montreal Hub,20925,15800,496
NV103935,2025-08-20,Dealer Wholesale,SK,Calgary Hub,17275,14775,251
NV103936,2026-01-02,Consumer Buy-Back,ON,GTA Hub,20650,16825,159
NV103937,2024-02-24,Auction,ON,GTA Hub,17000,14575,391
NV103938,2025-01-06,Auction,BC,Calgary Hub,19100,15750,459
NV103939,2025-06-17,Auction,AB,Calgary Hub,22075,17000,518
NV103940,2024-02-05,Dealer Wholesale,MB,Calgary Hub,17950,14750,366
NV103941,2024-04-27,Auction,BC,Calgary Hub,18975,16150,456
NV103942,2026-07-15,Consumer Buy-Back,ON,GTA Hub,10150,8400,86
NV103943,2026-08-23,Consumer Buy-Back,ON,GTA Hub,19225,15725,19
NV103944,2026-01-29,Dealer Wholesale,ON,GTA Hub,6700,5300,393
NV103945,2026-04-12,Auction,NS,GTA Hub,26475,22375,509
NV103946,2024-10-10,Trade-In,BC,Calgary Hub,25825,20750,120
NV103947,2026-04-24,Trade-In,ON,GTA Hub,12925,10500,160
NV103948,2024-05-17,Auction,ON,GTA Hub,13375,11300,465
NV103949,2025-10-18,Auction,ON,GTA Hub,33950,28325,426
NV103950,2025-03-27,Auction,ON,GTA Hub,21425,17475,500
NV103951,2026-06-28,Trade-In,BC,Calgary Hub,23175,18200,134
NV103952,2026-05-27,Trade-In,BC,Calgary Hub,26275,19675,41
NV103953,2025-07-18,Consumer Buy-Back,NL,GTA Hub,14775,11375,275
NV103954,2025-06-22,Consumer Buy-Back,ON,GTA Hub,26575,20825,197
NV103955,2025-10-11,Auction,QC,Montreal Hub,29875,25275,431
NV103956,2025-11-22,Consumer Buy-Back,QC,Montreal Hub,13300,11600,239
NV103957,2024-08-25,Consumer Buy-Back,QC,Montreal Hub,20875,17325,160
NV103958,2024-06-06,Auction,ON,GTA Hub,31000,24600,420
NV103959,2025-12-01,Auction,ON,GTA Hub,10775,8875,423
NV103960,2025-02-18,Auction,ON,GTA Hub,19675,17425,624
NV103961,2025-11-07,Consumer Buy-Back,ON,GTA Hub,13375,10875,215
NV103962,2025-08-31,Consumer Buy-Back,NL,GTA Hub,38225,34000,103
NV103963,2024-08-18,Auction,ON,GTA Hub,16600,14350,367
NV103964,2025-07-05,Trade-In,AB,Calgary Hub,28175,21800,52
NV103965,2026-06-10,Consumer Buy-Back,SK,Calgary Hub,11250,9200,67
NV103966,2024-03-23,Consumer Buy-Back,ON,GTA Hub,22650,17425,74
NV103967,2026-04-11,Consumer Buy-Back,ON,GTA Hub,22925,18875,50
NV103968,2025-01-30,Consumer Buy-Back,AB,Calgary Hub,35175,29800,197
NV103969,2026-04-12,Auction,BC,Calgary Hub,20425,16150,540
NV103970,2025-04-27,Auction,ON,GTA Hub,24525,20875,486
NV103971,2025-09-26,Consumer Buy-Back,ON,GTA Hub,28400,23900,140
NV103972,2025-01-24,Consumer Buy-Back,ON,GTA Hub,15450,12725,137
NV103973,2026-06-27,Auction,ON,GTA Hub,9375,7625,420
NV103974,2024-06-04,Consumer Buy-Back,QC,Montreal Hub,39050,32625,146
NV103975,2025-06-22,Auction,ON,GTA Hub,14225,11925,351
NV103976,2025-09-01,Auction,AB,Calgary Hub,24550,20850,445
NV103977,2025-01-15,Auction,QC,Montreal Hub,22250,18325,445
NV103978,2025-05-04,Auction,QC,Montreal Hub,23225,20375,479
NV103979,2026-07-30,Auction,ON,GTA Hub,34150,28650,398
NV103980,2025-08-09,Auction,NS,GTA Hub,34250,27750,461
NV103981,2026-05-08,Consumer Buy-Back,ON,GTA Hub,27750,23150,156
NV103982,2026-06-28,Auction,SK,Calgary Hub,14125,11325,420
NV103983,2025-07-19,Auction,BC,Calgary Hub,26150,22275,519
NV103984,2026-05-08,Auction,BC,Calgary Hub,29950,23400,442
NV103985,2024-03-19,Auction,ON,GTA Hub,21600,18450,525
NV103986,2026-07-29,Auction,ON,GTA Hub,14925,11625,405
NV103987,2025-06-15,Trade-In,QC,Montreal Hub,16275,13200,68
NV103988,2024-10-06,Trade-In,ON,GTA Hub,23850,19925,124
NV103989,2024-05-21,Trade-In,ON,GTA Hub,12675,9725,114
NV103990,2025-04-24,Auction,ON,GTA Hub,23125,20300,397
NV103991,2025-08-25,Trade-In,BC,Calgary Hub,22275,18675,162
NV103992,2026-05-23,Consumer Buy-Back,ON,GTA Hub,38125,32475,132
NV103993,2025-12-19,Consumer Buy-Back,QC,Montreal Hub,14700,11525,239
NV103994,2025-01-05,Consumer Buy-Back,MB,Calgary Hub,10200,7375,266
NV103995,2026-08-09,Auction,ON,GTA Hub,9000,7425,434
NV103996,2025-07-02,Consumer Buy-Back,AB,Calgary Hub,33000,26900,108
NV103997,2026-05-15,Auction,ON,GTA Hub,13300,10700,446
NV103998,2026-06-11,Auction,BC,Calgary Hub,8450,6800,444
NV103999,2024-01-16,Auction,ON,GTA Hub,13075,9250,548
NV104000,2024-08-19,Trade-In,ON,GTA Hub,34675,28325,0
NV104001,2025-09-29,Consumer Buy-Back,ON,GTA Hub,17575,15425,134
NV104002,2025-05-22,Consumer Buy-Back,QC,Montreal Hub,31775,25300,130
NV104003,2024-04-20,Consumer Buy-Back,QC,Montreal Hub,37700,30750,227
NV104004,2025-04-01,Trade-In,BC,Calgary Hub,23300,18500,153
NV104005,2025-05-09,Consumer Buy-Back,AB,Calgary Hub,37725,29525,133
NV104006,2026-03-27,Consumer Buy-Back,AB,Calgary Hub,14725,12425,201
NV104007,2024-04-12,Auction,ON,GTA Hub,19975,16575,413
NV104008,2026-05-25,Auction,ON,GTA Hub,17250,14450,499
NV104009,2026-08-09,Consumer Buy-Back,ON,GTA Hub,14875,11375,172
NV104010,2026-04-07,Consumer Buy-Back,AB,Calgary Hub,17775,14850,201
NV104011,2024-07-18,Auction,AB,Calgary Hub,25050,20775,563
NV104012,2026-05-16,Trade-In,QC,Montreal Hub,23950,19350,60
NV104013,2026-07-26,Auction,ON,GTA Hub,12750,10400,323
NV104014,2024-01-31,Auction,ON,GTA Hub,43250,36600,462
NV104015,2024-12-24,Trade-In,ON,GTA Hub,21300,17225,0
NV104016,2024-04-23,Trade-In,NS,GTA Hub,19475,15375,0
NV104017,2026-05-30,Auction,ON,GTA Hub,12650,10775,518
NV104018,2026-06-30,Auction,BC,Calgary Hub,19075,16075,384
NV104019,2025-05-22,Consumer Buy-Back,ON,GTA Hub,34700,28225,131
NV104020,2024-06-12,Consumer Buy-Back,ON,GTA Hub,21650,18025,264
NV104021,2026-07-01,Auction,ON,GTA Hub,21725,17200,431
NV104022,2026-08-27,Consumer Buy-Back,AB,Calgary Hub,9450,8075,107
NV104023,2026-05-22,Auction,QC,Montreal Hub,15275,12875,444
NV104024,2025-10-14,Dealer Wholesale,ON,GTA Hub,15125,12225,369
NV104025,2026-07-04,Auction,NB,Montreal Hub,22925,20450,449
NV104026,2026-07-01,Dealer Wholesale,ON,GTA Hub,22025,18775,354
NV104027,2026-03-19,Auction,ON,GTA Hub,18200,14575,412
NV104028,2026-03-25,Consumer Buy-Back,ON,GTA Hub,24175,19825,68
NV104029,2024-01-02,Trade-In,BC,Calgary Hub,24500,19550,102
NV104030,2026-06-08,Consumer Buy-Back,AB,Calgary Hub,13050,11000,211
NV104031,2024-04-23,Auction,ON,GTA Hub,10775,8600,526
NV104032,2025-10-19,Dealer Wholesale,ON,GTA Hub,15975,14375,327
NV104033,2024-04-23,Auction,ON,GTA Hub,18275,16400,477
NV104034,2026-03-05,Auction,ON,GTA Hub,9850,8475,535
NV104035,2025-01-02,Consumer Buy-Back,SK,Calgary Hub,23650,20250,108
NV104036,2025-12-12,Trade-In,ON,GTA Hub,17850,15150,126
NV104037,2025-05-16,Auction,QC,Montreal Hub,25250,19900,493
NV104038,2025-09-18,Consumer Buy-Back,ON,GTA Hub,18550,15675,300
NV104039,2025-07-24,Trade-In,BC,Calgary Hub,11700,9225,143
NV104040,2026-02-25,Auction,ON,GTA Hub,21925,16775,448
NV104041,2026-01-31,Consumer Buy-Back,ON,GTA Hub,15475,12050,243
NV104042,2026-07-19,Trade-In,ON,GTA Hub,11425,8700,89
NV104043,2026-04-06,Consumer Buy-Back,ON,GTA Hub,37850,29875,114
NV104044,2025-03-28,Consumer Buy-Back,NB,Montreal Hub,19025,14475,108
NV104045,2024-06-05,Consumer Buy-Back,BC,Calgary Hub,13900,11200,128
NV104046,2026-04-25,Trade-In,ON,GTA Hub,30050,22575,175
NV104047,2025-07-08,Auction,ON,GTA Hub,27050,22625,491
NV104048,2026-04-03,Dealer Wholesale,BC,Calgary Hub,24525,19375,266
NV104049,2024-09-27,Auction,ON,GTA Hub,25100,20575,542
NV104050,2025-04-28,Auction,BC,Calgary Hub,13225,10575,425
NV104051,2025-07-13,Auction,ON,GTA Hub,23625,21250,505
NV104052,2025-10-08,Consumer Buy-Back,AB,Calgary Hub,14275,11650,161
NV104053,2025-05-22,Trade-In,BC,Calgary Hub,9875,7825,91
NV104054,2026-03-04,Consumer Buy-Back,ON,GTA Hub,27750,20400,211
NV104055,2024-11-03,Auction,NB,Montreal Hub,31325,26575,421
NV104056,2026-06-15,Auction,ON,GTA Hub,19850,17850,330
NV104057,2025-10-20,Trade-In,ON,GTA Hub,15100,11550,142
NV104058,2025-02-23,Auction,BC,Calgary Hub,31775,27300,442
NV104059,2026-01-29,Auction,ON,GTA Hub,16050,13650,483
NV104060,2026-06-04,Consumer Buy-Back,ON,GTA Hub,9275,7450,28
NV104061,2024-12-20,Trade-In,AB,Calgary Hub,18375,14400,32
NV104062,2024-06-09,Auction,ON,GTA Hub,14500,11525,401
NV104063,2026-03-10,Auction,AB,Calgary Hub,19100,16250,499
NV104064,2025-11-09,Auction,QC,Montreal Hub,17725,14575,513
NV104065,2025-03-11,Dealer Wholesale,BC,Calgary Hub,27650,23725,381
NV104066,2025-03-28,Trade-In,ON,GTA Hub,41850,31200,90
NV104067,2025-12-14,Trade-In,NS,GTA Hub,31050,23325,94
NV104068,2024-12-03,Auction,AB,Calgary Hub,26200,22075,473
NV104069,2024-11-18,Auction,ON,GTA Hub,28800,25175,376
NV104070,2025-06-28,Trade-In,AB,Calgary Hub,34675,29275,112
NV104071,2025-07-02,Auction,ON,GTA Hub,24300,21050,427
NV104072,2024-11-23,Consumer Buy-Back,ON,GTA Hub,14925,11950,131
NV104073,2026-06-21,Auction,ON,GTA Hub,9825,8050,546
NV104074,2025-04-19,Auction,AB,Calgary Hub,28850,23550,347
NV104075,2026-06-28,Consumer Buy-Back,ON,GTA Hub,14025,11625,143
NV104076,2026-03-20,Auction,BC,Calgary Hub,22900,18675,382
NV104077,2026-03-08,Consumer Buy-Back,BC,Calgary Hub,27000,23200,142
NV104078,2026-05-05,Auction,QC,Montreal Hub,19925,17475,428
NV104079,2024-08-29,Auction,QC,Montreal Hub,9150,7800,476
NV104080,2024-02-14,Trade-In,AB,Calgary Hub,28125,21675,121
NV104081,2024-09-15,Auction,BC,Calgary Hub,29450,22600,520
NV104082,2026-06-21,Trade-In,ON,GTA Hub,23700,18700,50
NV104083,2025-04-03,Auction,ON,GTA Hub,43300,34150,497
NV104084,2026-05-09,Auction,NB,Montreal Hub,14350,11525,538
NV104085,2025-07-16,Auction,NB,Montreal Hub,9700,7575,399
NV104086,2026-07-24,Consumer Buy-Back,AB,Calgary Hub,12500,10300,182
NV104087,2025-08-13,Consumer Buy-Back,ON,GTA Hub,23050,17975,198
NV104088,2024-02-12,Auction,BC,Calgary Hub,20650,16525,409
NV104089,2024-03-26,Consumer Buy-Back,MB,Calgary Hub,24300,20800,80
NV104090,2024-06-19,Auction,MB,Calgary Hub,23675,19825,489
NV104091,2025-12-02,Auction,AB,Calgary Hub,19125,14975,527
NV104092,2025-11-07,Trade-In,ON,GTA Hub,15175,12025,80
NV104093,2026-05-01,Dealer Wholesale,AB,Calgary Hub,4675,3425,380
NV104094,2025-01-29,Auction,ON,GTA Hub,24250,20150,343
NV104095,2026-03-22,Dealer Wholesale,ON,GTA Hub,12275,10300,338
NV104096,2026-06-13,Auction,QC,Montreal Hub,11600,9425,455
NV104097,2024-09-21,Auction,NS,GTA Hub,20950,16850,357
NV104098,2026-06-04,Auction,AB,Calgary Hub,31625,26650,440
NV104099,2026-05-29,Consumer Buy-Back,ON,GTA Hub,26900,23825,135
NV104100,2025-05-18,Auction,BC,Calgary Hub,16525,14150,398
NV104101,2026-03-22,Consumer Buy-Back,AB,Calgary Hub,20625,17675,156
NV104102,2026-07-17,Consumer Buy-Back,ON,GTA Hub,18150,15575,79
NV104103,2026-08-23,Consumer Buy-Back,ON,GTA Hub,35350,27625,99
NV104104,2025-08-31,Consumer Buy-Back,AB,Calgary Hub,18500,15050,148
NV104105,2025-05-06,Dealer Wholesale,QC,Montreal Hub,9125,7950,358
NV104106,2026-03-25,Auction,ON,GTA Hub,15275,13300,363
NV104107,2026-05-04,Trade-In,AB,Calgary Hub,28425,23150,152
NV104108,2026-04-11,Auction,SK,Calgary Hub,38125,32400,383
NV104109,2025-09-15,Consumer Buy-Back,ON,GTA Hub,21425,18075,170
NV104110,2026-01-18,Auction,ON,GTA Hub,19750,15675,436
NV104111,2026-07-27,Consumer Buy-Back,MB,Calgary Hub,13525,11500,187
NV104112,2024-12-06,Auction,MB,Calgary Hub,29675,24925,370
NV104113,2024-04-02,Consumer Buy-Back,QC,Montreal Hub,14900,11500,160
NV104114,2025-09-14,Auction,ON,GTA Hub,19475,15625,482
NV104115,2025-11-27,Auction,ON,GTA Hub,16350,14025,505
NV104116,2025-06-08,Dealer Wholesale,QC,Montreal Hub,38875,29875,352
NV104117,2024-12-13,Consumer Buy-Back,ON,GTA Hub,23450,20200,166
NV104118,2024-05-22,Consumer Buy-Back,QC,Montreal Hub,14150,11425,187
NV104119,2025-03-28,Consumer Buy-Back,BC,Calgary Hub,20400,14575,85
NV104120,2026-05-09,Trade-In,AB,Calgary Hub,16575,12025,83
NV104121,2024-09-03,Consumer Buy-Back,QC,Montreal Hub,22425,19275,187
NV104122,2025-01-29,Auction,ON,GTA Hub,21375,17425,468
NV104123,2025-03-02,Consumer Buy-Back,NL,GTA Hub,28875,23375,147
NV104124,2024-01-05,Consumer Buy-Back,AB,Calgary Hub,26725,21800,175
NV104125,2025-03-23,Auction,ON,GTA Hub,14875,12650,449
NV104126,2026-07-19,Dealer Wholesale,MB,Calgary Hub,21850,17600,321
NV104127,2024-03-16,Consumer Buy-Back,ON,GTA Hub,9525,7300,106
NV104128,2026-07-07,Auction,AB,Calgary Hub,16575,13400,418
NV104129,2025-09-01,Auction,SK,Calgary Hub,11225,9525,266
NV104130,2024-12-24,Auction,QC,Montreal Hub,21950,17275,438
NV104131,2025-08-01,Dealer Wholesale,ON,GTA Hub,36475,29925,324
NV104132,2025-08-02,Trade-In,BC,Calgary Hub,14375,11300,132
NV104133,2026-01-31,Auction,ON,GTA Hub,39025,29875,397
NV104134,2025-10-11,Dealer Wholesale,ON,GTA Hub,22575,19025,317
NV104135,2025-05-17,Trade-In,QC,Montreal Hub,24550,19525,96
NV104136,2026-04-27,Auction,ON,GTA Hub,17950,14925,513
NV104137,2026-02-27,Consumer Buy-Back,MB,Calgary Hub,24850,18500,119
NV104138,2026-06-19,Consumer Buy-Back,ON,GTA Hub,27700,24300,124
NV104139,2025-10-23,Consumer Buy-Back,ON,GTA Hub,14025,12100,67
NV104140,2026-08-18,Consumer Buy-Back,ON,GTA Hub,13000,10550,106
NV104141,2025-08-13,Trade-In,ON,GTA Hub,16925,13900,166
NV104142,2025-05-04,Trade-In,AB,Calgary Hub,15025,11300,13
NV104143,2024-01-24,Trade-In,QC,Montreal Hub,25625,20675,68
NV104144,2025-08-25,Auction,ON,GTA Hub,13375,10675,510
NV104145,2024-03-04,Auction,QC,Montreal Hub,27525,22450,428
NV104146,2025-07-18,Consumer Buy-Back,ON,GTA Hub,20775,18475,120
NV104147,2026-05-11,Auction,ON,GTA Hub,20525,17425,462
NV104148,2025-05-23,Auction,ON,GTA Hub,20250,17150,373
NV104149,2025-09-10,Auction,ON,GTA Hub,23775,19575,382
NV104150,2025-12-22,Auction,ON,GTA Hub,17275,14050,486
NV104151,2024-06-09,Auction,NS,GTA Hub,12500,10125,457
NV104152,2024-02-15,Auction,AB,Calgary Hub,15625,12225,496
NV104153,2024-12-21,Auction,BC,Calgary Hub,19500,15750,454
NV104154,2024-05-28,Trade-In,ON,GTA Hub,20725,16250,79
NV104155,2024-06-02,Consumer Buy-Back,ON,GTA Hub,17575,14800,16
NV104156,2025-11-09,Trade-In,QC,Montreal Hub,30900,24075,78
NV104157,2026-08-25,Auction,AB,Calgary Hub,20550,15675,419
NV104158,2025-03-31,Auction,AB,Calgary Hub,33200,30575,451
NV104159,2026-06-06,Auction,ON,GTA Hub,16600,13800,459
NV104160,2024-01-16,Consumer Buy-Back,ON,GTA Hub,26300,20725,67
NV104161,2024-03-13,Auction,ON,GTA Hub,7800,6375,394
NV104162,2025-08-26,Consumer Buy-Back,QC,Montreal Hub,21550,17425,169
NV104163,2024-08-09,Dealer Wholesale,BC,Calgary Hub,25975,23325,431
NV104164,2025-10-05,Trade-In,ON,GTA Hub,14275,10825,26
NV104165,2025-02-21,Auction,AB,Calgary Hub,38400,33125,492
NV104166,2025-11-02,Consumer Buy-Back,ON,GTA Hub,14750,12225,200
NV104167,2024-04-24,Auction,BC,Calgary Hub,22150,20050,490
NV104168,2024-04-18,Auction,ON,GTA Hub,25950,21800,424
NV104169,2024-03-11,Trade-In,ON,GTA Hub,29925,24600,27
NV104170,2026-04-08,Auction,ON,GTA Hub,16725,14125,547
NV104171,2025-08-04,Dealer Wholesale,ON,GTA Hub,27275,23550,340
NV104172,2026-03-28,Auction,QC,Montreal Hub,13850,11350,437
NV104173,2026-07-30,Auction,QC,Montreal Hub,19800,16650,542
NV104174,2026-04-10,Trade-In,QC,Montreal Hub,14125,10650,113
NV104175,2025-09-21,Trade-In,ON,GTA Hub,38575,30025,200
NV104176,2025-05-02,Auction,NS,GTA Hub,18700,14975,410
NV104177,2026-05-16,Auction,BC,Calgary Hub,13525,10725,378
NV104178,2026-03-11,Consumer Buy-Back,QC,Montreal Hub,12325,10975,195
NV104179,2026-07-11,Consumer Buy-Back,AB,Calgary Hub,14875,12250,204
NV104180,2024-09-06,Consumer Buy-Back,ON,GTA Hub,11550,9675,52
NV104181,2026-06-01,Auction,BC,Calgary Hub,23125,19900,417
NV104182,2026-07-02,Auction,QC,Montreal Hub,24600,21300,541
NV104183,2026-01-16,Trade-In,ON,GTA Hub,12900,9200,106
NV104184,2024-05-10,Dealer Wholesale,NL,GTA Hub,16225,13700,380
NV104185,2026-03-12,Consumer Buy-Back,NS,GTA Hub,13825,11625,0
NV104186,2025-03-01,Auction,ON,GTA Hub,15050,12525,515
NV104187,2025-05-26,Consumer Buy-Back,ON,GTA Hub,9200,7875,73
NV104188,2026-05-05,Dealer Wholesale,BC,Calgary Hub,19500,17150,278
NV104189,2024-08-11,Consumer Buy-Back,ON,GTA Hub,19925,16425,316
NV104190,2025-07-10,Auction,ON,GTA Hub,28725,25275,545
NV104191,2026-08-03,Consumer Buy-Back,ON,GTA Hub,19025,14750,9
NV104192,2026-03-31,Auction,ON,GTA Hub,10950,8975,549
NV104193,2024-12-09,Trade-In,ON,GTA Hub,32300,23050,0
NV104194,2025-11-13,Trade-In,NS,GTA Hub,25750,19475,111
NV104195,2024-05-25,Auction,ON,GTA Hub,14650,11825,439
NV104196,2024-02-01,Consumer Buy-Back,ON,GTA Hub,34300,30075,231
NV104197,2024-04-11,Dealer Wholesale,QC,Montreal Hub,24475,20475,354
NV104198,2025-05-05,Auction,ON,GTA Hub,12950,9675,545
NV104199,2024-12-02,Auction,AB,Calgary Hub,19825,16575,494
NV104200,2025-11-06,Trade-In,QC,Montreal Hub,25350,19775,126
NV104201,2026-06-04,Auction,NS,GTA Hub,10725,8675,425
NV104202,2025-12-29,Dealer Wholesale,ON,GTA Hub,18150,15400,269
NV104203,2025-08-14,Auction,ON,GTA Hub,16875,13800,342
NV104204,2026-08-16,Auction,ON,GTA Hub,26075,21300,461
NV104205,2024-06-20,Auction,ON,GTA Hub,23100,17950,422
NV104206,2025-11-02,Auction,ON,GTA Hub,15875,13700,523
NV104207,2026-01-20,Auction,AB,Calgary Hub,38875,31650,445
NV104208,2026-08-07,Auction,ON,GTA Hub,14025,11125,398
NV104209,2026-03-25,Auction,AB,Calgary Hub,16800,13775,415
NV104210,2025-07-12,Auction,ON,GTA Hub,21900,17875,460
NV104211,2025-02-13,Trade-In,QC,Montreal Hub,35600,25725,252
NV104212,2026-01-09,Trade-In,ON,GTA Hub,17700,13950,135
NV104213,2025-03-11,Trade-In,ON,GTA Hub,12700,9375,152
NV104214,2026-01-26,Auction,QC,Montreal Hub,10350,8800,426
NV104215,2025-03-13,Auction,ON,GTA Hub,15400,13125,443
NV104216,2025-06-14,Auction,ON,GTA Hub,12675,9875,386
NV104217,2026-05-18,Consumer Buy-Back,ON,GTA Hub,14775,12325,104
NV104218,2025-05-19,Consumer Buy-Back,ON,GTA Hub,7975,6450,11
NV104219,2024-07-26,Consumer Buy-Back,ON,GTA Hub,41575,35150,66
NV104220,2025-06-15,Consumer Buy-Back,ON,GTA Hub,20400,16900,0
NV104221,2025-11-08,Consumer Buy-Back,ON,GTA Hub,42750,34825,205
NV104222,2024-09-02,Auction,AB,Calgary Hub,18400,15400,484
NV104223,2025-03-21,Consumer Buy-Back,ON,GTA Hub,21000,17025,178
NV104224,2025-06-28,Auction,ON,GTA Hub,15575,12525,367
NV104225,2024-04-11,Consumer Buy-Back,AB,Calgary Hub,20375,17100,207
NV104226,2026-04-12,Auction,ON,GTA Hub,12175,10000,421
NV104227,2024-06-19,Auction,ON,GTA Hub,21625,18475,548
NV104228,2025-03-13,Dealer Wholesale,ON,GTA Hub,20625,17625,429
NV104229,2026-05-22,Auction,BC,Calgary Hub,19725,16825,373
NV104230,2024-07-07,Consumer Buy-Back,AB,Calgary Hub,36225,29875,83
NV104231,2025-05-28,Consumer Buy-Back,ON,GTA Hub,23000,19500,79
NV104232,2024-01-19,Consumer Buy-Back,ON,GTA Hub,22650,18100,63
NV104233,2026-06-19,Consumer Buy-Back,ON,GTA Hub,17725,13875,172
NV104234,2026-06-27,Trade-In,AB,Calgary Hub,10375,7325,0
NV104235,2026-03-11,Auction,QC,Montreal Hub,12275,10050,431
NV104236,2024-07-12,Consumer Buy-Back,ON,GTA Hub,31275,24775,106
NV104237,2026-04-27,Consumer Buy-Back,ON,GTA Hub,35875,29100,58
NV104238,2024-12-30,Auction,AB,Calgary Hub,18075,15025,455
NV104239,2026-08-28,Trade-In,ON,GTA Hub,17875,11950,152
NV104240,2025-07-14,Auction,ON,GTA Hub,27400,22425,445
NV104241,2025-03-27,Consumer Buy-Back,ON,GTA Hub,21325,17575,187
NV104242,2026-07-23,Auction,AB,Calgary Hub,24350,19150,526
NV104243,2026-05-09,Dealer Wholesale,QC,Montreal Hub,23050,20175,322
NV104244,2024-06-30,Consumer Buy-Back,NS,GTA Hub,43950,34425,246
NV104245,2024-01-15,Dealer Wholesale,ON,GTA Hub,19525,15650,444
NV104246,2025-09-15,Trade-In,ON,GTA Hub,26125,19700,125
NV104247,2025-07-05,Auction,ON,GTA Hub,11450,10100,559
NV104248,2024-01-23,Auction,AB,Calgary Hub,27275,22675,456
NV104249,2024-01-23,Trade-In,ON,GTA Hub,17250,13325,164
NV104250,2024-11-09,Auction,BC,Calgary Hub,11150,9025,523
NV104251,2026-05-04,Auction,SK,Calgary Hub,18375,14950,444
NV104252,2025-09-16,Trade-In,ON,GTA Hub,22875,17625,100
NV104253,2024-09-20,Consumer Buy-Back,ON,GTA Hub,8450,6425,204
NV104254,2025-10-08,Consumer Buy-Back,BC,Calgary Hub,7575,6550,74
NV104255,2026-02-13,Dealer Wholesale,ON,GTA Hub,43900,38025,390
NV104256,2026-03-16,Auction,ON,GTA Hub,14300,12350,427
NV104257,2024-02-15,Trade-In,ON,GTA Hub,12500,9750,91
NV104258,2024-07-11,Trade-In,ON,GTA Hub,12700,9375,52
NV104259,2025-07-26,Trade-In,SK,Calgary Hub,33800,28225,78
NV104260,2025-06-18,Auction,ON,GTA Hub,43425,39000,431
NV104261,2026-04-27,Auction,NS,GTA Hub,9250,7100,455
NV104262,2026-08-28,Consumer Buy-Back,AB,Calgary Hub,33150,27100,58
NV104263,2024-07-21,Consumer Buy-Back,ON,GTA Hub,10400,8075,222
NV104264,2026-01-06,Consumer Buy-Back,BC,Calgary Hub,41425,35125,145
NV104265,2025-01-05,Auction,ON,GTA Hub,11475,9675,413
NV104266,2026-06-18,Auction,ON,GTA Hub,15000,11725,513
NV104267,2025-12-06,Auction,ON,GTA Hub,55225,45000,510
NV104268,2024-10-12,Trade-In,ON,GTA Hub,35750,28075,87
NV104269,2025-03-22,Trade-In,AB,Calgary Hub,29100,22025,50
NV104270,2026-03-22,Auction,ON,GTA Hub,14650,11425,557
NV104271,2025-09-25,Consumer Buy-Back,QC,Montreal Hub,34125,28225,221
NV104272,2026-06-08,Auction,ON,GTA Hub,22700,19600,439
NV104273,2025-04-23,Auction,MB,Calgary Hub,14350,12225,419
NV104274,2024-03-21,Auction,ON,GTA Hub,36150,29925,508
NV104275,2026-04-13,Consumer Buy-Back,AB,Calgary Hub,21625,15925,145
NV104276,2026-04-25,Dealer Wholesale,ON,GTA Hub,7775,6200,316
NV104277,2026-03-07,Auction,BC,Calgary Hub,21575,18350,494
NV104278,2026-02-26,Consumer Buy-Back,ON,GTA Hub,33150,25175,145
NV104279,2025-03-07,Auction,ON,GTA Hub,15875,13225,425
NV104280,2024-01-20,Auction,ON,GTA Hub,29600,25600,474
NV104281,2024-09-01,Auction,AB,Calgary Hub,13500,10800,521
NV104282,2024-09-23,Auction,ON,GTA Hub,24350,20125,453
NV104283,2025-12-01,Consumer Buy-Back,ON,GTA Hub,8375,6700,31
NV104284,2024-09-05,Auction,SK,Calgary Hub,20525,16750,427
NV104285,2026-04-03,Auction,ON,GTA Hub,19850,16650,455
NV104286,2024-10-10,Auction,QC,Montreal Hub,20075,16775,439
NV104287,2025-04-19,Auction,ON,GTA Hub,13750,11025,418
NV104288,2025-12-29,Auction,ON,GTA Hub,28475,24125,498
NV104289,2026-07-05,Consumer Buy-Back,ON,GTA Hub,7250,5425,129
NV104290,2026-03-13,Auction,ON,GTA Hub,13800,11225,438
NV104291,2025-04-13,Consumer Buy-Back,AB,Calgary Hub,22200,19850,111
NV104292,2024-06-07,Consumer Buy-Back,QC,Montreal Hub,20600,16925,202
NV104293,2025-10-30,Consumer Buy-Back,ON,GTA Hub,13800,11525,83
NV104294,2025-10-01,Consumer Buy-Back,ON,GTA Hub,23000,19200,183
NV104295,2025-12-09,Consumer Buy-Back,ON,GTA Hub,28600,24800,95
NV104296,2025-06-09,Auction,ON,GTA Hub,13225,10250,438
NV104297,2025-05-31,Consumer Buy-Back,NB,Montreal Hub,22475,18350,164
NV104298,2024-10-07,Auction,ON,GTA Hub,13950,11325,423
NV104299,2026-06-04,Consumer Buy-Back,NS,GTA Hub,11700,9425,166
NV104300,2026-05-11,Consumer Buy-Back,ON,GTA Hub,13000,11625,228
NV104301,2024-04-26,Consumer Buy-Back,ON,GTA Hub,28025,22950,104
NV104302,2025-09-24,Consumer Buy-Back,QC,Montreal Hub,12500,10550,176
NV104303,2026-04-21,Auction,ON,GTA Hub,32625,27575,434
NV104304,2026-01-18,Auction,ON,GTA Hub,10075,8225,471
NV104305,2025-11-16,Auction,BC,Calgary Hub,23425,19025,573
NV104306,2026-05-08,Trade-In,ON,GTA Hub,17925,13600,101
NV104307,2025-12-18,Trade-In,AB,Calgary Hub,28150,21650,46
NV104308,2025-04-26,Consumer Buy-Back,MB,Calgary Hub,11650,9425,170
NV104309,2025-06-22,Consumer Buy-Back,QC,Montreal Hub,16750,14325,246
NV104310,2025-02-25,Auction,ON,GTA Hub,24925,21425,505
NV104311,2026-03-27,Auction,BC,Calgary Hub,8125,6825,429
NV104312,2025-03-27,Dealer Wholesale,QC,Montreal Hub,10200,8700,303
NV104313,2024-05-31,Consumer Buy-Back,BC,Calgary Hub,12800,10525,138
NV104314,2025-01-11,Auction,ON,GTA Hub,16050,13925,353
NV104315,2025-03-09,Auction,ON,GTA Hub,15975,13800,460
NV104316,2024-05-21,Dealer Wholesale,NS,GTA Hub,22200,17675,312
NV104317,2025-11-07,Consumer Buy-Back,ON,GTA Hub,20150,15000,239
NV104318,2025-10-20,Dealer Wholesale,ON,GTA Hub,6675,5400,362
NV104319,2024-04-23,Consumer Buy-Back,ON,GTA Hub,28350,21675,144
NV104320,2024-06-09,Consumer Buy-Back,ON,GTA Hub,18375,15475,217
NV104321,2026-05-04,Consumer Buy-Back,ON,GTA Hub,12225,9125,84
NV104322,2025-07-18,Dealer Wholesale,ON,GTA Hub,17250,14350,356
NV104323,2024-06-22,Trade-In,ON,GTA Hub,32950,26825,105
NV104324,2025-05-20,Consumer Buy-Back,BC,Calgary Hub,13975,10775,178
NV104325,2026-05-19,Trade-In,ON,GTA Hub,25425,20200,98
NV104326,2024-01-12,Auction,ON,GTA Hub,18475,15375,382
NV104327,2024-07-20,Trade-In,ON,GTA Hub,38775,28200,210
NV104328,2026-03-02,Trade-In,ON,GTA Hub,9975,7275,96
NV104329,2025-05-13,Consumer Buy-Back,QC,Montreal Hub,11100,8700,148
NV104330,2026-05-23,Auction,ON,GTA Hub,12725,10400,359
NV104331,2024-09-03,Consumer Buy-Back,SK,Calgary Hub,11875,9975,255
NV104332,2026-04-21,Auction,ON,GTA Hub,17350,13600,501
NV104333,2024-11-16,Consumer Buy-Back,NS,GTA Hub,17600,15350,183
NV104334,2026-01-28,Auction,ON,GTA Hub,13625,10825,497
NV104335,2026-02-15,Auction,BC,Calgary Hub,16400,13525,418
NV104336,2025-11-16,Auction,AB,Calgary Hub,14350,11125,450
NV104337,2025-06-23,Trade-In,QC,Montreal Hub,23550,18475,65
NV104338,2024-08-07,Auction,ON,GTA Hub,18625,14700,551
NV104339,2026-04-17,Consumer Buy-Back,QC,Montreal Hub,29375,24700,164
NV104340,2024-07-03,Consumer Buy-Back,ON,GTA Hub,24950,21000,185
NV104341,2026-01-26,Consumer Buy-Back,ON,GTA Hub,14400,11750,185
NV104342,2026-06-17,Auction,ON,GTA Hub,13600,10875,420
NV104343,2026-05-05,Consumer Buy-Back,QC,Montreal Hub,7825,6150,185
NV104344,2025-07-20,Consumer Buy-Back,BC,Calgary Hub,9225,7350,254
NV104345,2026-07-22,Dealer Wholesale,ON,GTA Hub,12750,10775,349
NV104346,2025-05-10,Trade-In,ON,GTA Hub,16150,13175,47
NV104347,2025-12-26,Auction,NS,GTA Hub,37675,30975,406
NV104348,2025-03-09,Consumer Buy-Back,AB,Calgary Hub,12975,10150,78
NV104349,2025-11-21,Auction,BC,Calgary Hub,13350,10200,458
NV104350,2026-07-19,Auction,BC,Calgary Hub,10400,7975,412
NV104351,2026-03-10,Auction,ON,GTA Hub,15700,12775,347
NV104352,2025-11-06,Dealer Wholesale,BC,Calgary Hub,17200,14850,493
NV104353,2025-03-24,Auction,ON,GTA Hub,16200,13425,525
NV104354,2024-12-14,Consumer Buy-Back,ON,GTA Hub,25750,21525,79
NV104355,2026-07-04,Auction,ON,GTA Hub,17375,14050,505
NV104356,2024-11-24,Consumer Buy-Back,ON,GTA Hub,31475,25700,50
NV104357,2025-06-09,Trade-In,ON,GTA Hub,25750,19725,189
NV104358,2024-04-30,Auction,ON,GTA Hub,10450,8975,482
NV104359,2024-10-24,Consumer Buy-Back,QC,Montreal Hub,24125,20725,97
NV104360,2025-05-16,Auction,ON,GTA Hub,11225,8800,342
NV104361,2025-10-09,Consumer Buy-Back,ON,GTA Hub,36200,28475,132
NV104362,2025-07-20,Trade-In,ON,GTA Hub,15350,11850,129
NV104363,2026-04-26,Consumer Buy-Back,AB,Calgary Hub,11850,9950,72
NV104364,2025-01-02,Consumer Buy-Back,ON,GTA Hub,21675,17625,240
NV104365,2026-07-22,Dealer Wholesale,SK,Calgary Hub,9425,8425,341
NV104366,2026-01-12,Consumer Buy-Back,AB,Calgary Hub,9525,7200,190
NV104367,2024-05-01,Auction,ON,GTA Hub,33825,25250,394
NV104368,2025-08-09,Auction,AB,Calgary Hub,13825,11350,427
NV104369,2025-04-13,Consumer Buy-Back,MB,Calgary Hub,32775,26100,47
NV104370,2025-11-15,Trade-In,MB,Calgary Hub,27525,20325,84
NV104371,2025-10-10,Auction,BC,Calgary Hub,11750,10000,459
NV104372,2026-06-02,Trade-In,ON,GTA Hub,9175,6850,135
NV104373,2024-11-21,Auction,QC,Montreal Hub,27975,23275,523
NV104374,2025-09-08,Consumer Buy-Back,QC,Montreal Hub,20825,18125,232
NV104375,2025-06-10,Auction,ON,GTA Hub,21900,18075,506
NV104376,2025-06-09,Consumer Buy-Back,ON,GTA Hub,9425,7500,0
NV104377,2024-09-02,Consumer Buy-Back,AB,Calgary Hub,17250,13750,120
NV104378,2026-02-10,Auction,ON,GTA Hub,21075,17600,450
NV104379,2024-04-13,Trade-In,QC,Montreal Hub,15050,11450,26
NV104380,2026-05-17,Consumer Buy-Back,AB,Calgary Hub,16450,12800,156
NV104381,2026-07-11,Consumer Buy-Back,ON,GTA Hub,18500,15350,248
NV104382,2025-11-13,Dealer Wholesale,AB,Calgary Hub,18925,16125,352
NV104383,2025-02-11,Auction,NS,GTA Hub,13775,11575,556
NV104384,2026-03-25,Consumer Buy-Back,QC,Montreal Hub,13825,10925,173
NV104385,2026-01-10,Dealer Wholesale,ON,GTA Hub,30675,25425,350
NV104386,2024-05-13,Trade-In,QC,Montreal Hub,21475,16075,0
NV104387,2025-07-21,Auction,ON,GTA Hub,18925,15850,440
NV104388,2025-10-09,Consumer Buy-Back,QC,Montreal Hub,18525,15275,192
NV104389,2026-01-24,Consumer Buy-Back,SK,Calgary Hub,8800,6950,172
NV104390,2024-11-27,Auction,ON,GTA Hub,17650,15200,404
NV104391,2024-10-04,Auction,ON,GTA Hub,13900,10525,452
NV104392,2025-04-25,Auction,BC,Calgary Hub,21900,18675,432
NV104393,2024-12-23,Consumer Buy-Back,ON,GTA Hub,29225,24875,174
NV104394,2026-06-23,Dealer Wholesale,ON,GTA Hub,11100,9275,372
NV104395,2024-07-11,Consumer Buy-Back,ON,GTA Hub,32450,27325,269
NV104396,2025-01-01,Dealer Wholesale,QC,Montreal Hub,16925,15200,386
NV104397,2024-01-31,Auction,ON,GTA Hub,15100,12775,508
NV104398,2026-06-08,Consumer Buy-Back,ON,GTA Hub,9900,8000,179
NV104399,2025-09-11,Trade-In,AB,Calgary Hub,12450,10050,8
NV104400,2024-04-26,Trade-In,ON,GTA Hub,48575,39100,148
NV104401,2025-05-10,Auction,ON,GTA Hub,14350,11450,505
NV104402,2025-01-01,Trade-In,ON,GTA Hub,22775,18450,219
NV104403,2025-03-08,Auction,AB,Calgary Hub,32425,26575,432
NV104404,2025-01-15,Consumer Buy-Back,AB,Calgary Hub,24375,20700,40
NV104405,2025-04-22,Consumer Buy-Back,NS,GTA Hub,26475,20775,96
NV104406,2024-09-09,Auction,BC,Calgary Hub,15225,13100,448
NV104407,2026-03-31,Auction,ON,GTA Hub,26325,21525,489
NV104408,2025-09-02,Dealer Wholesale,ON,GTA Hub,15350,12800,289
NV104409,2026-08-29,Auction,ON,GTA Hub,21900,17500,492
NV104410,2024-07-17,Auction,ON,GTA Hub,17850,14650,433
NV104411,2024-01-26,Consumer Buy-Back,QC,Montreal Hub,15700,12650,142
NV104412,2026-02-05,Auction,AB,Calgary Hub,19675,16100,419
NV104413,2024-01-23,Consumer Buy-Back,ON,GTA Hub,22200,17625,62
NV104414,2025-02-28,Consumer Buy-Back,ON,GTA Hub,30425,24975,174
NV104415,2024-11-17,Consumer Buy-Back,QC,Montreal Hub,26700,22300,160
NV104416,2025-03-26,Auction,AB,Calgary Hub,15975,12700,423
NV104417,2026-05-26,Consumer Buy-Back,ON,GTA Hub,23900,18000,145
NV104418,2025-04-14,Consumer Buy-Back,NS,GTA Hub,14400,12200,85
NV104419,2024-09-16,Trade-In,ON,GTA Hub,17275,13575,227
NV104420,2025-01-20,Trade-In,ON,GTA Hub,22675,17950,175
NV104421,2024-09-18,Consumer Buy-Back,SK,Calgary Hub,19700,15725,195
NV104422,2024-03-01,Consumer Buy-Back,ON,GTA Hub,22550,19425,153
NV104423,2025-01-10,Auction,ON,GTA Hub,24575,20475,401
NV104424,2024-05-15,Consumer Buy-Back,NL,GTA Hub,17475,14725,128
NV104425,2026-04-20,Consumer Buy-Back,ON,GTA Hub,18400,14425,32
NV104426,2026-02-23,Trade-In,ON,GTA Hub,20925,16125,102
NV104427,2025-07-08,Dealer Wholesale,ON,GTA Hub,16925,15025,369
NV104428,2025-07-18,Trade-In,ON,GTA Hub,14575,12450,134
NV104429,2025-03-02,Trade-In,ON,GTA Hub,19775,15250,185
NV104430,2025-06-23,Consumer Buy-Back,QC,Montreal Hub,23525,18700,150
NV104431,2026-07-15,Trade-In,ON,GTA Hub,25650,21325,29
NV104432,2024-05-10,Auction,AB,Calgary Hub,36150,29050,389
NV104433,2025-01-11,Auction,AB,Calgary Hub,12000,9650,458
NV104434,2024-06-11,Auction,NB,Montreal Hub,13275,11475,517
NV104435,2024-07-18,Auction,BC,Calgary Hub,39575,33150,404
NV104436,2024-03-06,Trade-In,ON,GTA Hub,42650,34400,219
NV104437,2024-09-06,Auction,ON,GTA Hub,18375,14775,362
NV104438,2026-07-23,Auction,ON,GTA Hub,7725,6525,369
NV104439,2025-09-20,Trade-In,AB,Calgary Hub,30175,22050,100
NV104440,2025-11-04,Auction,QC,Montreal Hub,12750,10925,446
NV104441,2025-05-05,Auction,ON,GTA Hub,10125,7975,552
NV104442,2026-05-16,Auction,ON,GTA Hub,10800,9300,389
NV104443,2026-08-02,Consumer Buy-Back,ON,GTA Hub,12750,10175,88
NV104444,2026-08-06,Auction,AB,Calgary Hub,27350,22250,392
NV104445,2024-10-30,Auction,BC,Calgary Hub,26150,21200,464
NV104446,2026-06-24,Auction,ON,GTA Hub,10575,9500,482
NV104447,2024-06-07,Trade-In,NL,GTA Hub,54350,40150,33
NV104448,2025-09-20,Consumer Buy-Back,ON,GTA Hub,27350,20025,147
NV104449,2026-08-20,Consumer Buy-Back,ON,GTA Hub,43525,37600,105
NV104450,2024-10-05,Dealer Wholesale,ON,GTA Hub,40275,33175,379
NV104451,2024-02-13,Trade-In,ON,GTA Hub,12100,9200,28
NV104452,2024-05-12,Dealer Wholesale,ON,GTA Hub,24125,19625,394
NV104453,2025-10-17,Auction,ON,GTA Hub,12900,11350,420
NV104454,2026-05-26,Auction,BC,Calgary Hub,14700,11575,437
NV104455,2026-06-30,Consumer Buy-Back,AB,Calgary Hub,12475,10075,97
NV104456,2024-07-23,Auction,ON,GTA Hub,16250,13825,505
NV104457,2025-10-27,Auction,ON,GTA Hub,44800,36850,406
NV104458,2026-06-03,Auction,ON,GTA Hub,23700,20725,469
NV104459,2025-04-10,Trade-In,NL,GTA Hub,15600,11950,44
NV104460,2025-06-23,Consumer Buy-Back,QC,Montreal Hub,9625,8325,131
NV104461,2025-04-18,Dealer Wholesale,AB,Calgary Hub,22725,18350,256
NV104462,2024-03-09,Consumer Buy-Back,ON,GTA Hub,25750,21250,55
NV104463,2024-09-21,Consumer Buy-Back,BC,Calgary Hub,25950,21050,190
NV104464,2025-08-15,Trade-In,ON,GTA Hub,24400,18000,31
NV104465,2026-07-04,Auction,ON,GTA Hub,15600,13000,321
NV104466,2024-10-20,Auction,ON,GTA Hub,11650,9225,495
NV104467,2025-08-04,Consumer Buy-Back,MB,Calgary Hub,34025,28175,217
NV104468,2026-02-19,Auction,SK,Calgary Hub,14975,12875,364
NV104469,2024-11-22,Trade-In,BC,Calgary Hub,12375,9775,117
NV104470,2026-01-15,Consumer Buy-Back,AB,Calgary Hub,29450,22075,131
NV104471,2025-02-19,Auction,AB,Calgary Hub,29825,26125,540
NV104472,2026-02-28,Auction,AB,Calgary Hub,26900,22350,418
NV104473,2024-06-19,Auction,ON,GTA Hub,29300,24525,514
NV104474,2026-01-26,Consumer Buy-Back,ON,GTA Hub,19825,15025,138
NV104475,2024-08-12,Consumer Buy-Back,ON,GTA Hub,30350,24275,235
NV104476,2026-05-25,Auction,QC,Montreal Hub,18100,15250,417
NV104477,2026-02-16,Consumer Buy-Back,QC,Montreal Hub,11025,8650,197
NV104478,2026-02-27,Consumer Buy-Back,QC,Montreal Hub,35675,28350,169
NV104479,2024-12-23,Auction,ON,GTA Hub,20900,17625,527
NV104480,2026-08-22,Trade-In,ON,GTA Hub,25800,19950,147
NV104481,2024-02-17,Consumer Buy-Back,ON,GTA Hub,26600,20525,101
NV104482,2024-02-17,Auction,AB,Calgary Hub,13675,11425,464
NV104483,2025-05-19,Consumer Buy-Back,MB,Calgary Hub,19600,15800,103
NV104484,2024-08-05,Auction,ON,GTA Hub,30450,23425,460
NV104485,2024-05-18,Auction,AB,Calgary Hub,16200,12750,494
NV104486,2024-06-21,Consumer Buy-Back,ON,GTA Hub,19525,16400,183
NV104487,2024-12-02,Consumer Buy-Back,ON,GTA Hub,19925,15400,101
NV104488,2024-05-14,Auction,ON,GTA Hub,31825,28600,356
NV104489,2026-03-11,Auction,AB,Calgary Hub,26450,21225,501
NV104490,2026-01-20,Auction,ON,GTA Hub,16175,13575,347
NV104491,2026-03-12,Auction,ON,GTA Hub,7725,6225,457
NV104492,2025-02-28,Dealer Wholesale,SK,Calgary Hub,16850,13150,321
NV104493,2026-05-09,Dealer Wholesale,BC,Calgary Hub,11850,10175,305
NV104494,2026-08-12,Consumer Buy-Back,ON,GTA Hub,9325,7425,205
NV104495,2024-07-21,Auction,AB,Calgary Hub,25350,20750,336
NV104496,2025-07-05,Trade-In,ON,GTA Hub,19225,13750,161
NV104497,2026-05-22,Auction,AB,Calgary Hub,7500,6300,466
NV104498,2025-08-06,Auction,ON,GTA Hub,14325,11250,502
NV104499,2025-07-07,Auction,ON,GTA Hub,22725,18275,469
NV104500,2024-03-29,Consumer Buy-Back,ON,GTA Hub,13500,11050,126
NV104501,2026-08-07,Consumer Buy-Back,BC,Calgary Hub,23200,20325,235
NV104502,2026-04-22,Consumer Buy-Back,ON,GTA Hub,12900,11075,91
NV104503,2026-05-21,Dealer Wholesale,ON,GTA Hub,19950,16750,251
NV104504,2026-03-20,Auction,NL,GTA Hub,19925,15250,506
NV104505,2025-04-12,Trade-In,ON,GTA Hub,26750,20775,33
NV104506,2024-04-22,Auction,BC,Calgary Hub,37275,31900,548
NV104507,2026-02-20,Dealer Wholesale,AB,Calgary Hub,18875,15675,352
NV104508,2026-06-28,Consumer Buy-Back,BC,Calgary Hub,26775,22000,181
NV104509,2024-03-15,Auction,ON,GTA Hub,29250,25075,439
NV104510,2024-11-13,Consumer Buy-Back,ON,GTA Hub,16500,12925,156
NV104511,2025-09-24,Auction,ON,GTA Hub,31675,26800,487
NV104512,2026-05-29,Consumer Buy-Back,QC,Montreal Hub,11875,10700,202
NV104513,2026-07-11,Auction,ON,GTA Hub,24950,22200,461
NV104514,2026-08-04,Consumer Buy-Back,ON,GTA Hub,27925,22550,170
NV104515,2025-09-06,Consumer Buy-Back,ON,GTA Hub,16250,13075,166
NV104516,2024-05-14,Auction,QC,Montreal Hub,20575,17350,378
NV104517,2025-07-02,Consumer Buy-Back,NB,Montreal Hub,16300,13100,190
NV104518,2024-05-18,Auction,ON,GTA Hub,29475,25175,586
NV104519,2026-06-08,Auction,BC,Calgary Hub,32375,28200,506
NV104520,2024-01-04,Auction,QC,Montreal Hub,24700,20725,550
NV104521,2024-11-25,Auction,BC,Calgary Hub,31475,26550,473
NV104522,2026-08-07,Trade-In,ON,GTA Hub,12875,10225,100
NV104523,2025-06-13,Auction,QC,Montreal Hub,31050,26775,383
NV104524,2026-01-02,Consumer Buy-Back,ON,GTA Hub,34775,29775,143
NV104525,2024-06-29,Auction,AB,Calgary Hub,27975,23600,454
NV104526,2025-11-29,Auction,ON,GTA Hub,37525,29900,398
NV104527,2025-08-03,Dealer Wholesale,QC,Montreal Hub,18825,15100,393
NV104528,2026-06-15,Auction,AB,Calgary Hub,19900,16400,418
NV104529,2024-08-14,Consumer Buy-Back,ON,GTA Hub,25500,20575,164
NV104530,2025-10-27,Auction,QC,Montreal Hub,22850,18375,452
NV104531,2026-05-27,Consumer Buy-Back,SK,Calgary Hub,39300,29525,70
NV104532,2025-01-30,Consumer Buy-Back,ON,GTA Hub,17800,14450,124
NV104533,2024-01-28,Consumer Buy-Back,ON,GTA Hub,22425,19050,232
NV104534,2025-08-12,Auction,AB,Calgary Hub,23000,18075,461
NV104535,2024-09-20,Consumer Buy-Back,ON,GTA Hub,17700,13000,346
NV104536,2025-12-17,Dealer Wholesale,ON,GTA Hub,19775,17225,391
NV104537,2025-05-07,Trade-In,ON,GTA Hub,19675,16025,110
NV104538,2026-07-18,Auction,ON,GTA Hub,21150,16950,491
NV104539,2024-09-13,Auction,ON,GTA Hub,14625,11625,457
NV104540,2025-02-14,Dealer Wholesale,AB,Calgary Hub,36200,29675,312
NV104541,2025-07-22,Dealer Wholesale,ON,GTA Hub,20900,17900,303
NV104542,2026-08-18,Auction,ON,GTA Hub,26800,20825,422
NV104543,2025-01-28,Auction,AB,Calgary Hub,41050,33225,460
NV104544,2025-05-29,Auction,ON,GTA Hub,20575,17450,509
NV104545,2026-06-13,Dealer Wholesale,ON,GTA Hub,20100,15575,437
NV104546,2026-01-13,Auction,SK,Calgary Hub,21775,18150,456
NV104547,2025-12-26,Auction,ON,GTA Hub,31900,25650,452
NV104548,2024-04-22,Dealer Wholesale,ON,GTA Hub,26050,21200,255
NV104549,2026-03-06,Auction,ON,GTA Hub,23100,19050,430
NV104550,2025-10-27,Dealer Wholesale,ON,GTA Hub,14300,12350,284
NV104551,2024-11-27,Consumer Buy-Back,ON,GTA Hub,21175,16700,91
NV104552,2025-01-18,Auction,ON,GTA Hub,26075,23275,432
NV104553,2025-02-19,Trade-In,ON,GTA Hub,7400,5575,71
NV104554,2025-01-28,Trade-In,AB,Calgary Hub,25875,19900,126
NV104555,2024-07-31,Trade-In,ON,GTA Hub,8225,6125,21
NV104556,2025-05-31,Consumer Buy-Back,ON,GTA Hub,12600,10350,164
NV104557,2025-09-11,Auction,AB,Calgary Hub,42375,35800,450
NV104558,2026-01-15,Trade-In,ON,GTA Hub,18600,15450,108
NV104559,2025-04-12,Consumer Buy-Back,NS,GTA Hub,11300,8950,134
NV104560,2025-03-14,Consumer Buy-Back,ON,GTA Hub,29100,25375,13
NV104561,2026-08-03,Consumer Buy-Back,QC,Montreal Hub,19850,16725,187
NV104562,2026-06-02,Auction,ON,GTA Hub,24800,21225,366
NV104563,2026-06-13,Trade-In,ON,GTA Hub,16900,12200,21
NV104564,2024-10-03,Auction,QC,Montreal Hub,17125,13375,480
NV104565,2025-03-28,Dealer Wholesale,ON,GTA Hub,14075,11825,273
NV104566,2025-04-18,Auction,ON,GTA Hub,22250,17000,513
NV104567,2025-04-24,Dealer Wholesale,ON,GTA Hub,13525,10925,353
NV104568,2024-05-13,Auction,AB,Calgary Hub,23950,19450,468
NV104569,2025-07-15,Auction,ON,GTA Hub,25575,21675,497
NV104570,2025-10-15,Trade-In,ON,GTA Hub,16725,12650,148
NV104571,2025-08-30,Trade-In,ON,GTA Hub,19950,15350,122
NV104572,2025-09-10,Auction,AB,Calgary Hub,24600,20100,363
NV104573,2024-05-10,Consumer Buy-Back,BC,Calgary Hub,14700,12000,200
NV104574,2026-01-05,Consumer Buy-Back,BC,Calgary Hub,15050,12650,129
NV104575,2024-12-11,Consumer Buy-Back,ON,GTA Hub,26075,22325,184
NV104576,2026-06-11,Auction,BC,Calgary Hub,11925,9350,393
NV104577,2025-03-14,Dealer Wholesale,AB,Calgary Hub,13875,12100,346
NV104578,2025-09-27,Dealer Wholesale,QC,Montreal Hub,12700,11025,399
NV104579,2025-03-17,Auction,ON,GTA Hub,21625,18250,461
NV104580,2026-02-26,Consumer Buy-Back,ON,GTA Hub,17200,14100,188
NV104581,2024-12-18,Dealer Wholesale,ON,GTA Hub,15250,12025,419
NV104582,2026-06-22,Auction,ON,GTA Hub,12300,10550,499
NV104583,2024-08-11,Auction,AB,Calgary Hub,29550,26675,353
NV104584,2025-12-28,Trade-In,AB,Calgary Hub,17800,13575,250
NV104585,2026-06-09,Consumer Buy-Back,ON,GTA Hub,16025,12300,105
NV104586,2025-10-28,Trade-In,ON,GTA Hub,16725,13250,147
NV104587,2026-08-28,Auction,ON,GTA Hub,6975,5475,511
NV104588,2026-06-08,Auction,ON,GTA Hub,10375,8600,469
NV104589,2026-07-05,Trade-In,ON,GTA Hub,21725,15900,100
NV104590,2026-02-11,Auction,AB,Calgary Hub,9250,7825,401
NV104591,2025-02-16,Dealer Wholesale,MB,Calgary Hub,36875,33250,355
NV104592,2024-06-13,Trade-In,AB,Calgary Hub,20100,16800,140
NV104593,2025-08-17,Auction,ON,GTA Hub,14450,11725,453
NV104594,2025-11-09,Dealer Wholesale,ON,GTA Hub,17575,14325,410
NV104595,2024-06-18,Trade-In,MB,Calgary Hub,15000,10925,99
NV104596,2026-07-01,Auction,AB,Calgary Hub,13450,10375,461
NV104597,2026-03-14,Trade-In,ON,GTA Hub,13375,10350,195
NV104598,2025-05-15,Auction,AB,Calgary Hub,30625,25275,476
NV104599,2024-12-19,Auction,ON,GTA Hub,36050,29625,412
NV104600,2025-12-21,Auction,ON,GTA Hub,20825,18275,361
NV104601,2026-01-06,Consumer Buy-Back,AB,Calgary Hub,15975,11900,180
NV104602,2026-06-15,Consumer Buy-Back,ON,GTA Hub,33175,27125,189
NV104603,2024-08-24,Consumer Buy-Back,QC,Montreal Hub,15700,12450,92
NV104604,2026-06-04,Trade-In,AB,Calgary Hub,16850,13625,138
NV104605,2026-07-03,Auction,ON,GTA Hub,13675,11275,441
NV104606,2026-03-31,Consumer Buy-Back,ON,GTA Hub,19325,15600,81
NV104607,2025-05-18,Consumer Buy-Back,ON,GTA Hub,13275,10650,124
NV104608,2026-03-24,Auction,BC,Calgary Hub,10475,9575,370
NV104609,2025-09-08,Auction,ON,GTA Hub,22425,19075,592
NV104610,2026-05-01,Auction,ON,GTA Hub,12400,9425,422
NV104611,2025-07-13,Auction,ON,GTA Hub,30000,24125,557
NV104612,2024-10-29,Trade-In,QC,Montreal Hub,20575,17500,44
NV104613,2026-08-20,Trade-In,ON,GTA Hub,26575,20075,123
NV104614,2024-04-10,Consumer Buy-Back,ON,GTA Hub,14400,11975,100
NV104615,2024-05-05,Auction,ON,GTA Hub,32025,24600,422
NV104616,2026-06-23,Auction,NS,GTA Hub,10200,8375,433
NV104617,2025-07-11,Trade-In,BC,Calgary Hub,22550,18025,99
NV104618,2026-07-24,Trade-In,ON,GTA Hub,21250,16325,96
NV104619,2024-07-05,Trade-In,ON,GTA Hub,24800,17900,64
NV104620,2025-06-12,Auction,ON,GTA Hub,7300,5875,562
NV104621,2025-03-21,Auction,ON,GTA Hub,20525,16900,482
NV104622,2024-08-21,Trade-In,MB,Calgary Hub,9675,7100,13
NV104623,2026-08-24,Consumer Buy-Back,ON,GTA Hub,36425,28925,110
NV104624,2024-07-12,Consumer Buy-Back,BC,Calgary Hub,12775,10150,70
NV104625,2025-07-18,Trade-In,QC,Montreal Hub,23875,18450,105
NV104626,2026-02-14,Trade-In,ON,GTA Hub,24325,19675,50
NV104627,2024-05-10,Dealer Wholesale,ON,GTA Hub,10125,8550,326
NV104628,2026-08-30,Auction,ON,GTA Hub,6550,5150,431
NV104629,2025-04-10,Consumer Buy-Back,ON,GTA Hub,25000,22150,131
NV104630,2025-12-17,Consumer Buy-Back,ON,GTA Hub,18975,15650,210
NV104631,2026-01-01,Dealer Wholesale,ON,GTA Hub,22150,19650,369
NV104632,2024-05-12,Auction,MB,Calgary Hub,16950,13975,474
NV104633,2025-07-13,Auction,NS,GTA Hub,9525,7550,494
NV104634,2026-03-13,Consumer Buy-Back,QC,Montreal Hub,17425,14325,194
NV104635,2026-04-26,Consumer Buy-Back,SK,Calgary Hub,18125,15025,145
NV104636,2024-07-25,Dealer Wholesale,QC,Montreal Hub,30850,27025,337
NV104637,2026-03-28,Dealer Wholesale,AB,Calgary Hub,10200,8600,377
NV104638,2025-02-14,Consumer Buy-Back,AB,Calgary Hub,30625,24675,89
NV104639,2026-08-22,Auction,ON,GTA Hub,9975,8325,411
NV104640,2026-06-25,Trade-In,AB,Calgary Hub,24225,19900,159
NV104641,2024-07-10,Dealer Wholesale,ON,GTA Hub,22350,17850,305
NV104642,2026-04-05,Dealer Wholesale,AB,Calgary Hub,9225,7975,339
NV104643,2025-09-25,Consumer Buy-Back,ON,GTA Hub,24475,21775,164
NV104644,2026-03-17,Auction,BC,Calgary Hub,28950,22525,515
NV104645,2026-06-01,Consumer Buy-Back,NL,GTA Hub,20950,16325,228
NV104646,2024-07-18,Auction,ON,GTA Hub,16125,13075,500
NV104647,2024-11-16,Auction,ON,GTA Hub,26550,20300,461
NV104648,2025-07-22,Auction,ON,GTA Hub,10125,8200,461
NV104649,2025-08-08,Trade-In,ON,GTA Hub,9850,8450,186
NV104650,2026-06-27,Consumer Buy-Back,SK,Calgary Hub,20775,16525,174
NV104651,2026-07-28,Consumer Buy-Back,BC,Calgary Hub,8750,6850,166
NV104652,2026-06-06,Auction,ON,GTA Hub,16575,12975,538
NV104653,2025-04-07,Trade-In,NB,Montreal Hub,26150,20550,151
NV104654,2024-12-11,Trade-In,AB,Calgary Hub,19425,13575,0
NV104655,2025-08-10,Auction,ON,GTA Hub,21800,17750,432
NV104656,2025-03-27,Auction,QC,Montreal Hub,50725,43600,385
NV104657,2026-08-20,Auction,ON,GTA Hub,35300,29750,463
NV104658,2026-05-12,Trade-In,ON,GTA Hub,11375,9025,85
NV104659,2024-05-12,Auction,ON,GTA Hub,19575,14975,492
NV104660,2026-03-12,Consumer Buy-Back,AB,Calgary Hub,18050,14675,98
NV104661,2026-04-15,Consumer Buy-Back,QC,Montreal Hub,21775,17975,122
NV104662,2026-02-08,Consumer Buy-Back,AB,Calgary Hub,30700,25400,239
NV104663,2025-05-14,Trade-In,AB,Calgary Hub,29900,22900,176
NV104664,2026-07-24,Auction,AB,Calgary Hub,17200,14750,550
NV104665,2024-01-02,Dealer Wholesale,NB,Montreal Hub,26200,22575,370
NV104666,2025-05-29,Auction,ON,GTA Hub,30150,23650,341
NV104667,2026-03-05,Consumer Buy-Back,ON,GTA Hub,17100,14425,202
NV104668,2024-04-28,Consumer Buy-Back,NS,GTA Hub,15000,12225,118
NV104669,2026-06-19,Consumer Buy-Back,AB,Calgary Hub,25400,21400,91
NV104670,2025-12-26,Consumer Buy-Back,ON,GTA Hub,13175,10525,133
NV104671,2024-10-01,Auction,ON,GTA Hub,17550,14250,494
NV104672,2025-01-07,Trade-In,ON,GTA Hub,15300,11925,135
NV104673,2026-03-19,Dealer Wholesale,AB,Calgary Hub,18000,15000,383
NV104674,2026-06-07,Auction,ON,GTA Hub,18825,15450,427
NV104675,2026-08-10,Auction,NS,GTA Hub,16075,13250,397
NV104676,2025-09-26,Auction,QC,Montreal Hub,34300,27625,469
NV104677,2025-03-07,Auction,AB,Calgary Hub,36700,31200,413
NV104678,2026-05-24,Dealer Wholesale,ON,GTA Hub,20000,16950,412
NV104679,2024-06-19,Auction,ON,GTA Hub,47725,37625,529
NV104680,2025-08-14,Dealer Wholesale,ON,GTA Hub,17825,16125,420
NV104681,2025-04-30,Trade-In,ON,GTA Hub,9275,6900,102
NV104682,2026-05-06,Consumer Buy-Back,AB,Calgary Hub,9900,7625,164
NV104683,2024-11-14,Consumer Buy-Back,NB,Montreal Hub,32725,27275,111
NV104684,2025-01-14,Dealer Wholesale,AB,Calgary Hub,25050,20550,380
NV104685,2025-10-30,Auction,AB,Calgary Hub,22825,18700,448
NV104686,2026-01-05,Auction,QC,Montreal Hub,15200,12175,412
NV104687,2026-07-09,Auction,ON,GTA Hub,27475,23150,471
NV104688,2025-07-21,Auction,ON,GTA Hub,12375,9725,434
NV104689,2025-06-22,Auction,ON,GTA Hub,18450,15675,366
NV104690,2026-05-04,Auction,ON,GTA Hub,9325,7550,498
NV104691,2024-04-21,Auction,NS,GTA Hub,14250,11450,406
NV104692,2026-07-25,Auction,AB,Calgary Hub,13175,11125,407
NV104693,2026-05-18,Auction,ON,GTA Hub,34050,28975,474
NV104694,2024-12-05,Auction,NS,GTA Hub,32625,27200,426
NV104695,2025-07-15,Consumer Buy-Back,MB,Calgary Hub,14475,11850,132
NV104696,2025-04-20,Trade-In,ON,GTA Hub,10550,8125,114
NV104697,2026-05-26,Auction,ON,GTA Hub,22950,18875,529
NV104698,2025-02-01,Trade-In,QC,Montreal Hub,13300,11150,138
NV104699,2025-03-02,Dealer Wholesale,ON,GTA Hub,16500,13125,353
NV104700,2025-05-14,Consumer Buy-Back,ON,GTA Hub,25950,18675,158
NV104701,2026-01-03,Trade-In,ON,GTA Hub,25350,21075,73
NV104702,2024-07-18,Auction,ON,GTA Hub,26200,23225,469
NV104703,2024-04-29,Consumer Buy-Back,SK,Calgary Hub,38425,31000,168
NV104704,2025-10-17,Auction,QC,Montreal Hub,37325,34500,513
NV104705,2025-02-11,Consumer Buy-Back,ON,GTA Hub,23500,20225,237
NV104706,2026-03-14,Consumer Buy-Back,QC,Montreal Hub,14750,11600,171
NV104707,2025-06-10,Consumer Buy-Back,ON,GTA Hub,15175,11900,28
NV104708,2024-11-05,Consumer Buy-Back,ON,GTA Hub,36025,31025,202
NV104709,2025-04-22,Dealer Wholesale,BC,Calgary Hub,32125,28450,369
NV104710,2024-11-25,Auction,BC,Calgary Hub,27800,22975,473
NV104711,2025-10-22,Auction,ON,GTA Hub,27750,23400,385
NV104712,2026-04-06,Auction,ON,GTA Hub,29750,25300,456
NV104713,2025-07-15,Trade-In,ON,GTA Hub,13000,10175,9
NV104714,2026-04-22,Auction,ON,GTA Hub,33975,30175,484
NV104715,2026-02-28,Auction,NS,GTA Hub,14450,11450,443
NV104716,2024-02-23,Auction,ON,GTA Hub,12175,10000,430
NV104717,2024-01-10,Consumer Buy-Back,AB,Calgary Hub,21900,19025,177
NV104718,2026-07-13,Consumer Buy-Back,SK,Calgary Hub,17575,14300,225
NV104719,2024-08-20,Trade-In,QC,Montreal Hub,28450,20475,50
NV104720,2026-05-09,Consumer Buy-Back,ON,GTA Hub,13925,12125,141
NV104721,2026-04-09,Trade-In,SK,Calgary Hub,12650,9300,148
NV104722,2026-03-02,Consumer Buy-Back,ON,GTA Hub,16800,14300,140
NV104723,2026-06-07,Consumer Buy-Back,ON,GTA Hub,15575,12400,180
NV104724,2025-09-21,Auction,ON,GTA Hub,37975,30800,490
NV104725,2024-07-21,Auction,QC,Montreal Hub,39375,34150,525
NV104726,2024-04-29,Trade-In,QC,Montreal Hub,14100,11225,52
NV104727,2026-02-21,Auction,QC,Montreal Hub,22900,17325,424
NV104728,2026-05-19,Auction,ON,GTA Hub,10750,8475,445
NV104729,2026-06-28,Trade-In,NB,Montreal Hub,21150,16075,18
NV104730,2025-06-22,Consumer Buy-Back,BC,Calgary Hub,29850,25650,118
NV104731,2024-11-02,Trade-In,AB,Calgary Hub,9075,7425,51
NV104732,2026-05-19,Auction,SK,Calgary Hub,25775,21450,457
NV104733,2024-01-08,Auction,ON,GTA Hub,22625,18300,558
NV104734,2026-03-03,Consumer Buy-Back,NS,GTA Hub,14000,10575,116
NV104735,2025-09-04,Dealer Wholesale,ON,GTA Hub,18525,14975,270
NV104736,2026-04-29,Consumer Buy-Back,ON,GTA Hub,7625,6475,83
NV104737,2026-01-24,Auction,SK,Calgary Hub,17300,13150,420
NV104738,2026-07-24,Dealer Wholesale,AB,Calgary Hub,17000,14400,292
NV104739,2024-10-31,Auction,AB,Calgary Hub,37800,30200,526
NV104740,2025-10-10,Trade-In,QC,Montreal Hub,27775,22450,150
NV104741,2024-06-28,Consumer Buy-Back,NB,Montreal Hub,22525,17375,171
NV104742,2025-07-19,Trade-In,NL,GTA Hub,14225,10525,29
NV104743,2026-01-28,Consumer Buy-Back,ON,GTA Hub,14375,11425,186
NV104744,2025-12-26,Auction,BC,Calgary Hub,15075,11850,266
NV104745,2026-02-16,Consumer Buy-Back,ON,GTA Hub,22150,18800,105
NV104746,2025-04-16,Auction,AB,Calgary Hub,25800,20100,382
NV104747,2025-09-22,Consumer Buy-Back,SK,Calgary Hub,20325,16100,165
NV104748,2026-08-13,Auction,ON,GTA Hub,12175,9850,468
NV104749,2025-07-27,Auction,NB,Montreal Hub,24450,19825,445
NV104750,2024-10-25,Auction,QC,Montreal Hub,11025,8750,558
NV104751,2025-03-13,Auction,AB,Calgary Hub,18250,15175,404
NV104752,2024-06-13,Auction,ON,GTA Hub,20250,16950,474
NV104753,2024-08-06,Auction,NS,GTA Hub,17575,13800,431
NV104754,2025-03-11,Dealer Wholesale,AB,Calgary Hub,38775,31450,411
NV104755,2025-09-17,Trade-In,SK,Calgary Hub,29425,24100,47
NV104756,2025-09-15,Auction,ON,GTA Hub,47825,40175,466
NV104757,2026-04-18,Consumer Buy-Back,BC,Calgary Hub,14375,11975,200
NV104758,2025-02-05,Consumer Buy-Back,QC,Montreal Hub,15950,13050,137
NV104759,2024-05-11,Auction,QC,Montreal Hub,26000,21775,478
NV104760,2025-04-28,Consumer Buy-Back,ON,GTA Hub,18900,14575,153
NV104761,2025-06-26,Auction,ON,GTA Hub,21900,17150,397
NV104762,2024-10-09,Consumer Buy-Back,ON,GTA Hub,21275,16650,109
NV104763,2025-03-28,Auction,ON,GTA Hub,13425,11475,519
NV104764,2026-08-10,Trade-In,SK,Calgary Hub,19775,15300,240
NV104765,2025-12-19,Auction,ON,GTA Hub,31925,25750,492
NV104766,2026-07-06,Auction,NS,GTA Hub,11900,9550,463
NV104767,2025-07-31,Auction,ON,GTA Hub,20100,16675,508
NV104768,2025-04-07,Auction,AB,Calgary Hub,15225,12125,405
NV104769,2026-05-11,Auction,AB,Calgary Hub,13500,11075,435
NV104770,2026-04-29,Trade-In,BC,Calgary Hub,37150,29225,0
NV104771,2024-07-06,Auction,QC,Montreal Hub,31150,25475,418
NV104772,2026-02-12,Consumer Buy-Back,BC,Calgary Hub,9875,8575,122
NV104773,2026-01-17,Auction,ON,GTA Hub,31025,27275,603
NV104774,2024-09-01,Dealer Wholesale,ON,GTA Hub,18050,14625,427
NV104775,2025-08-10,Auction,AB,Calgary Hub,16800,13650,389
NV104776,2025-05-08,Trade-In,ON,GTA Hub,23225,18250,119
NV104777,2026-04-05,Auction,SK,Calgary Hub,11200,9000,521
NV104778,2024-08-15,Auction,ON,GTA Hub,41650,35150,584
NV104779,2024-01-24,Auction,ON,GTA Hub,15050,12975,469
NV104780,2025-02-15,Auction,ON,GTA Hub,18500,15975,493
NV104781,2024-09-16,Auction,ON,GTA Hub,12575,10625,405
NV104782,2025-12-25,Auction,ON,GTA Hub,13875,11650,487
NV104783,2025-11-03,Trade-In,ON,GTA Hub,24750,18800,83
NV104784,2025-08-26,Consumer Buy-Back,AB,Calgary Hub,10050,7825,172
NV104785,2025-07-26,Consumer Buy-Back,QC,Montreal Hub,19025,15975,223
NV104786,2024-08-28,Auction,MB,Calgary Hub,17175,14875,531
NV104787,2026-08-15,Auction,ON,GTA Hub,7975,6700,415
NV104788,2026-02-23,Consumer Buy-Back,ON,GTA Hub,20600,18025,130
NV104789,2025-06-11,Auction,ON,GTA Hub,17075,14450,524
NV104790,2025-07-17,Auction,AB,Calgary Hub,17075,13950,500
NV104791,2025-12-06,Consumer Buy-Back,ON,GTA Hub,14425,11800,168
NV104792,2025-05-08,Consumer Buy-Back,AB,Calgary Hub,14375,12175,96
NV104793,2026-05-15,Auction,AB,Calgary Hub,17800,13850,423
NV104794,2026-01-24,Dealer Wholesale,AB,Calgary Hub,16700,14500,250
NV104795,2025-11-01,Trade-In,BC,Calgary Hub,31550,24350,171
NV104796,2024-03-28,Consumer Buy-Back,ON,GTA Hub,30575,23325,130
NV104797,2025-10-17,Consumer Buy-Back,ON,GTA Hub,21425,16675,114
NV104798,2025-03-18,Trade-In,AB,Calgary Hub,32175,27750,0
NV104799,2024-04-26,Trade-In,ON,GTA Hub,13300,9825,183
NV104800,2025-05-16,Auction,ON,GTA Hub,27750,24300,455
NV104801,2025-04-10,Consumer Buy-Back,NB,Montreal Hub,13975,12000,35
NV104802,2024-01-01,Consumer Buy-Back,BC,Calgary Hub,38125,31250,166
NV104803,2026-08-15,Auction,ON,GTA Hub,14825,11925,446
NV104804,2026-07-20,Auction,NS,GTA Hub,8675,6875,532
NV104805,2026-05-02,Consumer Buy-Back,QC,Montreal Hub,10550,8650,148
NV104806,2025-10-18,Consumer Buy-Back,ON,GTA Hub,19175,15275,131
NV104807,2026-05-07,Auction,AB,Calgary Hub,9525,7400,472
NV104808,2025-04-22,Consumer Buy-Back,QC,Montreal Hub,16550,13250,263
NV104809,2024-02-08,Auction,ON,GTA Hub,22850,18275,502
NV104810,2026-05-21,Dealer Wholesale,AB,Calgary Hub,13475,12050,385
NV104811,2025-06-06,Dealer Wholesale,ON,GTA Hub,35300,29325,347
NV104812,2025-10-31,Dealer Wholesale,ON,GTA Hub,31425,26400,371
NV104813,2026-08-10,Trade-In,SK,Calgary Hub,22700,17550,112
NV104814,2024-10-01,Consumer Buy-Back,ON,GTA Hub,18675,17225,202
NV104815,2025-06-18,Auction,ON,GTA Hub,21100,17650,528
NV104816,2025-07-22,Dealer Wholesale,ON,GTA Hub,18975,17700,326
NV104817,2025-04-21,Dealer Wholesale,NB,Montreal Hub,15450,12650,303
NV104818,2025-03-12,Auction,ON,GTA Hub,7325,6250,317
NV104819,2025-06-22,Auction,AB,Calgary Hub,21500,18650,577
NV104820,2026-07-28,Dealer Wholesale,QC,Montreal Hub,25875,21675,368
NV104821,2026-05-24,Auction,ON,GTA Hub,26625,22850,544
NV104822,2025-07-11,Auction,ON,GTA Hub,10650,8250,501
NV104823,2026-01-11,Auction,ON,GTA Hub,26250,21450,343
NV104824,2024-06-12,Auction,AB,Calgary Hub,14000,11075,567
NV104825,2026-05-16,Auction,ON,GTA Hub,21900,18300,473
NV104826,2026-03-31,Consumer Buy-Back,ON,GTA Hub,15650,12925,144
NV104827,2025-04-28,Auction,ON,GTA Hub,23575,20000,284
NV104828,2024-12-20,Auction,QC,Montreal Hub,17575,14850,432
NV104829,2024-11-22,Auction,ON,GTA Hub,19350,15675,408
NV104830,2024-11-12,Trade-In,ON,GTA Hub,9725,7975,139
NV104831,2026-08-07,Consumer Buy-Back,ON,GTA Hub,31025,26650,130
NV104832,2025-10-17,Auction,ON,GTA Hub,15425,12225,471
NV104833,2025-11-29,Dealer Wholesale,SK,Calgary Hub,20375,17300,271
NV104834,2026-01-17,Trade-In,ON,GTA Hub,8450,6525,70
NV104835,2025-10-04,Auction,ON,GTA Hub,17825,16025,520
NV104836,2026-05-25,Consumer Buy-Back,ON,GTA Hub,14875,12275,206
NV104837,2024-12-23,Trade-In,ON,GTA Hub,25600,20200,164
NV104838,2024-11-11,Trade-In,ON,GTA Hub,16625,13000,172
NV104839,2024-06-21,Consumer Buy-Back,ON,GTA Hub,16525,13675,29
NV104840,2025-12-05,Trade-In,AB,Calgary Hub,29900,22850,4
NV104841,2025-06-03,Auction,ON,GTA Hub,25625,19350,335
NV104842,2025-11-18,Trade-In,ON,GTA Hub,23325,19175,76
NV104843,2024-12-25,Trade-In,NL,GTA Hub,18350,14225,125
NV104844,2025-09-27,Dealer Wholesale,BC,Calgary Hub,20475,17750,372
NV104845,2024-02-28,Consumer Buy-Back,ON,GTA Hub,10600,8550,201
NV104846,2024-11-27,Auction,ON,GTA Hub,10100,8425,505
NV104847,2025-03-26,Consumer Buy-Back,ON,GTA Hub,23625,20275,193
NV104848,2025-08-05,Auction,QC,Montreal Hub,28450,21875,498
NV104849,2024-11-07,Auction,AB,Calgary Hub,17375,13500,494
NV104850,2026-05-01,Auction,NL,GTA Hub,11175,9225,458
NV104851,2025-10-16,Trade-In,ON,GTA Hub,29025,21475,22
NV104852,2026-01-30,Auction,AB,Calgary Hub,16375,12700,513
NV104853,2024-03-27,Consumer Buy-Back,SK,Calgary Hub,13650,11250,305
NV104854,2026-03-27,Consumer Buy-Back,QC,Montreal Hub,14800,11450,236
NV104855,2025-04-03,Auction,ON,GTA Hub,23175,18750,350
NV104856,2026-03-14,Auction,QC,Montreal Hub,16825,14425,553
NV104857,2024-07-01,Auction,ON,GTA Hub,41450,33925,331
NV104858,2025-02-20,Consumer Buy-Back,AB,Calgary Hub,21100,18225,196
NV104859,2025-01-10,Dealer Wholesale,ON,GTA Hub,27550,24425,361
NV104860,2025-05-04,Auction,AB,Calgary Hub,20250,17175,486
NV104861,2024-10-14,Trade-In,ON,GTA Hub,12600,9275,37
NV104862,2024-08-17,Dealer Wholesale,AB,Calgary Hub,44075,36100,287
NV104863,2025-03-24,Consumer Buy-Back,AB,Calgary Hub,13725,11900,35
NV104864,2026-07-01,Consumer Buy-Back,QC,Montreal Hub,14950,12250,86
NV104865,2026-03-09,Auction,BC,Calgary Hub,16450,12950,419
NV104866,2026-06-11,Consumer Buy-Back,ON,GTA Hub,14725,11250,225
NV104867,2026-08-07,Consumer Buy-Back,NB,Montreal Hub,45025,34200,92
NV104868,2026-02-06,Dealer Wholesale,NS,GTA Hub,17075,14100,323
NV104869,2026-01-20,Consumer Buy-Back,QC,Montreal Hub,22725,19350,140
NV104870,2024-12-09,Consumer Buy-Back,ON,GTA Hub,29325,23225,89
NV104871,2025-08-25,Auction,ON,GTA Hub,24400,19800,479
NV104872,2025-03-19,Consumer Buy-Back,BC,Calgary Hub,23375,19375,212
NV104873,2026-03-20,Consumer Buy-Back,ON,GTA Hub,20200,17500,189
NV104874,2026-02-25,Consumer Buy-Back,BC,Calgary Hub,25600,19950,165
NV104875,2024-02-29,Consumer Buy-Back,ON,GTA Hub,21350,17525,126
NV104876,2025-10-04,Auction,ON,GTA Hub,17825,15450,431
NV104877,2024-08-22,Consumer Buy-Back,ON,GTA Hub,49825,41725,185
NV104878,2024-02-16,Consumer Buy-Back,ON,GTA Hub,33825,26550,188
NV104879,2025-07-31,Auction,ON,GTA Hub,32575,25575,443
NV104880,2025-06-05,Trade-In,ON,GTA Hub,19450,14450,43
NV104881,2026-02-20,Consumer Buy-Back,QC,Montreal Hub,22150,18500,124
NV104882,2025-11-19,Auction,QC,Montreal Hub,17600,14150,519
NV104883,2024-02-24,Consumer Buy-Back,ON,GTA Hub,23200,20750,145
NV104884,2024-06-07,Trade-In,NB,Montreal Hub,33425,26125,131
NV104885,2025-03-03,Dealer Wholesale,AB,Calgary Hub,23800,20550,274
NV104886,2025-07-12,Consumer Buy-Back,AB,Calgary Hub,26150,22075,156
NV104887,2026-08-02,Auction,AB,Calgary Hub,28750,25125,399
NV104888,2024-03-30,Dealer Wholesale,ON,GTA Hub,18675,15825,321
NV104889,2024-01-26,Consumer Buy-Back,QC,Montreal Hub,26525,20825,113
NV104890,2026-03-20,Auction,QC,Montreal Hub,20800,19950,424
NV104891,2026-08-04,Auction,QC,Montreal Hub,15850,13225,405
NV104892,2024-07-19,Auction,ON,GTA Hub,22300,19775,435
NV104893,2024-11-28,Auction,ON,GTA Hub,46975,35925,402
NV104894,2024-09-30,Consumer Buy-Back,ON,GTA Hub,21725,18225,175
NV104895,2025-05-15,Trade-In,ON,GTA Hub,9850,7750,37
NV104896,2024-11-10,Consumer Buy-Back,ON,GTA Hub,13975,10875,176
NV104897,2026-06-25,Auction,ON,GTA Hub,29225,24700,513
NV104898,2025-03-10,Auction,ON,GTA Hub,9650,7875,520
NV104899,2026-03-07,Auction,AB,Calgary Hub,14800,12675,517
NV104900,2026-03-24,Auction,NS,GTA Hub,17350,14150,526
NV104901,2026-07-11,Trade-In,ON,GTA Hub,19500,14150,38
NV104902,2024-09-06,Trade-In,ON,GTA Hub,27050,20450,77
NV104903,2024-09-16,Consumer Buy-Back,QC,Montreal Hub,19025,15075,170
NV104904,2024-10-26,Auction,NS,GTA Hub,29075,24775,492
NV104905,2025-05-12,Consumer Buy-Back,ON,GTA Hub,15450,12100,160
NV104906,2026-01-12,Consumer Buy-Back,ON,GTA Hub,47825,40700,119
NV104907,2026-05-26,Auction,ON,GTA Hub,23100,17775,429
NV104908,2025-04-02,Auction,MB,Calgary Hub,19350,15250,483
NV104909,2025-12-12,Auction,QC,Montreal Hub,14800,11525,362
NV104910,2024-04-25,Dealer Wholesale,QC,Montreal Hub,34725,30325,416
NV104911,2024-05-06,Auction,ON,GTA Hub,34975,28125,410
NV104912,2025-10-31,Auction,ON,GTA Hub,40400,33300,400
NV104913,2025-05-17,Consumer Buy-Back,AB,Calgary Hub,22250,19425,160
NV104914,2025-11-11,Auction,ON,GTA Hub,27025,22150,362
NV104915,2025-10-04,Auction,ON,GTA Hub,24125,21000,542
NV104916,2026-03-27,Trade-In,BC,Calgary Hub,13675,10550,181
NV104917,2026-05-08,Consumer Buy-Back,ON,GTA Hub,16950,13200,87
NV104918,2025-05-06,Consumer Buy-Back,ON,GTA Hub,13400,11000,94
NV104919,2025-10-21,Consumer Buy-Back,ON,GTA Hub,25975,21300,67
NV104920,2026-06-30,Consumer Buy-Back,ON,GTA Hub,25900,20950,156
NV104921,2025-04-02,Auction,ON,GTA Hub,18500,16375,415
NV104922,2024-11-15,Consumer Buy-Back,AB,Calgary Hub,40425,32100,178
NV104923,2024-05-17,Consumer Buy-Back,QC,Montreal Hub,23675,19625,158
NV104924,2025-06-01,Dealer Wholesale,ON,GTA Hub,19450,15950,392
NV104925,2026-07-29,Consumer Buy-Back,ON,GTA Hub,6200,5150,228
NV104926,2026-03-03,Auction,ON,GTA Hub,21675,16550,496
NV104927,2024-05-13,Auction,BC,Calgary Hub,15475,12400,400
NV104928,2025-09-10,Auction,AB,Calgary Hub,23425,18175,462
NV104929,2025-06-03,Consumer Buy-Back,ON,GTA Hub,17350,14025,211
NV104930,2026-05-21,Auction,ON,GTA Hub,20175,16725,505
NV104931,2026-08-21,Consumer Buy-Back,ON,GTA Hub,15250,12350,125
NV104932,2024-03-07,Auction,BC,Calgary Hub,16175,12250,460
NV104933,2024-08-11,Trade-In,AB,Calgary Hub,23875,20850,57
NV104934,2026-04-17,Trade-In,ON,GTA Hub,26900,21700,123
NV104935,2025-03-10,Auction,ON,GTA Hub,16000,12325,467
NV104936,2025-05-23,Dealer Wholesale,ON,GTA Hub,29100,24700,366
NV104937,2026-01-26,Auction,ON,GTA Hub,24200,18725,458
NV104938,2026-08-04,Consumer Buy-Back,NS,GTA Hub,10100,7975,271
NV104939,2026-07-13,Dealer Wholesale,ON,GTA Hub,20500,16275,295
NV104940,2024-05-05,Dealer Wholesale,ON,GTA Hub,15875,13300,358
NV104941,2024-05-14,Consumer Buy-Back,NB,Montreal Hub,11075,9075,156
NV104942,2026-03-12,Dealer Wholesale,ON,GTA Hub,7900,6425,369
NV104943,2026-03-20,Consumer Buy-Back,QC,Montreal Hub,13275,9925,96
NV104944,2026-04-18,Consumer Buy-Back,BC,Calgary Hub,6575,4850,170
NV104945,2026-07-22,Dealer Wholesale,ON,GTA Hub,16725,13775,350
NV104946,2026-07-26,Consumer Buy-Back,ON,GTA Hub,12025,10000,175
NV104947,2024-09-14,Auction,BC,Calgary Hub,13800,11250,479
NV104948,2026-05-23,Consumer Buy-Back,BC,Calgary Hub,19475,14425,129
NV104949,2026-02-03,Consumer Buy-Back,ON,GTA Hub,15450,13075,46
NV104950,2026-07-05,Dealer Wholesale,ON,GTA Hub,21200,17575,395
NV104951,2025-06-01,Consumer Buy-Back,NS,GTA Hub,23025,19025,31
NV104952,2024-05-25,Dealer Wholesale,AB,Calgary Hub,35375,29600,489
NV104953,2026-03-29,Trade-In,ON,GTA Hub,21625,17000,43
NV104954,2024-04-03,Trade-In,ON,GTA Hub,10800,8375,124
NV104955,2026-03-16,Trade-In,QC,Montreal Hub,22500,18350,49
NV104956,2025-02-05,Auction,ON,GTA Hub,22675,18750,472
NV104957,2026-01-29,Consumer Buy-Back,SK,Calgary Hub,29875,23425,100
NV104958,2026-07-19,Auction,SK,Calgary Hub,23525,19650,437
NV104959,2024-12-06,Trade-In,ON,GTA Hub,6475,5300,72
NV104960,2026-06-16,Consumer Buy-Back,AB,Calgary Hub,15875,13475,33
NV104961,2026-02-05,Auction,ON,GTA Hub,16400,13450,511
NV104962,2024-02-25,Consumer Buy-Back,ON,GTA Hub,32575,26825,170
NV104963,2024-09-20,Auction,ON,GTA Hub,19750,15525,389
NV104964,2025-04-26,Consumer Buy-Back,ON,GTA Hub,10975,8350,228
NV104965,2024-05-08,Auction,SK,Calgary Hub,37950,30725,447
NV104966,2026-03-28,Trade-In,ON,GTA Hub,13150,10425,27
NV104967,2026-02-28,Auction,AB,Calgary Hub,36700,31750,581
NV104968,2024-06-18,Trade-In,ON,GTA Hub,19175,16025,3
NV104969,2025-03-08,Consumer Buy-Back,ON,GTA Hub,18175,14300,153
NV104970,2026-08-04,Dealer Wholesale,BC,Calgary Hub,28025,24800,298
NV104971,2026-03-06,Auction,ON,GTA Hub,24350,20225,424
NV104972,2026-04-15,Auction,AB,Calgary Hub,14125,11450,370
NV104973,2026-06-19,Auction,QC,Montreal Hub,15750,12700,471
NV104974,2026-03-28,Dealer Wholesale,ON,GTA Hub,8150,6800,367
NV104975,2025-04-08,Auction,MB,Calgary Hub,17075,14375,457
NV104976,2024-07-28,Auction,ON,GTA Hub,21950,19350,367
NV104977,2026-06-08,Auction,QC,Montreal Hub,13175,10175,450
NV104978,2025-08-27,Trade-In,ON,GTA Hub,37575,29975,169
NV104979,2025-09-23,Consumer Buy-Back,ON,GTA Hub,14025,11125,163
NV104980,2026-06-30,Auction,AB,Calgary Hub,30325,24875,448
NV104981,2024-02-13,Auction,NS,GTA Hub,19750,16225,514
NV104982,2025-11-07,Dealer Wholesale,ON,GTA Hub,18900,16850,314
NV104983,2025-03-29,Consumer Buy-Back,QC,Montreal Hub,35175,30675,163
NV104984,2026-07-24,Dealer Wholesale,BC,Calgary Hub,23250,19150,361
NV104985,2025-05-19,Consumer Buy-Back,QC,Montreal Hub,25275,19075,195
NV104986,2026-02-22,Trade-In,MB,Calgary Hub,19475,14250,113
NV104987,2026-06-05,Consumer Buy-Back,ON,GTA Hub,25750,19825,62
NV104988,2024-08-11,Trade-In,ON,GTA Hub,17525,12800,116
NV104989,2024-07-23,Auction,NL,GTA Hub,20775,17950,441
NV104990,2026-05-12,Auction,ON,GTA Hub,12725,10400,496
NV104991,2025-03-03,Dealer Wholesale,AB,Calgary Hub,26025,22625,285
NV104992,2024-09-15,Consumer Buy-Back,ON,GTA Hub,12575,10575,98
NV104993,2025-06-27,Auction,QC,Montreal Hub,42375,35000,513
NV104994,2024-04-19,Auction,AB,Calgary Hub,16275,13375,421
NV104995,2025-09-15,Trade-In,ON,GTA Hub,8150,6275,230
NV104996,2025-06-12,Dealer Wholesale,MB,Calgary Hub,19350,16350,449
NV104997,2024-11-15,Auction,QC,Montreal Hub,33225,28425,459
NV104998,2025-01-05,Auction,ON,GTA Hub,27500,20775,462
NV104999,2025-02-24,Consumer Buy-Back,ON,GTA Hub,16125,13275,64
NV105000,2026-01-15,Auction,SK,Calgary Hub,15050,12525,356
